-- phpMyAdmin SQL Dump
-- version 4.5.1
-- http://www.phpmyadmin.net
--
-- Host: 127.0.0.1
-- Generation Time: Nov 04, 2016 at 03:17 PM
-- Server version: 10.1.16-MariaDB
-- PHP Version: 5.6.24

SET SQL_MODE = "NO_AUTO_VALUE_ON_ZERO";
SET time_zone = "+00:00";


/*!40101 SET @OLD_CHARACTER_SET_CLIENT=@@CHARACTER_SET_CLIENT */;
/*!40101 SET @OLD_CHARACTER_SET_RESULTS=@@CHARACTER_SET_RESULTS */;
/*!40101 SET @OLD_COLLATION_CONNECTION=@@COLLATION_CONNECTION */;
/*!40101 SET NAMES utf8mb4 */;

--
-- Database: `u698385543_zshop`
--

-- --------------------------------------------------------

--
-- Table structure for table `xc_address_field`
--

DROP TABLE IF EXISTS `xc_address_field`;
CREATE TABLE IF NOT EXISTS `xc_address_field` (
  `id` int(11) NOT NULL AUTO_INCREMENT,
  `serviceName` varchar(128) COLLATE utf8_unicode_ci NOT NULL,
  `viewGetterName` varchar(128) COLLATE utf8_unicode_ci NOT NULL,
  `schemaClass` varchar(256) COLLATE utf8_unicode_ci NOT NULL,
  `additional` tinyint(1) NOT NULL,
  `required` tinyint(1) NOT NULL,
  `enabled` tinyint(1) NOT NULL,
  `position` int(11) NOT NULL,
  PRIMARY KEY (`id`),
  UNIQUE KEY `UNIQ_2A531832912ABBB5` (`serviceName`)
) ENGINE=InnoDB AUTO_INCREMENT=12 DEFAULT CHARSET=utf8 COLLATE=utf8_unicode_ci;

--
-- Dumping data for table `xc_address_field`
--

INSERT INTO `xc_address_field` (`id`, `serviceName`, `viewGetterName`, `schemaClass`, `additional`, `required`, `enabled`, `position`) VALUES
(1, 'title', '', '\\XLite\\View\\FormField\\Select\\Title', 0, 0, 0, 0),
(2, 'firstname', '', '\\XLite\\View\\FormField\\Input\\Text', 0, 1, 1, 0),
(3, 'lastname', '', '\\XLite\\View\\FormField\\Input\\Text', 0, 1, 1, 0),
(4, 'street', '', '\\XLite\\View\\FormField\\Input\\Text', 0, 1, 1, 0),
(5, 'city', '', '\\XLite\\View\\FormField\\Input\\Text', 0, 1, 1, 0),
(6, 'country_code', 'country_name', '\\XLite\\View\\FormField\\Select\\Country', 0, 1, 1, 0),
(7, 'state_id', 'state_name', '\\XLite\\View\\FormField\\Select\\State', 0, 0, 1, 0),
(8, 'custom_state', 'state_name', '\\XLite\\View\\FormField\\Input\\Text', 0, 0, 1, 0),
(9, 'zipcode', '', '\\XLite\\View\\FormField\\Input\\Text', 0, 1, 1, 0),
(10, 'phone', '', '\\XLite\\View\\FormField\\Input\\Text', 0, 0, 1, 0),
(11, 'type', 'type_name', '\\XLite\\View\\FormField\\Select\\AddressType', 0, 0, 0, 0);

-- --------------------------------------------------------

--
-- Table structure for table `xc_address_field_translation`
--

DROP TABLE IF EXISTS `xc_address_field_translation`;
CREATE TABLE IF NOT EXISTS `xc_address_field_translation` (
  `label_id` int(11) NOT NULL AUTO_INCREMENT,
  `id` int(11) DEFAULT NULL,
  `name` varchar(255) COLLATE utf8_unicode_ci NOT NULL,
  `code` char(2) COLLATE utf8_unicode_ci NOT NULL,
  PRIMARY KEY (`label_id`),
  KEY `IDX_1430F4FF2BF396750` (`id`)
) ENGINE=InnoDB AUTO_INCREMENT=12 DEFAULT CHARSET=utf8 COLLATE=utf8_unicode_ci;

--
-- Dumping data for table `xc_address_field_translation`
--

INSERT INTO `xc_address_field_translation` (`label_id`, `id`, `name`, `code`) VALUES
(1, 1, 'Title', 'en'),
(2, 2, 'First name', 'en'),
(3, 3, 'Last name', 'en'),
(4, 4, 'Address', 'en'),
(5, 5, 'City', 'en'),
(6, 6, 'Country', 'en'),
(7, 7, 'State', 'en'),
(8, 8, 'State', 'en'),
(9, 9, 'Zip code', 'en'),
(10, 10, 'Phone', 'en'),
(11, 11, 'Address type', 'en');

-- --------------------------------------------------------

--
-- Table structure for table `xc_address_field_value`
--

DROP TABLE IF EXISTS `xc_address_field_value`;
CREATE TABLE IF NOT EXISTS `xc_address_field_value` (
  `id` int(11) NOT NULL AUTO_INCREMENT,
  `address_field_id` int(11) DEFAULT NULL,
  `address_id` int(11) DEFAULT NULL,
  `value` varchar(255) COLLATE utf8_unicode_ci DEFAULT NULL,
  PRIMARY KEY (`id`),
  KEY `IDX_1620FAD37BAB8F931` (`address_field_id`),
  KEY `IDX_1620FAD37F5B7AF75` (`address_id`)
) ENGINE=InnoDB AUTO_INCREMENT=61 DEFAULT CHARSET=utf8 COLLATE=utf8_unicode_ci;

--
-- Dumping data for table `xc_address_field_value`
--

INSERT INTO `xc_address_field_value` (`id`, `address_field_id`, `address_id`, `value`) VALUES
(1, 1, 1, 'Mr.'),
(2, 6, 1, 'US'),
(3, 2, 1, 'Guest'),
(4, 3, 1, 'Guest'),
(5, 10, 1, '0123456789'),
(6, 4, 1, '51 apt, 87 street'),
(7, 5, 1, 'Edmond'),
(8, 7, 1, '595'),
(9, 6, 1, 'US'),
(10, 9, 1, '73003'),
(11, 1, 2, 'Mr.'),
(12, 6, 2, 'US'),
(13, 2, 2, 'Guest'),
(14, 3, 2, 'Guest'),
(15, 10, 2, '0123456789'),
(16, 4, 2, '51 apt, 87 street'),
(17, 5, 2, 'Edmond'),
(18, 7, 2, '595'),
(19, 6, 2, 'US'),
(20, 9, 2, '73003'),
(21, 1, 3, 'Mr.'),
(22, 6, 3, 'US'),
(23, 2, 3, 'Guest'),
(24, 3, 3, 'Guest'),
(25, 10, 3, '0123456789'),
(26, 4, 3, '51 apt, 87 street'),
(27, 5, 3, 'Edmond'),
(28, 7, 3, '595'),
(29, 6, 3, 'US'),
(30, 9, 3, '73003'),
(31, 1, 4, 'Mr.'),
(32, 6, 4, 'US'),
(33, 2, 4, 'Guest'),
(34, 3, 4, 'Guest'),
(35, 10, 4, '0123456789'),
(36, 4, 4, '51 apt, 87 street'),
(37, 5, 4, 'Edmond'),
(38, 7, 4, '595'),
(39, 6, 4, 'US'),
(40, 9, 4, '73003'),
(41, 1, 5, 'Mr.'),
(42, 6, 5, 'US'),
(43, 2, 5, 'Guest'),
(44, 3, 5, 'Guest'),
(45, 10, 5, '0123456789'),
(46, 4, 5, '51 apt, 87 street'),
(47, 5, 5, 'Edmond'),
(48, 7, 5, '595'),
(49, 6, 5, 'US'),
(50, 9, 5, '73003'),
(51, 1, 6, 'Mr.'),
(52, 6, 6, 'US'),
(53, 2, 6, 'Guest'),
(54, 3, 6, 'Guest'),
(55, 10, 6, '0123456789'),
(56, 4, 6, '51 apt, 87 street'),
(57, 5, 6, 'Edmond'),
(58, 7, 6, '595'),
(59, 6, 6, 'US'),
(60, 9, 6, '73003');

-- --------------------------------------------------------

--
-- Table structure for table `xc_attributes`
--

DROP TABLE IF EXISTS `xc_attributes`;
CREATE TABLE IF NOT EXISTS `xc_attributes` (
  `id` int(10) UNSIGNED NOT NULL AUTO_INCREMENT,
  `product_class_id` int(10) UNSIGNED DEFAULT NULL,
  `attribute_group_id` int(10) UNSIGNED DEFAULT NULL,
  `product_id` int(10) UNSIGNED DEFAULT NULL,
  `visible` tinyint(1) NOT NULL DEFAULT '1',
  `position` int(11) NOT NULL,
  `decimals` int(11) NOT NULL,
  `type` char(1) COLLATE utf8_unicode_ci NOT NULL,
  `addToNew` char(1) COLLATE utf8_unicode_ci NOT NULL,
  PRIMARY KEY (`id`),
  KEY `IDX_19665298321B06187` (`product_class_id`),
  KEY `IDX_19665298362D643B7` (`attribute_group_id`),
  KEY `IDX_1966529834584665A` (`product_id`)
) ENGINE=InnoDB AUTO_INCREMENT=88 DEFAULT CHARSET=utf8 COLLATE=utf8_unicode_ci;

--
-- Dumping data for table `xc_attributes`
--

INSERT INTO `xc_attributes` (`id`, `product_class_id`, `attribute_group_id`, `product_id`, `visible`, `position`, `decimals`, `type`, `addToNew`) VALUES
(1, 1, NULL, NULL, 1, 0, 0, 'S', ''),
(50, NULL, NULL, NULL, 1, 0, 0, 'S', ''),
(56, NULL, NULL, 7, 1, 0, 0, 'S', ''),
(58, NULL, NULL, 9, 1, 0, 0, 'S', ''),
(61, NULL, NULL, 13, 1, 0, 0, 'S', ''),
(62, NULL, NULL, 16, 1, 0, 0, 'C', ''),
(63, NULL, NULL, 16, 1, 0, 0, 'C', ''),
(64, NULL, NULL, 16, 1, 0, 0, 'C', ''),
(65, NULL, NULL, 16, 1, 0, 0, 'C', ''),
(66, NULL, NULL, 31, 1, 0, 0, 'C', ''),
(67, NULL, NULL, 31, 1, 0, 0, 'C', ''),
(68, NULL, NULL, 31, 1, 0, 0, 'C', ''),
(69, NULL, NULL, 32, 1, 0, 0, 'S', ''),
(70, NULL, NULL, 40, 1, 0, 0, 'S', ''),
(71, 2, NULL, NULL, 1, 0, 0, 'S', ''),
(72, 2, NULL, NULL, 1, 0, 0, 'S', ''),
(73, 2, NULL, NULL, 1, 0, 0, 'S', ''),
(74, 2, NULL, NULL, 0, 0, 0, 'S', ''),
(75, 2, 1, NULL, 1, 0, 0, 'S', ''),
(76, 2, 1, NULL, 1, 0, 0, 'S', ''),
(77, 2, 1, NULL, 1, 0, 0, 'S', ''),
(78, 2, 3, NULL, 0, 0, 0, 'S', ''),
(79, 2, 3, NULL, 0, 0, 0, 'S', ''),
(80, 2, 3, NULL, 0, 0, 0, 'S', ''),
(81, 2, 3, NULL, 0, 0, 0, 'S', ''),
(82, 2, 3, NULL, 0, 0, 0, 'S', ''),
(83, 2, 2, NULL, 1, 0, 0, 'S', ''),
(84, 2, 2, NULL, 1, 0, 0, 'S', ''),
(85, 2, 2, NULL, 0, 0, 0, 'S', ''),
(86, 2, 2, NULL, 1, 0, 0, 'C', ''),
(87, NULL, NULL, 4, 1, 0, 0, 'S', '');

-- --------------------------------------------------------

--
-- Table structure for table `xc_attribute_groups`
--

DROP TABLE IF EXISTS `xc_attribute_groups`;
CREATE TABLE IF NOT EXISTS `xc_attribute_groups` (
  `id` int(10) UNSIGNED NOT NULL AUTO_INCREMENT,
  `product_class_id` int(10) UNSIGNED DEFAULT NULL,
  `position` int(11) NOT NULL,
  PRIMARY KEY (`id`),
  KEY `IDX_159E382E821B06187` (`product_class_id`)
) ENGINE=InnoDB AUTO_INCREMENT=4 DEFAULT CHARSET=utf8 COLLATE=utf8_unicode_ci;

--
-- Dumping data for table `xc_attribute_groups`
--

INSERT INTO `xc_attribute_groups` (`id`, `product_class_id`, `position`) VALUES
(1, 2, 10),
(2, 2, 20),
(3, 2, 30);

-- --------------------------------------------------------

--
-- Table structure for table `xc_attribute_group_translations`
--

DROP TABLE IF EXISTS `xc_attribute_group_translations`;
CREATE TABLE IF NOT EXISTS `xc_attribute_group_translations` (
  `label_id` int(11) NOT NULL AUTO_INCREMENT,
  `id` int(10) UNSIGNED DEFAULT NULL,
  `name` varchar(255) COLLATE utf8_unicode_ci NOT NULL,
  `code` char(2) COLLATE utf8_unicode_ci NOT NULL,
  PRIMARY KEY (`label_id`),
  KEY `ci` (`code`,`id`),
  KEY `id` (`id`)
) ENGINE=InnoDB AUTO_INCREMENT=7 DEFAULT CHARSET=utf8 COLLATE=utf8_unicode_ci;

--
-- Dumping data for table `xc_attribute_group_translations`
--

INSERT INTO `xc_attribute_group_translations` (`label_id`, `id`, `name`, `code`) VALUES
(1, 1, 'Display', 'en'),
(2, 2, 'Cellular and Wireless', 'en'),
(3, 3, 'Power and Battery', 'en'),
(4, 1, 'Дисплей', 'ru'),
(5, 2, 'Сотовая и беспроводняа связь', 'ru'),
(6, 3, 'Батарея', 'ru');

-- --------------------------------------------------------

--
-- Table structure for table `xc_attribute_options`
--

DROP TABLE IF EXISTS `xc_attribute_options`;
CREATE TABLE IF NOT EXISTS `xc_attribute_options` (
  `id` int(10) UNSIGNED NOT NULL AUTO_INCREMENT,
  `attribute_id` int(10) UNSIGNED DEFAULT NULL,
  `addToNew` tinyint(1) NOT NULL,
  PRIMARY KEY (`id`),
  KEY `IDX_12E486F4AB6E62EFA` (`attribute_id`)
) ENGINE=InnoDB AUTO_INCREMENT=218 DEFAULT CHARSET=utf8 COLLATE=utf8_unicode_ci;

--
-- Dumping data for table `xc_attribute_options`
--

INSERT INTO `xc_attribute_options` (`id`, `attribute_id`, `addToNew`) VALUES
(1, 1, 1),
(2, 1, 1),
(3, 1, 1),
(4, 1, 1),
(5, 1, 1),
(8, 1, 1),
(109, 50, 0),
(110, 50, 0),
(111, 50, 0),
(112, 50, 0),
(113, 50, 0),
(114, 50, 0),
(115, 50, 0),
(116, 50, 0),
(134, 56, 0),
(135, 56, 0),
(136, 56, 0),
(143, 58, 0),
(144, 58, 0),
(145, 58, 0),
(158, 61, 0),
(159, 61, 0),
(160, 61, 0),
(161, 69, 0),
(162, 69, 0),
(163, 70, 0),
(164, 70, 0),
(165, 71, 1),
(166, 71, 1),
(167, 71, 0),
(168, 73, 0),
(169, 73, 0),
(170, 73, 0),
(171, 72, 0),
(172, 74, 0),
(173, 75, 0),
(174, 76, 0),
(175, 77, 0),
(176, 78, 0),
(177, 79, 0),
(178, 80, 0),
(179, 81, 0),
(180, 82, 0),
(181, 83, 0),
(182, 84, 0),
(183, 85, 0),
(184, 76, 0),
(185, 77, 0),
(186, 71, 0),
(187, 72, 0),
(188, 73, 0),
(189, 73, 0),
(190, 76, 0),
(191, 77, 0),
(192, 79, 0),
(193, 80, 0),
(194, 81, 0),
(195, 82, 0),
(196, 83, 0),
(197, 84, 0),
(198, 79, 0),
(199, 80, 0),
(200, 72, 0),
(201, 87, 0),
(202, 87, 0),
(203, 87, 0),
(204, 87, 0),
(205, 73, 0),
(207, 74, 0),
(209, 76, 0),
(210, 77, 0),
(211, 78, 0),
(212, 79, 0),
(213, 80, 0),
(214, 81, 0),
(215, 82, 0),
(217, 84, 0);

-- --------------------------------------------------------

--
-- Table structure for table `xc_attribute_option_translations`
--

DROP TABLE IF EXISTS `xc_attribute_option_translations`;
CREATE TABLE IF NOT EXISTS `xc_attribute_option_translations` (
  `label_id` int(11) NOT NULL AUTO_INCREMENT,
  `id` int(10) UNSIGNED DEFAULT NULL,
  `name` varchar(255) COLLATE utf8_unicode_ci NOT NULL,
  `code` char(2) COLLATE utf8_unicode_ci NOT NULL,
  PRIMARY KEY (`label_id`),
  KEY `ci` (`code`,`id`),
  KEY `id` (`id`)
) ENGINE=InnoDB AUTO_INCREMENT=3232 DEFAULT CHARSET=utf8 COLLATE=utf8_unicode_ci;

--
-- Dumping data for table `xc_attribute_option_translations`
--

INSERT INTO `xc_attribute_option_translations` (`label_id`, `id`, `name`, `code`) VALUES
(1, 1, 'S', 'en'),
(2, 2, 'M', 'en'),
(3, 3, 'L', 'en'),
(4, 4, 'XL', 'en'),
(5, 5, 'XXL', 'en'),
(8, 8, 'XXXL', 'en'),
(109, 109, 'IndependentApparel', 'en'),
(110, 110, 'YourStyle', 'en'),
(111, 111, 'MyBestDress', 'en'),
(112, 112, 'Toyty', 'en'),
(113, 113, 'FunnyChildren', 'en'),
(114, 114, 'MindSet', 'en'),
(115, 115, 'GoodyBrand', 'en'),
(116, 116, 'iBoutique', 'en'),
(1001, 1, 'S', 'ru'),
(1002, 2, 'M', 'ru'),
(1003, 3, 'L', 'ru'),
(1004, 4, 'XL', 'ru'),
(1005, 5, 'XXL', 'ru'),
(1008, 8, 'XXXL', 'ru'),
(1109, 109, 'IndependentApparel', 'ru'),
(1110, 110, 'YourStyle', 'ru'),
(1111, 111, 'MyBestDress', 'ru'),
(1112, 112, 'Toyty', 'ru'),
(1113, 113, 'FunnyChildren', 'ru'),
(1114, 114, 'MindSet', 'ru'),
(1115, 115, 'GoodyBrand', 'ru'),
(1116, 116, 'iBoutique', 'ru'),
(1134, 134, 'Blue', 'en'),
(1135, 135, 'Gold', 'en'),
(1136, 136, 'Red', 'en'),
(1143, 143, 'Blue', 'en'),
(1144, 144, 'Gold', 'en'),
(1145, 145, 'Red', 'en'),
(1158, 158, 'Dr. Peter Venkman', 'en'),
(1159, 159, 'Dr. Egon Spengler', 'en'),
(1160, 160, 'Dr. Raymond Stantz', 'en'),
(1161, 161, 'White', 'en'),
(1162, 162, 'Black', 'en'),
(1163, 163, 'Black', 'en'),
(1164, 164, 'White', 'en'),
(2001, 1, 'S', 'ru'),
(2002, 2, 'M', 'ru'),
(2003, 3, 'L', 'ru'),
(2004, 4, 'XL', 'ru'),
(2005, 5, 'XXL', 'ru'),
(2008, 8, 'XXXL', 'ru'),
(2109, 109, 'IndependentApparel', 'ru'),
(2110, 110, 'YourStyle', 'ru'),
(2111, 111, 'MyBestDress', 'ru'),
(2112, 112, 'Toyty', 'ru'),
(2113, 113, 'FunnyChildren', 'ru'),
(2114, 114, 'MindSet', 'ru'),
(2115, 115, 'GoodyBrand', 'ru'),
(2116, 116, 'iBoutique', 'ru'),
(3001, 1, 'S', 'ru'),
(3002, 2, 'M', 'ru'),
(3003, 3, 'L', 'ru'),
(3004, 4, 'XL', 'ru'),
(3005, 5, 'XXL', 'ru'),
(3008, 8, 'XXXL', 'ru'),
(3109, 109, 'IndependentApparel', 'ru'),
(3110, 110, 'YourStyle', 'ru'),
(3111, 111, 'MyBestDress', 'ru'),
(3112, 112, 'Toyty', 'ru'),
(3113, 113, 'FunnyChildren', 'ru'),
(3114, 114, 'MindSet', 'ru'),
(3115, 115, 'GoodyBrand', 'ru'),
(3116, 116, 'iBoutique', 'ru'),
(3134, 134, 'Синий', 'ru'),
(3135, 135, 'Золотой', 'ru'),
(3136, 136, 'Красный', 'ru'),
(3143, 143, 'Синий', 'ru'),
(3144, 144, 'Золотой', 'ru'),
(3145, 145, 'Красный', 'ru'),
(3158, 158, 'Питер Венкман', 'ru'),
(3159, 159, 'Иган Спенглер', 'ru'),
(3160, 160, 'Рэймонд Стэнтс', 'ru'),
(3161, 161, 'Белый', 'ru'),
(3162, 162, 'Черный', 'ru'),
(3163, 163, 'Черный', 'ru'),
(3164, 164, 'Белый', 'ru'),
(3165, 165, '16', 'en'),
(3166, 166, '64', 'en'),
(3167, 167, '128', 'en'),
(3168, 168, 'Silver', 'en'),
(3169, 169, 'Space Gray', 'en'),
(3170, 170, 'Gold', 'en'),
(3171, 171, 'A8 chip with 64‑bit architecture', 'en'),
(3172, 172, 'Nano-SIM', 'en'),
(3173, 173, 'Retina HD display', 'en'),
(3174, 174, '4.7', 'en'),
(3175, 175, '1334x750', 'en'),
(3176, 176, 'Built-in rechargeable lithium-ion battery', 'en'),
(3177, 177, 'Up to 14 hours on 3G', 'en'),
(3178, 178, 'Up to 10 days (250 hours)', 'en'),
(3179, 179, 'Up to 11 hours', 'en'),
(3180, 180, 'Up to 50 hours', 'en'),
(3181, 181, 'GSM/EDGE/LTE', 'en'),
(3182, 182, '802.11a/b/g/n/ac', 'en'),
(3183, 183, 'Bluetooth 4.2', 'en'),
(3184, 184, '5.5', 'en'),
(3185, 185, '1920x1080', 'en'),
(3186, 186, '32', 'en'),
(3187, 187, 'A7 chip with 64-bit architecture', 'en'),
(3188, 188, 'White', 'en'),
(3189, 189, 'Black', 'en'),
(3190, 190, '4', 'en'),
(3191, 191, '1136x640', 'en'),
(3192, 192, 'Up to 10 hours on 3G', 'en'),
(3193, 193, 'Up to 250 hours', 'en'),
(3194, 194, 'Up to 10 hours', 'en'),
(3195, 195, 'Up to 40 hours', 'en'),
(3196, 196, 'GSM/EDGE', 'en'),
(3197, 197, '802.11a/b/g/n', 'en'),
(3198, 198, 'Up to 24 hours on 3G', 'en'),
(3199, 199, 'Up to 16 days (384 hours)', 'en'),
(3200, 200, 'A9 chip with 64‑bit architecture', 'en'),
(3201, 201, 'Purple', 'en'),
(3202, 202, 'Green', 'en'),
(3203, 203, 'Orange', 'en'),
(3204, 204, 'Blue', 'en'),
(3205, 201, 'Фиолетовый', 'ru'),
(3206, 202, 'Зеленый', 'ru'),
(3207, 203, 'Оранжевый', 'ru'),
(3208, 204, 'Синий', 'ru'),
(3209, 205, 'Rose Gold', 'en'),
(3210, 168, 'Серебристый', 'ru'),
(3211, 169, 'Серый космос', 'ru'),
(3212, 170, 'Золотой', 'ru'),
(3213, 188, 'Белый', 'ru'),
(3214, 189, 'Черный', 'ru'),
(3215, 205, 'Розовое золото', 'ru'),
(3216, 165, '16', 'ru'),
(3217, 166, '64', 'ru'),
(3218, 167, '128', 'ru'),
(3219, 186, '32', 'ru'),
(3221, 207, 'Nano-SIM', 'ru'),
(3223, 209, '4', 'ru'),
(3224, 210, '1136x640', 'ru'),
(3225, 211, 'Built-in rechargeable lithium-ion battery', 'ru'),
(3226, 212, 'Up to 14 hours on 3G', 'ru'),
(3227, 213, 'Up to 10 days (250 hours)', 'ru'),
(3228, 214, 'Up to 10 hours', 'ru'),
(3229, 215, 'Up to 40 hours', 'ru'),
(3231, 217, '802.11a/b/g/n/ac', 'ru');

-- --------------------------------------------------------

--
-- Table structure for table `xc_attribute_properties`
--

DROP TABLE IF EXISTS `xc_attribute_properties`;
CREATE TABLE IF NOT EXISTS `xc_attribute_properties` (
  `id` int(10) UNSIGNED NOT NULL AUTO_INCREMENT,
  `product_id` int(10) UNSIGNED DEFAULT NULL,
  `attribute_id` int(10) UNSIGNED DEFAULT NULL,
  `position` int(11) NOT NULL,
  PRIMARY KEY (`id`),
  KEY `IDX_13C3647F44584665A` (`product_id`),
  KEY `IDX_13C3647F4B6E62EFA` (`attribute_id`)
) ENGINE=InnoDB DEFAULT CHARSET=utf8 COLLATE=utf8_unicode_ci;

-- --------------------------------------------------------

--
-- Table structure for table `xc_attribute_translations`
--

DROP TABLE IF EXISTS `xc_attribute_translations`;
CREATE TABLE IF NOT EXISTS `xc_attribute_translations` (
  `label_id` int(11) NOT NULL AUTO_INCREMENT,
  `id` int(10) UNSIGNED DEFAULT NULL,
  `name` varchar(255) COLLATE utf8_unicode_ci NOT NULL,
  `unit` varchar(255) COLLATE utf8_unicode_ci NOT NULL,
  `code` char(2) COLLATE utf8_unicode_ci NOT NULL,
  PRIMARY KEY (`label_id`),
  KEY `ci` (`code`,`id`),
  KEY `id` (`id`)
) ENGINE=InnoDB AUTO_INCREMENT=175 DEFAULT CHARSET=utf8 COLLATE=utf8_unicode_ci;

--
-- Dumping data for table `xc_attribute_translations`
--

INSERT INTO `xc_attribute_translations` (`label_id`, `id`, `name`, `unit`, `code`) VALUES
(1, 1, 'Size', '', 'en'),
(50, 50, 'Manufacturer', '', 'en'),
(51, 1, 'Размер', '', 'ru'),
(100, 50, 'Производитель', '', 'ru'),
(106, 56, 'Color', '', 'en'),
(108, 58, 'Color', '', 'en'),
(111, 61, 'Character', '', 'en'),
(112, 62, 'Captain America', '', 'en'),
(113, 63, 'Iron Man', '', 'en'),
(114, 64, 'Hulk', '', 'en'),
(115, 65, 'Thor', '', 'en'),
(116, 66, 'Black', '', 'en'),
(117, 67, 'Pink', '', 'en'),
(118, 68, 'Blue', '', 'en'),
(119, 69, 'Color', '', 'en'),
(120, 70, 'Color', '', 'en'),
(126, 56, 'Цвет', '', 'ru'),
(128, 58, 'Цвет', '', 'ru'),
(131, 61, 'Персонаж', '', 'ru'),
(132, 62, 'Капитан Америка', '', 'ru'),
(133, 63, 'Железный человек', '', 'ru'),
(134, 64, 'Халк', '', 'ru'),
(135, 65, 'Тор', '', 'ru'),
(136, 66, 'Черный', '', 'ru'),
(137, 67, 'Розовый', '', 'ru'),
(138, 68, 'Синий', '', 'ru'),
(139, 69, 'Цвет', '', 'ru'),
(140, 70, 'Цвет', '', 'ru'),
(141, 71, 'Capacity, GB', '', 'en'),
(142, 72, 'Chip', '', 'en'),
(143, 73, 'Color', '', 'en'),
(144, 74, 'Sim card', '', 'en'),
(145, 75, 'Display type', '', 'en'),
(146, 76, 'Dimension, inches', '', 'en'),
(147, 77, 'Resolution', '', 'en'),
(148, 78, 'Battery type', '', 'en'),
(149, 79, 'Talk time', '', 'en'),
(150, 80, 'Standby time', '', 'en'),
(151, 81, 'Video playback', '', 'en'),
(152, 82, 'Audio playback', '', 'en'),
(153, 83, 'GSM model', '', 'en'),
(154, 84, 'Wi-Fi', '', 'en'),
(155, 85, 'Bluetooth', '', 'en'),
(156, 86, 'GPS', '', 'en'),
(157, 87, 'Color', '', 'en'),
(158, 87, 'Цвет', '', 'ru'),
(159, 73, 'Цвет', '', 'ru'),
(160, 71, 'Объем памяти, GB', '', 'ru'),
(161, 72, 'Chip', '', 'ru'),
(162, 74, 'Sim card', '', 'ru'),
(163, 75, 'Display type', '', 'ru'),
(164, 76, 'Dimension, inches', '', 'ru'),
(165, 77, 'Resolution', '', 'ru'),
(166, 78, 'Battery type', '', 'ru'),
(167, 79, 'Talk time', '', 'ru'),
(168, 80, 'Standby time', '', 'ru'),
(169, 81, 'Video playback', '', 'ru'),
(170, 82, 'Audio playback', '', 'ru'),
(171, 83, 'GSM model', '', 'ru'),
(172, 84, 'Wi-Fi', '', 'ru'),
(173, 85, 'Bluetooth', '', 'ru'),
(174, 86, 'GPS', '', 'ru');

-- --------------------------------------------------------

--
-- Table structure for table `xc_attribute_values_checkbox`
--

DROP TABLE IF EXISTS `xc_attribute_values_checkbox`;
CREATE TABLE IF NOT EXISTS `xc_attribute_values_checkbox` (
  `id` int(10) UNSIGNED NOT NULL AUTO_INCREMENT,
  `product_id` int(10) UNSIGNED DEFAULT NULL,
  `attribute_id` int(10) UNSIGNED DEFAULT NULL,
  `value` tinyint(1) NOT NULL,
  `priceModifier` decimal(14,4) NOT NULL,
  `priceModifierType` char(1) COLLATE utf8_unicode_ci NOT NULL,
  `weightModifier` decimal(14,4) NOT NULL,
  `weightModifierType` char(1) COLLATE utf8_unicode_ci NOT NULL,
  `defaultValue` tinyint(1) NOT NULL,
  PRIMARY KEY (`id`),
  KEY `product_id` (`product_id`),
  KEY `attribute_id` (`attribute_id`),
  KEY `value` (`value`)
) ENGINE=InnoDB AUTO_INCREMENT=21 DEFAULT CHARSET=utf8 COLLATE=utf8_unicode_ci;

--
-- Dumping data for table `xc_attribute_values_checkbox`
--

INSERT INTO `xc_attribute_values_checkbox` (`id`, `product_id`, `attribute_id`, `value`, `priceModifier`, `priceModifierType`, `weightModifier`, `weightModifierType`, `defaultValue`) VALUES
(1, 16, 62, 0, '0.0000', 'a', '0.0000', 'a', 0),
(2, 16, 63, 1, '19.9900', 'a', '0.0000', 'a', 0),
(3, 16, 64, 0, '0.0000', 'a', '0.0000', 'a', 0),
(4, 16, 65, 0, '0.0000', 'a', '0.0000', 'a', 0),
(5, 16, 62, 1, '19.9900', 'a', '0.0000', 'a', 0),
(7, 16, 64, 1, '19.9900', 'a', '0.0000', 'a', 0),
(8, 16, 65, 1, '19.9900', 'a', '0.0000', 'a', 0),
(9, 31, 66, 1, '0.0000', 'a', '0.0000', 'a', 0),
(10, 31, 66, 0, '0.0000', 'a', '0.0000', 'a', 0),
(11, 31, 67, 1, '0.0000', 'a', '0.0000', 'a', 0),
(12, 31, 67, 0, '0.0000', 'a', '0.0000', 'a', 0),
(13, 31, 68, 1, '0.0000', 'a', '0.0000', 'a', 0),
(14, 31, 68, 0, '0.0000', 'a', '0.0000', 'a', 0),
(15, 42, 86, 1, '0.0000', 'p', '0.0000', 'p', 0),
(18, 37, 86, 1, '0.0000', 'p', '0.0000', 'p', 0),
(19, 41, 86, 1, '0.0000', 'p', '0.0000', 'p', 0),
(20, 16, 63, 0, '0.0000', 'a', '0.0000', 'a', 0);

-- --------------------------------------------------------

--
-- Table structure for table `xc_attribute_values_checkbox_translations`
--

DROP TABLE IF EXISTS `xc_attribute_values_checkbox_translations`;
CREATE TABLE IF NOT EXISTS `xc_attribute_values_checkbox_translations` (
  `label_id` int(11) NOT NULL AUTO_INCREMENT,
  `id` int(10) UNSIGNED DEFAULT NULL,
  `code` char(2) COLLATE utf8_unicode_ci NOT NULL,
  PRIMARY KEY (`label_id`),
  KEY `ci` (`code`,`id`),
  KEY `id` (`id`)
) ENGINE=InnoDB DEFAULT CHARSET=utf8 COLLATE=utf8_unicode_ci;

-- --------------------------------------------------------

--
-- Table structure for table `xc_attribute_values_select`
--

DROP TABLE IF EXISTS `xc_attribute_values_select`;
CREATE TABLE IF NOT EXISTS `xc_attribute_values_select` (
  `id` int(10) UNSIGNED NOT NULL AUTO_INCREMENT,
  `attribute_option_id` int(10) UNSIGNED DEFAULT NULL,
  `product_id` int(10) UNSIGNED DEFAULT NULL,
  `attribute_id` int(10) UNSIGNED DEFAULT NULL,
  `priceModifier` decimal(14,4) NOT NULL,
  `priceModifierType` char(1) COLLATE utf8_unicode_ci NOT NULL,
  `weightModifier` decimal(14,4) NOT NULL,
  `weightModifierType` char(1) COLLATE utf8_unicode_ci NOT NULL,
  `defaultValue` tinyint(1) NOT NULL,
  PRIMARY KEY (`id`),
  KEY `product_id` (`product_id`),
  KEY `attribute_id` (`attribute_id`),
  KEY `attribute_option_id` (`attribute_option_id`)
) ENGINE=InnoDB AUTO_INCREMENT=434 DEFAULT CHARSET=utf8 COLLATE=utf8_unicode_ci;

--
-- Dumping data for table `xc_attribute_values_select`
--

INSERT INTO `xc_attribute_values_select` (`id`, `attribute_option_id`, `product_id`, `attribute_id`, `priceModifier`, `priceModifierType`, `weightModifier`, `weightModifierType`, `defaultValue`) VALUES
(202, 114, 1, 50, '0.0000', 'a', '0.0000', 'a', 0),
(204, 112, 17, 50, '0.0000', 'a', '0.0000', 'a', 0),
(205, 112, 13, 50, '0.0000', 'a', '0.0000', 'a', 0),
(215, 112, 6, 50, '0.0000', 'a', '0.0000', 'a', 0),
(219, 113, 18, 50, '0.0000', 'a', '0.0000', 'a', 0),
(264, 134, 7, 56, '0.0000', 'a', '0.0000', 'a', 0),
(265, 135, 7, 56, '0.0000', 'a', '0.0000', 'a', 0),
(266, 136, 7, 56, '0.0000', 'a', '0.0000', 'a', 0),
(273, 143, 9, 58, '0.0000', 'a', '0.0000', 'a', 0),
(274, 144, 9, 58, '0.0000', 'a', '0.0000', 'a', 0),
(275, 145, 9, 58, '0.0000', 'a', '0.0000', 'a', 0),
(288, 158, 13, 61, '0.0000', 'a', '0.0000', 'a', 0),
(289, 159, 13, 61, '0.0000', 'a', '0.0000', 'a', 0),
(290, 160, 13, 61, '0.0000', 'a', '0.0000', 'a', 0),
(291, 161, 32, 69, '0.0000', 'a', '0.0000', 'a', 0),
(292, 162, 32, 69, '0.0000', 'a', '0.0000', 'a', 0),
(293, 163, 40, 70, '0.0000', 'a', '0.0000', 'a', 0),
(294, 164, 40, 70, '0.0000', 'a', '0.0000', 'a', 0),
(295, 165, 37, 71, '0.0000', 'a', '0.0000', 'a', 0),
(296, 166, 37, 71, '100.0000', 'a', '0.0000', 'a', 0),
(297, 167, 37, 71, '200.0000', 'a', '0.0000', 'a', 0),
(298, 200, 37, 72, '0.0000', 'a', '0.0000', 'a', 0),
(299, 169, 37, 73, '0.0000', 'a', '0.0000', 'a', 0),
(300, 168, 37, 73, '0.0000', 'a', '0.0000', 'a', 0),
(301, 170, 37, 73, '0.0000', 'a', '0.0000', 'a', 0),
(302, 172, 37, 74, '0.0000', 'a', '0.0000', 'a', 0),
(303, 173, 37, 75, '0.0000', 'a', '0.0000', 'a', 0),
(304, 174, 37, 76, '0.0000', 'a', '0.0000', 'a', 0),
(305, 175, 37, 77, '0.0000', 'a', '0.0000', 'a', 0),
(306, 176, 37, 78, '0.0000', 'a', '0.0000', 'a', 0),
(307, 177, 37, 79, '0.0000', 'a', '0.0000', 'a', 0),
(308, 178, 37, 80, '0.0000', 'a', '0.0000', 'a', 0),
(309, 179, 37, 81, '0.0000', 'a', '0.0000', 'a', 0),
(310, 180, 37, 82, '0.0000', 'a', '0.0000', 'a', 0),
(311, 181, 37, 83, '0.0000', 'a', '0.0000', 'a', 0),
(312, 182, 37, 84, '0.0000', 'a', '0.0000', 'a', 0),
(313, 183, 37, 85, '0.0000', 'a', '0.0000', 'a', 0),
(314, 165, 41, 71, '0.0000', 'a', '0.0000', 'a', 0),
(315, 166, 41, 71, '100.0000', 'a', '0.0000', 'a', 0),
(316, 167, 41, 71, '200.0000', 'a', '0.0000', 'a', 0),
(317, 200, 41, 72, '0.0000', 'a', '0.0000', 'a', 0),
(318, 169, 41, 73, '0.0000', 'a', '0.0000', 'a', 0),
(319, 168, 41, 73, '0.0000', 'a', '0.0000', 'a', 0),
(320, 170, 41, 73, '0.0000', 'a', '0.0000', 'a', 0),
(321, 172, 41, 74, '0.0000', 'a', '0.0000', 'a', 0),
(322, 173, 41, 75, '0.0000', 'a', '0.0000', 'a', 0),
(323, 184, 41, 76, '0.0000', 'a', '0.0000', 'a', 0),
(324, 185, 41, 77, '0.0000', 'a', '0.0000', 'a', 0),
(325, 176, 41, 78, '0.0000', 'a', '0.0000', 'a', 0),
(326, 198, 41, 79, '0.0000', 'a', '0.0000', 'a', 0),
(327, 199, 41, 80, '0.0000', 'a', '0.0000', 'a', 0),
(328, 194, 41, 81, '0.0000', 'a', '0.0000', 'a', 0),
(329, 195, 41, 82, '0.0000', 'a', '0.0000', 'a', 0),
(330, 181, 41, 83, '0.0000', 'a', '0.0000', 'a', 0),
(331, 182, 41, 84, '0.0000', 'a', '0.0000', 'a', 0),
(332, 183, 41, 85, '0.0000', 'a', '0.0000', 'a', 0),
(333, 165, 42, 71, '0.0000', 'a', '0.0000', 'a', 0),
(335, 166, 42, 71, '200.0000', 'a', '0.0000', 'a', 0),
(337, 169, 42, 73, '0.0000', 'a', '0.0000', 'a', 0),
(338, 168, 42, 73, '0.0000', 'a', '0.0000', 'a', 0),
(339, 170, 42, 73, '0.0000', 'a', '0.0000', 'a', 0),
(340, 172, 42, 74, '0.0000', 'a', '0.0000', 'a', 0),
(342, 190, 42, 76, '0.0000', 'a', '0.0000', 'a', 0),
(343, 191, 42, 77, '0.0000', 'a', '0.0000', 'a', 0),
(344, 176, 42, 78, '0.0000', 'a', '0.0000', 'a', 0),
(345, 177, 42, 79, '0.0000', 'a', '0.0000', 'a', 0),
(346, 178, 42, 80, '0.0000', 'a', '0.0000', 'a', 0),
(347, 194, 42, 81, '0.0000', 'a', '0.0000', 'a', 0),
(348, 195, 42, 82, '0.0000', 'a', '0.0000', 'a', 0),
(350, 182, 42, 84, '0.0000', 'a', '0.0000', 'a', 0),
(352, 1, 6, 1, '0.0000', 'a', '0.0000', 'a', 0),
(353, 2, 6, 1, '0.0000', 'a', '0.0000', 'a', 0),
(354, 3, 6, 1, '0.0000', 'a', '0.0000', 'a', 0),
(355, 4, 6, 1, '0.0000', 'a', '0.0000', 'a', 0),
(356, 5, 6, 1, '0.0000', 'a', '0.0000', 'a', 0),
(357, 8, 6, 1, '0.0000', 'a', '0.0000', 'a', 0),
(360, 1, 10, 1, '0.0000', 'a', '0.0000', 'a', 0),
(361, 2, 10, 1, '0.0000', 'a', '0.0000', 'a', 0),
(362, 3, 10, 1, '0.0000', 'a', '0.0000', 'a', 0),
(363, 4, 10, 1, '0.0000', 'a', '0.0000', 'a', 0),
(368, 1, 8, 1, '0.0000', 'a', '0.0000', 'a', 0),
(369, 2, 8, 1, '0.0000', 'a', '0.0000', 'a', 0),
(370, 3, 8, 1, '0.0000', 'a', '0.0000', 'a', 0),
(371, 4, 8, 1, '0.0000', 'a', '0.0000', 'a', 0),
(372, 5, 8, 1, '0.0000', 'a', '0.0000', 'a', 0),
(373, 8, 8, 1, '0.0000', 'a', '0.0000', 'a', 0),
(376, 1, 3, 1, '0.0000', 'a', '0.0000', 'a', 0),
(377, 2, 3, 1, '0.0000', 'a', '0.0000', 'a', 0),
(378, 3, 3, 1, '0.0000', 'a', '0.0000', 'a', 0),
(379, 4, 3, 1, '0.0000', 'a', '0.0000', 'a', 0),
(382, 1, 1, 1, '0.0000', 'a', '0.0000', 'a', 0),
(383, 2, 1, 1, '0.0000', 'a', '0.0000', 'a', 0),
(384, 3, 1, 1, '0.0000', 'a', '0.0000', 'a', 0),
(385, 4, 1, 1, '0.0000', 'a', '0.0000', 'a', 0),
(388, 1, 2, 1, '0.0000', 'a', '0.0000', 'a', 0),
(389, 2, 2, 1, '0.0000', 'a', '0.0000', 'a', 0),
(390, 3, 2, 1, '0.0000', 'a', '0.0000', 'a', 0),
(391, 4, 2, 1, '0.0000', 'a', '0.0000', 'a', 0),
(392, 5, 2, 1, '0.0000', 'a', '0.0000', 'a', 0),
(393, 8, 2, 1, '0.0000', 'a', '0.0000', 'a', 0),
(394, 111, 2, 50, '0.0000', 'a', '0.0000', 'a', 0),
(395, 1, 4, 1, '0.0000', 'a', '0.0000', 'a', 0),
(396, 2, 4, 1, '0.0000', 'a', '0.0000', 'a', 0),
(397, 3, 4, 1, '0.0000', 'a', '0.0000', 'a', 0),
(398, 4, 4, 1, '0.0000', 'a', '0.0000', 'a', 0),
(401, 114, 4, 50, '0.0000', 'a', '0.0000', 'a', 0),
(402, 1, 9, 1, '0.0000', 'a', '0.0000', 'a', 0),
(403, 2, 9, 1, '0.0000', 'a', '0.0000', 'a', 0),
(404, 3, 9, 1, '0.0000', 'a', '0.0000', 'a', 0),
(405, 4, 9, 1, '0.0000', 'a', '0.0000', 'a', 0),
(406, 5, 9, 1, '0.0000', 'a', '0.0000', 'a', 0),
(407, 8, 9, 1, '0.0000', 'a', '0.0000', 'a', 0),
(408, 110, 9, 50, '0.0000', 'a', '0.0000', 'a', 0),
(409, 1, 7, 1, '0.0000', 'a', '0.0000', 'a', 0),
(410, 2, 7, 1, '0.0000', 'a', '0.0000', 'a', 0),
(411, 3, 7, 1, '0.0000', 'a', '0.0000', 'a', 0),
(412, 4, 7, 1, '0.0000', 'a', '0.0000', 'a', 0),
(413, 5, 7, 1, '0.0000', 'a', '0.0000', 'a', 0),
(414, 8, 7, 1, '0.0000', 'a', '0.0000', 'a', 0),
(415, 115, 7, 50, '0.0000', 'a', '0.0000', 'a', 0),
(416, 1, 5, 1, '0.0000', 'a', '0.0000', 'a', 0),
(417, 2, 5, 1, '0.0000', 'a', '0.0000', 'a', 0),
(418, 3, 5, 1, '0.0000', 'a', '0.0000', 'a', 0),
(419, 4, 5, 1, '0.0000', 'a', '0.0000', 'a', 0),
(422, 114, 5, 50, '0.0000', 'a', '0.0000', 'a', 0),
(423, 113, 8, 50, '0.0000', 'a', '0.0000', 'a', 0),
(424, 114, 3, 50, '0.0000', 'a', '0.0000', 'a', 0),
(425, 115, 10, 50, '0.0000', 'a', '0.0000', 'a', 0),
(426, 201, 4, 87, '0.0000', 'a', '0.0000', 'a', 0),
(427, 202, 4, 87, '0.0000', 'a', '0.0000', 'a', 0),
(428, 203, 4, 87, '0.0000', 'a', '0.0000', 'a', 0),
(429, 204, 4, 87, '0.0000', 'a', '0.0000', 'a', 0),
(430, 205, 42, 73, '0.0000', 'a', '0.0000', 'a', 0),
(431, 200, 42, 72, '0.0000', 'a', '0.0000', 'a', 0),
(432, 173, 42, 75, '0.0000', 'a', '0.0000', 'a', 0),
(433, 183, 42, 85, '0.0000', 'a', '0.0000', 'a', 0);

-- --------------------------------------------------------

--
-- Table structure for table `xc_attribute_values_select_translations`
--

DROP TABLE IF EXISTS `xc_attribute_values_select_translations`;
CREATE TABLE IF NOT EXISTS `xc_attribute_values_select_translations` (
  `label_id` int(11) NOT NULL AUTO_INCREMENT,
  `id` int(10) UNSIGNED DEFAULT NULL,
  `code` char(2) COLLATE utf8_unicode_ci NOT NULL,
  PRIMARY KEY (`label_id`),
  KEY `ci` (`code`,`id`),
  KEY `id` (`id`)
) ENGINE=InnoDB DEFAULT CHARSET=utf8 COLLATE=utf8_unicode_ci;

-- --------------------------------------------------------

--
-- Table structure for table `xc_attribute_values_text`
--

DROP TABLE IF EXISTS `xc_attribute_values_text`;
CREATE TABLE IF NOT EXISTS `xc_attribute_values_text` (
  `id` int(10) UNSIGNED NOT NULL AUTO_INCREMENT,
  `product_id` int(10) UNSIGNED DEFAULT NULL,
  `attribute_id` int(10) UNSIGNED DEFAULT NULL,
  `editable` tinyint(1) NOT NULL,
  PRIMARY KEY (`id`),
  KEY `product_id` (`product_id`),
  KEY `attribute_id` (`attribute_id`)
) ENGINE=InnoDB DEFAULT CHARSET=utf8 COLLATE=utf8_unicode_ci;

-- --------------------------------------------------------

--
-- Table structure for table `xc_attribute_values_text_translations`
--

DROP TABLE IF EXISTS `xc_attribute_values_text_translations`;
CREATE TABLE IF NOT EXISTS `xc_attribute_values_text_translations` (
  `label_id` int(11) NOT NULL AUTO_INCREMENT,
  `id` int(10) UNSIGNED DEFAULT NULL,
  `value` longtext COLLATE utf8_unicode_ci NOT NULL,
  `code` char(2) COLLATE utf8_unicode_ci NOT NULL,
  PRIMARY KEY (`label_id`),
  KEY `ci` (`code`,`id`),
  KEY `id` (`id`)
) ENGINE=InnoDB DEFAULT CHARSET=utf8 COLLATE=utf8_unicode_ci;

-- --------------------------------------------------------

--
-- Table structure for table `xc_banner_rotation_image`
--

DROP TABLE IF EXISTS `xc_banner_rotation_image`;
CREATE TABLE IF NOT EXISTS `xc_banner_rotation_image` (
  `id` int(10) UNSIGNED NOT NULL AUTO_INCREMENT,
  `banner_rotation_slide_id` int(10) UNSIGNED DEFAULT NULL,
  `alt` varchar(255) COLLATE utf8_unicode_ci NOT NULL,
  `width` int(11) NOT NULL,
  `height` int(11) NOT NULL,
  `hash` char(32) COLLATE utf8_unicode_ci DEFAULT NULL,
  `needProcess` tinyint(1) NOT NULL,
  `path` varchar(512) COLLATE utf8_unicode_ci NOT NULL,
  `fileName` varchar(255) COLLATE utf8_unicode_ci NOT NULL,
  `mime` varchar(128) COLLATE utf8_unicode_ci NOT NULL,
  `storageType` varchar(1) COLLATE utf8_unicode_ci NOT NULL,
  `size` int(10) UNSIGNED NOT NULL,
  `date` int(10) UNSIGNED NOT NULL,
  PRIMARY KEY (`id`),
  UNIQUE KEY `UNIQ_BDC50932217A8232` (`banner_rotation_slide_id`)
) ENGINE=InnoDB AUTO_INCREMENT=3 DEFAULT CHARSET=utf8 COLLATE=utf8_unicode_ci;

--
-- Dumping data for table `xc_banner_rotation_image`
--

INSERT INTO `xc_banner_rotation_image` (`id`, `banner_rotation_slide_id`, `alt`, `width`, `height`, `hash`, `needProcess`, `path`, `fileName`, `mime`, `storageType`, `size`, `date`) VALUES
(1, 1, 'Apparel', 4000, 920, NULL, 1, 'banner_apparel_2x.jpg', '', 'image/jpeg', 'r', 0, 1476370231),
(2, 2, 'Toys', 4000, 920, NULL, 1, 'banner_toys_2x.jpg', '', 'image/jpeg', 'r', 0, 1476370231);

-- --------------------------------------------------------

--
-- Table structure for table `xc_banner_rotation_slide`
--

DROP TABLE IF EXISTS `xc_banner_rotation_slide`;
CREATE TABLE IF NOT EXISTS `xc_banner_rotation_slide` (
  `id` int(10) UNSIGNED NOT NULL AUTO_INCREMENT,
  `enabled` tinyint(1) NOT NULL,
  `link` varchar(255) COLLATE utf8_unicode_ci NOT NULL,
  `position` int(11) NOT NULL,
  PRIMARY KEY (`id`)
) ENGINE=InnoDB AUTO_INCREMENT=3 DEFAULT CHARSET=utf8 COLLATE=utf8_unicode_ci;

--
-- Dumping data for table `xc_banner_rotation_slide`
--

INSERT INTO `xc_banner_rotation_slide` (`id`, `enabled`, `link`, `position`) VALUES
(1, 1, 'cart.php?target=category&category_id=4', 20),
(2, 1, 'cart.php?target=category&category_id=5', 10);

-- --------------------------------------------------------

--
-- Table structure for table `xc_capost_delivery_services`
--

DROP TABLE IF EXISTS `xc_capost_delivery_services`;
CREATE TABLE IF NOT EXISTS `xc_capost_delivery_services` (
  `id` int(10) UNSIGNED NOT NULL AUTO_INCREMENT,
  `code` varchar(32) COLLATE utf8_unicode_ci NOT NULL,
  `countryCode` varchar(2) COLLATE utf8_unicode_ci NOT NULL,
  `name` varchar(255) COLLATE utf8_unicode_ci NOT NULL,
  `expiry` int(10) UNSIGNED NOT NULL,
  `maxWeight` int(11) NOT NULL,
  `minWeight` int(11) NOT NULL,
  `maxLength` decimal(11,1) NOT NULL,
  `minLength` decimal(11,1) NOT NULL,
  `maxWidth` decimal(11,1) NOT NULL,
  `minWidth` decimal(11,1) NOT NULL,
  `maxHeight` decimal(11,1) NOT NULL,
  `minHeight` decimal(11,1) NOT NULL,
  `lengthPlusGirthMax` decimal(11,1) DEFAULT NULL,
  `lengthHeightWidthSumMax` decimal(11,1) DEFAULT NULL,
  `oversizeLimit` decimal(11,1) DEFAULT NULL,
  `densityFactor` int(11) DEFAULT NULL,
  `canShipInMailingTube` tinyint(1) NOT NULL,
  `canShipUnpackaged` tinyint(1) NOT NULL,
  `allowedAsReturnService` tinyint(1) NOT NULL,
  PRIMARY KEY (`id`),
  UNIQUE KEY `code_country` (`code`,`countryCode`)
) ENGINE=InnoDB DEFAULT CHARSET=utf8 COLLATE=utf8_unicode_ci;

-- --------------------------------------------------------

--
-- Table structure for table `xc_capost_delivery_service_options`
--

DROP TABLE IF EXISTS `xc_capost_delivery_service_options`;
CREATE TABLE IF NOT EXISTS `xc_capost_delivery_service_options` (
  `id` int(10) UNSIGNED NOT NULL AUTO_INCREMENT,
  `code` varchar(255) COLLATE utf8_unicode_ci NOT NULL,
  `name` varchar(255) COLLATE utf8_unicode_ci NOT NULL,
  `mandatory` tinyint(1) NOT NULL,
  `qualifierRequired` tinyint(1) NOT NULL,
  `qualifierMax` decimal(14,4) DEFAULT NULL,
  `serviceId` int(10) UNSIGNED DEFAULT NULL,
  PRIMARY KEY (`id`),
  KEY `IDX_185C93F5589697FA8` (`serviceId`)
) ENGINE=InnoDB DEFAULT CHARSET=utf8 COLLATE=utf8_unicode_ci;

-- --------------------------------------------------------

--
-- Table structure for table `xc_capost_returns`
--

DROP TABLE IF EXISTS `xc_capost_returns`;
CREATE TABLE IF NOT EXISTS `xc_capost_returns` (
  `id` int(10) UNSIGNED NOT NULL AUTO_INCREMENT,
  `status` char(2) COLLATE utf8_unicode_ci NOT NULL,
  `date` int(10) UNSIGNED NOT NULL,
  `lastRenewDate` int(11) NOT NULL,
  `notes` longtext COLLATE utf8_unicode_ci NOT NULL,
  `adminNotes` longtext COLLATE utf8_unicode_ci NOT NULL,
  `trackingPin` varchar(16) COLLATE utf8_unicode_ci DEFAULT NULL,
  `orderId` int(11) DEFAULT NULL,
  PRIMARY KEY (`id`),
  KEY `IDX_1A90646B3FA237437` (`orderId`),
  KEY `date` (`date`),
  KEY `status` (`status`)
) ENGINE=InnoDB DEFAULT CHARSET=utf8 COLLATE=utf8_unicode_ci;

-- --------------------------------------------------------

--
-- Table structure for table `xc_capost_return_items`
--

DROP TABLE IF EXISTS `xc_capost_return_items`;
CREATE TABLE IF NOT EXISTS `xc_capost_return_items` (
  `id` int(11) NOT NULL AUTO_INCREMENT,
  `amount` int(10) UNSIGNED NOT NULL,
  `returnId` int(10) UNSIGNED DEFAULT NULL,
  `orderItemId` int(11) DEFAULT NULL,
  PRIMARY KEY (`id`),
  KEY `IDX_132022371B43D59E` (`returnId`),
  KEY `IDX_13202237BBF22A26` (`orderItemId`)
) ENGINE=InnoDB DEFAULT CHARSET=utf8 COLLATE=utf8_unicode_ci;

-- --------------------------------------------------------

--
-- Table structure for table `xc_capost_return_links`
--

DROP TABLE IF EXISTS `xc_capost_return_links`;
CREATE TABLE IF NOT EXISTS `xc_capost_return_links` (
  `id` int(11) NOT NULL AUTO_INCREMENT,
  `rel` varchar(255) COLLATE utf8_unicode_ci NOT NULL,
  `href` varchar(255) COLLATE utf8_unicode_ci NOT NULL,
  `idx` int(11) DEFAULT NULL,
  `mediaType` varchar(255) COLLATE utf8_unicode_ci NOT NULL,
  `returnId` int(10) UNSIGNED DEFAULT NULL,
  PRIMARY KEY (`id`),
  KEY `IDX_133BC6A621B43D59E` (`returnId`)
) ENGINE=InnoDB DEFAULT CHARSET=utf8 COLLATE=utf8_unicode_ci;

-- --------------------------------------------------------

--
-- Table structure for table `xc_capost_return_link_storage`
--

DROP TABLE IF EXISTS `xc_capost_return_link_storage`;
CREATE TABLE IF NOT EXISTS `xc_capost_return_link_storage` (
  `id` int(10) UNSIGNED NOT NULL AUTO_INCREMENT,
  `path` varchar(512) COLLATE utf8_unicode_ci NOT NULL,
  `fileName` varchar(255) COLLATE utf8_unicode_ci NOT NULL,
  `mime` varchar(128) COLLATE utf8_unicode_ci NOT NULL,
  `storageType` varchar(1) COLLATE utf8_unicode_ci NOT NULL,
  `size` int(10) UNSIGNED NOT NULL,
  `date` int(10) UNSIGNED NOT NULL,
  `linkId` int(11) DEFAULT NULL,
  PRIMARY KEY (`id`),
  UNIQUE KEY `UNIQ_784CAF87AEC98E42` (`linkId`)
) ENGINE=InnoDB DEFAULT CHARSET=utf8 COLLATE=utf8_unicode_ci;

-- --------------------------------------------------------

--
-- Table structure for table `xc_categories`
--

DROP TABLE IF EXISTS `xc_categories`;
CREATE TABLE IF NOT EXISTS `xc_categories` (
  `category_id` int(10) UNSIGNED NOT NULL AUTO_INCREMENT,
  `parent_id` int(10) UNSIGNED DEFAULT NULL,
  `useClasses` char(1) COLLATE utf8_unicode_ci NOT NULL,
  `ogMeta` longtext COLLATE utf8_unicode_ci NOT NULL,
  `useCustomOG` tinyint(1) NOT NULL,
  `lpos` int(11) NOT NULL,
  `rpos` int(11) NOT NULL,
  `enabled` tinyint(1) NOT NULL,
  `show_title` tinyint(1) NOT NULL,
  `depth` int(11) NOT NULL,
  `pos` int(11) NOT NULL,
  `root_category_look` varchar(32) COLLATE utf8_unicode_ci DEFAULT NULL,
  `metaDescType` varchar(1) COLLATE utf8_unicode_ci NOT NULL,
  `xcPendingExport` tinyint(1) NOT NULL,
  `lastUsage` int(11) NOT NULL,
  PRIMARY KEY (`category_id`),
  KEY `IDX_19D0DF19B727ACA70` (`parent_id`),
  KEY `lpos` (`lpos`),
  KEY `rpos` (`rpos`),
  KEY `enabled` (`enabled`)
) ENGINE=InnoDB AUTO_INCREMENT=9 DEFAULT CHARSET=utf8 COLLATE=utf8_unicode_ci;

--
-- Dumping data for table `xc_categories`
--

INSERT INTO `xc_categories` (`category_id`, `parent_id`, `useClasses`, `ogMeta`, `useCustomOG`, `lpos`, `rpos`, `enabled`, `show_title`, `depth`, `pos`, `root_category_look`, `metaDescType`, `xcPendingExport`, `lastUsage`) VALUES
(1, NULL, 'A', '', 0, 1, 16, 1, 0, -1, 0, 'icons', 'A', 0, 0),
(2, 1, 'A', '', 0, 2, 3, 1, 0, 0, 30, NULL, 'A', 0, 0),
(3, 1, 'A', '', 0, 4, 5, 0, 1, 0, 20, NULL, 'A', 0, 0),
(4, 1, 'A', '', 0, 6, 7, 1, 0, 0, 10, NULL, 'A', 0, 0),
(5, 1, 'A', '', 0, 8, 15, 1, 0, 0, 40, NULL, 'A', 0, 0),
(6, 5, 'A', '', 0, 9, 10, 1, 1, 1, 10, NULL, 'A', 0, 0),
(7, 5, 'A', '', 0, 11, 12, 1, 1, 1, 20, NULL, 'A', 0, 0),
(8, 5, 'A', '', 0, 13, 14, 1, 1, 1, 30, NULL, 'A', 0, 0);

-- --------------------------------------------------------

--
-- Table structure for table `xc_category_banners`
--

DROP TABLE IF EXISTS `xc_category_banners`;
CREATE TABLE IF NOT EXISTS `xc_category_banners` (
  `id` int(10) UNSIGNED NOT NULL AUTO_INCREMENT,
  `category_id` int(10) UNSIGNED DEFAULT NULL,
  `alt` varchar(255) COLLATE utf8_unicode_ci NOT NULL,
  `width` int(11) NOT NULL,
  `height` int(11) NOT NULL,
  `hash` char(32) COLLATE utf8_unicode_ci DEFAULT NULL,
  `needProcess` tinyint(1) NOT NULL,
  `path` varchar(512) COLLATE utf8_unicode_ci NOT NULL,
  `fileName` varchar(255) COLLATE utf8_unicode_ci NOT NULL,
  `mime` varchar(128) COLLATE utf8_unicode_ci NOT NULL,
  `storageType` varchar(1) COLLATE utf8_unicode_ci NOT NULL,
  `size` int(10) UNSIGNED NOT NULL,
  `date` int(10) UNSIGNED NOT NULL,
  PRIMARY KEY (`id`),
  UNIQUE KEY `UNIQ_69B8F0D412469DE2` (`category_id`)
) ENGINE=InnoDB AUTO_INCREMENT=5 DEFAULT CHARSET=utf8 COLLATE=utf8_unicode_ci;

--
-- Dumping data for table `xc_category_banners`
--

INSERT INTO `xc_category_banners` (`id`, `category_id`, `alt`, `width`, `height`, `hash`, `needProcess`, `path`, `fileName`, `mime`, `storageType`, `size`, `date`) VALUES
(1, 2, '', 2720, 800, NULL, 1, 'banner_igoods_clean.jpg', '', 'image/jpeg', 'r', 125253, 1394109447),
(2, 3, '', 2720, 800, NULL, 1, 'banner_igoods_clean.jpg', '', 'image/jpeg', 'r', 125253, 1394109447),
(3, 4, '', 2720, 800, NULL, 1, 'banner_apparel_clean.jpg', '', 'image/jpeg', 'r', 122998, 1394109447),
(4, 5, '', 2720, 800, NULL, 1, 'banner_toys_clean.jpg', '', 'image/jpeg', 'r', 124298, 1394109447);

-- --------------------------------------------------------

--
-- Table structure for table `xc_category_class_links`
--

DROP TABLE IF EXISTS `xc_category_class_links`;
CREATE TABLE IF NOT EXISTS `xc_category_class_links` (
  `category_id` int(10) UNSIGNED NOT NULL,
  `class_id` int(10) UNSIGNED NOT NULL,
  PRIMARY KEY (`category_id`,`class_id`),
  KEY `IDX_13F5DB31312469DE2` (`category_id`),
  KEY `IDX_13F5DB313EA000B10` (`class_id`)
) ENGINE=InnoDB DEFAULT CHARSET=utf8 COLLATE=utf8_unicode_ci;

-- --------------------------------------------------------

--
-- Table structure for table `xc_category_images`
--

DROP TABLE IF EXISTS `xc_category_images`;
CREATE TABLE IF NOT EXISTS `xc_category_images` (
  `id` int(10) UNSIGNED NOT NULL AUTO_INCREMENT,
  `category_id` int(10) UNSIGNED DEFAULT NULL,
  `alt` varchar(255) COLLATE utf8_unicode_ci NOT NULL,
  `width` int(11) NOT NULL,
  `height` int(11) NOT NULL,
  `hash` char(32) COLLATE utf8_unicode_ci DEFAULT NULL,
  `needProcess` tinyint(1) NOT NULL,
  `path` varchar(512) COLLATE utf8_unicode_ci NOT NULL,
  `fileName` varchar(255) COLLATE utf8_unicode_ci NOT NULL,
  `mime` varchar(128) COLLATE utf8_unicode_ci NOT NULL,
  `storageType` varchar(1) COLLATE utf8_unicode_ci NOT NULL,
  `size` int(10) UNSIGNED NOT NULL,
  `date` int(10) UNSIGNED NOT NULL,
  PRIMARY KEY (`id`),
  UNIQUE KEY `UNIQ_3EDA5C4B12469DE2` (`category_id`)
) ENGINE=InnoDB AUTO_INCREMENT=8 DEFAULT CHARSET=utf8 COLLATE=utf8_unicode_ci;

--
-- Dumping data for table `xc_category_images`
--

INSERT INTO `xc_category_images` (`id`, `category_id`, `alt`, `width`, `height`, `hash`, `needProcess`, `path`, `fileName`, `mime`, `storageType`, `size`, `date`) VALUES
(1, 2, '', 434, 555, NULL, 1, 'igoods.png', '', 'image/png', 'r', 265767, 1394109447),
(2, 3, '', 434, 555, NULL, 1, 'igoods.png', '', 'image/png', 'r', 265767, 1394109447),
(3, 4, '', 600, 640, NULL, 1, '1814_star_trek_command_cycle_jersey.jpeg', '', 'image/jpeg', 'r', 56283, 1278412215),
(4, 5, '', 600, 590, NULL, 1, 'ijrm_back_to_the_future_vinyl_idols.png', '', 'image/png', 'r', 276157, 1476370231),
(5, 6, '', 600, 590, NULL, 1, 'ijrm_back_to_the_future_vinyl_idols.png', '', 'image/png', 'r', 276157, 1476370231),
(6, 7, '', 600, 481, NULL, 1, 'ivvg_beer_briefcase_1.jpeg', '', 'image/jpeg', 'r', 54394, 1476370231),
(7, 8, '', 600, 600, NULL, 1, '17f0_3d_bmo_mug_1.jpeg', '', 'image/jpeg', 'r', 38929, 1476370231);

-- --------------------------------------------------------

--
-- Table structure for table `xc_category_membership_links`
--

DROP TABLE IF EXISTS `xc_category_membership_links`;
CREATE TABLE IF NOT EXISTS `xc_category_membership_links` (
  `category_id` int(10) UNSIGNED NOT NULL,
  `membership_id` int(10) UNSIGNED NOT NULL,
  PRIMARY KEY (`category_id`,`membership_id`),
  KEY `IDX_1A0AA75DD12469DE2` (`category_id`),
  KEY `IDX_1A0AA75DD1FB354CD` (`membership_id`)
) ENGINE=InnoDB DEFAULT CHARSET=utf8 COLLATE=utf8_unicode_ci;

-- --------------------------------------------------------

--
-- Table structure for table `xc_category_products`
--

DROP TABLE IF EXISTS `xc_category_products`;
CREATE TABLE IF NOT EXISTS `xc_category_products` (
  `id` int(10) UNSIGNED NOT NULL AUTO_INCREMENT,
  `category_id` int(10) UNSIGNED DEFAULT NULL,
  `product_id` int(10) UNSIGNED DEFAULT NULL,
  `orderby` int(11) NOT NULL,
  PRIMARY KEY (`id`),
  UNIQUE KEY `pair` (`category_id`,`product_id`),
  KEY `IDX_17121122812469DE2` (`category_id`),
  KEY `IDX_1712112284584665A` (`product_id`),
  KEY `orderby` (`orderby`)
) ENGINE=InnoDB AUTO_INCREMENT=43 DEFAULT CHARSET=utf8 COLLATE=utf8_unicode_ci;

--
-- Dumping data for table `xc_category_products`
--

INSERT INTO `xc_category_products` (`id`, `category_id`, `product_id`, `orderby`) VALUES
(1, 2, 37, 10),
(2, 2, 41, 20),
(3, 2, 42, 30),
(4, 3, 39, 10),
(5, 3, 36, 20),
(6, 3, 34, 30),
(7, 3, 32, 40),
(8, 3, 31, 50),
(9, 3, 29, 60),
(10, 3, 28, 70),
(11, 3, 33, 80),
(12, 3, 35, 90),
(13, 3, 30, 100),
(14, 3, 40, 110),
(15, 3, 38, 120),
(16, 4, 1, 0),
(17, 4, 9, 0),
(18, 4, 8, 0),
(19, 4, 7, 0),
(20, 4, 6, 0),
(21, 4, 5, 0),
(22, 4, 4, 0),
(23, 4, 3, 0),
(24, 4, 2, 0),
(25, 4, 10, 0),
(26, 6, 11, 0),
(27, 6, 12, 0),
(28, 6, 13, 0),
(29, 6, 14, 0),
(30, 6, 15, 0),
(31, 6, 16, 0),
(32, 6, 17, 0),
(33, 6, 18, 0),
(34, 7, 19, 0),
(35, 7, 20, 0),
(36, 7, 21, 0),
(37, 7, 22, 0),
(38, 7, 23, 0),
(39, 7, 24, 0),
(40, 8, 25, 0),
(41, 8, 26, 0),
(42, 8, 27, 0);

-- --------------------------------------------------------

--
-- Table structure for table `xc_category_quick_flags`
--

DROP TABLE IF EXISTS `xc_category_quick_flags`;
CREATE TABLE IF NOT EXISTS `xc_category_quick_flags` (
  `id` int(10) UNSIGNED NOT NULL AUTO_INCREMENT,
  `category_id` int(10) UNSIGNED DEFAULT NULL,
  `subcategories_count_all` int(11) NOT NULL,
  `subcategories_count_enabled` int(11) NOT NULL,
  PRIMARY KEY (`id`),
  UNIQUE KEY `UNIQ_5BA9C50312469DE2` (`category_id`)
) ENGINE=InnoDB AUTO_INCREMENT=9 DEFAULT CHARSET=utf8 COLLATE=utf8_unicode_ci;

--
-- Dumping data for table `xc_category_quick_flags`
--

INSERT INTO `xc_category_quick_flags` (`id`, `category_id`, `subcategories_count_all`, `subcategories_count_enabled`) VALUES
(1, 1, 4, 3),
(2, 2, 0, 0),
(3, 3, 0, 0),
(4, 4, 0, 0),
(5, 5, 3, 3),
(6, 6, 0, 0),
(7, 7, 0, 0),
(8, 8, 0, 0);

-- --------------------------------------------------------

--
-- Table structure for table `xc_category_translations`
--

DROP TABLE IF EXISTS `xc_category_translations`;
CREATE TABLE IF NOT EXISTS `xc_category_translations` (
  `label_id` int(11) NOT NULL AUTO_INCREMENT,
  `id` int(10) UNSIGNED DEFAULT NULL,
  `name` varchar(255) COLLATE utf8_unicode_ci NOT NULL,
  `description` longtext COLLATE utf8_unicode_ci NOT NULL,
  `metaTags` varchar(255) COLLATE utf8_unicode_ci NOT NULL,
  `metaDesc` longtext COLLATE utf8_unicode_ci NOT NULL,
  `metaTitle` varchar(255) COLLATE utf8_unicode_ci NOT NULL,
  `code` char(2) COLLATE utf8_unicode_ci NOT NULL,
  PRIMARY KEY (`label_id`),
  KEY `ci` (`code`,`id`),
  KEY `id` (`id`)
) ENGINE=InnoDB AUTO_INCREMENT=9 DEFAULT CHARSET=utf8 COLLATE=utf8_unicode_ci;

--
-- Dumping data for table `xc_category_translations`
--

INSERT INTO `xc_category_translations` (`label_id`, `id`, `name`, `description`, `metaTags`, `metaDesc`, `metaTitle`, `code`) VALUES
(1, 1, 'Catalog', '<h1>Welcome to X-Cart Demo Store!</h1><p>It illustrates operation and features of X-Cart - all-in-one eCommerce solution for swift and easy launch of a professional online store. Orders placed here cannot be fulfilled as all the sample products listed in this store are for demonstration and testing purposes only.</p>', '', '', '', 'en'),
(2, 2, 'iGoods - Product Filter', '', '', '', '', 'en'),
(3, 3, 'Electronics', '', '', '', '', 'en'),
(4, 4, 'Apparel', '', '', '', '', 'en'),
(5, 5, 'Toys', '', '', '', '', 'en'),
(6, 6, 'Geek toys', '', '', '', '', 'en'),
(7, 7, 'Office Pranks', '', '', '', '', 'en'),
(8, 8, 'Home &amp; office', '', '', '', '', 'en');

-- --------------------------------------------------------

--
-- Table structure for table `xc_clean_urls`
--

DROP TABLE IF EXISTS `xc_clean_urls`;
CREATE TABLE IF NOT EXISTS `xc_clean_urls` (
  `id` int(10) UNSIGNED NOT NULL AUTO_INCREMENT,
  `news_message_id` int(10) UNSIGNED DEFAULT NULL,
  `page_id` int(10) UNSIGNED DEFAULT NULL,
  `product_id` int(10) UNSIGNED DEFAULT NULL,
  `category_id` int(10) UNSIGNED DEFAULT NULL,
  `cleanURL` varchar(255) COLLATE utf8_unicode_ci DEFAULT NULL,
  PRIMARY KEY (`id`),
  KEY `IDX_1F2542545BF05C450` (`news_message_id`),
  KEY `IDX_1F2542545C4663E4` (`page_id`),
  KEY `IDX_1F25425454584665A` (`product_id`),
  KEY `IDX_1F254254512469DE2` (`category_id`),
  KEY `cleanURL` (`cleanURL`)
) ENGINE=InnoDB AUTO_INCREMENT=52 DEFAULT CHARSET=utf8 COLLATE=utf8_unicode_ci;

--
-- Dumping data for table `xc_clean_urls`
--

INSERT INTO `xc_clean_urls` (`id`, `news_message_id`, `page_id`, `product_id`, `category_id`, `cleanURL`) VALUES
(1, NULL, 1, NULL, NULL, 'terms-and-conditions.html'),
(2, NULL, 2, NULL, NULL, 'shipping.html'),
(3, NULL, NULL, 1, NULL, 'mordorable-fitted-ladies-tee.html'),
(4, NULL, NULL, 2, NULL, 'octopus-cardigan.html'),
(5, NULL, NULL, 3, NULL, 'spiderman-selfie-ladies-tee.html'),
(6, NULL, NULL, 4, NULL, 'star-wars-tissue-weight-fitted-ladies-tee.html'),
(7, NULL, NULL, 5, NULL, 'wonder-woman-hockey-stripe-ladies-tee.html'),
(8, NULL, NULL, 6, NULL, 'star-trek-command-cycle-jersey.html'),
(9, NULL, NULL, 7, NULL, 'star-trek-uniform-polos.html'),
(10, NULL, NULL, 8, NULL, 'bow-ties-are-cool.html'),
(11, NULL, NULL, 9, NULL, 'star-trek-tng-uniform-tee.html'),
(12, NULL, NULL, 10, NULL, 'ewok-ladies-hooded-tank-top.html'),
(13, NULL, NULL, 11, NULL, 'dota-2-series-3-micro-plush-blind-box.html'),
(14, NULL, NULL, 12, NULL, 'minions-pop-vinyl-figures.html'),
(15, NULL, NULL, 13, NULL, 'vinyl-idolz-ghostbusters.html'),
(16, NULL, NULL, 14, NULL, 'dota-2-sniper-plush.html'),
(17, NULL, NULL, 15, NULL, 'soft-kitty-singing-plush.html'),
(18, NULL, NULL, 16, NULL, 'avengers-age-of-ultron-fabrikations-plush.html'),
(19, NULL, NULL, 17, NULL, 'ollie-the-app-controlled-robot.html'),
(20, NULL, NULL, 18, NULL, 'powerup-r-3-0-smartphone-controlled-paper-airplane.html'),
(21, NULL, NULL, 19, NULL, 'chocolate-covered-edible-bugs-gift-pack.html'),
(22, NULL, NULL, 20, NULL, 'canned-unicorn-meat.html'),
(23, NULL, NULL, 21, NULL, 'the-thinkgeek-annoy-a-tron.html'),
(24, NULL, NULL, 22, NULL, 'legendary-hero-8-bit-heart-bouquet.html'),
(25, NULL, NULL, 23, NULL, 'executive-building-brick-set-chrome-.html'),
(26, NULL, NULL, 24, NULL, 'blizzard-diablo-goblin-bank-with-sound.html'),
(27, NULL, NULL, 25, NULL, 'ghostbusters-stay-puft-marshmallow-face-mug.html'),
(28, NULL, NULL, 26, NULL, 'build-on-brick-mug.html'),
(29, NULL, NULL, 27, NULL, 'superhero-mom-mug.html'),
(30, NULL, NULL, 28, NULL, 'olloclip-iphone-macro-3-in-1-lens-system.html'),
(31, NULL, NULL, 29, NULL, 'gunnar-vayper-gaming-glasses.html'),
(32, NULL, NULL, 30, NULL, 'astro-a50-halo-edition.html'),
(33, NULL, NULL, 31, NULL, 'cup-of-mojo-bluetooth-speaker.html'),
(34, NULL, NULL, 32, NULL, 'jbl-pebbles-pc-speakers.html'),
(35, NULL, NULL, 33, NULL, 'bright-idea-usb-powered-light-bulb.html'),
(36, NULL, NULL, 34, NULL, 'mj-technology-android-tablet-with-built-in-hdtv-tuner.html'),
(37, NULL, NULL, 35, NULL, 'bactrack-vio-bluetooth-app-enabled-breathalyzer.html'),
(38, NULL, NULL, 36, NULL, 'coffee-cup-power-inverter-v2-0.html'),
(39, NULL, NULL, 37, NULL, 'apple-iphone-6-16gb.html'),
(40, NULL, NULL, 38, NULL, 'canon-ef-24-105mm-f-4l-is-usm.html'),
(41, NULL, NULL, 39, NULL, 'apple-watch-sport-42mm-with-sport-band.html'),
(42, NULL, NULL, 40, NULL, 'astro-a30-system.html'),
(43, NULL, NULL, 41, NULL, 'apple-iphone-6-plus-options-amp-attributes-.html'),
(44, NULL, NULL, 42, NULL, 'apple-iphone-5s.html'),
(45, NULL, NULL, NULL, 2, 'igoods'),
(46, NULL, NULL, NULL, 3, 'electronics'),
(47, NULL, NULL, NULL, 4, 'apparel'),
(48, NULL, NULL, NULL, 5, 'toys'),
(49, NULL, NULL, NULL, 6, 'geek-toys'),
(50, NULL, NULL, NULL, 7, 'office-pranks-and-cube-warfare'),
(51, NULL, NULL, NULL, 8, 'home-and-office');

-- --------------------------------------------------------

--
-- Table structure for table `xc_config`
--

DROP TABLE IF EXISTS `xc_config`;
CREATE TABLE IF NOT EXISTS `xc_config` (
  `config_id` int(11) NOT NULL AUTO_INCREMENT,
  `name` varchar(32) COLLATE utf8_unicode_ci NOT NULL,
  `category` varchar(64) COLLATE utf8_unicode_ci NOT NULL,
  `type` varchar(128) COLLATE utf8_unicode_ci NOT NULL,
  `orderby` int(11) NOT NULL,
  `value` longtext COLLATE utf8_unicode_ci NOT NULL,
  `widgetParameters` longtext COLLATE utf8_unicode_ci COMMENT '(DC2Type:array)',
  PRIMARY KEY (`config_id`),
  UNIQUE KEY `nc` (`name`,`category`),
  KEY `orderby` (`orderby`),
  KEY `type` (`type`)
) ENGINE=InnoDB AUTO_INCREMENT=410 DEFAULT CHARSET=utf8 COLLATE=utf8_unicode_ci;

--
-- Dumping data for table `xc_config`
--

INSERT INTO `xc_config` (`config_id`, `name`, `category`, `type`, `orderby`, `value`, `widgetParameters`) VALUES
(1, 'admin_presentation', 'General', 'separator', 40000, '', 'N;'),
(2, 'admin_security', 'Security', 'checkbox', 1000, 'N', 'N;'),
(3, 'anonymous', 'Shipping', 'separator', 3000, '', 'N;'),
(4, 'anonymous_address', 'Shipping', 'text', 4000, '', 'N;'),
(5, 'anonymous_country', 'Shipping', 'country', 5000, 'US', 'N;'),
(6, 'anonymous_state', 'Shipping', 'state', 6000, '562', 'N;'),
(7, 'anonymous_custom_state', 'Shipping', 'text', 7000, '', 'N;'),
(8, 'anonymous_city', 'Shipping', 'text', 8000, 'Los Angeles', 'N;'),
(9, 'anonymous_zipcode', 'Shipping', 'text', 9000, '90001', 'N;'),
(10, 'anonymous_address_type', 'Shipping', '\\XLite\\View\\FormField\\Select\\AddressType', 10000, 'R', 'N;'),
(11, 'aggregate_css', 'Performance', 'checkbox', 2000, 'Y', 'N;'),
(12, 'aggregate_js', 'Performance', 'checkbox', 3000, 'Y', 'N;'),
(13, 'use_view_cache', 'Performance', 'checkbox', 4000, 'Y', 'N;'),
(14, 'use_dynamic_image_resizing', 'Performance', 'checkbox', 5000, 'N', 'N;'),
(15, 'layout_type', 'Layout', 'XLite\\View\\FormField\\Select\\LayoutType', 1000, 'left', 'N;'),
(16, 'cli_key', 'Security', '', 11000, '', 'N;'),
(17, 'company_address', 'Company', 'separator', 38500, '', 'N;'),
(18, 'company_contacts', 'Company', 'separator', 45500, '', 'N;'),
(19, 'company_fax', 'Company', 'XLite\\View\\FormField\\Input\\Text\\Phone', 42000, '(555) 555-5555', 'N;'),
(20, 'company_identity', 'Company', 'separator', 35000, '', 'N;'),
(21, 'company_name', 'Company', 'text', 36000, '*Your company name*', 'N;'),
(22, 'company_website', 'Company', 'text', 37000, '', 'N;'),
(23, 'terms_url', 'General', 'text', 38000, 'terms-and-conditions.html', 'N;'),
(24, 'customer_presentation', 'General', 'separator', 20000, '', 'N;'),
(25, 'customer_security', 'Security', 'checkbox', 0, 'N', 'N;'),
(26, 'date_format', 'Units', 'XLite\\View\\FormField\\Select\\DateFormat', 66000, '%b %e, %Y', 'N;'),
(27, 'csv_delim', 'Units', 'XLite\\View\\FormField\\Select\\CSVDelimiter', 70000, ',', 'N;'),
(28, 'export_import_charset', 'Units', 'XLite\\View\\FormField\\Select\\IconvCharset', 72500, 'UTF-8', 'N;'),
(29, 'default_language', 'General', '', 33000, 'en', 'N;'),
(30, 'default_admin_language', 'General', '', 33500, 'en', 'N;'),
(31, 'default_offline_payment', 'Payments', 'text', 0, '', 'N;'),
(32, 'default_purchase_limit', 'General', 'XLite\\View\\FormField\\Input\\Text\\Integer', 29300, '9999', 'a:1:{s:3:"min";i:1;}'),
(33, 'default_select_payment', 'Payments', 'text', 0, '', 'N;'),
(34, 'display_check_number', 'General', 'checkbox', 21500, 'Y', 'N;'),
(35, 'show_out_of_stock_products', 'General', 'XLite\\View\\FormField\\Select\\ShowOutOfStockProducts', 20000, 'directLink', 'N;'),
(36, 'default_prod_display_mode', 'General', 'XLite\\View\\FormField\\Select\\DefaultDisplayModeForProductsList', 25000, 'grid', 'N;'),
(37, 'license', 'License', 'text', 0, '', 'N;'),
(38, 'location_address', 'Company', 'text', 39000, '*Your company address*', 'N;'),
(39, 'location_country', 'Company', 'country', 40000, 'US', 'a:1:{s:9:"selectOne";b:0;}'),
(40, 'location_state', 'Company', 'state', 41000, '591', 'N;'),
(41, 'location_custom_state', 'Company', 'text', 41500, '', 'N;'),
(42, 'location_city', 'Company', 'text', 42000, 'New York', 'N;'),
(43, 'location_zipcode', 'Company', 'text', 43000, '10001', 'N;'),
(44, 'origin_use_company', 'Company', 'checkbox', 38000, '1', 'N;'),
(45, 'origin_address', 'Company', 'text', 39000, '', 'N;'),
(46, 'origin_country', 'Company', 'country', 40000, 'US', 'a:1:{s:9:"selectOne";b:0;}'),
(47, 'origin_state', 'Company', 'state', 41000, '', 'N;'),
(48, 'origin_custom_state', 'Company', 'text', 41500, '', 'N;'),
(49, 'origin_city', 'Company', 'text', 42000, '', 'N;'),
(50, 'origin_zipcode', 'Company', 'text', 43000, '', 'N;'),
(51, 'company_phone', 'Company', 'XLite\\View\\FormField\\Input\\Text\\Phone', 44000, '(555) 555-5555', 'N;'),
(52, 'login_lifetime', 'General', 'XLite\\View\\FormField\\Input\\Text\\Integer', 45000, '3', 'a:1:{s:3:"min";i:1;}'),
(53, 'maximal_order_amount', 'General', 'XLite\\View\\FormField\\Input\\Text\\FloatInput', 29000, '99999', 'a:1:{s:3:"min";i:1;}'),
(54, 'minimal_order_amount', 'General', 'XLite\\View\\FormField\\Input\\Text\\FloatInput', 28000, '0', 'a:1:{s:3:"min";i:0;}'),
(55, 'order_number_counter', 'General', 'XLite\\View\\FormField\\Input\\Text\\Integer', 39000, '6', 'N;'),
(56, 'cart_ttl', 'General', 'XLite\\View\\FormField\\Input\\Text\\Integer', 39500, '7', 'N;'),
(57, 'internal_cron_enabled', 'General', 'checkbox', 39800, 'Y', 'N;'),
(58, 'orders_department', 'Company', 'XLite\\View\\FormField\\Input\\Text\\Email', 48000, 'zshop.ecom@gmail.com', 'N;'),
(59, 'orders_per_page', 'General', 'XLite\\View\\FormField\\Input\\Text\\Integer', 43000, '30', 'a:1:{s:3:"min";i:1;}'),
(60, 'products_per_page', 'General', 'XLite\\View\\FormField\\Input\\Text\\Integer', 25000, '12', 'a:1:{s:3:"min";i:1;}'),
(61, 'products_per_page_max', 'General', 'XLite\\View\\FormField\\Input\\Text\\Integer', 25000, '100', 'a:1:{s:3:"min";i:1;}'),
(62, 'products_per_page_admin', 'General', 'XLite\\View\\FormField\\Input\\Text\\Integer', 41000, '10', 'a:1:{s:3:"min";i:1;}'),
(63, 'recent_orders', 'General', 'XLite\\View\\FormField\\Input\\Text\\Integer', 44000, '10', 'a:1:{s:3:"min";i:1;}'),
(64, 'force_choose_product_options', 'General', 'checkbox', 29900, 'N', 'N;'),
(65, 'redirect_to_cart', 'General', 'checkbox', 30000, 'N', 'N;'),
(66, 'shop_closed', 'Internal', 'checkbox', 11000, 'N', 'N;'),
(67, 'shop_currency', 'General', '', 60500, '840', 'N;'),
(68, 'trailing_zeroes', 'General', '', 60500, '0', 'N;'),
(69, 'site_administrator', 'Company', 'XLite\\View\\FormField\\Input\\Text\\Email', 46000, 'zshop.ecom@gmail.com', 'N;'),
(70, 'smtp_password', 'Email', 'XLite\\View\\FormField\\Input\\PasswordWithValue', 16000, '', 'N;'),
(71, 'smtp_security', 'Email', 'XLite\\View\\FormField\\Select\\SMTPSecurity', 17000, 'no', 'N;'),
(72, 'smtp_server', 'Email', 'separator', 10000, '', 'N;'),
(73, 'smtp_server_port', 'Email', 'XLite\\View\\FormField\\Input\\Text\\Integer', 13000, '25', 'a:2:{s:3:"min";i:0;s:3:"max";i:65535;}'),
(74, 'smtp_server_url', 'Email', 'text', 12000, '', 'N;'),
(75, 'smtp_username', 'Email', 'text', 15000, '', 'N;'),
(76, 'start_year', 'Company', 'XLite\\View\\FormField\\Input\\Text\\PastYear', 38000, '2016', 'N;'),
(77, 'subcategories_look', 'General', 'XLite\\View\\FormField\\Select\\SubcategoriesLook', 22000, 'icons', 'N;'),
(78, 'default_products_sort_order', 'General', 'XLite\\View\\FormField\\Select\\DefaultProductSortOrder', 22500, 'default', 'N;'),
(79, 'default_search_sort_order', 'General', 'XLite\\View\\FormField\\Select\\DefaultProductSortOrder', 22501, 'default', 'N;'),
(80, 'support_department', 'Company', 'XLite\\View\\FormField\\Input\\Text\\Email', 49000, 'zshop.ecom@gmail.com', 'N;'),
(81, 'time_format', 'Units', 'XLite\\View\\FormField\\Select\\TimeFormat', 67000, '%H:%M', 'N;'),
(82, 'time_zone', 'Units', 'XLite\\View\\FormField\\Select\\TimeZone', 68000, 'Asia/Manila', 'N;'),
(83, 'users_department', 'Company', 'XLite\\View\\FormField\\Input\\Text\\Email', 47000, 'zshop.ecom@gmail.com', 'N;'),
(84, 'users_per_page', 'General', 'XLite\\View\\FormField\\Input\\Text\\Integer', 42000, '30', 'a:1:{s:3:"min";i:1;}'),
(85, 'use_smtp', 'Email', 'checkbox', 11000, 'N', 'N;'),
(86, 'use_smtp_auth', 'Email', 'checkbox', 14000, 'N', 'N;'),
(87, 'version', 'Version', '', 0, '5.3.1.4', 'N;'),
(88, 'weight_symbol', 'Units', 'text', 62000, 'lbs', 'N;'),
(89, 'weight_unit', 'Units', 'XLite\\View\\FormField\\Select\\WeightUnit', 61000, 'lbs', 'N;'),
(90, 'weight_trailing_zeroes', 'Units', 'checkbox', 62100, 'Y', 'N;'),
(91, 'weight_format', 'Units', 'XLite\\View\\FormField\\Select\\FloatFormat', 62200, '|.', 'N;'),
(92, 'dim_symbol', 'Units', 'text', 62500, 'in', 'N;'),
(93, 'dim_unit', 'Units', 'XLite\\View\\FormField\\Select\\DimUnit', 62300, 'in', 'N;'),
(94, 'curl_cainfo', 'Environment', 'text', 11000, '', 'N;'),
(95, 'curl_capath', 'Environment', 'text', 12000, '', 'N;'),
(96, 'force_login_before_checkout', 'General', 'checkbox', 30500, 'Y', 'N;'),
(97, 'enable_add2cart_button_grid', 'General', 'checkbox', 30100, 'Y', 'N;'),
(98, 'clean_url_flag', 'CleanURL', 'checkbox', 10000, '1', 'N;'),
(99, 'allow_membership_request', 'General', 'checkbox', 39900, 'N', 'N;'),
(100, 'upgrade_wave_sep', 'Environment', 'separator', 20000, '', 'N;'),
(101, 'upgrade_wave', 'Environment', 'XLite\\View\\FormField\\Select\\UpgradeWave', 21000, '', 'N;'),
(102, 'quick_data_rebuilding', 'CacheManagement', 'checkbox', 10000, 'N', 'N;'),
(103, 'enabled', 'BannerRotation', 'XLite\\View\\FormField\\Input\\Checkbox\\OnOff', 10000, 'N', 'N;'),
(104, 'interval', 'BannerRotation', 'XLite\\View\\FormField\\Input\\Text\\FloatInput', 30000, '5', 'N;'),
(105, 'attach_pdf_invoices', 'NotificationAttachments', 'XLite\\View\\FormField\\Input\\Checkbox\\OnOff', 10000, '0', 'N;'),
(106, 'enable_form', 'CDev\\ContactUs', 'checkbox', 100, '1', 'N;'),
(107, 'email', 'CDev\\ContactUs', 'XLite\\View\\FormField\\Input\\Text\\Email', 200, '', 'N;'),
(108, 'contact_us_sep_1', 'CDev\\ContactUs', 'separator', 1000, '', 'N;'),
(109, 'recaptcha_public_key', 'CDev\\ContactUs', 'text', 1100, '', 'N;'),
(110, 'recaptcha_private_key', 'CDev\\ContactUs', 'text', 1200, '', 'N;'),
(111, 'number_of_bestsellers', 'CDev\\Bestsellers', 'XLite\\View\\FormField\\Input\\Text\\Integer', 115, '4', 'a:1:{s:3:"min";i:1;}'),
(112, 'featured_products_look', 'CDev\\FeaturedProducts', 'XLite\\Module\\CDev\\FeaturedProducts\\View\\FormField\\FeaturedProductsLook', 10, 'grid', 'N;'),
(113, 'key', 'CDev\\FedEx', 'XLite\\View\\FormField\\Input\\Text', 10, '', 'N;'),
(114, 'password', 'CDev\\FedEx', 'XLite\\View\\FormField\\Input\\PasswordWithValue', 20, '', 'N;'),
(115, 'account_number', 'CDev\\FedEx', 'XLite\\View\\FormField\\Input\\Text', 30, '', 'N;'),
(116, 'meter_number', 'CDev\\FedEx', 'XLite\\View\\FormField\\Input\\Text', 40, '', 'N;'),
(117, 'test_mode', 'CDev\\FedEx', 'XLite\\View\\FormField\\Input\\Checkbox\\OnOffWithoutOffLabel', 50, '', 'N;'),
(118, 'debug_enabled', 'CDev\\FedEx', 'XLite\\View\\FormField\\Input\\Checkbox\\OnOffWithoutOffLabel', 60, '', 'N;'),
(119, 'additionalSettingsSeparator', 'CDev\\FedEx', 'separator', 100, '', 'N;'),
(120, 'carrierTypesSeparator', 'CDev\\FedEx', 'separator', 200, '', 'N;'),
(121, 'fdxe', 'CDev\\FedEx', 'XLite\\View\\FormField\\Input\\Checkbox\\OnOffWithoutOffLabel', 210, '', 'N;'),
(122, 'fdxg', 'CDev\\FedEx', 'XLite\\View\\FormField\\Input\\Checkbox\\OnOffWithoutOffLabel', 220, '', 'N;'),
(123, 'fxsp', 'CDev\\FedEx', 'XLite\\View\\FormField\\Input\\Checkbox\\OnOffWithoutOffLabel', 230, '', 'N;'),
(124, 'fxsp_hub_id', 'CDev\\FedEx', 'XLite\\Module\\CDev\\FedEx\\View\\FormField\\Select\\HubId', 235, '', 'N;'),
(125, 'fxsp_indicia', 'CDev\\FedEx', 'XLite\\Module\\CDev\\FedEx\\View\\FormField\\Select\\Indicia', 240, '', 'N;'),
(126, 'rate_request_type', 'CDev\\FedEx', 'XLite\\Module\\CDev\\FedEx\\View\\FormField\\Select\\RateRequestType', 300, 'NONE', 'N;'),
(127, 'packaging', 'CDev\\FedEx', 'XLite\\Module\\CDev\\FedEx\\View\\FormField\\Select\\Packaging', 310, '', 'N;'),
(128, 'dropoff_type', 'CDev\\FedEx', 'XLite\\Module\\CDev\\FedEx\\View\\FormField\\Select\\DropOffType', 320, '', 'N;'),
(129, 'ship_date', 'CDev\\FedEx', 'XLite\\Module\\CDev\\FedEx\\View\\FormField\\Select\\ShipDate', 330, '0', 'N;'),
(130, 'currency_code', 'CDev\\FedEx', 'XLite\\Module\\CDev\\FedEx\\View\\FormField\\Select\\CurrencyCode', 340, '0', 'N;'),
(131, 'currency_rate', 'CDev\\FedEx', 'XLite\\View\\FormField\\Input\\Text\\FloatInput', 350, '1', 'N;'),
(132, 'dimensions', 'CDev\\FedEx', 'serialized', 360, 'a:3:{i:0;i:10;i:1;i:10;i:2;i:10;}', 'N;'),
(133, 'max_weight', 'CDev\\FedEx', 'XLite\\View\\FormField\\Input\\Text\\FloatInput', 370, '70', 'N;'),
(134, 'specialServicesSeparator', 'CDev\\FedEx', 'separator', 400, '', 'N;'),
(135, 'dg_accessibility', 'CDev\\FedEx', 'XLite\\Module\\CDev\\FedEx\\View\\FormField\\Select\\DangerousGoodsAccessibility', 410, '', 'N;'),
(136, 'signature', 'CDev\\FedEx', 'XLite\\Module\\CDev\\FedEx\\View\\FormField\\Select\\Signature', 420, '', 'N;'),
(137, 'cacheOnDeliverySeparator', 'CDev\\FedEx', 'separator', 500, '', 'N;'),
(138, 'cod_type', 'CDev\\FedEx', 'XLite\\Module\\CDev\\FedEx\\View\\FormField\\Select\\CODType', 510, 'ANY', 'N;'),
(139, 'advancedOptionsSeparator', 'CDev\\FedEx', 'separator', 600, '', 'N;'),
(140, 'opt_saturday_pickup', 'CDev\\FedEx', 'XLite\\View\\FormField\\Input\\Checkbox\\OnOffWithoutOffLabel', 610, '', 'N;'),
(141, 'opt_residential_delivery', 'CDev\\FedEx', 'XLite\\View\\FormField\\Input\\Checkbox\\OnOffWithoutOffLabel', 620, '', 'N;'),
(142, 'send_insured_value', 'CDev\\FedEx', 'XLite\\View\\FormField\\Input\\Checkbox\\OnOffWithoutOffLabel', 630, '1', 'N;'),
(143, 'ga_account', 'CDev\\GoogleAnalytics', 'text', 100, '', 'N;'),
(144, 'ga_tracking_type', 'CDev\\GoogleAnalytics', 'XLite\\Module\\CDev\\GoogleAnalytics\\View\\FormField\\Select\\TrackingType', 200, '1', 'N;'),
(145, 'ga_code_version', 'CDev\\GoogleAnalytics', 'XLite\\Module\\CDev\\GoogleAnalytics\\View\\FormField\\Select\\CodeVersion', 300, 'U', 'N;'),
(146, 'gosocial_sep_1', 'CDev\\GoSocial', 'separator', 5000, '', 'N;'),
(147, 'fb_app_id', 'CDev\\GoSocial', 'text', 5100, '', 'N;'),
(148, 'fb_app_namespace', 'CDev\\GoSocial', 'text', 5200, '', 'N;'),
(149, 'fb_admins', 'CDev\\GoSocial', 'text', 5300, '', 'N;'),
(150, 'gosocial_sep_2', 'CDev\\GoSocial', 'separator', 1000, '', 'N;'),
(151, 'fb_like_use', 'CDev\\GoSocial', 'checkbox', 1050, '1', 'N;'),
(152, 'fb_like_send_button', 'CDev\\GoSocial', 'checkbox', 1100, '', 'N;'),
(153, 'fb_like_layout', 'CDev\\GoSocial', 'XLite\\Module\\CDev\\GoSocial\\View\\FormField\\Select\\FBLayoutStyle', 1200, 'button_count', 'N;'),
(154, 'fb_like_show_faces', 'CDev\\GoSocial', 'checkbox', 1300, '1', 'N;'),
(155, 'fb_like_verb', 'CDev\\GoSocial', 'XLite\\Module\\CDev\\GoSocial\\View\\FormField\\Select\\FBVerbDisplay', 1400, 'like', 'N;'),
(156, 'fb_like_colorscheme', 'CDev\\GoSocial', 'XLite\\Module\\CDev\\GoSocial\\View\\FormField\\Select\\FBLikeColorScheme', 1450, 'light', 'N;'),
(157, 'gosocial_sep_21', 'CDev\\GoSocial', 'separator', 1500, '', 'N;'),
(158, 'fb_comments_use', 'CDev\\GoSocial', 'checkbox', 1600, '1', 'N;'),
(159, 'fb_comments_num_posts', 'CDev\\GoSocial', 'XLite\\View\\FormField\\Input\\Text\\Integer', 1700, '8', 'a:1:{s:3:"min";i:1;}'),
(160, 'fb_comments_colorscheme', 'CDev\\GoSocial', 'XLite\\Module\\CDev\\GoSocial\\View\\FormField\\Select\\FBCommentsColorScheme', 1750, 'light', 'N;'),
(161, 'gosocial_sep_3', 'CDev\\GoSocial', 'separator', 2000, '', 'N;'),
(162, 'tweet_use', 'CDev\\GoSocial', 'checkbox', 2050, '1', 'N;'),
(163, 'tweet_show_count', 'CDev\\GoSocial', 'checkbox', 2100, '1', 'N;'),
(164, 'tweet_via', 'CDev\\GoSocial', 'text', 2200, 'x_cart', 'N;'),
(165, 'tweet_recommend', 'CDev\\GoSocial', 'text', 2300, '', 'N;'),
(166, 'tweet_hashtag', 'CDev\\GoSocial', 'text', 2300, '', 'N;'),
(167, 'gosocial_sep_4', 'CDev\\GoSocial', 'separator', 3000, '', 'N;'),
(168, 'gplus_use', 'CDev\\GoSocial', 'checkbox', 3050, '1', 'N;'),
(169, 'gplus_page_id', 'CDev\\GoSocial', 'text', 3100, '', 'N;'),
(170, 'gosocial_sep_5', 'CDev\\GoSocial', 'separator', 4000, '', 'N;'),
(171, 'pinterest_use', 'CDev\\GoSocial', 'checkbox', 4050, '1', 'N;'),
(172, 'show_admin_welcome', 'CDev\\Paypal', 'checkbox', 100, 'Y', 'N;'),
(173, 'paypalLoginOptions', 'CDev\\Paypal', '\\XLite\\Module\\CDev\\Paypal\\View\\FormField\\Instructions', 200, '', 'N;'),
(174, 'loginRedirectURLProtocol', 'CDev\\Paypal', 'XLite\\Module\\CDev\\Paypal\\View\\FormField\\Select\\Protocol', 300, 'http', 'N;'),
(175, 'loginClientId', 'CDev\\Paypal', 'text', 400, '', 'N;'),
(176, 'loginClientSecret', 'CDev\\Paypal', 'text', 500, '', 'N;'),
(177, 'loginMode', 'CDev\\Paypal', 'XLite\\View\\FormField\\Select\\TestLiveMode', 600, 'test', 'N;'),
(178, 'sep_product_advisor_na', 'CDev\\ProductAdvisor', 'separator', 10, '', 'N;'),
(179, 'na_enabled', 'CDev\\ProductAdvisor', 'checkbox', 20, 'Y', 'N;'),
(180, 'na_max_days', 'CDev\\ProductAdvisor', 'XLite\\View\\FormField\\Input\\Text\\Integer', 30, '30', 'a:1:{s:3:"min";i:0;}'),
(181, 'na_max_count_in_full_list', 'CDev\\ProductAdvisor', 'XLite\\View\\FormField\\Input\\Text\\Integer', 40, '30', 'a:1:{s:3:"min";i:0;}'),
(182, 'na_mark_with_label', 'CDev\\ProductAdvisor', 'checkbox', 50, 'Y', 'N;'),
(183, 'na_max_count_in_block', 'CDev\\ProductAdvisor', 'XLite\\View\\FormField\\Input\\Text\\Integer', 80, '3', 'a:1:{s:3:"min";i:0;}'),
(184, 'na_from_current_category', 'CDev\\ProductAdvisor', 'checkbox', 90, 'N', 'N;'),
(185, 'sep_product_advisor_cs', 'CDev\\ProductAdvisor', 'separator', 1000, '', 'N;'),
(186, 'cs_enabled', 'CDev\\ProductAdvisor', 'checkbox', 1010, 'Y', 'N;'),
(187, 'cs_mark_with_label', 'CDev\\ProductAdvisor', 'checkbox', 1020, 'Y', 'N;'),
(188, 'cs_display_date', 'CDev\\ProductAdvisor', 'checkbox', 1030, 'Y', 'N;'),
(189, 'cs_from_current_category', 'CDev\\ProductAdvisor', 'checkbox', 1050, 'N', 'N;'),
(190, 'cs_max_count_in_block', 'CDev\\ProductAdvisor', 'XLite\\View\\FormField\\Input\\Text\\Integer', 1080, '3', 'a:1:{s:3:"min";i:0;}'),
(191, 'sep_product_advisor_rv', 'CDev\\ProductAdvisor', 'separator', 2000, '', 'N;'),
(192, 'rv_enabled', 'CDev\\ProductAdvisor', 'checkbox', 2010, 'Y', 'N;'),
(193, 'rv_max_count_in_block', 'CDev\\ProductAdvisor', 'XLite\\View\\FormField\\Input\\Text\\Integer', 2020, '10', 'a:1:{s:3:"min";i:0;}'),
(194, 'sep_product_advisor_cbb', 'CDev\\ProductAdvisor', 'separator', 3000, '', 'N;'),
(195, 'cbb_enabled', 'CDev\\ProductAdvisor', 'checkbox', 3010, 'Y', 'N;'),
(196, 'cbb_max_count_in_block', 'CDev\\ProductAdvisor', 'XLite\\View\\FormField\\Input\\Text\\Integer', 3020, '5', 'a:1:{s:3:"min";i:0;}'),
(197, 'sep_product_advisor_cvb', 'CDev\\ProductAdvisor', 'separator', 4000, '', 'N;'),
(198, 'cvb_enabled', 'CDev\\ProductAdvisor', 'checkbox', 4010, 'Y', 'N;'),
(199, 'cvb_max_count_in_block', 'CDev\\ProductAdvisor', 'XLite\\View\\FormField\\Input\\Text\\Integer', 4020, '5', 'a:1:{s:3:"min";i:0;}'),
(200, 'sale_enabled', 'CDev\\Sale', 'checkbox', 20, 'Y', 'N;'),
(201, 'sale_in_current_category', 'CDev\\Sale', 'checkbox', 30, 'Y', 'N;'),
(202, 'sale_max_count_in_block', 'CDev\\Sale', 'text', 80, '6', 'N;'),
(203, 'logo', 'CDev\\SimpleCMS', 'XLite\\Module\\CDev\\SimpleCMS\\View\\FormField\\Input\\Logo', 100, '', 'N;'),
(204, 'favicon', 'CDev\\SimpleCMS', 'XLite\\Module\\CDev\\SimpleCMS\\View\\FormField\\Input\\Favicon', 200, '', 'N;'),
(205, 'page_changefreq', 'CDev\\XMLSitemap', 'XLite\\Module\\CDev\\SimpleCMS\\View\\FormField\\Select\\ChangeFrequency', 400, 'daily', 'N;'),
(206, 'page_priority', 'CDev\\XMLSitemap', 'XLite\\View\\FormField\\Input\\Text\\FloatInput', 800, '0.5', 'a:3:{s:3:"min";i:0;s:3:"max";i:1;s:1:"e";i:1;}'),
(207, 'show_default_menu', 'CDev\\SimpleCMS', 'checkbox', 300, 'Y', 'N;'),
(208, 'fb_title', 'CDev\\SocialLogin', 'XLite\\Module\\CDev\\SocialLogin\\View\\FormField\\Instructions', 5, '', 'N;'),
(209, 'fb_client_id', 'CDev\\SocialLogin', 'text', 10, '', 'N;'),
(210, 'fb_client_secret', 'CDev\\SocialLogin', 'text', 20, '', 'N;'),
(211, 'gg_title', 'CDev\\SocialLogin', 'XLite\\Module\\CDev\\SocialLogin\\View\\FormField\\Instructions', 25, '', 'N;'),
(212, 'gg_client_id', 'CDev\\SocialLogin', 'text', 30, '', 'N;'),
(213, 'gg_client_secret', 'CDev\\SocialLogin', 'text', 40, '', 'N;'),
(214, 'welcome_changefreq', 'CDev\\XMLSitemap', 'XLite\\Module\\CDev\\XMLSitemap\\View\\FormField\\Select\\ChangeFrequency', 100, 'daily', 'N;'),
(215, 'category_changefreq', 'CDev\\XMLSitemap', 'XLite\\Module\\CDev\\XMLSitemap\\View\\FormField\\Select\\ChangeFrequency', 200, 'daily', 'N;'),
(216, 'product_changefreq', 'CDev\\XMLSitemap', 'XLite\\Module\\CDev\\XMLSitemap\\View\\FormField\\Select\\ChangeFrequency', 300, 'daily', 'N;'),
(217, 'welcome_priority', 'CDev\\XMLSitemap', 'XLite\\View\\FormField\\Input\\Text\\FloatInput', 500, '0.5', 'a:3:{s:3:"min";i:0;s:3:"max";i:1;s:1:"e";i:1;}'),
(218, 'category_priority', 'CDev\\XMLSitemap', 'XLite\\View\\FormField\\Input\\Text\\FloatInput', 600, '0.5', 'a:3:{s:3:"min";i:0;s:3:"max";i:1;s:1:"e";i:1;}'),
(219, 'product_priority', 'CDev\\XMLSitemap', 'XLite\\View\\FormField\\Input\\Text\\FloatInput', 700, '0.5', 'a:3:{s:3:"min";i:0;s:3:"max";i:1;s:1:"e";i:1;}'),
(220, 'enable_in_stock_only_filter', 'XC\\ProductFilter', 'checkbox', 100, '1', 'N;'),
(221, 'enable_price_range_filter', 'XC\\ProductFilter', 'checkbox', 200, '1', 'N;'),
(222, 'enable_attributes_filter', 'XC\\ProductFilter', 'checkbox', 300, '1', 'N;'),
(223, 'attributes_filter_by_category', 'XC\\ProductFilter', 'checkbox', 400, '1', 'N;'),
(224, 'attributes_filter_cache_mode', 'XC\\ProductFilter', 'XLite\\Module\\XC\\ProductFilter\\View\\FormField\\Select\\CacheResetMode', 500, '1', 'N;'),
(225, 'attributes_sorting_type', 'XC\\ProductFilter', 'XLite\\Module\\XC\\ProductFilter\\View\\FormField\\Select\\AttributesSortingType', 600, 'A', 'N;'),
(226, 'whoCanLeaveFeedback', 'XC\\Reviews', '\\XLite\\Module\\XC\\Reviews\\View\\FormField\\Select\\WhoCanLeaveFeedback', 10, 'R', 'N;'),
(227, 'disablePendingReviews', 'XC\\Reviews', 'checkbox', 20, '1', 'N;'),
(228, 'reviewsCountPerTab', 'XC\\Reviews', '\\XLite\\View\\FormField\\Input\\Text\\Integer', 30, '5', 'a:1:{s:3:"min";i:1;}'),
(229, 'use_custom_css', 'XC\\ThemeTweaker', 'checkbox', 10, '', 'N;'),
(230, 'use_custom_js', 'XC\\ThemeTweaker', 'checkbox', 20, '', 'N;'),
(231, 'edit_mode', 'XC\\ThemeTweaker', 'checkbox', 30, '', 'N;'),
(232, 'layout_mode', 'XC\\ThemeTweaker', 'checkbox', 30, '', 'N;'),
(233, 'userID', 'XC\\UPS', 'XLite\\View\\FormField\\Input\\Text', 10, '', 'N;'),
(234, 'password', 'XC\\UPS', 'XLite\\View\\FormField\\Input\\PasswordWithValue', 20, '', 'N;'),
(235, 'accessKey', 'XC\\UPS', 'XLite\\View\\FormField\\Input\\Text', 30, '', 'N;'),
(236, 'shipper_number', 'XC\\UPS', 'XLite\\View\\FormField\\Input\\Text', 40, '', 'N;'),
(237, 'test_mode', 'XC\\UPS', 'XLite\\View\\FormField\\Input\\Checkbox\\OnOffWithoutOffLabel', 50, '1', 'N;'),
(238, 'additionalSettingsSeparator', 'XC\\UPS', 'separator', 100, '', 'N;'),
(239, 'packageSettingsSeparator', 'XC\\UPS', 'separator', 200, '', 'N;'),
(240, 'packaging_type', 'XC\\UPS', 'XLite\\Module\\XC\\UPS\\View\\FormField\\Select\\PackagingType', 210, '00', 'N;'),
(241, 'dimensions', 'XC\\UPS', 'serialized', 220, 'a:3:{i:0;i:10;i:1;i:10;i:2;i:10;}', 'N;'),
(242, 'max_weight', 'XC\\UPS', 'XLite\\View\\FormField\\Input\\Text\\FloatInput', 230, '150', 'N;'),
(243, 'serviceOptionsSeparator', 'XC\\UPS', 'separator', 300, '', 'N;'),
(244, 'pickup_type', 'XC\\UPS', 'XLite\\Module\\XC\\UPS\\View\\FormField\\Select\\PickupType', 310, '01', 'N;'),
(245, 'saturday_pickup', 'XC\\UPS', 'XLite\\View\\FormField\\Input\\Checkbox\\OnOffWithoutOffLabel', 320, '', 'N;'),
(246, 'additional_handling', 'XC\\UPS', 'XLite\\View\\FormField\\Input\\Checkbox\\OnOffWithoutOffLabel', 330, '', 'N;'),
(247, 'saturday_delivery', 'XC\\UPS', 'XLite\\View\\FormField\\Input\\Checkbox\\OnOffWithoutOffLabel', 340, '', 'N;'),
(248, 'negotiated_rates', 'XC\\UPS', 'XLite\\View\\FormField\\Input\\Checkbox\\OnOffWithoutOffLabel', 350, '', 'N;'),
(249, 'delivery_conf', 'XC\\UPS', 'XLite\\Module\\XC\\UPS\\View\\FormField\\Select\\DeliveryConfirmation', 360, '0', 'N;'),
(250, 'extra_cover', 'XC\\UPS', 'XLite\\View\\FormField\\Input\\Checkbox\\OnOffWithoutOffLabel', 370, '', 'N;'),
(251, 'extra_cover_value', 'XC\\UPS', 'XLite\\View\\FormField\\Input\\Text\\Price', 380, '0', 'N;'),
(252, 'cacheOnDeliverySeparator', 'XC\\UPS', 'separator', 400, '', 'N;'),
(253, 'currencyConversionSeparator', 'XC\\UPS', 'separator', 500, '', 'N;'),
(254, 'currency_code', 'XC\\UPS', 'XLite\\View\\FormField\\Input\\Text', 510, '', 'N;'),
(255, 'currency_rate', 'XC\\UPS', 'XLite\\View\\FormField\\Input\\Text\\FloatInput', 520, '1', 'N;'),
(256, 'additionalOptionsSeparator', 'XC\\UPS', 'separator', 600, '', 'N;'),
(257, 'debug_enabled', 'XC\\UPS', 'XLite\\View\\FormField\\Input\\Checkbox\\OnOffWithoutOffLabel', 610, '1', 'N;'),
(258, 'top_news_length', 'XC\\News', 'XLite\\View\\FormField\\Input\\Text\\Integer', 100, '5', 'a:1:{s:3:"min";i:1;}'),
(259, 'items_per_page', 'XC\\News', 'XLite\\View\\FormField\\Input\\Text\\Integer', 200, '50', 'a:1:{s:3:"min";i:1;}'),
(260, 'freight_shipping_calc_mode', 'XC\\FreeShipping', 'XLite\\Module\\XC\\FreeShipping\\View\\FormField\\FreightMode', 10, 'F', 'N;'),
(261, 'headerReferenceCode', 'XC\\AuctionInc', '', 0, '', 'N;'),
(262, 'firstUsageDate', 'XC\\AuctionInc', '', 0, '', 'N;'),
(263, 'accountId', 'XC\\AuctionInc', 'XLite\\View\\FormField\\Input\\Text', 10, '', 'N;'),
(264, 'destinationType', 'XC\\AuctionInc', 'XLite\\View\\FormField\\Select\\AddressType', 30, 'R', 'N;'),
(265, 'debugMode', 'XC\\AuctionInc', 'XLite\\View\\FormField\\Input\\Checkbox\\OnOffWithoutOffLabel', 40, '', 'N;'),
(266, 'additionalSettingsSeparator', 'XC\\AuctionInc', 'separator', 100, '', 'N;'),
(267, 'defaultValuesSeparator', 'XC\\AuctionInc', 'separator', 200, '', 'N;'),
(268, 'calculationMethod', 'XC\\AuctionInc', 'XLite\\Module\\XC\\AuctionInc\\View\\FormField\\Select\\CalculationMethodSettings', 210, 'C', 'N;'),
(269, 'package', 'XC\\AuctionInc', 'XLite\\Module\\XC\\AuctionInc\\View\\FormField\\Select\\Package', 220, 'T', 'N;'),
(270, 'insurable', 'XC\\AuctionInc', 'XLite\\View\\FormField\\Select\\RadioButtonsList\\YesNo', 230, 'N', 'N;'),
(271, 'fixedFeeMode', 'XC\\AuctionInc', 'XLite\\Module\\XC\\AuctionInc\\View\\FormField\\Select\\FixedFeeMode', 240, 'F', 'N;'),
(272, 'fixedFeeCode', 'XC\\AuctionInc', 'XLite\\View\\FormField\\Input\\Text', 250, '', 'N;'),
(273, 'fixedFee1', 'XC\\AuctionInc', 'XLite\\View\\FormField\\Input\\Text\\Price', 260, '', 'N;'),
(274, 'fixedFee2', 'XC\\AuctionInc', 'XLite\\View\\FormField\\Input\\Text\\Price', 270, '', 'N;'),
(275, 'calculationSeparator', 'XC\\AuctionInc', 'separator', 300, '', 'N;'),
(276, 'fallbackRate', 'XC\\AuctionInc', 'XLite\\Module\\XC\\AuctionInc\\View\\FormField\\Select\\FallbackRate', 310, 'N', 'N;'),
(277, 'fallbackRateValue', 'XC\\AuctionInc', 'XLite\\View\\FormField\\Input\\Text\\Price', 320, '', 'N;'),
(278, 'entryPointSeparator', 'XC\\AuctionInc', 'separator', 400, '', 'N;'),
(279, 'entryPointDHL', 'XC\\AuctionInc', 'XLite\\Module\\XC\\AuctionInc\\View\\FormField\\Select\\EntryPointDHL', 410, 'D', 'N;'),
(280, 'entryPointFEDEX', 'XC\\AuctionInc', 'XLite\\Module\\XC\\AuctionInc\\View\\FormField\\Select\\EntryPointFedEx', 420, 'D', 'N;'),
(281, 'entryPointUPS', 'XC\\AuctionInc', 'XLite\\Module\\XC\\AuctionInc\\View\\FormField\\Select\\EntryPointUPS', 430, 'D', 'N;'),
(282, 'entryPointUSPS', 'XC\\AuctionInc', 'XLite\\Module\\XC\\AuctionInc\\View\\FormField\\Select\\EntryPointUSPS', 440, 'R', 'N;'),
(283, 'checkout_type', 'General', 'XLite\\Module\\XC\\FastLaneCheckout\\View\\FormField\\Select\\CheckoutType', 200, 'one-page', 'N;'),
(284, 'fcm_show_product_num', 'QSL\\FlyoutCategoriesMenu', 'checkbox', 10, 'N', 'N;'),
(285, 'fcm_word_wrap', 'QSL\\FlyoutCategoriesMenu', 'checkbox', 20, 'Y', 'N;'),
(286, 'fcm_show_triangle', 'QSL\\FlyoutCategoriesMenu', 'checkbox', 30, 'Y', 'N;'),
(287, 'api_key', 'QSL\\CloudSearch', 'hidden', 0, '', 'N;'),
(288, 'secret_key', 'QSL\\CloudSearch', 'hidden', 0, '', 'N;'),
(289, 'dashboard', 'QSL\\CloudSearch', '\\XLite\\Module\\QSL\\CloudSearch\\View\\FormField\\Dashboard', 0, '', 'N;'),
(290, 'doSearch', 'QSL\\CloudSearch', 'checkbox', 0, 'Y', 'N;'),
(291, 'doIndexModifiers', 'QSL\\CloudSearch', 'checkbox', 0, 'N', 'N;'),
(292, 'soffersb_override_tpl', 'QSL\\SpecialOffersBase', 'checkbox', 100, '1', 'N;'),
(293, 'test_mode', 'CDev\\AustraliaPost', 'XLite\\View\\FormField\\Input\\Checkbox\\OnOffWithoutOffLabel', 10, '1', 'N;'),
(294, 'api_key', 'CDev\\AustraliaPost', 'XLite\\View\\FormField\\Input\\Text', 20, '', 'N;'),
(295, 'packageSettingsSeparator', 'CDev\\AustraliaPost', 'separator', 100, '', 'N;'),
(296, 'package_type', 'CDev\\AustraliaPost', '', 0, 'Parcel', 'N;'),
(297, 'package_box_type', 'CDev\\AustraliaPost', 'XLite\\Module\\CDev\\AustraliaPost\\View\\FormField\\PackageBoxType', 110, 'AUS_PARCEL_TYPE_BOXED_OTH', 'N;'),
(298, 'dimensions', 'CDev\\AustraliaPost', 'serialized', 120, 'a:3:{i:0;i:10;i:1;i:10;i:2;i:10;}', 'N;'),
(299, 'additionalSettingsSeparator', 'CDev\\AustraliaPost', 'separator', 200, '', 'N;'),
(300, 'service_option', 'CDev\\AustraliaPost', 'XLite\\Module\\CDev\\AustraliaPost\\View\\FormField\\ServiceOption', 210, 'AUS_SERVICE_OPTION_STANDARD', 'N;'),
(301, 'extra_cover', 'CDev\\AustraliaPost', 'XLite\\View\\FormField\\Input\\Checkbox\\OnOffWithoutOffLabel', 220, '', 'N;'),
(302, 'extra_cover_value', 'CDev\\AustraliaPost', 'XLite\\View\\FormField\\Input\\Text\\Price', 230, '0', 'N;'),
(303, 'currency_rate', 'CDev\\AustraliaPost', 'XLite\\View\\FormField\\Input\\Text\\FloatInput', 240, '1', 'N;'),
(304, 'enable_new_methods', 'CDev\\AustraliaPost', 'XLite\\View\\FormField\\Input\\Checkbox\\OnOffWithoutOffLabel', 250, '1', 'N;'),
(305, 'debug_enabled', 'CDev\\AustraliaPost', 'XLite\\View\\FormField\\Input\\Checkbox\\OnOffWithoutOffLabel', 260, '1', 'N;'),
(306, 'max_weight', 'CDev\\AustraliaPost', '', 0, '20', 'N;'),
(307, 'email', 'CDev\\Moneybookers', 'text', 100, '', 'N;'),
(308, 'logo_url', 'CDev\\Moneybookers', 'XLite\\View\\FormField\\Input\\Text\\URL', 200, '', 'N;'),
(309, 'test', 'CDev\\Moneybookers', 'checkbox', 300, '0', 'N;'),
(310, 'secret_word', 'CDev\\Moneybookers', 'text', 400, '', 'N;'),
(311, 'prefix', 'CDev\\Moneybookers', 'text', 500, 'xcart', 'N;'),
(312, 'id', 'CDev\\Moneybookers', '', 0, '', 'N;'),
(313, 'ignore_memberships', 'CDev\\SalesTax', 'checkbox', 150, 'Y', 'N;'),
(314, 'addressType', 'CDev\\SalesTax', '\\XLite\\Module\\CDev\\SalesTax\\View\\FormField\\AddressType', 160, 'billing', 'N;'),
(315, 'taxableBase', 'CDev\\SalesTax', '\\XLite\\Module\\CDev\\SalesTax\\View\\FormField\\TaxableBase', 170, 'ST', 'N;'),
(316, 'userid', 'CDev\\USPS', 'XLite\\View\\FormField\\Input\\Text', 10, '', 'N;'),
(317, 'server_url', 'CDev\\USPS', 'XLite\\View\\FormField\\Input\\Text\\URL', 20, 'http://testing.shippingapis.com/ShippingAPI.dll', 'N;'),
(318, 'additionalSettingsSeparator', 'CDev\\USPS', 'separator', 100, '', 'N;'),
(319, 'commonOptionsSeparator', 'CDev\\USPS', 'separator', 200, '', 'N;'),
(320, 'package_size', 'CDev\\USPS', 'XLite\\Module\\CDev\\USPS\\View\\FormField\\Select\\PackageSize', 205, 'REGULAR', 'N;'),
(321, 'dimensions', 'CDev\\USPS', 'serialized', 210, 'a:3:{i:0;i:10;i:1;i:7;i:2;i:9;}', 'N;'),
(322, 'girth', 'CDev\\USPS', 'XLite\\View\\FormField\\Input\\Text\\FloatInput', 220, '0', 'N;'),
(323, 'max_weight', 'CDev\\USPS', 'XLite\\View\\FormField\\Input\\Text\\FloatInput', 230, '70', 'N;'),
(324, 'machinable', 'CDev\\USPS', 'XLite\\View\\FormField\\Input\\Checkbox\\OnOffWithoutOffLabel', 235, '1', 'N;'),
(325, 'currency_rate', 'CDev\\USPS', 'XLite\\View\\FormField\\Input\\Text\\FloatInput', 240, '1', 'N;'),
(326, 'domesticUSPSSeparator', 'CDev\\USPS', 'separator', 300, '', 'N;'),
(327, 'container', 'CDev\\USPS', 'XLite\\Module\\CDev\\USPS\\View\\FormField\\Select\\Container', 310, 'VARIABLE', 'N;'),
(328, 'first_class_mail_type', 'CDev\\USPS', 'XLite\\Module\\CDev\\USPS\\View\\FormField\\Select\\FirstClassMailType', 330, 'PARCEL', 'N;'),
(329, 'use_rate_type', 'CDev\\USPS', 'XLite\\Module\\CDev\\USPS\\View\\FormField\\Select\\UseRateType', 350, 'Rate', 'N;'),
(330, 'internationalUSPSSeparator', 'CDev\\USPS', 'separator', 400, '', 'N;'),
(331, 'mail_type', 'CDev\\USPS', 'XLite\\Module\\CDev\\USPS\\View\\FormField\\Select\\MailType', 410, 'Package', 'N;'),
(332, 'container_intl', 'CDev\\USPS', 'XLite\\Module\\CDev\\USPS\\View\\FormField\\Select\\ContainerIntl', 420, 'RECTANGULAR', 'N;'),
(333, 'commercial', 'CDev\\USPS', 'XLite\\View\\FormField\\Input\\Checkbox\\OnOffWithoutOffLabel', 430, '', 'N;'),
(334, 'gxg', 'CDev\\USPS', 'XLite\\View\\FormField\\Input\\Checkbox\\OnOffWithoutOffLabel', 440, '', 'N;'),
(335, 'gxg_pobox', 'CDev\\USPS', 'XLite\\View\\FormField\\Input\\Checkbox\\OnOffWithoutOffLabel', 450, '', 'N;'),
(336, 'gxg_gift', 'CDev\\USPS', 'XLite\\View\\FormField\\Input\\Checkbox\\OnOffWithoutOffLabel', 460, '', 'N;'),
(337, 'cacheOnDeliverySeparator', 'CDev\\USPS', 'separator', 500, '', 'N;'),
(338, 'use_cod_price', 'CDev\\USPS', 'XLite\\View\\FormField\\Input\\Checkbox\\OnOffWithoutOffLabel', 510, '1', 'N;'),
(339, 'cod_price', 'CDev\\USPS', 'XLite\\View\\FormField\\Input\\Text\\Price', 520, '6.95', 'N;'),
(340, 'additionalOptionsSeparator', 'CDev\\USPS', 'separator', 600, '', 'N;'),
(341, 'debug_enabled', 'CDev\\USPS', 'XLite\\View\\FormField\\Input\\Checkbox\\OnOffWithoutOffLabel', 610, '', 'N;'),
(342, 'autoenable_new_methods', 'CDev\\USPS', 'XLite\\View\\FormField\\Input\\Checkbox\\OnOffWithoutOffLabel', 620, '1', 'N;'),
(343, 'xpc_shopping_cart_id', 'CDev\\XPaymentsConnector', 'XLite\\Module\\CDev\\XPaymentsConnector\\View\\FormField\\Input\\Text\\StoreID', 1010, '', 'N;'),
(344, 'xpc_xpayments_url', 'CDev\\XPaymentsConnector', 'XLite\\Module\\CDev\\XPaymentsConnector\\View\\FormField\\Input\\Text\\URLipv6', 1020, '', 'N;'),
(345, 'xpc_public_key', 'CDev\\XPaymentsConnector', 'textarea', 1030, '', 'N;'),
(346, 'xpc_private_key', 'CDev\\XPaymentsConnector', 'textarea', 1040, '', 'N;'),
(347, 'xpc_private_key_password', 'CDev\\XPaymentsConnector', 'text', 1050, '', 'N;'),
(348, 'xpc_allowed_ip_addresses', 'CDev\\XPaymentsConnector', 'text', 1060, '', 'N;'),
(349, 'xpc_currency', 'CDev\\XPaymentsConnector', 'XLite\\View\\FormField\\Select\\Currency', 1070, '840', 'N;'),
(350, 'xpc_api_version', 'CDev\\XPaymentsConnector', 'hidden', 1080, '1.3', 'N;'),
(351, 'xpc_use_iframe', 'CDev\\XPaymentsConnector', 'checkbox', 1090, '1', 'N;'),
(352, 'xpc_allowed_modules_load_date', 'CDev\\XPaymentsConnector', 'hidden', 2000, '0', 'N;'),
(353, 'xpc_allowed_modules', 'CDev\\XPaymentsConnector', 'hidden', 2010, '', 'N;'),
(354, 'xpc_zero_auth_method_id', 'CDev\\XPaymentsConnector', 'XLite\\Module\\CDev\\XPaymentsConnector\\View\\FormField\\Select\\ZeroAuthPaymentMethods', 1100, '0', 'N;'),
(355, 'xpc_zero_auth_amount', 'CDev\\XPaymentsConnector', 'XLite\\Module\\CDev\\XPaymentsConnector\\View\\FormField\\Input\\Text\\ZeroAuthAmount', 1110, '0', 'N;'),
(356, 'xpc_zero_auth_description', 'CDev\\XPaymentsConnector', 'XLite\\Module\\CDev\\XPaymentsConnector\\View\\FormField\\Input\\Text\\ZeroAuthDescription', 1130, '', 'N;'),
(357, 'xpc_status_new', 'CDev\\XPaymentsConnector', 'XLite\\View\\FormField\\Select\\OrderStatus\\Payment', 1210, '1', 'N;'),
(358, 'xpc_status_auth', 'CDev\\XPaymentsConnector', 'XLite\\View\\FormField\\Select\\OrderStatus\\Payment', 1220, '2', 'N;'),
(359, 'xpc_status_charged', 'CDev\\XPaymentsConnector', 'XLite\\View\\FormField\\Select\\OrderStatus\\Payment', 1230, '4', 'N;'),
(360, 'xpc_status_charged_part', 'CDev\\XPaymentsConnector', 'XLite\\View\\FormField\\Select\\OrderStatus\\Payment', 1240, '3', 'N;'),
(361, 'xpc_status_declined', 'CDev\\XPaymentsConnector', 'XLite\\View\\FormField\\Select\\OrderStatus\\Payment', 1250, '5', 'N;'),
(362, 'xpc_status_refunded', 'CDev\\XPaymentsConnector', 'XLite\\View\\FormField\\Select\\OrderStatus\\Payment', 1260, '7', 'N;'),
(363, 'xpc_status_refunded_part', 'CDev\\XPaymentsConnector', 'XLite\\View\\FormField\\Select\\OrderStatus\\Payment', 1270, '7', 'N;'),
(364, 'wizard_enabled', 'XC\\CanadaPost', '', 0, '1', 'N;'),
(365, 'wizard_hash', 'XC\\CanadaPost', '', 0, '', 'N;'),
(366, 'user', 'XC\\CanadaPost', 'XLite\\View\\FormField\\Input\\Text', 10, '', 'N;'),
(367, 'password', 'XC\\CanadaPost', 'XLite\\View\\FormField\\Input\\PasswordWithValue', 20, '', 'N;'),
(368, 'developer_mode', 'XC\\CanadaPost', 'XLite\\View\\FormField\\Input\\Checkbox\\OnOffWithoutOffLabel', 30, '', 'N;'),
(369, 'debug_enabled', 'XC\\CanadaPost', 'XLite\\View\\FormField\\Input\\Checkbox\\OnOffWithoutOffLabel', 40, '', 'N;'),
(370, 'additionalSettingsSeparator', 'XC\\CanadaPost', 'separator', 100, '', 'N;'),
(371, 'quote_type', 'XC\\CanadaPost', 'XLite\\Module\\XC\\CanadaPost\\View\\FormField\\Select\\QuoteType', 110, 'C', 'N;'),
(372, 'customer_number', 'XC\\CanadaPost', 'XLite\\View\\FormField\\Input\\Text', 120, '', 'N;'),
(373, 'currency_rate', 'XC\\CanadaPost', 'XLite\\View\\FormField\\Input\\Text\\FloatInput', 130, '1', 'N;'),
(374, 'contractShippingSeparator', 'XC\\CanadaPost', 'separator', 200, '', 'N;'),
(375, 'contract_id', 'XC\\CanadaPost', 'XLite\\View\\FormField\\Input\\Text', 210, '', 'N;'),
(376, 'pick_up_type', 'XC\\CanadaPost', 'XLite\\Module\\XC\\CanadaPost\\View\\FormField\\Select\\PickUpType', 220, '', 'N;'),
(377, 'deposit_site_num', 'XC\\CanadaPost', 'XLite\\Module\\XC\\CanadaPost\\View\\FormField\\Input\\Text\\DepositSiteNum', 230, '', 'N;'),
(378, 'detailed_manifests', 'XC\\CanadaPost', 'XLite\\View\\FormField\\Input\\Checkbox\\OnOffWithoutOffLabel', 240, '1', 'N;'),
(379, 'manifest_name', 'XC\\CanadaPost', 'XLite\\View\\FormField\\Input\\Text', 250, '', 'N;'),
(380, 'deliverToPostOfficeSeparator', 'XC\\CanadaPost', 'separator', 300, '', 'N;'),
(381, 'deliver_to_po_enabled', 'XC\\CanadaPost', 'XLite\\View\\FormField\\Input\\Checkbox\\OnOffWithoutOffLabel', 310, '', 'N;'),
(382, 'max_post_offices', 'XC\\CanadaPost', 'XLite\\View\\FormField\\Input\\Text\\Integer', 320, '5', 'N;'),
(383, 'parcelCharacteristicsSeparator', 'XC\\CanadaPost', 'separator', 400, '', 'N;'),
(384, 'length', 'XC\\CanadaPost', 'XLite\\View\\FormField\\Input\\Text\\FloatInput', 410, '10', 'N;'),
(385, 'width', 'XC\\CanadaPost', 'XLite\\View\\FormField\\Input\\Text\\FloatInput', 420, '9', 'N;'),
(386, 'height', 'XC\\CanadaPost', 'XLite\\View\\FormField\\Input\\Text\\FloatInput', 430, '7', 'N;'),
(387, 'max_weight', 'XC\\CanadaPost', 'XLite\\View\\FormField\\Input\\Text\\FloatInput', 440, '30', 'N;'),
(388, 'document', 'XC\\CanadaPost', 'XLite\\View\\FormField\\Input\\Checkbox\\OnOffWithoutOffLabel', 450, '', 'N;'),
(389, 'unpackaged', 'XC\\CanadaPost', 'XLite\\View\\FormField\\Input\\Checkbox\\OnOffWithoutOffLabel', 460, '', 'N;'),
(390, 'mailing_tube', 'XC\\CanadaPost', 'XLite\\View\\FormField\\Input\\Checkbox\\OnOffWithoutOffLabel', 470, '', 'N;'),
(391, 'oversized', 'XC\\CanadaPost', 'XLite\\View\\FormField\\Input\\Checkbox\\OnOffWithoutOffLabel', 480, '', 'N;'),
(392, 'parcelSeparator', 'XC\\CanadaPost', 'separator', 500, '', 'N;'),
(393, 'way_to_deliver', 'XC\\CanadaPost', 'XLite\\Module\\XC\\CanadaPost\\View\\FormField\\Select\\DeliveryWayType', 510, '', 'N;'),
(394, 'signature', 'XC\\CanadaPost', 'XLite\\View\\FormField\\Input\\Checkbox\\OnOffWithoutOffLabel', 520, '', 'N;'),
(395, 'age_proof', 'XC\\CanadaPost', 'XLite\\Module\\XC\\CanadaPost\\View\\FormField\\Select\\AgeProofType', 530, '', 'N;'),
(396, 'coverage', 'XC\\CanadaPost', 'XLite\\View\\FormField\\Input\\Text\\FloatInput', 540, '0', 'N;'),
(397, 'non_delivery', 'XC\\CanadaPost', 'XLite\\Module\\XC\\CanadaPost\\View\\FormField\\Select\\NonDeliveryType', 550, '', 'N;'),
(398, 'amazon_pa_sid', 'Amazon\\PayWithAmazon', 'text', 5, '', 'N;'),
(399, 'amazon_pa_mode', 'Amazon\\PayWithAmazon', 'XLite\\Module\\Amazon\\PayWithAmazon\\View\\FormField\\Select\\OpMode', 10, 'test', 'N;'),
(400, 'amazon_pa_access_key', 'Amazon\\PayWithAmazon', 'text', 15, '', 'N;'),
(401, 'amazon_pa_secret_key', 'Amazon\\PayWithAmazon', 'text', 20, '', 'N;'),
(402, 'amazon_pa_client_id', 'Amazon\\PayWithAmazon', 'text', 25, '', 'N;'),
(403, 'amazon_pa_currency', 'Amazon\\PayWithAmazon', 'XLite\\Module\\Amazon\\PayWithAmazon\\View\\FormField\\Select\\Currency', 30, 'USD', 'N;'),
(404, 'amazon_pa_capture_mode', 'Amazon\\PayWithAmazon', 'XLite\\Module\\Amazon\\PayWithAmazon\\View\\FormField\\Select\\CaptureMode', 40, 'C', 'N;'),
(405, 'amazon_pa_sync_mode', 'Amazon\\PayWithAmazon', 'XLite\\Module\\Amazon\\PayWithAmazon\\View\\FormField\\Select\\SyncMode', 45, 'S', 'N;'),
(406, 'amazon_pa_order_prefix', 'Amazon\\PayWithAmazon', 'text', 50, '', 'N;'),
(407, 'time_zone', 'General', '', 0, 'Europe/Moscow', 'N;'),
(408, 'timestamp', 'Version', '0', 0, '1478265546', 'N;'),
(409, 'prnotice_index', 'Internal', '0', 0, '17', 'N;');

-- --------------------------------------------------------

--
-- Table structure for table `xc_config_translations`
--

DROP TABLE IF EXISTS `xc_config_translations`;
CREATE TABLE IF NOT EXISTS `xc_config_translations` (
  `label_id` int(11) NOT NULL AUTO_INCREMENT,
  `id` int(11) DEFAULT NULL,
  `option_name` varchar(255) COLLATE utf8_unicode_ci NOT NULL,
  `option_comment` longtext COLLATE utf8_unicode_ci NOT NULL,
  `code` char(2) COLLATE utf8_unicode_ci NOT NULL,
  PRIMARY KEY (`label_id`),
  KEY `ci` (`code`,`id`),
  KEY `id` (`id`)
) ENGINE=InnoDB AUTO_INCREMENT=457 DEFAULT CHARSET=utf8 COLLATE=utf8_unicode_ci;

--
-- Dumping data for table `xc_config_translations`
--

INSERT INTO `xc_config_translations` (`label_id`, `id`, `option_name`, `option_comment`, `code`) VALUES
(1, 1, 'Administrator Zone settings', '', 'en'),
(2, 2, 'Use HTTPS in the Administrator Zone', '', 'en'),
(3, 3, 'Default customer address', '', 'en'),
(4, 4, 'Address line', '', 'en'),
(5, 5, 'Country', '', 'en'),
(6, 6, 'State', '', 'en'),
(7, 7, 'State', '', 'en'),
(8, 8, 'City', '', 'en'),
(9, 9, 'Zip/postal code', '', 'en'),
(10, 10, 'Address type', '', 'en'),
(11, 11, 'Aggregate CSS files', '', 'en'),
(12, 12, 'Aggregate JS files', '', 'en'),
(13, 13, 'Use widget cache', '', 'en'),
(14, 14, 'Use dynamic image resizing', 'This setting determines what happens if X-Cart cannot find a previously generated resized version of an image it needs to display. If this setting is enabled, an appropriately sized version of the image is generated on the fly. If this setting is disabled, the original (non-resized) image is used.', 'en'),
(15, 15, 'Layout type', '', 'en'),
(16, 16, 'CLI mode key', '', 'en'),
(17, 17, 'Company address', '', 'en'),
(18, 18, 'Contacts', '', 'en'),
(19, 19, 'Fax', '', 'en'),
(20, 20, 'Identity', '', 'en'),
(21, 21, 'Company name', 'Changing the value of this or any other fields on this page will not affect the signature in your store''s email notifications. The signature for notifications can be edited on the <a href="admin.php?target=notification_common">Header, greeting & signature</a> page.', 'en'),
(22, 22, 'Company website', '', 'en'),
(23, 23, 'Terms and conditions relative URL', '', 'en'),
(24, 24, 'Customer Zone settings', '', 'en'),
(25, 25, 'Use HTTPS in the Customer Zone (for login, Checkout and profile pages)', '', 'en'),
(26, 26, 'Date format', '', 'en'),
(27, 27, 'CSV column delimiter', '', 'en'),
(28, 28, 'Import/export charset', '', 'en'),
(29, 31, 'Payment method to be assumed in case of zero order totals', '', 'en'),
(30, 32, 'Maximum order quantity (per product)', '', 'en'),
(31, 33, 'Default payment method', '', 'en'),
(32, 34, 'Display check number for eCheck payment method', '', 'en'),
(33, 35, 'How to show out of stock products', '', 'en'),
(34, 36, 'Default display mode for products list', '', 'en'),
(35, 38, 'Street address', '', 'en'),
(36, 39, 'Country', '', 'en'),
(37, 40, 'State', '', 'en'),
(38, 41, 'State', '', 'en'),
(39, 42, 'City', '', 'en'),
(40, 43, 'Zip/postal code', '', 'en'),
(41, 44, 'Use the company address as the origin one', 'See <a href="admin.php?target=settings&page=Company#company-address">company address</a>', 'en'),
(42, 45, 'Street address', '', 'en'),
(43, 46, 'Country', '', 'en'),
(44, 47, 'State', '', 'en'),
(45, 48, 'State', '', 'en'),
(46, 49, 'City', '', 'en'),
(47, 50, 'Zip/postal code', '', 'en'),
(48, 51, 'Phone', '', 'en'),
(49, 52, 'Number of days to store the last login data', '', 'en'),
(50, 53, 'Maximum allowed order subtotal', '', 'en'),
(51, 54, 'Minimum allowed order subtotal', '', 'en'),
(52, 55, 'Next order #', 'You can change the number that will be assigned on the next order. The new order number should be greater than the current one.', 'en'),
(53, 56, 'Cart TTL (days)', 'Specify the number of days after which a stored shopping cart should be considered old and should be removed. Leave empty if old carts should never be removed (not recommended)', 'en'),
(54, 57, 'Enable internal cron service', 'This setting allows you to enable/disable the use of your store''s internal cron service. This service schedules the run of certain maintenance tasks for your store - like removing customers'' expired shopping carts - at the periodicity of once per 100 user sessions.', 'en'),
(55, 58, 'Sales department e-mail', '"TO:" address for notifications about orders (creation of new orders, changes of order status, etc). "FROM:" address for low limit warning messages.', 'en'),
(56, 59, 'Orders per page', '', 'en'),
(57, 60, 'Products per category listing page', '', 'en'),
(58, 61, 'Maximum products per category listing page', '', 'en'),
(59, 62, 'Products per page', '', 'en'),
(60, 63, 'The number of orders in the recent order list', '', 'en'),
(61, 64, 'Force customer to choose product options before the product can be added to cart', '', 'en'),
(62, 65, 'Redirect customer to the cart page after a product is added to cart', '', 'en'),
(63, 66, 'Close the shop temporarily (not available in Demo store)', '', 'en'),
(64, 67, 'Shop currency', '', 'en'),
(65, 68, 'Hide trailing zeros in fractional part', '', 'en'),
(66, 69, 'Site administrator e-mail', '"TO:" address for information on access to your store in safe mode (Hard and Soft reset links), notifications about failed administrator login attempts, low limit warnings, etc.<br />"FROM:" address for most notifications about user profiles.', 'en'),
(67, 70, 'Password', '', 'en'),
(68, 71, 'Secure connection', '', 'en'),
(69, 72, 'SMTP server', '', 'en'),
(70, 73, 'SMTP port', 'By default, SMTP uses TCP port 25. However, if you are going to use secure SSL/TLS encrypted SMTP, you need to specify the correct TCP port number for your system here. Typically, port number for secure SMTP is 465.', 'en'),
(71, 74, 'SMTP server', '', 'en'),
(72, 75, 'Username', '', 'en'),
(73, 76, 'Year when store started its operation', '', 'en'),
(74, 77, 'Subcategory listings format', '', 'en'),
(75, 78, 'Default order to sort products within a category', '', 'en'),
(76, 79, 'Default order to sort products within a search result', '', 'en'),
(77, 80, 'HelpDesk/Support service e-mail', 'Address for messages sent by store visitors via the Contact us form.', 'en'),
(78, 81, 'Time format', '', 'en'),
(79, 82, 'Time zone', '', 'en'),
(80, 83, 'Customer relations e-mail', '"TO:" address for notifications about user profile related events (creation of a new user profile, deletion of a user profile, etc). "FROM:" address for password reset messages.', 'en'),
(81, 84, 'Users per page', '', 'en'),
(82, 85, 'Use SMTP server', '', 'en'),
(83, 86, 'Use authentication', '', 'en'),
(84, 88, 'Weight symbol', '', 'en'),
(85, 89, 'Weight unit', '', 'en'),
(86, 90, 'Hide trailing zeros in fractional part', '', 'en'),
(87, 91, 'Weight format', '', 'en'),
(88, 92, 'Dimensional symbol', '', 'en'),
(89, 93, 'Dimensional unit', '', 'en'),
(90, 94, 'Path to Certificate Authority (CA) bundle', '', 'en'),
(91, 95, 'Directory holding CA certificates', '', 'en'),
(92, 96, 'Ask anonymous users to create an account or sign in before checkout', '', 'en'),
(93, 97, 'Display "Add to cart" buttons for products in grid view', '', 'en'),
(94, 98, 'Clean URL availability flag', '', 'en'),
(95, 99, 'Allow customers to sign up for membership', '', 'en'),
(96, 100, 'Upgrade options', '', 'en'),
(97, 101, 'Upgrade access level', '', 'en'),
(98, 102, 'Perform quick data calculation during store re-deployment', 'Calculated quick data enhances your store''s performance by allowing quick product sorting. If you want quick data to be calculated along with store re-deployment, make sure this setting is enabled before running the "Re-deploy the store" tool. Keep the setting disabled if you want to do the re-deployment without the calculation of quick data.', 'en'),
(99, 103, 'Enabled', '', 'en'),
(100, 104, 'Banner inverval (in seconds)', 'Set to "0" to disable automatic rotation', 'en'),
(101, 105, 'Send the PDF version of invoices in the attachments', '', 'en'),
(102, 106, 'Enable form', '', 'en'),
(103, 107, 'E-mail address of the message recipient', 'If the field is blank, then administration email is used', 'en'),
(104, 108, 'reCAPTCHA', '', 'en'),
(105, 109, 'Public key', 'To use reCAPTCHA you should get an API key from <a href="https://www.google.com/recaptcha/admin/create">https://www.google.com/recaptcha/admin/create</a>', 'en'),
(106, 110, 'Private key', '', 'en'),
(107, 111, 'Number of products in the bestsellers list', '', 'en'),
(108, 112, 'Featured products look and feel', '', 'en'),
(109, 113, 'FedEx authentication key', '', 'en'),
(110, 114, 'FedEx authentication password', '', 'en'),
(111, 115, 'FedEx account number', '', 'en'),
(112, 116, 'FedEx meter number', '', 'en'),
(113, 117, 'Test mode', '', 'en'),
(114, 118, 'Enable debugging', '', 'en'),
(115, 119, 'Additional settings', '', 'en'),
(116, 120, 'Carrier type(s)', '', 'en'),
(117, 121, 'FedEx Express (FDXE)', '', 'en'),
(118, 122, 'FedEx Ground (FDXG)', '', 'en'),
(119, 123, 'FedEx SmartPost (FXSP)', '', 'en'),
(120, 124, 'Hub ID', '', 'en'),
(121, 125, 'Indicia', '', 'en'),
(122, 126, 'Rate request type', '', 'en'),
(123, 127, 'Packaging', '', 'en'),
(124, 128, 'Dropoff type', '', 'en'),
(125, 129, 'Ship date (days)', '', 'en'),
(126, 130, 'Currency code', '', 'en'),
(127, 131, 'Currency rate', 'If the currency specified above differs from the currency the store uses for payments, specify a conversion rate to convert the shipping cost returned by FedEx into your store''s currency. If the currencies are the same, leave this set to 1.', 'en'),
(128, 132, 'Package dimensions (inches)', '', 'en'),
(129, 133, 'Maximum package weight', '', 'en'),
(130, 134, 'Special services', '', 'en'),
(131, 135, 'Dangerous Goods/Accessibility', '', 'en'),
(132, 136, 'Signature option', '', 'en'),
(133, 137, 'Cash on delivery', '', 'en'),
(134, 138, 'COD type', '', 'en'),
(135, 139, 'Advanced options', '', 'en'),
(136, 140, 'Shipment is scheduled for Saturday pickup (the option will be used if ship date is Saturday)', '', 'en'),
(137, 141, 'Shipment from residential address', '', 'en'),
(138, 142, 'Send package cost to calculate insurance', '', 'en'),
(139, 113, 'Ключ идентификации FedEx', '', 'ru'),
(140, 114, 'Пароль FedEx', '', 'ru'),
(141, 115, 'Номер счета FedEx', '', 'ru'),
(142, 116, 'FedEx meter number', '', 'ru'),
(143, 117, 'Режим тестирования', '', 'ru'),
(144, 118, 'Включить отладку', '', 'ru'),
(145, 119, 'Дополнительные настройки', '', 'ru'),
(146, 120, 'Тип(ы) перевозчика(ов)', '', 'ru'),
(147, 121, 'FedEx Express (FDXE)', '', 'ru'),
(148, 122, 'FedEx Ground (FDXG)', '', 'ru'),
(149, 123, 'FedEx SmartPost (FXSP)', '', 'ru'),
(150, 127, 'Упаковка', '', 'ru'),
(151, 128, 'Возврат тары', '', 'ru'),
(152, 129, 'Дата отгрузки (дни)', '', 'ru'),
(153, 130, 'Код валюты', '', 'ru'),
(154, 131, 'Коэффициент пересчета валюты', 'Если валюта выше отличается от валюты, используемой для оплаты в магазине, укажите коэффициент пересчёта для перевода стоимости доставки, предоставленной FedEx, в валюту магазина. Если валюты совпадают, оставьте значение 1.', 'ru'),
(155, 132, 'Размеры упаковки (в дюймах)', '', 'ru'),
(156, 133, 'Максимальный вес упаковки', '', 'ru'),
(157, 134, 'Специальные услуги', '', 'ru'),
(158, 135, 'Опасные Товары/Доступность', '', 'ru'),
(159, 136, 'Показать все сохраненные кредитные карты', '', 'ru'),
(160, 137, 'Оплата при получении', '', 'ru'),
(161, 138, 'Тип наложного платежа', '', 'ru'),
(162, 139, 'Расширенные опции', '', 'ru'),
(163, 140, 'Погрузка назначена на Субботу (эта опция используется, если день отгрузки - Суббота)', '', 'ru'),
(164, 141, 'Доставка с адреса расположения', '', 'ru'),
(165, 142, 'Рассчитывать размер страховки по стоимости посылки', '', 'ru'),
(166, 143, 'Web Property ID', '', 'en'),
(167, 144, 'What are you tracking', '', 'en'),
(168, 145, 'Google Analytics code version', '', 'en'),
(169, 146, 'Facebook application settings', '', 'en'),
(170, 147, 'Facebook Application ID', 'Facebook Platform application ID that administers your site pages. You can get this ID by visiting the page at <a href="https://developers.facebook.com/apps/">https://developers.facebook.com/apps/</a><br /><br />You should specify this field:<ul><li>to make your site statistics appear in the Facebook Insights dashboard</li><li>to enable a moderator interface on Facebook where comments from all product pages can be easily moderated together</li></ul>', 'en'),
(171, 148, 'Facebook Application Namespace', 'Specify the same app namespace that you entered when configured your Facebook Platform application.', 'en'),
(172, 149, 'Facebook Admins', 'Comma-separated list of the Facebook User IDs of page administrators. Include at least your own Facebook User ID.', 'en'),
(173, 150, 'Facebook Like Button settings', '', 'en'),
(174, 151, 'Display the Like button on product pages', 'The Like button lets a customer share your product pages with friends on Facebook. The button will not be displayed if Facebook application id is not set.', 'en'),
(175, 152, 'Display the Share button along with the Like button', 'The Share button lets people add a personalized message to links before sharing on their timeline, in groups, or to their friends via a Facebook Message.', 'en'),
(176, 153, 'Layout style', 'There are three options:<ul><li>"standard" - displays social text to the right of the button and friends'' profile photos below</li><li>"button" - displays the total number of likes to the right of the button</li><li>"box" - displays the total number of likes above the button.</li></ul>', 'en'),
(177, 154, 'Show profile pictures below the Like button', 'Profile pictures appear in the "standard" layout style only.', 'en'),
(178, 155, 'The verb to display in the Like button', '', 'en'),
(179, 156, 'The color scheme for the like button', '', 'en'),
(180, 157, 'Facebook comments settings', '', 'en'),
(181, 158, 'Display the Facebook Comments tab on product pages', 'To moderate comments, specify your Facebook User ID in the "Facebook Admins" field below.<br />To enable the moderator interface on Facebook where comments from all product pages can be easily moderated together, specify your Facebook App ID in the "Facebook Application ID" field below.', 'en'),
(182, 159, 'Number of posts to show on the tab by default', '', 'en'),
(183, 160, 'The color scheme for the comments', '', 'en'),
(184, 161, 'Tweet button settings', '', 'en'),
(185, 162, 'Display the Tweet button on product pages', 'The Tweet button allows customers to easily share your product pages with their Twitter followers.', 'en'),
(186, 163, 'Show the count box along with the Tweet button', 'The count box shows how many times the product page has been Tweeted.', 'en'),
(187, 164, 'Account name of the user to attribute the Tweet to (optional)', '', 'en'),
(188, 165, 'Account name of the user to follow after sending a Tweet (optional)', 'Twitter will suggest that customers follow this user once they have sent a Tweet using the Tweet button.', 'en'),
(189, 166, 'Hashtag to show within the Tweet button and in the text of the tweet status (optional)', '', 'en'),
(190, 167, 'Google+ button settings', '', 'en'),
(191, 168, 'Display the Google+ button on product pages', '', 'en'),
(192, 169, 'Google+ page id', '', 'en'),
(193, 170, 'Pinterest button settings', '', 'en'),
(194, 171, 'Display the Pinterest button on product pages', '', 'en'),
(195, 172, 'Show "Admin welcome" block', '', 'en'),
(196, 173, 'PayPal Login', 'To enable PayPal login, you need to create a PayPal application for your website. The recommended procedure is to go to the My Apps page and create an app for testing, then to go live with this app. For detailed instructions on creating the app, see PayPal documentation at <a href="https://developer.paypal.com/docs/integration/admin/manage-apps/">https://developer.paypal.com/docs/integration/admin/manage-apps/</a>. Be sure to specify your "App return URL" as the value of "Redirect URL" field below.<br /><br />Once the app has been created, be sure to copy your Client Id and Client Secret from the app details and credentials and have them stored in the fields below.', 'en'),
(197, 174, 'Redirect URL', '', 'en'),
(198, 175, 'Client Id', '', 'en'),
(199, 176, 'Client Secret', '', 'en'),
(200, 177, 'Test/Live mode', '', 'en'),
(201, 178, '"New arrivals" block settings', '', 'en'),
(202, 179, 'Enable "New arrivals" feature in catalog', '', 'en'),
(203, 180, 'Number of days to keep products marked as new arrivals', 'Specify a non-zero value; otherwise, 30 days will be used by default.', 'en'),
(204, 181, 'Maximum number of products to display in complete new arrivals list', 'Limits the total number of products that can be displayed when user clicks the "All new arrivals" link in the "New arrivals" block. Leave 0 for no limit.', 'en'),
(205, 182, 'Mark new products in catalog', 'Marks new products on all products lists (except "New arrivals" lists) with the "New!" label.', 'en'),
(206, 183, 'Maximum number of products to display in "New arrivals" block', 'Defines the maximum number of products that can be displayed in the "New arrivals" block. Specify a non-zero value; otherwise, 3 products will be displayed by default. If the specified value is less than the total amount of products on complete new arrivals list, that value will be used instead. Drupal block settings can override this option (when the DrupalConnector module is enabled).', 'en'),
(207, 184, 'Show new products only from category being viewed by customer', 'Drupal block settings can override this option (when the DrupalConnector module is enabled).', 'en'),
(208, 185, '"Coming soon" block settings', '', 'en'),
(209, 186, 'Enable "Coming soon" feature in catalog', '', 'en'),
(210, 187, 'Mark upcoming products in catalog', 'Marks upcoming products on all products lists (except "Coming soon" lists) with the "Coming soon..." label.', 'en'),
(211, 188, 'Show arrival date on product details pages', '', 'en'),
(212, 189, 'Show "coming soon" products only from category being viewed by customer', 'Drupal block settings can override this option (when the DrupalConnector module is enabled).', 'en'),
(213, 190, 'Maximum number of products to display in "Coming soon" block', 'Defines a maximum number of products that can be displayed in the "Coming soon" block. Specify a non-zero value; otherwise, 3 products will be displayed by default. Drupal block settings can override this option (when the DrupalConnector module is enabled).', 'en'),
(214, 191, '"Recently viewed" block settings', '', 'en'),
(215, 192, 'Display "Recently viewed" block in catalog', '', 'en'),
(216, 193, 'Maximum number of products to display in "Recently viewed" block', 'Defines the maximum amount of products that can be displayed in the "Recently viewed" block. Leave 0 for no limit. Drupal block settings can override this option (when the DrupalConnector module is enabled).', 'en'),
(217, 194, '"Customers who bought this product also bought" block settings', '', 'en'),
(218, 195, 'Display block in catalog', '', 'en'),
(219, 196, 'Maximum number of products to display in block', 'Defines the maximum number of products that can be displayed in the "Customers who bought this product also bought" block. Specify a non-zero value; otherwise, 3 products will be displayed by default. Drupal block settings can override this option (when the DrupalConnector module is enabled).', 'en'),
(220, 197, '"Customers who viewed this product bought" block settings', '', 'en'),
(221, 198, 'Display block in catalog', '', 'en'),
(222, 199, 'Maximum number of products to display in block', 'Defines the maximum number of products that can be displayed in the "Customers who viewed this product bought" block. Specify a non-zero value; otherwise, 3 products will be displayed by default. Drupal block settings can override this option (when the DrupalConnector module is enabled).', 'en'),
(223, 200, 'Display the "Products on sale" block in the storefront', '', 'en'),
(224, 201, 'Display only the products on sale which are in the category being viewed (or its subcategories)', '', 'en'),
(225, 202, 'The maximum number of products to be displayed in the "Products on sale" block', 'The maximum number of products to be displayed in the "Products on sale" block. Set zero to display all products in the block. Drupal block settings can override this option (when the DrupalConnector module is enabled).', 'en'),
(226, 203, 'Logo', '', 'en'),
(227, 204, 'Favicon', '', 'en'),
(228, 205, 'Frequency of content renewal for Static page', '', 'en'),
(229, 206, 'Priority for Static page', 'The value should range from 0 to 1.', 'en'),
(230, 207, 'Show the default menu along with the custom one', '', 'en'),
(231, 208, 'Facebook', 'To enable Facebook login on your store website, you first need to create a Facebook App for your website. To learn more about Facebook Apps, follow the link: <a href="https://developers.facebook.com/apps">https://developers.facebook.com/apps</a>.<br /> After the app has been created, complete the fields below.', 'en'),
(232, 209, 'Facebook App ID/API Key', '', 'en'),
(233, 210, 'Facebook App Secret', '', 'en'),
(234, 211, 'Google', 'To enable Google login, you first need to create OAuth2 client ID for your site.<br /> Follow the instructions below: <br />1. Go to Google API console: <a href="https://code.google.com/apis/console#access">https://code.google.com/apis/console#access</a>. The first time you visit this address you will see a screen saying "Start using the Google APIs console to manage your API usage". Click "Create project...". <br />2. On the following screen, click "Create an OAuth2 client ID".  <br />3. Choose Web application type, enter your store URL and finish creating the Client ID.  <br />4. After the Client ID has been created, open its settings and use the "Authorized Redirect URIs" field to specify the redirect URI for your store as "{{WEB_LC_ROOT}}cart.php?target=social_login&action=login&auth_provider=google".  <br />5. The Google client ID and Google client secret can be found on the Client ID page. Enter them into the fields below.', 'en'),
(235, 212, 'Google Client ID', '', 'en'),
(236, 213, 'Google Client secret', '', 'en'),
(237, 214, 'Frequency of content renewal for Welcome page', '', 'en'),
(238, 215, 'Frequency of content renewal for Category page', '', 'en'),
(239, 216, 'Frequency of content renewal for Product page', '', 'en'),
(240, 217, 'Priority for Welcome page', 'The value should range from 0 to 1.', 'en'),
(241, 218, 'Priority for Category page', 'The value should range from 0 to 1.', 'en'),
(242, 219, 'Priority for Product page', 'The value should range from 0 to 1.', 'en'),
(243, 220, 'Enable "In stock only" filter', '', 'en'),
(244, 221, 'Enable "Price range" filter', '', 'en'),
(245, 222, 'Enable "Attributes" filter', '', 'en'),
(246, 223, 'Show only available attributes and tags for products in category', 'If the setting is disabled, the filter shows all the attribute values and tags used in your store. If the setting is enabled, X-Cart generates a data cache that is used to display in the filter only the attribute values and tags that are actually used for the products in the category being viewed. Please be aware that the availability of the products for specific user membership levels is not taken into account during cache generation.', 'en'),
(247, 224, 'Cache reset mode', 'Cache is first generated when a category page is opened. When attribute, tag or product data is changed, the generated cache is removed. It is then generated again when any category is opened.', 'en'),
(248, 225, 'Sort order for class attributes', '', 'en'),
(249, 220, 'Включить фильтр "Только товары в наличии"', '', 'ru'),
(250, 221, 'Включить фильтр "Цена"', '', 'ru'),
(251, 222, 'Включить фильтр "Атрибуты"', '', 'ru'),
(252, 223, 'Отображать только атрибуты и теги, реально используемые для продуктов в категории', 'Если данная настройка выключена, в фильтре показываются все значения атрибутов и все теги, используемые в магазине. Если настройка включена, X-Cart генерирует кеш данных, позволяющий отображать в фильтре только те значения атрибутов и теги, которые реально используются для товаров в просматриваемой категории. Обратите внимание, что доступность товаров для отдельных групп пользователей при генерации кеша не учитывается.', 'ru'),
(253, 224, 'Режим обновления кэша', 'Кеш впервые генерируется при открытии страницы категории. При внесении изменений в данные атрибутов, тегов или товаров, кеш сбрасывается. Затем он генерируется заново, когда происходит открытие любой категории.', 'ru'),
(254, 225, 'Порядок сортировки классовых атрибутов', '', 'ru'),
(255, 226, 'Who can leave feedback', '', 'en'),
(256, 227, 'Admin moderates all reviews before showing them to customers', '', 'en'),
(257, 228, 'The quantity of reviews for tabs product reviews', '', 'en'),
(258, 229, 'Use custom css', '', 'en'),
(259, 230, 'Use custom javascript', '', 'en'),
(260, 233, 'User ID', '', 'en'),
(261, 234, 'Password', '', 'en'),
(262, 235, 'Access key', '', 'en'),
(263, 236, 'UPS Account number', 'A shipper''s UPS account number is required when requesting to receive the negotiated rates.', 'en'),
(264, 237, 'Test mode', '', 'en'),
(265, 238, 'Additional settings', '', 'en'),
(266, 239, 'Package settings', '', 'en'),
(267, 240, 'Package box type', '', 'en'),
(268, 241, 'Package dimensions', '', 'en'),
(269, 242, 'Maximum package weight', '', 'en'),
(270, 243, 'Service options', '', 'en'),
(271, 244, 'Pickup type', '', 'en'),
(272, 245, 'Saturday pickup', '', 'en'),
(273, 246, 'Additional handling', '', 'en'),
(274, 247, 'Saturday delivery', '', 'en'),
(275, 248, 'Use negotiated rates', '', 'en'),
(276, 249, 'Delivery confirmation', '', 'en'),
(277, 250, 'Add insured value', '', 'en'),
(278, 251, 'Insured value', '', 'en'),
(279, 252, 'Cash on delivery', '', 'en'),
(280, 253, 'Currency conversion options', '', 'en'),
(281, 254, 'Shipping cost currency', '', 'en'),
(282, 255, 'Currency rate', 'If the UPS returns rates in currency which is differ from the currency the store uses for payments you need to specify the conversion rate to convert the shipping cost returned by UPS into the necessary currency. Otherwise leave 1.', 'en'),
(283, 256, 'Additional options', '', 'en'),
(284, 257, 'Enable debugging', 'This option enables logging of all communication between shopping cart and UPS server.', 'en'),
(285, 258, 'Number of news messages in the Top news list', '', 'en'),
(286, 258, 'Количество новостей в списке Последних новостей', '', 'ru'),
(287, 259, 'News messages per page', '', 'en'),
(288, 259, 'Количество новостей на странице', '', 'ru'),
(289, 260, 'Shipping cost for products with a defined shipping freight value should be calculated as', '', 'en'),
(290, 260, 'Стоимость доставки для продуктов с заданным значением поля "Фиксированная стоимость доставки" должна быть равна', '', 'ru'),
(291, 263, 'Account API Key', 'Paste in your API Key from your AuctionInc ShippingCalc account (Not required for Trial)', 'en'),
(292, 264, 'Destination Type', 'Indicates deliveries are to residential addresses', 'en'),
(293, 265, 'Debug mode', 'Enable debug mode to store debugging information to log file', 'en'),
(294, 266, 'Additional settings', '', 'en'),
(295, 267, 'Default values', 'These values will be used for any products for which you have not saved ShippingCalc settings', 'en'),
(296, 268, 'Calculation method', 'For carrier rates, your configured product weights (& dimensions) will be used', 'en'),
(297, 269, 'Package', 'Pack items from the same origin together, or each in its own box.', 'en'),
(298, 270, 'Insurable', 'Include product value for insurance calculation based on AuctionInc settings', 'en'),
(299, 271, 'Mode', '', 'en'),
(300, 272, 'Code', 'Enter your AuctionInc-configured fixed fee code', 'en'),
(301, 273, 'Fee 1', 'Enter fee for first item', 'en'),
(302, 274, 'Fee 2', 'Enter fee for additional items and quantities', 'en'),
(303, 275, 'Calculation options', '', 'en'),
(304, 276, 'Fallback rate', 'Optionally set default rate if the API cannot be reached or if no rates are found', 'en'),
(305, 277, 'Fallback rate value', '', 'en'),
(306, 278, 'Carrier Entry Point', '', 'en'),
(307, 279, 'DHL', 'How you deliver your packages to the carrier', 'en'),
(308, 280, 'Federal Express', 'How you deliver your packages to the carrier', 'en'),
(309, 281, 'United Parcel Service', 'How you deliver your packages to the carrier', 'en'),
(310, 282, 'United States Postal Service', 'Select Comm Base if your print your labels online', 'en'),
(311, 283, 'Checkout type', '', 'en'),
(312, 284, 'Show number of products in category', 'Select to show the number of products in a category next to the category''s name', 'en'),
(313, 285, 'Wrap long category names', 'Enable word wrapping for long category names', 'en'),
(314, 286, 'Show category triangles', 'Select to display a tiny triangle next the names of categories that include subcategories. Categories that do not contain subcategories will not be furnished with a triangle. Having this option activated would help your store visitors to navigate through your category tree better', 'en'),
(315, 290, 'Turn on the CloudSearch specific search on the product list', '', 'en'),
(316, 290, 'Включить поиск продуктов от CloudSearch', '', 'ru'),
(317, 291, 'Include products attributes into CloudSearch index', '', 'en'),
(318, 291, 'Вносить в индекс CloudSearch информацию об атрибутах', '', 'ru'),
(319, 292, 'Use a better template for displaying line item subtotals', '', 'en'),
(320, 292, 'Использовать улучшенный шаблон для отображения цен пунктов заказа', '', 'ru'),
(321, 293, 'Test mode', '', 'en'),
(322, 294, 'API key', 'A unique 32 character API key is used to authorise inbound requests to the APIs. To obtain an API key please visit <a href="http://auspost.com.au/devcentre">http://auspost.com.au/devcentre</a> and follow the link to create your Australia Post ID. After registration has been successfully completed you will be emailed an API key.', 'en'),
(323, 295, 'Package settings', '', 'en'),
(324, 297, 'Package box type', '', 'en'),
(325, 298, 'Package dimensions (mm)', '', 'en'),
(326, 299, 'Additional settings', '', 'en'),
(327, 300, 'Service option', '', 'en'),
(328, 301, 'Extra cover type', '', 'en'),
(329, 302, 'Extra cover value', 'The specified value (if not empty) will be used as an extra cover value. Otherwise an order total will be used.', 'en'),
(330, 303, 'Currency rate', 'Specify rate X, where 1 AUD = X in shop currency.', 'en'),
(331, 304, 'Enable new methods', 'When AustraliaPost return shipping methods which does not exists in the available methods list, these methods will be created in the list automatically. You can specify should these methods be created as enabled and accessible customers just after they created, or these methods must be hidden from customer until you manually validate them.', 'en'),
(332, 305, 'Enable debugging', 'This option enables logging of all communication between the shopping cart and AustraliaPost server.', 'en'),
(333, 307, 'Merchant''s skrill.com account', '', 'en'),
(334, 308, 'Company logo URL', '', 'en'),
(335, 309, 'Test mode', '', 'en'),
(336, 310, 'Secret word', 'The uppercase MD5 value of the ASCII equivalent of the secret word submitted in the "Merchant Tools" section of the Merchant.s online Skrill account.', 'en'),
(337, 311, 'Invoice number prefix', '', 'en'),
(338, 313, 'Use the same tax rates for all user membership levels', '', 'en'),
(339, 314, 'Address for sales tax calculation', '', 'en'),
(340, 315, 'Taxable base', '', 'en'),
(341, 316, 'User ID', '', 'en'),
(342, 317, 'U.S.P.S. API server URL', 'Enter the URL provided to you by U.S.P.S. in the notification about your successful registration for the U. S. Postal Service''s Web Tools Application Program Interfaces. For example: <ul><li>http://testing.shippingapis.com/ShippingAPITest.dll</li><li>http://production.shippingapis.com/ShippingAPI.dll</li></ul>', 'en'),
(343, 318, 'Additional settings', '', 'en'),
(344, 319, 'Common options', '', 'en'),
(345, 320, 'Package Size (length + girth, inches)', '', 'en'),
(346, 321, 'Package dimensions (inches)', '', 'en'),
(347, 322, 'Girth', 'Required for large size and if the container is non-rectangular or variable', 'en'),
(348, 323, 'Maximum package weight', '', 'en'),
(349, 324, 'Machinable', '', 'en'),
(350, 325, 'Currency conversion rate', 'Specify rate X, where 1 USD = X in shop currency.<br/>The shipping cost is always returned in US Dollars. So if the store uses a different currency for payments, you need to specify a conversion rate to convert the shipping cost returned by the shipping service into your store''s currency. If the same currency is used, leave this set to 1.', 'en'),
(351, 326, 'Domestic U.S.P.S.', '', 'en'),
(352, 327, 'Container', '', 'en'),
(353, 328, 'First-Class mail type', '', 'en'),
(354, 329, 'Pricing type to be used', '', 'en'),
(355, 330, 'International U.S.P.S.', '', 'en'),
(356, 331, 'Mail type', '', 'en'),
(357, 332, 'Container', '', 'en'),
(358, 333, 'Get commercial base postage', '', 'en'),
(359, 334, 'Global Express Guarantee (GXG)', '', 'en'),
(360, 335, 'GXG destination is a post office box', '', 'en'),
(361, 336, 'GXG package contains a gift', '', 'en'),
(362, 337, 'Cash on delivery', '', 'en'),
(363, 338, 'Use a fixed amount Collect on Delivery fee', 'If you are planning to allow your customers to use the COD payment method for orders shipped with USPS shipping methods, you can make the calculation of shipping costs faster by setting a fixed extra fee for using the COD payment method.<br /><br />If a fixed amount COD fee is not set on the store''s end, it will be calculated on the USPS end, and to get information about the COD fee amount the store will need to send several requests to the USPS API (one for each USPS service type), which may take up to 14 seconds. When using a fixed amount COD fee, the store will only send a single request to the USPS API, which will take under one second.<br /><br />Using a <b>fixed amount COD fee</b> allows the store to calculate the shipping cost much faster and is the <b>recommended option</b>.', 'en'),
(364, 339, 'Fixed COD price', 'If you have selected to use a fixed COD fee, specify the fee amount here. The COD fee will be used for all shipping methods returned by the USPS server.<br /><br />You can find the current price for the USPS Collect on Delivery (COD) extra service on this page: <a href="https://www.usps.com/business/add-extra-services.htm" target="_blank">https://www.usps.com/business/add-extra-services.htm</a>', 'en'),
(365, 340, 'Additional options', '', 'en'),
(366, 341, 'Log all communication between shopping cart and USPS server', '', 'en'),
(367, 342, 'Auto enable new USPS shipping methods', '', 'en'),
(368, 316, 'Идентификатор пользователя', '', 'ru'),
(369, 317, 'Веб-адрес API сервера U.S.P.S.', 'Введите веб-адрес, указанный в уведомлении от U.S.P.S. об успешной регистрации в U. S. Postal Service Web Tools Application Program Interfaces. Например: <ul><li>http://testing.shippingapis.com/ShippingAPITest.dll</li><li>http://production.shippingapis.com/ShippingAPI.dll</li></ul>', 'ru'),
(370, 318, 'Дополнительные настройки', '', 'ru'),
(371, 319, 'Общие настройки', '', 'ru'),
(372, 321, 'Размеры упаковки (в дюймах)', '', 'ru'),
(373, 322, 'Периметр (дюймы)', 'Для больших размеров и непрямоугольного и неизменяемого контейнера.', 'ru'),
(374, 323, 'Максимальный вес упаковки', '', 'ru'),
(375, 325, 'Коэффициент пересчета валюты', 'Укажите ставку X, где 1 USD = X в валюте магазина.<br/>Стоимость доставки всегда определяется в американских доллрах. Если в магазине используется другая валюта, необходимо указать коэффициент пересчёта стоимости доставки, полученной от службы доставки, в валюту магазина. Если валюта совпадает, оставить коэффициент равным 1.', 'ru'),
(376, 326, 'Локальный U.S.P.S.', '', 'ru'),
(377, 327, 'Тара', '', 'ru'),
(378, 320, 'Размеры упаковки (длина+обхват, в дюймах)', '', 'ru'),
(379, 328, 'Тип почтового отправления для сервиса First-Class', '', 'ru'),
(380, 324, 'Машинная обработка', '', 'ru'),
(381, 329, 'Используемый тип цены (розничная, коммерческая и т.п.)', '', 'ru'),
(382, 330, 'Международная служба U.S.P.S.', '', 'ru'),
(383, 331, 'Тип почтового отправления', '', 'ru'),
(384, 332, 'Тара', '', 'ru'),
(385, 333, 'Воспользоваться услугой Commercial Base', '', 'ru'),
(386, 334, 'Служба доставки Global Express Guarantee (GXG)', '', 'ru'),
(387, 335, 'Пункт назначения GXG - абонентский ящик', '', 'ru'),
(388, 336, 'В посылке GXG есть подарок', '', 'ru'),
(389, 337, 'Оплата при получении', '', 'ru'),
(390, 338, 'Использовать фиксированную сумму наценки на доставку наложенным платежом', 'Если вы планируете предоставлять покупателям возможность оплаты заказа при получении при доставке методами USPS, вы можете ускорить расчет стоимости доставки заказа, установив фиксированную наценку за использование данного метода оплаты. В случае, когда размер наценки не задан жестко на стороне магазина, расчет наценки будет осуществляться на стороне USPS, и для получения информации о размере наценки магазин должен будет отправить несколько запросов к USPS API (по одному для каждого типа сервисов USPS), что в общей сложности может занять до 20 сек. При использовании фиксированной наценки магазин будет делать всего один запрос к USPS API, на который ему потребуется менее одной секунды. Использование фиксированной наценки значительно ускоряет расчет стоимости доставки методами USPS и является рекомендуемой опцией.', 'ru'),
(391, 339, 'Fixed COD price', 'Если вы выбрали использование фиксированной наценки на COD, укажите здесь ее значение. Это значение будет использовано для всех методов доставки USPS. Вы можете найти актуальное значение наценки за использование услуги Collect on delivery на этой странице: <a href="https://www.usps.com/business/add-extra-services.htm" target="_blank">https://www.usps.com/business/add-extra-services.htm</a>', 'ru'),
(392, 340, 'Дополнительные опции', '', 'ru'),
(393, 341, 'Записать всю коммуникацию магазина с сервером USPS', '', 'ru'),
(394, 342, 'Добавлять новые методы USPS включенными', '', 'ru'),
(395, 343, 'Store ID', 'Store ID is an unique value generated by X-Payments for this shopping cart. This value should be obtained from this online store details page in X-Payments back-end.', 'en'),
(396, 344, 'X-Payments URL', 'URL of your X-Payments installation (specify the URL beginning with https://). The store will send payment transaction requests to this URL.', 'en'),
(397, 345, 'Public key', 'Public key is used to encrypt requests from the store to your X-Payments installation. This value should be obtained from this online store details page in X-Payments back-end.', 'en'),
(398, 346, 'Private key', 'Private key is used to decrypt responses and callback requests that the store receives from your X-Payments installation. This value should be obtained from this online store details page in X-Payments back-end.', 'en'),
(399, 347, 'Private key password', 'Private key password is used to decrypt the Private key. This value should be obtained from this online store details page in X-Payments back-end.', 'en'),
(400, 348, 'IP addresses for X-Payments callbacks (optional)', 'X-Payments sends callback requests to the store from specific IP addresses. To secure the data transfer and avoid fraudulent requests, specify these IP addresses here as a comma-separated list.', 'en'),
(401, 349, 'Payment currency', 'All the payments will be made using the currency specified here.', 'en'),
(402, 350, 'API version compatibility', '', 'en'),
(403, 351, 'Use iframe', '', 'en'),
(404, 352, 'Date when the payment methods were loaded from site', '', 'en'),
(405, 353, 'List of payment methods allowed by X-Payments', '', 'en'),
(406, 354, 'Payment method for card setup', '', 'en'),
(407, 355, 'Authorize amount for card setup', 'Which amount should be authorized on card. Recommended 0.00, 0.01 or 1.00. Note: if you chose 0.00 make sure the payment gateway supports such authorization', 'en'),
(408, 356, 'Description of the card setup payment', 'Description of card setup authorization. It`s sent to the payment gateway and can be seen by you and your customers thru the bank receipt.', 'en'),
(409, 357, 'New payment status', 'New payment status', 'en'),
(410, 358, 'Auth payment status', 'Auth payment status', 'en'),
(411, 359, 'Charged payment status', 'Charged payment status', 'en'),
(412, 360, 'Partially captured payment status', 'Partially captured payment status', 'en'),
(413, 361, 'Declined payment status', 'Declined payment status', 'en'),
(414, 362, 'Refunded payment status', 'Refunded payment status', 'en'),
(415, 363, 'Partially refunded payment status', 'Partially refunded payment status', 'en'),
(416, 366, 'User', '', 'en'),
(417, 367, 'Password', '', 'en'),
(418, 368, 'Developer mode', '', 'en'),
(419, 369, 'Log all comunications between shopping cart and UPS server', '', 'en'),
(420, 370, 'Additional settings', '', 'en'),
(421, 371, 'Quote type', '', 'en'),
(422, 372, 'Customer number', '', 'en'),
(423, 373, 'Currency rate', '(specify rate X, where 1 CAD = X in shop currency)', 'en'),
(424, 374, 'Contract shipping options', '', 'en'),
(425, 375, 'Contract ID', '', 'en'),
(426, 376, 'Shipments pick up type', '', 'en'),
(427, 377, 'Site number of the deposit location', 'Look up the site number using <a href="https://www.canadapost.ca/cpotools/apps/fdl/business/findDepositLocation?execution=e1s1">Find a Deposit Location</a>', 'en'),
(428, 378, 'Render detailed manifest', '', 'en'),
(429, 379, 'Contact name for the manifest address', '', 'en'),
(430, 380, 'Deliver to Post Office options', '', 'en'),
(431, 381, 'Enable "Deliver to Post Office" feature', '', 'en'),
(432, 382, 'Maximum Post Offices that will be displayed', '', 'en'),
(433, 383, 'Parcel characteristics', '', 'en'),
(434, 384, 'Package length (cm)', 'Longest dimension. (3.1 digits e.g. 999.9 pattern)', 'en'),
(435, 385, 'Package width (cm)', 'Second longest dimension. (3.1 digits e.g. 999.9 pattern)', 'en'),
(436, 386, 'Package height (cm)', 'Shortest dimension. (3.1 digits e.g. 999.9 pattern)', 'en'),
(437, 387, 'Package maximum weight (kg)', 'This value will be used to separate ordered products into several packages by weight', 'en'),
(438, 388, 'Document', 'Indicates whether the shipment is a document or not.', 'en'),
(439, 389, 'Unpackaged', 'Indicates whether a shipment is unpackaged or not. For example, auto tires may be an example of an unpackaged shipment.', 'en'),
(440, 390, 'Mailing tube', 'Indicates whether a shipment is contained in a mailing tube. (e.g. a poster tube)', 'en'),
(441, 391, 'Oversized', 'Indicates whether the parcel is oversized or not.', 'en'),
(442, 392, 'Parcel options', '', 'en'),
(443, 393, 'Way to deliver', '', 'en'),
(444, 394, 'Signature', '', 'en'),
(445, 395, 'Proof of age', '', 'en'),
(446, 396, 'Coverage', 'In percent of the order subtotal (0 - do not use coverage)', 'en'),
(447, 397, 'Non-delivery instructions', '', 'en'),
(448, 398, 'Amazon Seller ID', 'If you do not have seller account, you can register here:<br /><a href="https://payments.amazon.com/signup?LD=SPEXUSAPA_XCart_core" target="_blank">USA</a>,&nbsp;<a href="https://payments.amazon.co.uk/preregistration/lpa?LD=SPEXUKAPA_XCart_core" target="_blank">UK</a>,&nbsp;<a href="https://payments.amazon.de/preregistration/lpa?LD=SPEXDEAPA_XCart_core" target="_blank">Germany</a>', 'en'),
(449, 399, 'Operation mode', '', 'en'),
(450, 400, 'Access Key ID', '', 'en'),
(451, 401, 'Secret Access Key', '', 'en'),
(452, 402, 'Client ID', 'Register your website as an application on the <a href="http://login.amazon.com/manageApps" trget="_blank">Login with Amazon App Console</a>. For more information, see the <a href="https://images-na.ssl-images-amazon.com/images/G/01/lwa/dev/docs/website-gsg._TTH_.pdf" target="_blank">Login with Amazon Getting Started Guide</a>. A client identifier (Client ID) is set when you register your website. You will need this identifier for your integration.', 'en'),
(453, 403, 'Country of Merchant account', '', 'en'),
(454, 404, 'Capture mode', '', 'en'),
(455, 405, 'Type of authorization request', '', 'en'),
(456, 406, 'OrderId prefix', '', 'en');

-- --------------------------------------------------------

--
-- Table structure for table `xc_content_images`
--

DROP TABLE IF EXISTS `xc_content_images`;
CREATE TABLE IF NOT EXISTS `xc_content_images` (
  `id` int(10) UNSIGNED NOT NULL AUTO_INCREMENT,
  `width` int(11) NOT NULL,
  `height` int(11) NOT NULL,
  `hash` char(32) COLLATE utf8_unicode_ci DEFAULT NULL,
  `needProcess` tinyint(1) NOT NULL,
  `path` varchar(512) COLLATE utf8_unicode_ci NOT NULL,
  `fileName` varchar(255) COLLATE utf8_unicode_ci NOT NULL,
  `mime` varchar(128) COLLATE utf8_unicode_ci NOT NULL,
  `storageType` varchar(1) COLLATE utf8_unicode_ci NOT NULL,
  `size` int(10) UNSIGNED NOT NULL,
  `date` int(10) UNSIGNED NOT NULL,
  PRIMARY KEY (`id`)
) ENGINE=InnoDB DEFAULT CHARSET=utf8 COLLATE=utf8_unicode_ci;

-- --------------------------------------------------------

--
-- Table structure for table `xc_countries`
--

DROP TABLE IF EXISTS `xc_countries`;
CREATE TABLE IF NOT EXISTS `xc_countries` (
  `code` char(2) COLLATE utf8_unicode_ci NOT NULL,
  `currency_id` int(10) UNSIGNED DEFAULT NULL,
  `id` int(11) NOT NULL,
  `code3` char(3) COLLATE utf8_unicode_ci NOT NULL,
  `enabled` tinyint(1) NOT NULL,
  PRIMARY KEY (`code`),
  UNIQUE KEY `UNIQ_C4F7794977153098` (`code`),
  KEY `IDX_1C4F7794938248176` (`currency_id`),
  KEY `enabled` (`enabled`)
) ENGINE=InnoDB DEFAULT CHARSET=utf8 COLLATE=utf8_unicode_ci;

--
-- Dumping data for table `xc_countries`
--

INSERT INTO `xc_countries` (`code`, `currency_id`, `id`, `code3`, `enabled`) VALUES
('AD', 978, 20, 'AND', 1),
('AE', 784, 784, 'ARE', 1),
('AF', 971, 4, 'AFG', 1),
('AG', 951, 28, 'ATG', 1),
('AI', 951, 660, 'AIA', 1),
('AL', 8, 8, 'ALB', 1),
('AM', 51, 51, 'ARM', 1),
('AO', 973, 24, 'AGO', 1),
('AQ', NULL, 10, 'ATA', 1),
('AR', 32, 32, 'ARG', 1),
('AS', 840, 16, 'ASM', 1),
('AT', 978, 40, 'AUT', 1),
('AU', 36, 36, 'AUS', 1),
('AW', 533, 533, 'ABW', 1),
('AX', 978, 248, 'ALA', 1),
('AZ', 944, 31, 'AZE', 1),
('BA', 977, 70, 'BIH', 1),
('BB', 52, 52, 'BRB', 1),
('BD', 50, 50, 'BGD', 1),
('BE', 978, 56, 'BEL', 1),
('BF', 952, 854, 'BFA', 1),
('BG', 975, 100, 'BGR', 1),
('BH', 48, 48, 'BHR', 1),
('BI', 108, 108, 'BDI', 1),
('BJ', 952, 204, 'BEN', 1),
('BL', 978, 652, 'BLM', 1),
('BM', 60, 60, 'BMU', 1),
('BN', 96, 96, 'BRN', 1),
('BO', 68, 68, 'BOL', 1),
('BQ', 840, 535, 'BES', 1),
('BR', 986, 76, 'BRA', 1),
('BS', 44, 44, 'BHS', 1),
('BT', 356, 64, 'BTN', 1),
('BV', 578, 74, 'BVT', 1),
('BW', 72, 72, 'BWA', 1),
('BY', 974, 112, 'BLR', 1),
('BZ', 84, 84, 'BLZ', 1),
('CA', 124, 124, 'CAN', 1),
('CC', 36, 166, 'CCK', 1),
('CD', 976, 180, 'COD', 1),
('CF', 950, 140, 'CAF', 1),
('CG', 950, 178, 'COG', 1),
('CH', 756, 756, 'CHE', 1),
('CI', 950, 384, 'CIV', 1),
('CK', 554, 184, 'COK', 1),
('CL', 152, 152, 'CHL', 1),
('CM', 950, 120, 'CMR', 1),
('CN', 156, 156, 'CHN', 1),
('CO', 170, 170, 'COL', 1),
('CR', 188, 188, 'CRI', 1),
('CU', 192, 192, 'CUB', 1),
('CV', 132, 132, 'CPV', 1),
('CW', 532, 531, 'CUW', 1),
('CX', 36, 162, 'CXR', 1),
('CY', 978, 196, 'CYP', 1),
('CZ', 203, 203, 'CZE', 1),
('DE', 978, 276, 'DEU', 1),
('DJ', 262, 262, 'DJI', 1),
('DK', 208, 208, 'DNK', 1),
('DM', 951, 212, 'DMA', 1),
('DO', 214, 214, 'DOM', 1),
('DZ', 12, 12, 'DZA', 1),
('EC', 840, 218, 'ECU', 1),
('EE', 978, 233, 'EST', 1),
('EG', 818, 818, 'EGY', 1),
('EH', 504, 732, 'ESH', 1),
('ER', 232, 232, 'ERI', 1),
('ES', 978, 724, 'ESP', 1),
('ET', 230, 231, 'ETH', 1),
('FI', 978, 246, 'FIN', 1),
('FJ', 242, 242, 'FJI', 1),
('FK', 238, 238, 'FLK', 1),
('FM', 840, 583, 'FSM', 1),
('FO', 208, 234, 'FRO', 1),
('FR', 978, 250, 'FRA', 1),
('GA', 950, 266, 'GAB', 1),
('GB', 826, 826, 'GBR', 1),
('GD', 951, 308, 'GRD', 1),
('GE', 981, 268, 'GEO', 1),
('GF', 978, 254, 'GUF', 1),
('GG', 826, 831, 'GGY', 1),
('GH', 936, 288, 'GHA', 1),
('GI', 292, 292, 'GIB', 1),
('GL', 208, 304, 'GRL', 1),
('GM', 270, 270, 'GMB', 1),
('GN', 324, 324, 'GIN', 1),
('GP', 978, 312, 'GLP', 1),
('GQ', 950, 226, 'GNQ', 1),
('GR', 978, 300, 'GRC', 1),
('GS', 826, 239, 'SGS', 1),
('GT', 320, 320, 'GTM', 1),
('GU', 840, 316, 'GUM', 1),
('GW', 952, 624, 'GNB', 1),
('GY', 328, 328, 'GUY', 1),
('HK', 344, 344, 'HKG', 1),
('HM', 36, 334, 'HMD', 1),
('HN', 340, 340, 'HND', 1),
('HR', 191, 191, 'HRV', 1),
('HT', 332, 332, 'HTI', 1),
('HU', 348, 348, 'HUN', 1),
('ID', 360, 360, 'IDN', 1),
('IE', 978, 372, 'IRL', 1),
('IL', 376, 376, 'ISR', 1),
('IM', 826, 833, 'IMN', 1),
('IN', 356, 356, 'IND', 1),
('IO', 840, 86, 'IOT', 1),
('IQ', 368, 368, 'IRQ', 1),
('IR', 364, 364, 'IRN', 1),
('IS', 352, 352, 'ISL', 1),
('IT', 978, 380, 'ITA', 1),
('JE', 826, 832, 'JEY', 1),
('JM', 388, 388, 'JAM', 1),
('JO', 400, 400, 'JOR', 1),
('JP', 392, 392, 'JPN', 1),
('KE', 404, 404, 'KEN', 1),
('KG', 417, 417, 'KGZ', 1),
('KH', 116, 116, 'KHM', 1),
('KI', 36, 296, 'KIR', 1),
('KM', 174, 174, 'COM', 1),
('KN', 951, 659, 'KNA', 1),
('KP', 408, 408, 'PRK', 1),
('KR', 410, 410, 'KOR', 1),
('KW', 414, 414, 'KWT', 1),
('KY', 136, 136, 'CYM', 1),
('KZ', 398, 398, 'KAZ', 1),
('LA', 418, 418, 'LAO', 1),
('LB', 422, 422, 'LBN', 1),
('LC', 951, 662, 'LCA', 1),
('LI', 756, 438, 'LIE', 1),
('LK', 144, 144, 'LKA', 1),
('LR', 430, 430, 'LBR', 1),
('LS', 426, 426, 'LSO', 1),
('LT', 440, 440, 'LTU', 1),
('LU', 978, 442, 'LUX', 1),
('LV', 428, 428, 'LVA', 1),
('LY', 434, 434, 'LBY', 1),
('MA', 504, 504, 'MAR', 1),
('MC', 978, 492, 'MCO', 1),
('MD', 498, 498, 'MDA', 1),
('ME', 978, 499, 'MNE', 1),
('MF', 978, 663, 'MAF', 1),
('MG', 969, 450, 'MDG', 1),
('MH', 840, 584, 'MHL', 1),
('MK', 807, 807, 'MKD', 1),
('ML', 952, 466, 'MLI', 1),
('MM', 64, 104, 'MMR', 1),
('MN', 496, 496, 'MNG', 1),
('MO', 446, 446, 'MAC', 1),
('MP', 840, 580, 'MNP', 1),
('MQ', 978, 474, 'MTQ', 1),
('MR', 478, 478, 'MRT', 1),
('MS', 951, 500, 'MSR', 1),
('MT', 978, 470, 'MLT', 1),
('MU', 480, 480, 'MUS', 1),
('MV', 462, 462, 'MDV', 1),
('MW', 454, 454, 'MWI', 1),
('MX', 484, 484, 'MEX', 1),
('MY', 458, 458, 'MYS', 1),
('MZ', 943, 508, 'MOZ', 1),
('NA', 516, 516, 'NAM', 1),
('NC', 953, 540, 'NCL', 1),
('NE', 952, 562, 'NER', 1),
('NF', 36, 574, 'NFK', 1),
('NG', 566, 566, 'NGA', 1),
('NI', 558, 558, 'NIC', 1),
('NL', 978, 528, 'NLD', 1),
('NO', 578, 578, 'NOR', 1),
('NP', 524, 524, 'NPL', 1),
('NR', 36, 520, 'NRU', 1),
('NU', 554, 570, 'NIU', 1),
('NZ', 554, 554, 'NZL', 1),
('OM', 512, 512, 'OMN', 1),
('PA', 590, 591, 'PAN', 1),
('PE', 604, 604, 'PER', 1),
('PF', 953, 258, 'PYF', 1),
('PG', 598, 598, 'PNG', 1),
('PH', 608, 608, 'PHL', 1),
('PK', 586, 586, 'PAK', 1),
('PL', 985, 616, 'POL', 1),
('PM', 978, 666, 'SPM', 1),
('PN', 554, 612, 'PCN', 1),
('PR', 840, 630, 'PRI', 1),
('PS', 400, 275, 'PSE', 1),
('PT', 978, 620, 'PRT', 1),
('PW', 840, 585, 'PLW', 1),
('PY', 600, 600, 'PRY', 1),
('QA', 634, 634, 'QAT', 1),
('RE', 978, 638, 'REU', 1),
('RO', 946, 642, 'ROU', 1),
('RS', 941, 688, 'SRB', 1),
('RU', 643, 643, 'RUS', 1),
('RW', 646, 646, 'RWA', 1),
('SA', 682, 682, 'SAU', 1),
('SB', 90, 90, 'SLB', 1),
('SC', 690, 690, 'SYC', 1),
('SD', 938, 729, 'SDN', 1),
('SE', 752, 752, 'SWE', 1),
('SG', 702, 702, 'SGP', 1),
('SH', 654, 654, 'SHN', 1),
('SI', 978, 705, 'SVN', 1),
('SJ', 978, 744, 'SJM', 1),
('SK', 978, 703, 'SVK', 1),
('SL', 694, 694, 'SLE', 1),
('SM', 978, 674, 'SMR', 1),
('SN', 952, 686, 'SEN', 1),
('SO', 706, 706, 'SOM', 1),
('SR', 968, 740, 'SUR', 1),
('SS', 728, 728, 'SSD', 1),
('ST', 678, 678, 'STP', 1),
('SV', 222, 222, 'SLV', 1),
('SX', 532, 534, 'SXM', 1),
('SY', 760, 760, 'SYR', 1),
('SZ', 748, 748, 'SWZ', 1),
('TC', 840, 796, 'TCA', 1),
('TD', 950, 148, 'TCD', 1),
('TF', 978, 260, 'ATF', 1),
('TG', 952, 768, 'TGO', 1),
('TH', 764, 764, 'THA', 1),
('TJ', 972, 762, 'TJK', 1),
('TK', 554, 772, 'TKL', 1),
('TL', 840, 626, 'TLS', 1),
('TM', 934, 795, 'TKM', 1),
('TN', 788, 788, 'TUN', 1),
('TO', 776, 776, 'TON', 1),
('TR', 949, 792, 'TUR', 1),
('TT', 780, 780, 'TTO', 1),
('TV', 36, 798, 'TUV', 1),
('TW', 901, 158, 'TWN', 1),
('TZ', 834, 834, 'TZA', 1),
('UA', 980, 804, 'UKR', 1),
('UG', 800, 800, 'UGA', 1),
('UM', 840, 581, 'UMI', 1),
('US', 840, 840, 'USA', 1),
('UY', 858, 858, 'URY', 1),
('UZ', 860, 860, 'UZB', 1),
('VA', 978, 336, 'VAT', 1),
('VC', 951, 670, 'VCT', 1),
('VE', 937, 862, 'VEN', 1),
('VG', 840, 92, 'VGB', 1),
('VI', 840, 850, 'VIR', 1),
('VN', 704, 704, 'VNM', 1),
('VU', 548, 548, 'VUT', 1),
('WF', 953, 876, 'WLF', 1),
('WS', 882, 882, 'WSM', 1),
('YE', 886, 887, 'YEM', 1),
('YT', 978, 175, 'MYT', 1),
('ZA', 710, 710, 'ZAF', 1),
('ZM', 894, 894, 'ZMB', 1),
('ZW', 932, 716, 'ZWE', 1);

-- --------------------------------------------------------

--
-- Table structure for table `xc_country_translations`
--

DROP TABLE IF EXISTS `xc_country_translations`;
CREATE TABLE IF NOT EXISTS `xc_country_translations` (
  `label_id` int(11) NOT NULL AUTO_INCREMENT,
  `id` char(2) COLLATE utf8_unicode_ci DEFAULT NULL,
  `country` varchar(64) COLLATE utf8_unicode_ci NOT NULL,
  `code` char(2) COLLATE utf8_unicode_ci NOT NULL,
  PRIMARY KEY (`label_id`),
  KEY `ci` (`code`,`id`),
  KEY `country` (`country`),
  KEY `id` (`id`)
) ENGINE=InnoDB AUTO_INCREMENT=250 DEFAULT CHARSET=utf8 COLLATE=utf8_unicode_ci;

--
-- Dumping data for table `xc_country_translations`
--

INSERT INTO `xc_country_translations` (`label_id`, `id`, `country`, `code`) VALUES
(1, 'AF', 'Afghanistan', 'en'),
(2, 'AX', 'Åland Islands', 'en'),
(3, 'AL', 'Albania', 'en'),
(4, 'DZ', 'Algeria', 'en'),
(5, 'AS', 'American Samoa', 'en'),
(6, 'AD', 'Andorra', 'en'),
(7, 'AO', 'Angola', 'en'),
(8, 'AI', 'Anguilla', 'en'),
(9, 'AQ', 'Antarctica', 'en'),
(10, 'AG', 'Antigua and Barbuda', 'en'),
(11, 'AR', 'Argentina', 'en'),
(12, 'AM', 'Armenia', 'en'),
(13, 'AW', 'Aruba', 'en'),
(14, 'AU', 'Australia', 'en'),
(15, 'AT', 'Austria', 'en'),
(16, 'AZ', 'Azerbaijan', 'en'),
(17, 'BS', 'Bahamas', 'en'),
(18, 'BH', 'Bahrain', 'en'),
(19, 'BD', 'Bangladesh', 'en'),
(20, 'BB', 'Barbados', 'en'),
(21, 'BY', 'Belarus', 'en'),
(22, 'BE', 'Belgium', 'en'),
(23, 'BZ', 'Belize', 'en'),
(24, 'BJ', 'Benin', 'en'),
(25, 'BM', 'Bermuda', 'en'),
(26, 'BT', 'Bhutan', 'en'),
(27, 'BO', 'Bolivia, Plurinational State of', 'en'),
(28, 'BQ', 'Bonaire, Sint Eustatius and Saba', 'en'),
(29, 'BA', 'Bosnia and Herzegowina', 'en'),
(30, 'BW', 'Botswana', 'en'),
(31, 'BV', 'Bouvet Island', 'en'),
(32, 'BR', 'Brazil', 'en'),
(33, 'IO', 'British Indian Ocean Territory', 'en'),
(34, 'BN', 'Brunei Darussalam', 'en'),
(35, 'BG', 'Bulgaria', 'en'),
(36, 'BF', 'Burkina Faso', 'en'),
(37, 'BI', 'Burundi', 'en'),
(38, 'KH', 'Cambodia', 'en'),
(39, 'CM', 'Cameroon', 'en'),
(40, 'CA', 'Canada', 'en'),
(41, 'CV', 'Cape Verde', 'en'),
(42, 'KY', 'Cayman Islands', 'en'),
(43, 'CF', 'Central African Republic', 'en'),
(44, 'TD', 'Chad', 'en'),
(45, 'CL', 'Chile', 'en'),
(46, 'CN', 'China', 'en'),
(47, 'CX', 'Christmas Island', 'en'),
(48, 'CC', 'Cocos (Keeling) Islands', 'en'),
(49, 'CO', 'Colombia', 'en'),
(50, 'KM', 'Comoros', 'en'),
(51, 'CG', 'Congo', 'en'),
(52, 'CD', 'Congo, the Democratic Republic of the', 'en'),
(53, 'CK', 'Cook Islands', 'en'),
(54, 'CR', 'Costa Rica', 'en'),
(55, 'CI', 'Côte d''Ivoire', 'en'),
(56, 'HR', 'Croatia', 'en'),
(57, 'CU', 'Cuba', 'en'),
(58, 'CW', 'Curaçao', 'en'),
(59, 'CY', 'Cyprus', 'en'),
(60, 'CZ', 'Czech Republic', 'en'),
(61, 'DK', 'Denmark', 'en'),
(62, 'DJ', 'Djibouti', 'en'),
(63, 'DM', 'Dominica', 'en'),
(64, 'DO', 'Dominican Republic', 'en'),
(65, 'EC', 'Ecuador', 'en'),
(66, 'EG', 'Egypt', 'en'),
(67, 'SV', 'El Salvador', 'en'),
(68, 'GQ', 'Equatorial Guinea', 'en'),
(69, 'ER', 'Eritrea', 'en'),
(70, 'EE', 'Estonia', 'en'),
(71, 'ET', 'Ethiopia', 'en'),
(72, 'FK', 'Falkland Islands (Malvinas)', 'en'),
(73, 'FO', 'Faroe Islands', 'en'),
(74, 'FJ', 'Fiji', 'en'),
(75, 'FI', 'Finland', 'en'),
(76, 'FR', 'France', 'en'),
(77, 'GF', 'French Guiana', 'en'),
(78, 'PF', 'French Polynesia', 'en'),
(79, 'TF', 'French Southern Territories', 'en'),
(80, 'GA', 'Gabon', 'en'),
(81, 'GM', 'Gambia', 'en'),
(82, 'GE', 'Georgia', 'en'),
(83, 'DE', 'Germany', 'en'),
(84, 'GH', 'Ghana', 'en'),
(85, 'GI', 'Gibraltar', 'en'),
(86, 'GR', 'Greece', 'en'),
(87, 'GL', 'Greenland', 'en'),
(88, 'GD', 'Grenada', 'en'),
(89, 'GP', 'Guadeloupe', 'en'),
(90, 'GU', 'Guam', 'en'),
(91, 'GT', 'Guatemala', 'en'),
(92, 'GG', 'Guernsey', 'en'),
(93, 'GN', 'Guinea', 'en'),
(94, 'GW', 'Guinea-Bissau', 'en'),
(95, 'GY', 'Guyana', 'en'),
(96, 'HT', 'Haiti', 'en'),
(97, 'HM', 'Heard and McDonald Islands', 'en'),
(98, 'VA', 'Holy See (Vatican City State)', 'en'),
(99, 'HN', 'Honduras', 'en'),
(100, 'HK', 'Hong Kong', 'en'),
(101, 'HU', 'Hungary', 'en'),
(102, 'IS', 'Iceland', 'en'),
(103, 'IN', 'India', 'en'),
(104, 'ID', 'Indonesia', 'en'),
(105, 'IR', 'Iran, Islamic Republic of', 'en'),
(106, 'IQ', 'Iraq', 'en'),
(107, 'IE', 'Ireland', 'en'),
(108, 'IM', 'Isle of Man', 'en'),
(109, 'IL', 'Israel', 'en'),
(110, 'IT', 'Italy', 'en'),
(111, 'JM', 'Jamaica', 'en'),
(112, 'JP', 'Japan', 'en'),
(113, 'JE', 'Jersey', 'en'),
(114, 'JO', 'Jordan', 'en'),
(115, 'KZ', 'Kazakhstan', 'en'),
(116, 'KE', 'Kenya', 'en'),
(117, 'KI', 'Kiribati', 'en'),
(118, 'KP', 'Korea, Democratic People''s Republic of', 'en'),
(119, 'KR', 'Korea, Republic of', 'en'),
(120, 'KW', 'Kuwait', 'en'),
(121, 'KG', 'Kyrgyzstan', 'en'),
(122, 'LA', 'Lao People''s Democratic Republic', 'en'),
(123, 'LV', 'Latvia', 'en'),
(124, 'LB', 'Lebanon', 'en'),
(125, 'LS', 'Lesotho', 'en'),
(126, 'LR', 'Liberia', 'en'),
(127, 'LY', 'Libya', 'en'),
(128, 'LI', 'Liechtenstein', 'en'),
(129, 'LT', 'Lithuania', 'en'),
(130, 'LU', 'Luxembourg', 'en'),
(131, 'MO', 'Macao', 'en'),
(132, 'MK', 'Macedonia', 'en'),
(133, 'MG', 'Madagascar', 'en'),
(134, 'MW', 'Malawi', 'en'),
(135, 'MY', 'Malaysia', 'en'),
(136, 'MV', 'Maldives', 'en'),
(137, 'ML', 'Mali', 'en'),
(138, 'MT', 'Malta', 'en'),
(139, 'MH', 'Marshall Islands', 'en'),
(140, 'MQ', 'Martinique', 'en'),
(141, 'MR', 'Mauritania', 'en'),
(142, 'MU', 'Mauritius', 'en'),
(143, 'YT', 'Mayotte', 'en'),
(144, 'MX', 'Mexico', 'en'),
(145, 'FM', 'Micronesia, Federated States of', 'en'),
(146, 'MD', 'Moldova, Republic of', 'en'),
(147, 'MC', 'Monaco', 'en'),
(148, 'MN', 'Mongolia', 'en'),
(149, 'ME', 'Montenegro', 'en'),
(150, 'MS', 'Montserrat', 'en'),
(151, 'MA', 'Morocco', 'en'),
(152, 'MZ', 'Mozambique', 'en'),
(153, 'MM', 'Myanmar', 'en'),
(154, 'NA', 'Namibia', 'en'),
(155, 'NR', 'Nauru', 'en'),
(156, 'NP', 'Nepal', 'en'),
(157, 'NL', 'Netherlands', 'en'),
(158, 'NC', 'New Caledonia', 'en'),
(159, 'NZ', 'New Zealand', 'en'),
(160, 'NI', 'Nicaragua', 'en'),
(161, 'NE', 'Niger', 'en'),
(162, 'NG', 'Nigeria', 'en'),
(163, 'NU', 'Niue', 'en'),
(164, 'NF', 'Norfolk Island', 'en'),
(165, 'MP', 'Northern Mariana Islands', 'en'),
(166, 'NO', 'Norway', 'en'),
(167, 'OM', 'Oman', 'en'),
(168, 'PK', 'Pakistan', 'en'),
(169, 'PW', 'Palau', 'en'),
(170, 'PS', 'Palestinian Territory, Occupied', 'en'),
(171, 'PA', 'Panama', 'en'),
(172, 'PG', 'Papua New Guinea', 'en'),
(173, 'PY', 'Paraguay', 'en'),
(174, 'PE', 'Peru', 'en'),
(175, 'PH', 'Philippines', 'en'),
(176, 'PN', 'Pitcairn', 'en'),
(177, 'PL', 'Poland', 'en'),
(178, 'PT', 'Portugal', 'en'),
(179, 'PR', 'Puerto Rico', 'en'),
(180, 'QA', 'Qatar', 'en'),
(181, 'RE', 'Réunion', 'en'),
(182, 'RO', 'Romania', 'en'),
(183, 'RU', 'Russian Federation', 'en'),
(184, 'RW', 'Rwanda', 'en'),
(185, 'BL', 'Saint Barthélemy', 'en'),
(186, 'SH', 'Saint Helena, Ascension and Tristan da Cunha', 'en'),
(187, 'KN', 'Saint Kitts and Nevis', 'en'),
(188, 'LC', 'Saint Lucia', 'en'),
(189, 'MF', 'Saint Martin', 'en'),
(190, 'PM', 'Saint Pierre and Miquelon', 'en'),
(191, 'VC', 'Saint Vincent and the Grenadines', 'en'),
(192, 'WS', 'Samoa', 'en'),
(193, 'SM', 'San Marino', 'en'),
(194, 'ST', 'Sao Tome and Principe', 'en'),
(195, 'SA', 'Saudi Arabia', 'en'),
(196, 'SN', 'Senegal', 'en'),
(197, 'RS', 'Serbia', 'en'),
(198, 'SC', 'Seychelles', 'en'),
(199, 'SL', 'Sierra Leone', 'en'),
(200, 'SG', 'Singapore', 'en'),
(201, 'SX', 'Sint Maarten', 'en'),
(202, 'SK', 'Slovakia', 'en'),
(203, 'SI', 'Slovenia', 'en'),
(204, 'SB', 'Solomon Islands', 'en'),
(205, 'SO', 'Somalia', 'en'),
(206, 'ZA', 'South Africa', 'en'),
(207, 'GS', 'South Georgia and the South Sandwich Islands', 'en'),
(208, 'SS', 'South Sudan', 'en'),
(209, 'ES', 'Spain', 'en'),
(210, 'LK', 'Sri Lanka', 'en'),
(211, 'SD', 'Sudan', 'en'),
(212, 'SR', 'Suriname', 'en'),
(213, 'SJ', 'Svalbard and Jan Mayen', 'en'),
(214, 'SZ', 'Swaziland', 'en'),
(215, 'SE', 'Sweden', 'en'),
(216, 'CH', 'Switzerland', 'en'),
(217, 'SY', 'Syrian Arab Republic', 'en'),
(218, 'TW', 'Taiwan, Province of China', 'en'),
(219, 'TJ', 'Tajikistan', 'en'),
(220, 'TZ', 'Tanzania, United Republic of', 'en'),
(221, 'TH', 'Thailand', 'en'),
(222, 'TL', 'Timor-Leste', 'en'),
(223, 'TG', 'Togo', 'en'),
(224, 'TK', 'Tokelau', 'en'),
(225, 'TO', 'Tonga', 'en'),
(226, 'TT', 'Trinidad and Tobago', 'en'),
(227, 'TN', 'Tunisia', 'en'),
(228, 'TR', 'Turkey', 'en'),
(229, 'TM', 'Turkmenistan', 'en'),
(230, 'TC', 'Turks and Caicos Islands', 'en'),
(231, 'TV', 'Tuvalu', 'en'),
(232, 'UG', 'Uganda', 'en'),
(233, 'UA', 'Ukraine', 'en'),
(234, 'AE', 'United Arab Emirates', 'en'),
(235, 'GB', 'United Kingdom', 'en'),
(236, 'US', 'United States', 'en'),
(237, 'UM', 'United States Minor Outlying Islands', 'en'),
(238, 'UY', 'Uruguay', 'en'),
(239, 'UZ', 'Uzbekistan', 'en'),
(240, 'VU', 'Vanuatu', 'en'),
(241, 'VE', 'Venezuela, Bolivarian Republic of', 'en'),
(242, 'VN', 'Viet Nam', 'en'),
(243, 'VG', 'Virgin Islands, British', 'en'),
(244, 'VI', 'Virgin Islands, U.S.', 'en'),
(245, 'WF', 'Wallis And Futuna Islands', 'en'),
(246, 'EH', 'Western Sahara', 'en'),
(247, 'YE', 'Yemen', 'en'),
(248, 'ZM', 'Zambia', 'en'),
(249, 'ZW', 'Zimbabwe', 'en');

-- --------------------------------------------------------

--
-- Table structure for table `xc_coupons`
--

DROP TABLE IF EXISTS `xc_coupons`;
CREATE TABLE IF NOT EXISTS `xc_coupons` (
  `id` int(10) UNSIGNED NOT NULL AUTO_INCREMENT,
  `code` char(16) COLLATE utf8_unicode_ci NOT NULL,
  `enabled` tinyint(1) NOT NULL,
  `value` decimal(14,4) NOT NULL,
  `type` char(1) COLLATE utf8_unicode_ci NOT NULL,
  `comment` varchar(64) COLLATE utf8_unicode_ci NOT NULL,
  `uses` int(10) UNSIGNED NOT NULL,
  `dateRangeBegin` int(10) UNSIGNED NOT NULL,
  `dateRangeEnd` int(10) UNSIGNED NOT NULL,
  `totalRangeBegin` decimal(14,4) NOT NULL,
  `totalRangeEnd` decimal(14,4) NOT NULL,
  `usesLimit` int(10) UNSIGNED NOT NULL,
  `usesLimitPerUser` int(10) UNSIGNED NOT NULL,
  `singleUse` tinyint(1) NOT NULL,
  PRIMARY KEY (`id`),
  KEY `ce` (`code`,`enabled`)
) ENGINE=InnoDB DEFAULT CHARSET=utf8 COLLATE=utf8_unicode_ci;

-- --------------------------------------------------------

--
-- Table structure for table `xc_coupon_categories`
--

DROP TABLE IF EXISTS `xc_coupon_categories`;
CREATE TABLE IF NOT EXISTS `xc_coupon_categories` (
  `coupon_id` int(10) UNSIGNED NOT NULL,
  `category_id` int(10) UNSIGNED NOT NULL,
  PRIMARY KEY (`coupon_id`,`category_id`),
  KEY `IDX_12EB1BB6066C5951B` (`coupon_id`),
  KEY `IDX_12EB1BB6012469DE2` (`category_id`)
) ENGINE=InnoDB DEFAULT CHARSET=utf8 COLLATE=utf8_unicode_ci;

-- --------------------------------------------------------

--
-- Table structure for table `xc_currencies`
--

DROP TABLE IF EXISTS `xc_currencies`;
CREATE TABLE IF NOT EXISTS `xc_currencies` (
  `currency_id` int(10) UNSIGNED NOT NULL,
  `code` char(3) COLLATE utf8_unicode_ci NOT NULL,
  `symbol` varchar(16) COLLATE utf8_unicode_ci NOT NULL,
  `prefix` varchar(32) COLLATE utf8_unicode_ci NOT NULL,
  `suffix` varchar(32) COLLATE utf8_unicode_ci NOT NULL,
  `e` smallint(6) NOT NULL,
  `decimalDelimiter` varchar(8) COLLATE utf8_unicode_ci NOT NULL,
  `thousandDelimiter` varchar(8) COLLATE utf8_unicode_ci NOT NULL,
  PRIMARY KEY (`currency_id`),
  UNIQUE KEY `UNIQ_903AF16077153098` (`code`),
  KEY `code` (`code`)
) ENGINE=InnoDB DEFAULT CHARSET=utf8 COLLATE=utf8_unicode_ci;

--
-- Dumping data for table `xc_currencies`
--

INSERT INTO `xc_currencies` (`currency_id`, `code`, `symbol`, `prefix`, `suffix`, `e`, `decimalDelimiter`, `thousandDelimiter`) VALUES
(8, 'ALL', 'L', 'L', '', 2, '.', ''),
(12, 'DZD', 'د.ج', 'د.ج', '', 2, '.', ''),
(32, 'ARS', '$', '$', '', 2, '.', ''),
(36, 'AUD', '$', '$', '', 2, '.', ''),
(44, 'BSD', '$', '$', '', 2, '.', ''),
(48, 'BHD', '.د.ب', '.د.ب', '', 3, '.', ''),
(50, 'BDT', '৳', '৳', '', 2, '.', ''),
(51, 'AMD', 'դր.', 'դր.', '', 2, '.', ''),
(52, 'BBD', '$', '$', '', 2, '.', ''),
(60, 'BMD', '$', '$', '', 2, '.', ''),
(64, 'BTN', 'Nu', 'Nu', '', 2, '.', ''),
(68, 'BOB', '$', '$', '', 2, '.', ''),
(72, 'BWP', 'P', 'P', '', 2, '.', ''),
(84, 'BZD', '$', '$', '', 2, '.', ''),
(90, 'SBD', '$', '$', '', 2, '.', ''),
(96, 'BND', '$', '$', '', 2, '.', ''),
(104, 'MMK', 'K', 'K', '', 2, '.', ''),
(108, 'BIF', '₣', '₣', '', 0, '.', ''),
(116, 'KHR', '$', '$', '', 2, '.', ''),
(124, 'CAD', '$', '$', '', 2, '.', ''),
(132, 'CVE', '$', '$', '', 2, '.', ''),
(136, 'KYD', '$', '$', '', 2, '.', ''),
(144, 'LKR', 'Re', 'Re', '', 2, '.', ''),
(152, 'CLP', '$', '$', '', 0, '.', ''),
(156, 'CNY', '¥', '¥', '', 2, '.', ''),
(170, 'COP', '$', '$', '', 2, '.', ''),
(174, 'KMF', '₣', '₣', '', 0, '.', ''),
(188, 'CRC', '₡', '₡', '', 2, '.', ''),
(191, 'HRK', 'Kn', 'Kn', '', 2, '.', ''),
(192, 'CUP', '$', '$', '', 2, '.', ''),
(203, 'CZK', 'Kč', 'Kč', '', 2, '.', ''),
(208, 'DKK', 'kr', 'kr', '', 2, '.', ''),
(214, 'DOP', '$', '$', '', 2, '.', ''),
(222, 'SVC', '₡', '₡', '', 2, '.', ''),
(230, 'ETB', 'Br', 'Br', '', 2, '.', ''),
(232, 'ERN', 'Nfk', 'Nfk', '', 2, '.', ''),
(238, 'FKP', '£', '£', '', 2, '.', ''),
(242, 'FJD', '$', '$', '', 2, '.', ''),
(262, 'DJF', '₣', '₣', '', 0, '.', ''),
(270, 'GMD', 'D', 'D', '', 2, '.', ''),
(292, 'GIP', '£', '£', '', 2, '.', ''),
(320, 'GTQ', 'Q', 'Q', '', 2, '.', ''),
(324, 'GNF', '₣', '₣', '', 0, '.', ''),
(328, 'GYD', '$', '$', '', 2, '.', ''),
(332, 'HTG', 'G', 'G', '', 2, '.', ''),
(340, 'HNL', 'L', 'L', '', 2, '.', ''),
(344, 'HKD', '$', '$', '', 2, '.', ''),
(348, 'HUF', 'ƒ', 'ƒ', '', 2, '.', ''),
(352, 'ISK', 'kr', 'kr', '', 0, '.', ''),
(356, 'INR', '₹', '₹', '', 2, '.', ''),
(360, 'IDR', 'Rp', 'Rp', '', 0, '.', ''),
(364, 'IRR', '﷼', '﷼', '', 2, '.', ''),
(368, 'IQD', 'ع.د', 'ع.د', '', 3, '.', ''),
(376, 'ILS', '₪', '₪', '', 2, '.', ''),
(388, 'JMD', '$', '$', '', 2, '.', ''),
(392, 'JPY', '¥', '¥', '', 0, '.', ''),
(398, 'KZT', '₸', '₸', '', 2, '.', ''),
(400, 'JOD', 'د.ا', 'د.ا', '', 3, '.', ''),
(404, 'KES', 'KSh', 'KSh', '', 2, '.', ''),
(408, 'KPW', '₩', '₩', '', 2, '.', ''),
(410, 'KRW', '₩', '₩', '', 0, '.', ''),
(414, 'KWD', 'د.ك', 'د.ك', '', 3, '.', ''),
(417, 'KGS', 'C', 'C', '', 2, '.', ''),
(418, 'LAK', '₭', '₭', '', 2, '.', ''),
(422, 'LBP', '.ل.ل', '.ل.ل', '', 2, '.', ''),
(426, 'LSL', 'L', 'L', '', 2, '.', ''),
(428, 'LVL', 'Ls', 'Ls', '', 2, '.', ''),
(430, 'LRD', '$', '$', '', 2, '.', ''),
(434, 'LYD', 'ل.د', 'ل.د', '', 3, '.', ''),
(440, 'LTL', 'Lt', 'Lt', '', 2, '.', ''),
(446, 'MOP', '$', '$', '', 2, '.', ''),
(454, 'MWK', 'K', 'K', '', 2, '.', ''),
(458, 'MYR', 'RM', 'RM', '', 2, '.', ''),
(462, 'MVR', 'Rf', 'Rf', '', 2, '.', ''),
(478, 'MRO', 'UM', 'UM', '', 0, '.', ''),
(480, 'MUR', 'Re', 'Re', '', 2, '.', ''),
(484, 'MXN', '$', '$', '', 2, '.', ''),
(496, 'MNT', '₮', '₮', '', 2, '.', ''),
(498, 'MDL', 'L', 'L', '', 2, '.', ''),
(504, 'MAD', 'د. م.', 'د. م.', '', 2, '.', ''),
(512, 'OMR', 'ر.ع.', 'ر.ع.', '', 3, '.', ''),
(516, 'NAD', 'N$', 'N$', '', 2, '.', ''),
(524, 'NPR', 'Re', 'Re', '', 2, '.', ''),
(532, 'ANG', 'ƒ', 'ƒ', '', 2, '.', ''),
(533, 'AWG', 'ƒ', 'ƒ', '', 2, '.', ''),
(548, 'VUV', 'Vt', 'Vt', '', 0, '.', ''),
(554, 'NZD', '$', '$', '', 2, '.', ''),
(558, 'NIO', '$', '$', '', 2, '.', ''),
(566, 'NGN', '₦', '₦', '', 2, '.', ''),
(578, 'NOK', 'kr', 'kr', '', 2, '.', ''),
(586, 'PKR', 'Re', 'Re', '', 2, '.', ''),
(590, 'PAB', 'B/.', 'B/.', '', 2, '.', ''),
(598, 'PGK', 'K', 'K', '', 2, '.', ''),
(600, 'PYG', '₲', '₲', '', 0, '.', ''),
(604, 'PEN', 'S/.', 'S/.', '', 2, '.', ''),
(608, 'PHP', '₱', '₱', '', 2, '.', ''),
(634, 'QAR', 'ر.ق', 'ر.ق', '', 2, '.', ''),
(643, 'RUB', 'р.', '', 'р.', 2, '.', ''),
(646, 'RWF', '₣', '₣', '', 0, '.', ''),
(654, 'SHP', '£', '£', '', 2, '.', ''),
(678, 'STD', 'Db', 'Db', '', 2, '.', ''),
(682, 'SAR', 'ر.س', 'ر.س', '', 2, '.', ''),
(690, 'SCR', 'Re', 'Re', '', 2, '.', ''),
(694, 'SLL', 'Le', 'Le', '', 2, '.', ''),
(702, 'SGD', '$', '$', '', 2, '.', ''),
(704, 'VND', '₫', '₫', '', 0, '.', ''),
(706, 'SOS', 'S', 'S', '', 2, '.', ''),
(710, 'ZAR', 'R', 'R', '', 2, '.', ''),
(728, 'SSP', 'SSP', 'SSP', '', 2, '.', ''),
(748, 'SZL', 'L', 'L', '', 2, '.', ''),
(752, 'SEK', 'kr', 'kr', '', 2, '.', ''),
(756, 'CHF', '₣', '₣', '', 2, '.', ''),
(760, 'SYP', 'S£', 'S£', '', 2, '.', ''),
(764, 'THB', '฿', '฿', '', 2, '.', ''),
(776, 'TOP', '$', '$', '', 2, '.', ''),
(780, 'TTD', '$', '$', '', 2, '.', ''),
(784, 'AED', 'د.إ', 'د.إ', '', 2, '.', ''),
(788, 'TND', 'د.ت', 'د.ت', '', 3, '.', ''),
(800, 'UGX', 'USh', 'USh', '', 2, '.', ''),
(807, 'MKD', 'ден.', 'ден.', '', 2, '.', ''),
(818, 'EGP', 'LE', 'LE', '', 2, '.', ''),
(826, 'GBP', '£', '£', '', 2, '.', ''),
(834, 'TZS', 'TSh', 'TSh', '', 2, '.', ''),
(840, 'USD', '$', '$', '', 2, '.', ''),
(858, 'UYU', '$', '$', '', 2, '.', ''),
(860, 'UZS', 'сўм', 'сўм', '', 2, '.', ''),
(882, 'WST', '$', '$', '', 2, '.', ''),
(886, 'YER', '﷼', '﷼', '', 2, '.', ''),
(894, 'ZMK', 'K', 'K', '', 2, '.', ''),
(901, 'TWD', 'NT$', 'NT$', '', 2, '.', ''),
(932, 'ZWL', 'Z$', 'Z$', '', 2, '.', ''),
(934, 'TMT', 'm', 'm', '', 2, '.', ''),
(936, 'GHS', '₵', '₵', '', 2, '.', ''),
(937, 'VEF', 'Bs', 'Bs', '', 2, '.', ''),
(938, 'SDG', '£', '£', '', 2, '.', ''),
(941, 'RSD', 'дин.', 'дин.', '', 2, '.', ''),
(943, 'MZN', 'MT', 'MT', '', 2, '.', ''),
(944, 'AZN', 'm', 'm', '', 2, '.', ''),
(946, 'RON', 'L', 'L', '', 2, '.', ''),
(949, 'TRY', '₤', '₤', '', 2, '.', ''),
(950, 'XAF', '₣', '₣', '', 0, '.', ''),
(951, 'XCD', '$', '$', '', 2, '.', ''),
(952, 'XOF', '₣', '₣', '', 0, '.', ''),
(953, 'XPF', '₣', '₣', '', 0, '.', ''),
(968, 'SRD', '$', '$', '', 2, '.', ''),
(969, 'MGA', 'Ar.', 'Ar.', '', 0, '.', ''),
(971, 'AFN', '؋', '؋', '', 2, '.', ''),
(972, 'TJS', 'с.', 'с.', '', 2, '.', ''),
(973, 'AOA', 'Kz', 'Kz', '', 2, '.', ''),
(974, 'BYR', 'Br', '', 'Br', 0, '.', ''),
(975, 'BGN', 'лв', 'лв', '', 2, '.', ''),
(976, 'CDF', '₣', '₣', '', 2, '.', ''),
(977, 'BAM', 'KM', 'KM', '', 2, '.', ''),
(978, 'EUR', '€', '€', '', 2, '.', ''),
(980, 'UAH', '₴', '₴', '', 2, '.', ''),
(981, 'GEL', 'ლ.', 'ლ.', '', 2, '.', ''),
(985, 'PLN', 'zł', 'zł', '', 2, '.', ''),
(986, 'BRL', '$', '$', '', 2, '.', '');

-- --------------------------------------------------------

--
-- Table structure for table `xc_currency_translations`
--

DROP TABLE IF EXISTS `xc_currency_translations`;
CREATE TABLE IF NOT EXISTS `xc_currency_translations` (
  `label_id` int(11) NOT NULL AUTO_INCREMENT,
  `id` int(10) UNSIGNED DEFAULT NULL,
  `name` varchar(255) COLLATE utf8_unicode_ci NOT NULL,
  `code` char(2) COLLATE utf8_unicode_ci NOT NULL,
  PRIMARY KEY (`label_id`),
  KEY `ci` (`code`,`id`),
  KEY `id` (`id`)
) ENGINE=InnoDB AUTO_INCREMENT=159 DEFAULT CHARSET=utf8 COLLATE=utf8_unicode_ci;

--
-- Dumping data for table `xc_currency_translations`
--

INSERT INTO `xc_currency_translations` (`label_id`, `id`, `name`, `code`) VALUES
(1, 784, 'UAE Dirtham', 'en'),
(2, 971, 'Afghani', 'en'),
(3, 8, 'Lek', 'en'),
(4, 51, 'Armenian Dram', 'en'),
(5, 532, 'Netherlands Antillian Guilder', 'en'),
(6, 973, 'Kwanza', 'en'),
(7, 32, 'Argentine Peso', 'en'),
(8, 36, 'Australian Dollar', 'en'),
(9, 533, 'Aruban Guilder', 'en'),
(10, 944, 'Azerbaijanian Manat', 'en'),
(11, 977, 'Convertible Marks', 'en'),
(12, 52, 'Barbados Dollar', 'en'),
(13, 50, 'Bangladesh Taka', 'en'),
(14, 975, 'Bulgarian Lev', 'en'),
(15, 48, 'Bahraini dinar', 'en'),
(16, 108, 'Burundi Franc', 'en'),
(17, 60, 'Bermudian Dollar', 'en'),
(18, 96, 'Brunei Dollar', 'en'),
(19, 68, 'Boliviano', 'en'),
(20, 986, 'Brazilian Real', 'en'),
(21, 44, 'Bahamian dollar', 'en'),
(22, 64, 'Ngultrum', 'en'),
(23, 72, 'Botswana Pula', 'en'),
(24, 974, 'Belarussian Rouble', 'en'),
(25, 84, 'Belize Dollar', 'en'),
(26, 124, 'Canadian Dollar', 'en'),
(27, 976, 'Franc Congolais', 'en'),
(28, 756, 'Swiss Franc', 'en'),
(29, 152, 'Chilean Peso', 'en'),
(30, 156, 'Chinese Renminbi Yuan', 'en'),
(31, 170, 'Colombian Peso', 'en'),
(32, 188, 'Cost Rican Colon', 'en'),
(33, 192, 'Cuban Peso', 'en'),
(34, 132, 'Cape Verde Escudo', 'en'),
(35, 203, 'Czech Koruna', 'en'),
(36, 262, 'Djibouti Franc', 'en'),
(37, 208, 'Danish Krone', 'en'),
(38, 214, 'Dominican Peso', 'en'),
(39, 12, 'Algerian Dinar', 'en'),
(40, 818, 'Egyptian Pound', 'en'),
(41, 232, 'Nakfa', 'en'),
(42, 230, 'Ethiopian Birr', 'en'),
(43, 978, 'Euro', 'en'),
(44, 242, 'Fiji Dollar', 'en'),
(45, 238, 'Falkland Islands Pound', 'en'),
(46, 826, 'Pound Sterling', 'en'),
(47, 981, 'Lari', 'en'),
(48, 936, 'Ghana Cedi', 'en'),
(49, 292, 'Gilbraltar Pound', 'en'),
(50, 270, 'Dalasi', 'en'),
(51, 324, 'Guinea Franc', 'en'),
(52, 320, 'Quetzal', 'en'),
(53, 328, 'Guyana Dollar', 'en'),
(54, 344, 'Hong Kong Dollar', 'en'),
(55, 340, 'Lempira', 'en'),
(56, 191, 'Croatian Kuna', 'en'),
(57, 332, 'Gourde', 'en'),
(58, 348, 'Hungary Forint', 'en'),
(59, 360, 'Indonesian Rupiah', 'en'),
(60, 376, 'New Israeli Sheqel', 'en'),
(61, 356, 'Indian Rupee', 'en'),
(62, 368, 'Iraqi Dinar', 'en'),
(63, 364, 'Iranian Rial', 'en'),
(64, 352, 'Iceland Krona', 'en'),
(65, 388, 'Jamaican Dollar', 'en'),
(66, 400, 'Jordanian Dinar', 'en'),
(67, 392, 'Japanese Yen', 'en'),
(68, 404, 'Kenyan Shilling', 'en'),
(69, 417, 'Son', 'en'),
(70, 116, 'Cambodian riel', 'en'),
(71, 174, 'Comoro Franc', 'en'),
(72, 408, 'North Korean Won', 'en'),
(73, 410, 'South Korean Won', 'en'),
(74, 414, 'Kuwaiti Dinar', 'en'),
(75, 136, 'Cayman Islands Dollar', 'en'),
(76, 398, 'Tenge', 'en'),
(77, 418, 'Kip', 'en'),
(78, 422, 'Lebanese Pound', 'en'),
(79, 144, 'Sri Lanka Rupee', 'en'),
(80, 430, 'Liberian Dollar', 'en'),
(81, 426, 'Loti', 'en'),
(82, 440, 'Lithuanian Litus', 'en'),
(83, 428, 'Latvian Lats', 'en'),
(84, 434, 'Libyan Dinar', 'en'),
(85, 504, 'Moroccan Dirtham', 'en'),
(86, 498, 'Moldovan Leu', 'en'),
(87, 969, 'Malagasy Ariary', 'en'),
(88, 807, 'Denar', 'en'),
(89, 104, 'Kyat', 'en'),
(90, 496, 'Tugrik', 'en'),
(91, 446, 'Pataca', 'en'),
(92, 478, 'Ouguiya', 'en'),
(93, 480, 'Mauritius Rupee', 'en'),
(94, 462, 'Rufiyaa', 'en'),
(95, 454, 'Malawian kwacha', 'en'),
(96, 484, 'Mexican Peso', 'en'),
(97, 458, 'Ringgit Malaysia', 'en'),
(98, 943, 'Mozambique Metical', 'en'),
(99, 516, 'Namibia Dollar', 'en'),
(100, 566, 'Naira', 'en'),
(101, 558, 'Cordoba Oro', 'en'),
(102, 578, 'Norwegian Krone', 'en'),
(103, 524, 'Nepalese Rupee', 'en'),
(104, 554, 'New Zealand Dollar', 'en'),
(105, 512, 'Rial Omani', 'en'),
(106, 590, 'Balboa', 'en'),
(107, 604, 'Nuevo Sol', 'en'),
(108, 598, 'Kina', 'en'),
(109, 608, 'Philippine Peso', 'en'),
(110, 586, 'Pakistan Rupee', 'en'),
(111, 985, 'Polish Zloty', 'en'),
(112, 600, 'Guarani', 'en'),
(113, 634, 'Qatari Rial', 'en'),
(114, 946, 'Romanian Leu', 'en'),
(115, 941, 'Serbian Dinar', 'en'),
(116, 643, 'Russian Ruble', 'en'),
(117, 646, 'Rwanda Franc', 'en'),
(118, 682, 'Saudi Riyal', 'en'),
(119, 90, 'Solomon Islands Dollar', 'en'),
(120, 690, 'Seychelles Rupee', 'en'),
(121, 938, 'Sudanese Pound', 'en'),
(122, 752, 'Swedish Krona', 'en'),
(123, 702, 'Singapore Dollar', 'en'),
(124, 654, 'Saint Helena Pound', 'en'),
(125, 694, 'Leone', 'en'),
(126, 706, 'Somali Shilling', 'en'),
(127, 968, 'Surinam Dollar', 'en'),
(128, 728, 'South Sudanese Pound', 'en'),
(129, 678, 'Dobra', 'en'),
(130, 222, 'El Salvador Colon', 'en'),
(131, 760, 'Syrian Pound', 'en'),
(132, 748, 'Lilangeni', 'en'),
(133, 764, 'Thailand Baht', 'en'),
(134, 972, 'Somoni', 'en'),
(135, 934, 'Turkmenistan New Manat', 'en'),
(136, 788, 'Tunisian Dinar', 'en'),
(137, 776, 'Pa''anga', 'en'),
(138, 949, 'Turkish Lira', 'en'),
(139, 780, 'Trinidad and Tobago Dollar', 'en'),
(140, 901, 'New Taiwan Dollar', 'en'),
(141, 834, 'Tanzanian Shilling', 'en'),
(142, 980, 'Hryvnia', 'en'),
(143, 800, 'Uganda Shilling', 'en'),
(144, 840, 'US Dollar', 'en'),
(145, 858, 'Peso Uruguayo', 'en'),
(146, 860, 'Uzbekistan som', 'en'),
(147, 937, 'Bolivar Fuerte', 'en'),
(148, 704, 'Vietnamese Dong', 'en'),
(149, 548, 'Vatu', 'en'),
(150, 882, 'Tala', 'en'),
(151, 950, 'CFA Franc BEAC', 'en'),
(152, 951, 'East Caribbean Dollar', 'en'),
(153, 952, 'CFA Franc BCEAO', 'en'),
(154, 953, 'CFP Franc', 'en'),
(155, 886, 'Yemeni Rial', 'en'),
(156, 710, 'South Africa Rand', 'en'),
(157, 894, 'Zambian kwacha', 'en'),
(158, 932, 'Zimbabwe Dollar', 'en');

-- --------------------------------------------------------

--
-- Table structure for table `xc_data_sources`
--

DROP TABLE IF EXISTS `xc_data_sources`;
CREATE TABLE IF NOT EXISTS `xc_data_sources` (
  `id` int(10) UNSIGNED NOT NULL AUTO_INCREMENT,
  `type` varchar(255) COLLATE utf8_unicode_ci NOT NULL,
  PRIMARY KEY (`id`)
) ENGINE=InnoDB DEFAULT CHARSET=utf8 COLLATE=utf8_unicode_ci;

-- --------------------------------------------------------

--
-- Table structure for table `xc_data_source_parameters`
--

DROP TABLE IF EXISTS `xc_data_source_parameters`;
CREATE TABLE IF NOT EXISTS `xc_data_source_parameters` (
  `id` int(10) UNSIGNED NOT NULL AUTO_INCREMENT,
  `data_source_id` int(10) UNSIGNED DEFAULT NULL,
  `name` varchar(255) COLLATE utf8_unicode_ci NOT NULL,
  `value` longtext COLLATE utf8_unicode_ci NOT NULL,
  PRIMARY KEY (`id`),
  KEY `IDX_16D9196CA1A935C57` (`data_source_id`)
) ENGINE=InnoDB DEFAULT CHARSET=utf8 COLLATE=utf8_unicode_ci;

-- --------------------------------------------------------

--
-- Table structure for table `xc_entity_type_versions`
--

DROP TABLE IF EXISTS `xc_entity_type_versions`;
CREATE TABLE IF NOT EXISTS `xc_entity_type_versions` (
  `id` int(11) NOT NULL AUTO_INCREMENT,
  `entityType` varchar(255) COLLATE utf8_unicode_ci NOT NULL,
  `version` char(36) COLLATE utf8_unicode_ci NOT NULL COMMENT '(DC2Type:guid)',
  PRIMARY KEY (`id`),
  UNIQUE KEY `UNIQ_4A1BBA741F08814A` (`entityType`)
) ENGINE=InnoDB AUTO_INCREMENT=73 DEFAULT CHARSET=utf8 COLLATE=utf8_unicode_ci;

--
-- Dumping data for table `xc_entity_type_versions`
--

INSERT INTO `xc_entity_type_versions` (`id`, `entityType`, `version`) VALUES
(1, 'XLite\\Model\\Config', '68ccc0cf-698b-4756-875c-73e99f1b3fee'),
(2, 'XLite\\Model\\ConfigTranslation', '03186403-737e-496a-8824-b69f7841066a'),
(3, 'XLite\\Model\\Category', '09903e0a-0c56-4ac9-8d39-5980ff39a26f'),
(4, 'XLite\\Model\\CategoryTranslation', 'b6bea05a-1df0-4b65-af13-d1fbec495d8e'),
(5, 'XLite\\Model\\Category\\QuickFlags', 'cd165c25-47da-4348-b569-79a935868cd1'),
(6, 'XLite\\Model\\Currency', 'cc13b272-4b71-4177-b9e0-70f6bc4e0400'),
(7, 'XLite\\Model\\CurrencyTranslation', '18049a95-b30f-4dff-848f-ad2d6f3b8c61'),
(8, 'XLite\\Model\\Membership', '1ace3db2-c21a-4264-a5b4-82bd5b619de3'),
(9, 'XLite\\Model\\MembershipTranslation', '424cc4fa-e6fe-48fd-b1a7-721cd103b30a'),
(10, 'XLite\\Model\\Language', 'cce19719-df0f-4788-8e86-77379b88edc3'),
(11, 'XLite\\Model\\LanguageTranslation', '7f1faef9-1196-4f91-8f88-5069527b1fc0'),
(12, 'XLite\\Model\\Payment\\Method', '2aa4c65b-2db0-4e23-b0fb-011097d0f0f8'),
(13, 'XLite\\Model\\Payment\\MethodTranslation', '2d766309-9462-45c9-8a8f-1f83f341a788'),
(14, 'XLite\\Model\\Region', '8ef13669-f132-4cc6-a7c5-1a8081439769'),
(15, 'XLite\\Model\\Country', '11e23d62-5656-4dde-a187-00b4b8e2134b'),
(16, 'XLite\\Model\\CountryTranslation', 'ad5148df-888b-43aa-ae31-d6f063331dc5'),
(17, 'XLite\\Model\\State', '80fb946b-d50b-4c78-9d3c-2b0d91d4637c'),
(18, 'XLite\\Model\\Order\\Modifier', '75660e10-e663-4fbf-bdd5-e007060e7a57'),
(19, 'XLite\\Model\\Zone', '0cbf5127-5e4d-44ad-9d94-4643d099efee'),
(20, 'XLite\\Model\\Task', '36665b54-4ffc-417d-9a58-2c5298a3f928'),
(21, 'XLite\\Model\\Role', 'd3bc98d8-4203-40ff-8ea4-ec498487f20b'),
(22, 'XLite\\Model\\RoleTranslation', '01dcfea9-8d44-47c5-8bf7-3f39f7147955'),
(23, 'XLite\\Model\\Role\\Permission', '796ec55e-c955-4957-a7ac-1f3cfb1d076c'),
(24, 'XLite\\Model\\Role\\PermissionTranslation', '26b2b2fc-b849-482c-8f80-7dde377eca14'),
(25, 'XLite\\Model\\AddressField', 'ddf52e2f-f420-459f-8828-cecb0eb6c6e3'),
(26, 'XLite\\Model\\AddressFieldTranslation', '80807a06-2775-4b50-a54a-98396e45cb79'),
(27, 'XLite\\Model\\MoneyModificator', 'a7c7e93d-0de4-409d-9855-0988a7419e99'),
(28, 'XLite\\Model\\Order\\Status\\Payment', 'b9153870-34ee-4332-94c3-512a48d2564a'),
(29, 'XLite\\Model\\Order\\Status\\PaymentTranslation', '66f92848-6bcd-422d-bef9-12777d53c1de'),
(30, 'XLite\\Model\\Order\\Status\\Shipping', '852a9f63-9eaf-4c9b-908a-5d7a42b69b9f'),
(31, 'XLite\\Model\\Order\\Status\\ShippingTranslation', 'cb609797-0511-43d6-b672-552e09c9b899'),
(32, 'XLite\\Model\\Order\\Status\\Property', 'eff08352-2cf2-4d59-8667-efb30fe51097'),
(33, 'XLite\\Model\\Notification', '0fb3d919-8aa9-410e-85c8-575a12a09b74'),
(34, 'XLite\\Model\\NotificationTranslation', 'f15723de-f22a-45a7-98c1-f3093a3fd2aa'),
(35, 'XLite\\Model\\ImageSettings', '2d0288b9-eec8-4d40-91c6-ced1ea7cb088'),
(36, 'XLite\\Model\\SearchFilter', '803a996b-a473-45bb-a7b6-bd7f4af6990b'),
(37, 'XLite\\Model\\SearchFilterTranslation', '47728d24-1860-4d35-bae4-65508b35d9c7'),
(38, 'XLite\\Model\\LanguageLabel', 'c2734e51-800b-47fc-86e4-ab36ff9203cb'),
(39, 'XLite\\Model\\LanguageLabelTranslation', '429ef736-af6a-468b-99ab-07d7a89c0dfd'),
(40, 'XLite\\Model\\Shipping\\Method', '36cd22df-fda9-447b-9008-1a1a600a3936'),
(41, 'XLite\\Model\\Shipping\\MethodTranslation', '951a1e81-0f6f-4f9e-8c7d-175a272d5372'),
(42, 'XLite\\Model\\Payment\\MethodSetting', '90936924-3c73-4c79-8ce8-ff20e5be5454'),
(43, 'XLite\\Module\\CDev\\SimpleCMS\\Model\\Page', '3c88c9c6-ea2a-4cde-bc8b-a80bd6992ccc'),
(44, 'XLite\\Model\\CleanURL', '7d41005c-dea4-4520-871a-8b313f312992'),
(45, 'XLite\\Module\\CDev\\SimpleCMS\\Model\\PageTranslation', '894e4b97-3c80-4e5b-9f50-2389fe745c56'),
(46, 'XLite\\Module\\CDev\\SimpleCMS\\Model\\Menu', 'e276bbc8-9b66-4b38-a23f-2002e46e6957'),
(47, 'XLite\\Module\\CDev\\SimpleCMS\\Model\\MenuTranslation', 'be82487c-01f2-4e58-b19a-6ec3d6fecff3'),
(48, 'XLite\\Module\\CDev\\SimpleCMS\\Model\\Menu\\QuickFlags', '96252de5-9659-4580-834d-9392f6682ac9'),
(49, 'XLite\\Model\\Shipping\\Markup', '25dd12e2-b5c9-4304-a28b-fd13338f919c'),
(50, 'XLite\\Model\\Product', 'c3344e2d-cadd-4cae-afda-c715e5367c01'),
(51, 'XLite\\Model\\QuickData', 'c02f5e03-2529-440e-8c89-a1ef0687943e'),
(52, 'XLite\\Model\\Image\\Product\\Image', '2ea481a4-c1fe-4b59-86c3-015ed9da158b'),
(53, 'XLite\\Model\\ProductTranslation', '7b01c4ab-36b5-4958-8f79-af8fd0efb1b4'),
(54, 'XLite\\Model\\Image\\Category\\Image', '771b7622-5b2a-4ee3-9e9c-d93e7b58165f'),
(55, 'XLite\\Model\\Image\\Category\\Banner', '785618d4-afad-4b1d-b8c1-210a5c5c273b'),
(56, 'XLite\\Model\\CategoryProducts', 'cb05521e-2963-4c47-9095-d57d5cf02959'),
(57, 'XLite\\Model\\ZoneElement', '17e8d6b8-50c3-4aa5-a757-11abb2d2b12c'),
(58, 'XLite\\Model\\BannerRotationSlide', 'a43da8f6-8f51-4d1f-b04d-6b81bc4f075f'),
(59, 'XLite\\Model\\Image\\BannerRotationImage', 'bc839232-1499-4e4a-a2ee-7a115105af49'),
(60, 'XLite\\Module\\CDev\\FeaturedProducts\\Model\\FeaturedProduct', 'd823e0f6-2fe0-4dbf-8c79-4dfab0cbce0b'),
(61, 'XLite\\Model\\Profile', 'a1176e15-ed5c-4930-9efc-1c46f41e52ba'),
(62, 'XLite\\Model\\Address', 'fd4b2be5-7999-48f3-9f35-3d0934257d12'),
(63, 'XLite\\Model\\AddressFieldValue', '9a67f05e-fddf-4815-bb67-839affbc2ca8'),
(64, 'XLite\\Model\\Order', '1d5fe2ba-bb37-4891-8e9a-9fb3ee3bf08c'),
(65, 'XLite\\Model\\Payment\\Transaction', '5984421b-7c82-4868-8686-49942d416dfd'),
(66, 'XLite\\Model\\OrderItem', 'd397c817-9015-40cf-8f8a-a12f662a6301'),
(67, 'XLite\\Model\\Order\\Surcharge', '6b03e712-d313-45ca-bdad-656250c2f58f'),
(68, 'XLite\\Model\\OrderHistoryEvents', '1460a4ea-7268-4087-bddd-a70387609c7c'),
(69, 'XLite\\Model\\Payment\\TransactionData', '993c8506-7494-417b-a9fa-4c495ce1166a'),
(70, 'XLite\\Model\\ViewList', 'da169d08-80e5-4659-89f0-7c59bd4de57a'),
(71, 'XLite\\Model\\TmpVar', 'a8b6ab6c-da33-4222-8707-2f3304693051'),
(72, 'XLite\\Model\\Module', 'a33ae312-50e2-4513-a77d-24e9e70d504b');

-- --------------------------------------------------------

--
-- Table structure for table `xc_event_tasks`
--

DROP TABLE IF EXISTS `xc_event_tasks`;
CREATE TABLE IF NOT EXISTS `xc_event_tasks` (
  `id` int(10) UNSIGNED NOT NULL AUTO_INCREMENT,
  `name` varchar(128) COLLATE utf8_unicode_ci NOT NULL,
  `arguments` longtext COLLATE utf8_unicode_ci NOT NULL COMMENT '(DC2Type:array)',
  PRIMARY KEY (`id`)
) ENGINE=InnoDB DEFAULT CHARSET=utf8 COLLATE=utf8_unicode_ci;

-- --------------------------------------------------------

--
-- Table structure for table `xc_featured_products`
--

DROP TABLE IF EXISTS `xc_featured_products`;
CREATE TABLE IF NOT EXISTS `xc_featured_products` (
  `id` int(11) NOT NULL AUTO_INCREMENT,
  `product_id` int(10) UNSIGNED DEFAULT NULL,
  `category_id` int(10) UNSIGNED DEFAULT NULL,
  `orderBy` int(11) NOT NULL,
  PRIMARY KEY (`id`),
  UNIQUE KEY `pair` (`category_id`,`product_id`),
  KEY `IDX_1CE976A6E4584665A` (`product_id`),
  KEY `IDX_1CE976A6E12469DE2` (`category_id`)
) ENGINE=InnoDB AUTO_INCREMENT=9 DEFAULT CHARSET=utf8 COLLATE=utf8_unicode_ci;

--
-- Dumping data for table `xc_featured_products`
--

INSERT INTO `xc_featured_products` (`id`, `product_id`, `category_id`, `orderBy`) VALUES
(1, 4, 1, 10),
(2, 14, 1, 20),
(3, 30, 1, 30),
(4, 16, 1, 40),
(5, 24, 1, 50),
(6, 37, 1, 60),
(7, 10, 1, 70),
(8, 1, 1, 80);

-- --------------------------------------------------------

--
-- Table structure for table `xc_form_ids`
--

DROP TABLE IF EXISTS `xc_form_ids`;
CREATE TABLE IF NOT EXISTS `xc_form_ids` (
  `id` int(11) NOT NULL AUTO_INCREMENT,
  `session_id` int(11) DEFAULT NULL,
  `form_id` varchar(32) COLLATE utf8_unicode_ci NOT NULL,
  `date` int(11) NOT NULL,
  PRIMARY KEY (`id`),
  UNIQUE KEY `fs` (`form_id`,`session_id`),
  KEY `session_id` (`session_id`)
) ENGINE=InnoDB AUTO_INCREMENT=4 DEFAULT CHARSET=utf8 COLLATE=utf8_unicode_ci;

--
-- Dumping data for table `xc_form_ids`
--

INSERT INTO `xc_form_ids` (`id`, `session_id`, `form_id`, `date`) VALUES
(2, 3, 'RfHXXKHuMOLptf44hBQP7AZ4UI5W5cU0', 1478269605),
(3, 4, 'dsXR2ov5SE3IxKXjDMnHjAN2Mk4MVUPx', 1478269912);

-- --------------------------------------------------------

--
-- Table structure for table `xc_iframe_contents`
--

DROP TABLE IF EXISTS `xc_iframe_contents`;
CREATE TABLE IF NOT EXISTS `xc_iframe_contents` (
  `id` int(10) UNSIGNED NOT NULL AUTO_INCREMENT,
  `url` varchar(255) COLLATE utf8_unicode_ci NOT NULL,
  `method` varchar(16) COLLATE utf8_unicode_ci NOT NULL,
  `data` longtext COLLATE utf8_unicode_ci NOT NULL COMMENT '(DC2Type:array)',
  PRIMARY KEY (`id`)
) ENGINE=InnoDB DEFAULT CHARSET=utf8 COLLATE=utf8_unicode_ci;

-- --------------------------------------------------------

--
-- Table structure for table `xc_images_settings`
--

DROP TABLE IF EXISTS `xc_images_settings`;
CREATE TABLE IF NOT EXISTS `xc_images_settings` (
  `id` int(11) NOT NULL AUTO_INCREMENT,
  `code` varchar(64) COLLATE utf8_unicode_ci NOT NULL,
  `model` varchar(200) COLLATE utf8_unicode_ci NOT NULL,
  `moduleName` varchar(200) COLLATE utf8_unicode_ci NOT NULL,
  `width` int(11) NOT NULL,
  `height` int(11) NOT NULL,
  PRIMARY KEY (`id`),
  UNIQUE KEY `code_model_module` (`code`,`model`)
) ENGINE=InnoDB AUTO_INCREMENT=9 DEFAULT CHARSET=utf8 COLLATE=utf8_unicode_ci;

--
-- Dumping data for table `xc_images_settings`
--

INSERT INTO `xc_images_settings` (`id`, `code`, `model`, `moduleName`, `width`, `height`) VALUES
(1, 'Default', 'XLite\\Model\\Image\\Product\\Image', 'default', 300, 300),
(2, 'LGThumbnailList', 'XLite\\Model\\Image\\Product\\Image', 'default', 160, 160),
(3, 'LGThumbnailGrid', 'XLite\\Model\\Image\\Product\\Image', 'default', 160, 160),
(4, 'Default', 'XLite\\Model\\Image\\Category\\Image', 'default', 160, 160),
(5, 'Default', 'XLite\\Model\\Image\\Category\\Image', 'XC\\CrispWhiteSkin', 100, 120),
(6, 'LGThumbnailGrid', 'XLite\\Model\\Image\\Product\\Image', 'XC\\CrispWhiteSkin', 262, 280),
(7, 'LGThumbnailList', 'XLite\\Model\\Image\\Product\\Image', 'XC\\CrispWhiteSkin', 262, 280),
(8, 'Default', 'XLite\\Model\\Image\\Product\\Image', 'XC\\CrispWhiteSkin', 366, 440);

-- --------------------------------------------------------

--
-- Table structure for table `xc_import_logs`
--

DROP TABLE IF EXISTS `xc_import_logs`;
CREATE TABLE IF NOT EXISTS `xc_import_logs` (
  `id` int(10) UNSIGNED NOT NULL AUTO_INCREMENT,
  `date` int(11) NOT NULL,
  `type` char(1) COLLATE utf8_unicode_ci NOT NULL,
  `code` char(32) COLLATE utf8_unicode_ci NOT NULL,
  `arguments` longtext COLLATE utf8_unicode_ci NOT NULL COMMENT '(DC2Type:array)',
  `file` varchar(255) COLLATE utf8_unicode_ci NOT NULL,
  `row` int(10) UNSIGNED NOT NULL,
  `processor` varchar(255) COLLATE utf8_unicode_ci NOT NULL,
  PRIMARY KEY (`id`)
) ENGINE=InnoDB DEFAULT CHARSET=utf8 COLLATE=utf8_unicode_ci;

-- --------------------------------------------------------

--
-- Table structure for table `xc_inventory`
--

DROP TABLE IF EXISTS `xc_inventory`;
CREATE TABLE IF NOT EXISTS `xc_inventory` (
  `id` int(10) UNSIGNED DEFAULT NULL,
  `inventoryId` int(10) UNSIGNED NOT NULL AUTO_INCREMENT,
  `enabled` tinyint(1) NOT NULL,
  `amount` int(10) UNSIGNED NOT NULL,
  `lowLimitEnabledCustomer` tinyint(1) NOT NULL,
  `lowLimitEnabled` tinyint(1) NOT NULL,
  `lowLimitAmount` int(10) UNSIGNED NOT NULL,
  PRIMARY KEY (`inventoryId`),
  UNIQUE KEY `UNIQ_28BCD8D2BF396750` (`id`),
  KEY `id` (`id`)
) ENGINE=InnoDB DEFAULT CHARSET=utf8 COLLATE=utf8_unicode_ci;

-- --------------------------------------------------------

--
-- Table structure for table `xc_languages`
--

DROP TABLE IF EXISTS `xc_languages`;
CREATE TABLE IF NOT EXISTS `xc_languages` (
  `lng_id` int(11) NOT NULL AUTO_INCREMENT,
  `code` char(2) COLLATE utf8_unicode_ci NOT NULL,
  `code3` char(3) COLLATE utf8_unicode_ci NOT NULL,
  `r2l` tinyint(1) NOT NULL,
  `added` tinyint(1) NOT NULL,
  `enabled` tinyint(1) NOT NULL,
  `module` varchar(255) COLLATE utf8_unicode_ci DEFAULT NULL,
  PRIMARY KEY (`lng_id`),
  UNIQUE KEY `UNIQ_3940C19DD7077436` (`lng_id`),
  UNIQUE KEY `code3` (`code3`),
  UNIQUE KEY `code2` (`code`),
  KEY `added` (`added`),
  KEY `enabled` (`enabled`)
) ENGINE=InnoDB AUTO_INCREMENT=183 DEFAULT CHARSET=utf8 COLLATE=utf8_unicode_ci;

--
-- Dumping data for table `xc_languages`
--

INSERT INTO `xc_languages` (`lng_id`, `code`, `code3`, `r2l`, `added`, `enabled`, `module`) VALUES
(1, 'aa', 'aar', 0, 0, 0, NULL),
(2, 'ab', 'abk', 0, 0, 0, NULL),
(3, 'af', 'afr', 0, 0, 0, NULL),
(4, 'ak', 'aka', 0, 0, 0, NULL),
(5, 'sq', 'alb', 0, 0, 0, NULL),
(6, 'am', 'amh', 0, 0, 0, NULL),
(7, 'ar', 'ara', 0, 0, 0, NULL),
(8, 'an', 'arg', 0, 0, 0, NULL),
(9, 'hy', 'arm', 0, 0, 0, NULL),
(10, 'as', 'asm', 0, 0, 0, NULL),
(11, 'av', 'ava', 0, 0, 0, NULL),
(12, 'ae', 'ave', 0, 0, 0, NULL),
(13, 'ay', 'aym', 0, 0, 0, NULL),
(14, 'az', 'aze', 0, 0, 0, NULL),
(15, 'ba', 'bak', 0, 0, 0, NULL),
(16, 'bm', 'bam', 0, 0, 0, NULL),
(17, 'eu', 'baq', 0, 0, 0, NULL),
(18, 'be', 'bel', 0, 0, 0, NULL),
(19, 'bn', 'ben', 0, 0, 0, NULL),
(20, 'bh', 'bih', 0, 0, 0, NULL),
(21, 'bi', 'bis', 0, 0, 0, NULL),
(22, 'bs', 'bos', 0, 0, 0, NULL),
(23, 'br', 'bre', 0, 0, 0, NULL),
(24, 'gb', 'gbr', 0, 0, 0, 'XC\\GbTranslation'),
(25, 'bg', 'bul', 0, 0, 0, NULL),
(26, 'my', 'bur', 0, 0, 0, NULL),
(27, 'ca', 'cat', 0, 0, 0, NULL),
(28, 'ch', 'cha', 0, 0, 0, NULL),
(29, 'ce', 'che', 0, 0, 0, NULL),
(30, 'zh', 'chi', 0, 0, 0, NULL),
(31, 'cu', 'chu', 0, 0, 0, NULL),
(32, 'cv', 'chv', 0, 0, 0, NULL),
(33, 'kw', 'cor', 0, 0, 0, NULL),
(34, 'co', 'cos', 0, 0, 0, NULL),
(35, 'cr', 'cre', 0, 0, 0, NULL),
(36, 'cs', 'cze', 0, 0, 0, NULL),
(37, 'da', 'dan', 0, 0, 0, NULL),
(38, 'dv', 'div', 0, 0, 0, NULL),
(39, 'nl', 'dut', 0, 0, 0, NULL),
(40, 'dz', 'dzo', 0, 0, 0, NULL),
(41, 'en', 'eng', 0, 1, 1, NULL),
(42, 'eo', 'epo', 0, 0, 0, NULL),
(43, 'et', 'est', 0, 0, 0, NULL),
(44, 'ee', 'ewe', 0, 0, 0, NULL),
(45, 'fo', 'fao', 0, 0, 0, NULL),
(46, 'fj', 'fij', 0, 0, 0, NULL),
(47, 'fi', 'fin', 0, 0, 0, NULL),
(48, 'fr', 'fre', 0, 0, 0, 'CDev\\FrTranslation'),
(49, 'fy', 'fry', 0, 0, 0, NULL),
(50, 'ff', 'ful', 0, 0, 0, NULL),
(51, 'ka', 'geo', 0, 0, 0, NULL),
(52, 'de', 'ger', 0, 0, 0, 'CDev\\DeTranslation'),
(53, 'gd', 'gla', 0, 0, 0, NULL),
(54, 'ga', 'gle', 0, 0, 0, NULL),
(55, 'gl', 'glg', 0, 0, 0, NULL),
(56, 'gv', 'glv', 0, 0, 0, NULL),
(57, 'el', 'gre', 0, 0, 0, NULL),
(58, 'gn', 'grn', 0, 0, 0, NULL),
(59, 'gu', 'guj', 0, 0, 0, NULL),
(60, 'ht', 'hat', 0, 0, 0, NULL),
(61, 'ha', 'hau', 0, 0, 0, NULL),
(62, 'he', 'heb', 0, 0, 0, NULL),
(63, 'hz', 'her', 0, 0, 0, NULL),
(64, 'hi', 'hin', 0, 0, 0, NULL),
(65, 'ho', 'hmo', 0, 0, 0, NULL),
(66, 'hr', 'hrv', 0, 0, 0, NULL),
(67, 'hu', 'hun', 0, 0, 0, NULL),
(68, 'ig', 'ibo', 0, 0, 0, NULL),
(69, 'is', 'ice', 0, 0, 0, NULL),
(70, 'io', 'ido', 0, 0, 0, NULL),
(71, 'ii', 'iii', 0, 0, 0, NULL),
(72, 'iu', 'iku', 0, 0, 0, NULL),
(73, 'ie', 'ile', 0, 0, 0, NULL),
(74, 'ia', 'ina', 0, 0, 0, NULL),
(75, 'id', 'ind', 0, 0, 0, NULL),
(76, 'ik', 'ipk', 0, 0, 0, NULL),
(77, 'it', 'ita', 0, 0, 0, NULL),
(78, 'jv', 'jav', 0, 0, 0, NULL),
(79, 'ja', 'jpn', 0, 0, 0, NULL),
(80, 'kl', 'kal', 0, 0, 0, NULL),
(81, 'kn', 'kan', 0, 0, 0, NULL),
(82, 'ks', 'kas', 0, 0, 0, NULL),
(83, 'kr', 'kau', 0, 0, 0, NULL),
(84, 'kk', 'kaz', 0, 0, 0, NULL),
(85, 'km', 'khm', 0, 0, 0, NULL),
(86, 'ki', 'kik', 0, 0, 0, NULL),
(87, 'rw', 'kin', 0, 0, 0, NULL),
(88, 'ky', 'kir', 0, 0, 0, NULL),
(89, 'kv', 'kom', 0, 0, 0, NULL),
(90, 'kg', 'kon', 0, 0, 0, NULL),
(91, 'ko', 'kor', 0, 0, 0, NULL),
(92, 'kj', 'kua', 0, 0, 0, NULL),
(93, 'ku', 'kur', 0, 0, 0, NULL),
(94, 'lo', 'lao', 0, 0, 0, NULL),
(95, 'la', 'lat', 0, 0, 0, NULL),
(96, 'lv', 'lav', 0, 0, 0, NULL),
(97, 'li', 'lim', 0, 0, 0, NULL),
(98, 'ln', 'lin', 0, 0, 0, NULL),
(99, 'lt', 'lit', 0, 0, 0, NULL),
(100, 'lb', 'ltz', 0, 0, 0, NULL),
(101, 'lu', 'lub', 0, 0, 0, NULL),
(102, 'lg', 'lug', 0, 0, 0, NULL),
(103, 'mk', 'mac', 0, 0, 0, NULL),
(104, 'mh', 'mah', 0, 0, 0, NULL),
(105, 'ml', 'mal', 0, 0, 0, NULL),
(106, 'mi', 'mao', 0, 0, 0, NULL),
(107, 'mr', 'mar', 0, 0, 0, NULL),
(108, 'ms', 'may', 0, 0, 0, NULL),
(109, 'mg', 'mlg', 0, 0, 0, NULL),
(110, 'mt', 'mlt', 0, 0, 0, NULL),
(111, 'mn', 'mon', 0, 0, 0, NULL),
(112, 'na', 'nau', 0, 0, 0, NULL),
(113, 'nv', 'nav', 0, 0, 0, NULL),
(114, 'nr', 'nbl', 0, 0, 0, NULL),
(115, 'nd', 'nde', 0, 0, 0, NULL),
(116, 'ng', 'ndo', 0, 0, 0, NULL),
(117, 'ne', 'nep', 0, 0, 0, NULL),
(118, 'no', 'nor', 0, 0, 0, NULL),
(119, 'ny', 'nya', 0, 0, 0, NULL),
(120, 'oc', 'oci', 0, 0, 0, NULL),
(121, 'oj', 'oji', 0, 0, 0, NULL),
(122, 'or', 'ori', 0, 0, 0, NULL),
(123, 'om', 'orm', 0, 0, 0, NULL),
(124, 'os', 'oss', 0, 0, 0, NULL),
(125, 'pa', 'pan', 0, 0, 0, NULL),
(126, 'fa', 'per', 0, 0, 0, NULL),
(127, 'pi', 'pli', 0, 0, 0, NULL),
(128, 'pl', 'pol', 0, 0, 0, NULL),
(129, 'pt', 'por', 0, 0, 0, NULL),
(130, 'ps', 'pus', 0, 0, 0, NULL),
(131, 'qu', 'que', 0, 0, 0, NULL),
(132, 'rm', 'roh', 0, 0, 0, NULL),
(133, 'ro', 'rum', 0, 0, 0, NULL),
(134, 'rn', 'run', 0, 0, 0, NULL),
(135, 'ru', 'rus', 0, 0, 0, 'CDev\\RuTranslation'),
(136, 'sg', 'sag', 0, 0, 0, NULL),
(137, 'sa', 'san', 0, 0, 0, NULL),
(138, 'si', 'sin', 0, 0, 0, NULL),
(139, 'sk', 'slo', 0, 0, 0, NULL),
(140, 'sl', 'slv', 0, 0, 0, NULL),
(141, 'se', 'sme', 0, 0, 0, NULL),
(142, 'sm', 'smo', 0, 0, 0, NULL),
(143, 'sn', 'sna', 0, 0, 0, NULL),
(144, 'sd', 'snd', 0, 0, 0, NULL),
(145, 'so', 'som', 0, 0, 0, NULL),
(146, 'st', 'sot', 0, 0, 0, NULL),
(147, 'es', 'spa', 0, 0, 0, NULL),
(148, 'sc', 'srd', 0, 0, 0, NULL),
(149, 'sr', 'srp', 0, 0, 0, NULL),
(150, 'ss', 'ssw', 0, 0, 0, NULL),
(151, 'su', 'sun', 0, 0, 0, NULL),
(152, 'sw', 'swa', 0, 0, 0, NULL),
(153, 'sv', 'swe', 0, 0, 0, NULL),
(154, 'ty', 'tah', 0, 0, 0, NULL),
(155, 'ta', 'tam', 0, 0, 0, NULL),
(156, 'tt', 'tat', 0, 0, 0, NULL),
(157, 'te', 'tel', 0, 0, 0, NULL),
(158, 'tg', 'tgk', 0, 0, 0, NULL),
(159, 'tl', 'tgl', 0, 0, 0, NULL),
(160, 'th', 'tha', 0, 0, 0, NULL),
(161, 'bo', 'tib', 0, 0, 0, NULL),
(162, 'ti', 'tir', 0, 0, 0, NULL),
(163, 'to', 'ton', 0, 0, 0, NULL),
(164, 'tn', 'tsn', 0, 0, 0, NULL),
(165, 'ts', 'tso', 0, 0, 0, NULL),
(166, 'tk', 'tuk', 0, 0, 0, NULL),
(167, 'tr', 'tur', 0, 0, 0, NULL),
(168, 'tw', 'twi', 0, 0, 0, NULL),
(169, 'ug', 'uig', 0, 0, 0, NULL),
(170, 'uk', 'ukr', 0, 0, 0, NULL),
(171, 'ur', 'urd', 0, 0, 0, NULL),
(172, 'uz', 'uzb', 0, 0, 0, NULL),
(173, 've', 'ven', 0, 0, 0, NULL),
(174, 'vi', 'vie', 0, 0, 0, NULL),
(175, 'cy', 'wel', 0, 0, 0, NULL),
(176, 'wa', 'wln', 0, 0, 0, NULL),
(177, 'wo', 'wol', 0, 0, 0, NULL),
(178, 'xh', 'xho', 0, 0, 0, NULL),
(179, 'yi', 'yid', 0, 0, 0, NULL),
(180, 'yo', 'yor', 0, 0, 0, NULL),
(181, 'za', 'zha', 0, 0, 0, NULL),
(182, 'zu', 'zul', 0, 0, 0, NULL);

-- --------------------------------------------------------

--
-- Table structure for table `xc_language_labels`
--

DROP TABLE IF EXISTS `xc_language_labels`;
CREATE TABLE IF NOT EXISTS `xc_language_labels` (
  `label_id` int(11) NOT NULL AUTO_INCREMENT,
  `name` varchar(255) CHARACTER SET utf8 COLLATE utf8_bin NOT NULL,
  PRIMARY KEY (`label_id`),
  UNIQUE KEY `name` (`name`)
) ENGINE=InnoDB AUTO_INCREMENT=3643 DEFAULT CHARSET=utf8 COLLATE=utf8_unicode_ci;

--
-- Dumping data for table `xc_language_labels`
--

INSERT INTO `xc_language_labels` (`label_id`, `name`) VALUES
(3363, ' page and make sure that:'),
(2851, '"Cash on delivery" status'),
(3362, '"Site management"'),
(2009, '"X product" options'),
(1154, '"{{number}}" tracking number is added'),
(1155, '"{{number}}" tracking number is removed'),
(1787, '"{{product}} product" attributes'),
(1959, '# selected'),
(1, '%'),
(2993, '(disabled role)'),
(2024, '(optional)'),
(433, '+12130000000'),
(1731, '- OR -'),
(239, '-- No categories --'),
(2542, '...Downloading {{entry}}...{{status}}'),
(2540, '...Hooks {{hooksCount}}'),
(2539, '...Hooks {{hooksCount}}, Items {{itemsCount}}...'),
(2538, '...Invoke {{type}} hook for {{entry}}...'),
(2541, '...Unpacking {{entry}}...{{status}}'),
(3404, '1.1 (X-Payments 1.0.5 and earlier)'),
(3405, '1.2 (X-Payments 2.0 and X-Payments 1.0.6)'),
(3452, '1.3 (X-Payments 2.1)'),
(429, '1000 Example street'),
(387, '14days'),
(3541, '18 years'),
(3542, '19 years'),
(3358, '2Checkout.com account number'),
(3220, '30 Day Trial of AuctionInc ShippingCalc Module is over'),
(3219, '30 Day Trial of AuctionInc ShippingCalc Module. Days Left: X'),
(388, '30days'),
(386, '7days'),
(432, '90001'),
(2543, '<span>X</span> items'),
(3234, 'A - Z'),
(1432, 'A DB error occurred while uninstalling the module X'),
(2180, 'A new category will be created'),
(437, 'A new customer? Enter your e-mail'),
(2177, 'A new membership will be created'),
(2178, 'A new product class will be created'),
(2176, 'A new product will be created'),
(2179, 'A new tax class will be created'),
(2855, 'A single domain'),
(438, 'ABA routing number'),
(3324, 'API Login ID'),
(2893, 'API access password'),
(2892, 'API access username'),
(2897, 'API certificate'),
(2896, 'API certificate filename'),
(2886, 'API credentials for payments and post-checkout operations'),
(2895, 'API signature'),
(375, 'APRIL'),
(379, 'AUGUST'),
(2416, 'About X remaining'),
(439, 'Absolute'),
(440, 'Accept'),
(2661, 'Accept[TT]'),
(441, 'Accepted orders'),
(443, 'Access denied!'),
(444, 'Access information'),
(445, 'Access level'),
(2680, 'Access level cannot be changed (from {{prevValue}} to {{value}}) for existing profile ({{login}})'),
(1885, 'Access storefront via private link'),
(446, 'Account'),
(447, 'Account details'),
(247, 'Account settings'),
(448, 'Account status'),
(449, 'Account summary'),
(2548, 'Accounting'),
(2331, 'Action'),
(1428, 'Action X::Y, M'),
(31, 'Activate'),
(29, 'Activate existing key'),
(28, 'Activate free license'),
(35, 'Activate free license description'),
(1611, 'Activate key'),
(450, 'Activate license key'),
(2450, 'Activate purchased skin'),
(2230, 'Activate your X-Cart'),
(2228, 'Activate your X-Cart installation'),
(2229, 'Activate your X-Cart installation first'),
(22, 'Activate your license key'),
(451, 'Activate your paid module license'),
(452, 'Active'),
(453, 'Active from'),
(454, 'Active till'),
(455, 'Add'),
(456, 'Add Product'),
(457, 'Add alternative payment method'),
(1857, 'Add attribute'),
(2632, 'Add banner'),
(458, 'Add category'),
(459, 'Add child'),
(2628, 'Add comment here'),
(2772, 'Add countries'),
(2837, 'Add coupon'),
(460, 'Add discount'),
(461, 'Add featured products'),
(2014, 'Add featured products for "X"'),
(2848, 'Add featured products for the front page'),
(462, 'Add file'),
(463, 'Add image'),
(134, 'Add language'),
(464, 'Add markup'),
(465, 'Add new'),
(466, 'Add new address'),
(467, 'Add new country'),
(2830, 'Add new coupon'),
(3406, 'Add new credit card'),
(468, 'Add new exception'),
(133, 'Add new label'),
(137, 'Add new language'),
(469, 'Add new membership level'),
(470, 'Add new option'),
(471, 'Add new option group'),
(472, 'Add new state'),
(473, 'Add offline payment method'),
(474, 'Add payment method'),
(2742, 'Add product'),
(1914, 'Add products'),
(1591, 'Add rates'),
(3180, 'Add related products'),
(3038, 'Add review'),
(475, 'Add shipping method'),
(1596, 'Add state'),
(1595, 'Add states'),
(476, 'Add subcategory'),
(2338, 'Add to bag'),
(41, 'Add to cart'),
(1157, 'Add tracking number'),
(477, 'Add user'),
(478, 'Add your _products_'),
(3058, 'Add your own review'),
(479, 'Add zone'),
(2357, 'Add-on does not exist.'),
(480, 'Add-ons'),
(481, 'Add/update options'),
(482, 'Added'),
(2836, 'Added coupons'),
(2145, 'Added items'),
(483, 'Added to cart'),
(2943, 'Additional criteria to match for PayPal account verification'),
(2875, 'Additional settings'),
(484, 'Address'),
(485, 'Address book'),
(486, 'Address details'),
(487, 'Address field'),
(488, 'Address fields'),
(3339, 'Address for sales tax calculation'),
(1790, 'Address has been deleted'),
(1785, 'Address is not selected'),
(3594, 'Address line verification: X'),
(1786, 'Address not found'),
(489, 'Address pattern'),
(1784, 'Address type has wrong value'),
(3595, 'Address zipcode verification: X'),
(2504, 'Address zone'),
(1722, 'Addresses list is empty'),
(490, 'Admin'),
(1286, 'Admin has requested a change of password for your account. Please change the password before you proceed.'),
(491, 'Administration Zone'),
(3295, 'Administrative name'),
(492, 'Administrator'),
(1486, 'Administrator Zone'),
(2372, 'Administrator account cannot be deleted via customer interface.'),
(2269, 'Administrator header'),
(3539, 'Administrator notes'),
(2270, 'Administrator signature'),
(2273, 'Administrator subject'),
(2274, 'Administrator text'),
(2349, 'Advanced Order Management'),
(2853, 'Advanced statistics with Google Analytics'),
(2023, 'After activation Skrill will give you access to a new section in your Skrill account called "Merchant tools". Please choose a secret word (do not use your password for this) and enter it into the merchant tools section and below.'),
(1261, 'After clicking this button, your hard/soft reset links will be regenerated. You need it in case old links were compromised.'),
(1374, 'After the problem has been fixed, try to connect again.'),
(2686, 'After the problem has been fixed, try to connect again.'', {''clear_cache'': url(''addons_list_marketplace'),
(1458, 'After the upgrade is completed please check your website. If you find that the site is inoperative, please try to do the following'),
(1776, 'Aggregation cache has been cleaned'),
(3164, 'Air service center'),
(236, 'All'),
(660, 'All Addresses (default zone)'),
(353, 'All Order Statuses'),
(403, 'All User Types'),
(493, 'All add-ons'),
(2100, 'All attributes'),
(3022, 'All classes from this category'),
(1798, 'All countries'),
(494, 'All customers'),
(2687, 'All items'),
(2142, 'All items cannot be removed from the order.'),
(2077, 'All levels'),
(401, 'All membership levels'),
(495, 'All memberships'),
(2948, 'All newest products'),
(3188, 'All news'),
(2081, 'All orders'),
(2066, 'All payment statuses'),
(2610, 'All payment transaction statuses'),
(496, 'All products on sale'),
(1721, 'All rights reserved.'),
(497, 'All shipping methods'),
(2067, 'All shipping statuses'),
(498, 'All shipping zones'),
(2341, 'All statuses'),
(499, 'All the products are in sufficient quantities'),
(500, 'All time'),
(2949, 'All upcoming products'),
(2348, 'All user types'),
(3089, 'All users'),
(1727, 'All words'),
(3025, 'Alphabetical'),
(503, 'Alphabetically'),
(1627, 'Already added'),
(1666, 'Already exists'),
(504, 'Already have an account?'),
(2602, 'Also the system has detected problems with the following modules'),
(100, 'Alt'),
(505, 'Alternative payment methods'),
(506, 'Alternative text'),
(283, 'Alternatively, upload file sqldump.sql.php to the var/backup/ sub-directory click on the "Restore from server" button'),
(2688, 'Although you can switch the store to use the secure protocol for the website pages, most Internet browsers will likely display a warning message scaring your website visitors away.'),
(2563, 'Amazon'),
(3632, 'Amazon Order Ref ID'),
(507, 'Amount'),
(508, 'Amount: high to low'),
(509, 'Amount: low to high'),
(1809, 'An attempt to update settings of unknown payment method'),
(2294, 'An error occurred while sending the request'),
(2409, 'An error occurred, please try again. If the problem persists, contact the administrator.'),
(2410, 'An error occurred, please try again. If the problem persists, contact the administrator. (txnNote)'),
(1681, 'An upgrade is a dangerous process that may result in a crashed website.'),
(510, 'An upgrade is a dangerous process that may result in a crashed website. It is strongly recommended to create a full back up of your shop (the code and the database) and download it to a local computer before proceeding to the next step.'),
(1878, 'Anonymous'),
(2078, 'Anonymous (access level)'),
(208, 'Anonymous Customer'),
(209, 'Anonymous Customer, _Registered User with the same email_'),
(1969, 'Anonymous Customers'),
(3104, 'Anonymous reviewer'),
(2977, 'Anonymous users only'),
(511, 'Another state'),
(122, 'Any availability status'),
(407, 'Any category'),
(125, 'Any class'),
(512, 'Any membership level'),
(513, 'Any product class'),
(2486, 'Any profile'),
(3033, 'Any rating'),
(3246, 'Any special needs?'),
(408, 'Any status'),
(2125, 'Any stock status'),
(2976, 'Any visitors'),
(1728, 'Any word'),
(514, 'Any zone'),
(2560, 'App type'),
(515, 'Appearance'),
(2803, 'Applied discount coupon'),
(516, 'Apply destination'),
(517, 'Apply price'),
(1700, 'Apply value changes globally'),
(1699, 'Apply value changes locally'),
(3049, 'Approve'),
(3040, 'Approve review'),
(3630, 'Approved URL'),
(518, 'Are you sure you want to continue?'),
(519, 'Are you sure you want to delete the selected user?'),
(2577, 'Are you sure you want to delete this filter?'),
(1624, 'Are you sure you want to delete this profile?'),
(520, 'Are you sure you want to disable this add-on?'),
(2743, 'Are you sure you want to enable https anyway?'),
(521, 'Are you sure you want to enable this add-on?'),
(3558, 'Are you sure you want to transmit this shipment?'),
(2336, 'Are you sure you want to uninstall selected add-ons?'),
(522, 'Are you sure you want to uninstall this add-on?'),
(3555, 'Are you sure you want to void this shipment?'),
(523, 'Are you sure you wish to delete the selected zones?'),
(524, 'Are you sure?'),
(525, 'Arrival date'),
(527, 'Ask.com'),
(2391, 'Assign entered Clean URL to this page anyway'),
(528, 'Assigned classes'),
(526, 'Asynchronous'),
(3505, 'Attached files'),
(529, 'Attachment is not deleted'),
(530, 'Attachments'),
(531, 'Attachments have been updated successfully'),
(1527, 'Attribute'),
(18, 'Attribute data will be lost. warning text'),
(1526, 'Attribute group'),
(1523, 'Attribute name'),
(1518, 'Attribute option'),
(1524, 'Attribute values'),
(128, 'Attributes'),
(746, 'Attributes block'),
(323, 'Attributes for X product class'),
(1788, 'Attributes have been successfully changed'),
(1838, 'Attributes have been updated successfully'),
(1853, 'Attributes imported'),
(532, 'Australia Post settings'),
(2048, 'Auth'),
(2876, 'Auth and Capture'),
(2877, 'Auth only'),
(533, 'Authentication'),
(534, 'Authentication code'),
(535, 'Author'),
(2003, 'Authorization and Capture'),
(2004, 'Authorization only'),
(3455, 'Authorization period, days'),
(536, 'Authorization then capture'),
(3453, 'Authorize amount for card setup'),
(3423, 'Authorize/charge the difference'),
(2649, 'Authorize[TT]'),
(355, 'Authorized'),
(1777, 'Authorized amount'),
(537, 'Auto'),
(2689, 'Autogenerate'),
(1625, 'Autogenerate Clean URL'),
(2021, 'Autogenerated'),
(2553, 'Automate shipping'),
(2555, 'Automate your shipping process with the services of our partners: print shipping labels, grab shipping orders info from eBay, ETSY, Amazon and other marketplaces; integrate with several shipping carriers in one spot and more.'),
(538, 'Availability'),
(539, 'Available for sale'),
(2483, 'Avalara, a leader in US sales tax automation, provides a solution that can make your life easier by providing accurate and up-to-date tax rates for products you sell.'),
(3065, 'Average rating'),
(540, 'B'),
(251, 'BEGIN - END of TOTAL'),
(1765, 'Back'),
(1732, 'Back to Login form'),
(2607, 'Back to Trial mode'),
(3160, 'Back to Webmaster mode'),
(745, 'Back to Zones list'),
(3411, 'Back to credit cards'),
(541, 'Back to file select'),
(542, 'Back to layout settings'),
(543, 'Back to methods'),
(1733, 'Back to modules'),
(2277, 'Back to notifications list'),
(544, 'Back to order list'),
(3076, 'Back to product details'),
(3268, 'Back to products'),
(2530, 'Back to shipping methods'),
(3116, 'Back to templates list'),
(309, 'Backend payment transaction X issued'),
(2690, 'Background export is in progress'),
(545, 'Backup'),
(546, 'Backup database'),
(1981, 'Backup your store with Backup Master'),
(547, 'Bank Account Number'),
(2908, 'Banner on Cart page'),
(2906, 'Banner on Category pages'),
(2905, 'Banner on Home page'),
(2907, 'Banner on Product details pages'),
(2631, 'Banner rotation'),
(3067, 'Based on'),
(3088, 'Be the first and leave a feedback.'),
(1560, 'Before editing attributes specific for the chosen type you should save the changes'),
(2476, 'Before enabling HTTPS protocol read this article:'),
(2226, 'Before installing a paid addon for this installation, you need to activate your X-Cart license.'),
(3322, 'Before you can start configure Australia Post module you should update available options from Australia Post. Please click button below.'),
(3297, 'Begin offer date'),
(3298, 'Begin offer hour'),
(548, 'Benchmark completed in '),
(549, 'Benchmark result under 3000ms is considered good'),
(550, 'Bestsellers'),
(2586, 'Bill to'),
(2776, 'Billing'),
(551, 'Billing address'),
(2034, 'Billing address is not defined'),
(552, 'Billing address is not defined yet'),
(1768, 'Billing address is the same as Shipping'),
(2780, 'Billing to'),
(553, 'Bing'),
(3135, 'Block is disabled'),
(3134, 'Block is enabled'),
(2012, 'Blocked'),
(2769, 'Body'),
(3522, 'Box maximum weight'),
(554, 'Brief description'),
(555, 'Brief descrption'),
(556, 'Browse server'),
(3266, 'Bulk Edit processing in progress...'),
(3258, 'Bulk edit'),
(3260, 'Bulk edit all'),
(3263, 'Bulk edit has been processed successfully.'),
(3264, 'Bulk edit processing has been interrupted.'),
(3265, 'Bulk edit processing may take a while to complete. Please do not close this page until the process is fully completed.'),
(3269, 'Bulk edit selected'),
(2155, 'Buy'),
(2425, 'Buy Business Edition'),
(557, 'Buy more'),
(2380, 'Buy prolongation'),
(1742, 'C.O.D. fee included'),
(558, 'CLOSE'),
(1949, 'CM'),
(559, 'CSS & JavaScript'),
(2326, 'CSV delimiter'),
(2106, 'CSV file has the wrong filename format.'),
(1929, 'CSV or ZIP files, total max size: {{size}}'),
(3593, 'CVC verification: X'),
(1753, 'CVV2'),
(2411, 'Cache management'),
(560, 'Cache rebuild is already started, please wait'),
(2414, 'Calculate quick data'),
(2415, 'Calculate quick data help text'),
(561, 'Calculate rates'),
(2417, 'Calculating quick data...'),
(431, 'California'),
(1755, 'Call us: '),
(2491, 'Can be provided only for offline shipping methods.'),
(2493, 'Can be provided only for online shipping methods.'),
(2887, 'Can be set up later'),
(562, 'Can''t be disabled. The module is required by:'),
(563, 'Can''t connect to the Modules Marketplace server'),
(1976, 'Can\\''t connect to the marketplace server'),
(3495, 'Canada Post module allows to use online shipping rates calculation via Canada Post'),
(3534, 'Canada Post settings'),
(3565, 'CanadaPost settings'),
(149, 'Cancel'),
(3382, 'Cancel import and keep current payment methods'),
(2964, 'Cancel sale'),
(357, 'Canceled'),
(2617, 'Canceled[S]'),
(1844, 'Cannot autogenerate clean URL for the product name "{{name}}". Please specify it manually.'),
(2139, 'Cannot create temporary order for modification'),
(2280, 'Cannot gather modules from the marketplace. Please try later.'),
(3158, 'Cannot get flexy content'),
(288, 'Cannot set X permissions for subdirectories:'),
(2049, 'Capture'),
(2653, 'Capture multiple[TT]'),
(2652, 'Capture partially[TT]'),
(564, 'Capture status'),
(2651, 'Capture[TT]'),
(1778, 'Captured amount'),
(3547, 'Card (hold) for pick up'),
(2242, 'Card number'),
(3447, 'Card saved'),
(2239, 'Card type'),
(3448, 'Card was not saved due to payment processor error'),
(1748, 'Cardholder name'),
(3428, 'Cards saved by the customer for the future orders in this shop. No real credit cards were saved, only special token on the side of the payment processor, that can be used in this store only.'),
(3371, 'Cards which can be used for your future orders in this shop. No real credit cards were saved, only special token on the side of the payment processor, that can be used in this store only.'),
(1148, 'Carrier'),
(2527, 'Carrier service'),
(2528, 'Carrier service name'),
(2526, 'Carrier services'),
(2495, 'Carrier-calculated rates'),
(1763, 'Cart'),
(565, 'Cart & checkout'),
(2122, 'Cart contains products with wrong quantity'),
(2121, 'Cart contains products with wrong quantity. Please correct this to proceed'),
(218, 'Cart is empty'),
(3315, 'Cart promo text'),
(3316, 'Cart qualified text'),
(2017, 'Cash on delivery'),
(566, 'Catalog'),
(567, 'Categories'),
(1854, 'Categories imported'),
(568, 'Category'),
(92, 'Category icon'),
(569, 'Category info'),
(570, 'Category name'),
(2685, 'Category name should not be empty'),
(571, 'Category page title'),
(572, 'Change'),
(573, 'Change address'),
(1754, 'Change attributes'),
(574, 'Change method'),
(575, 'Change options'),
(1376, 'Change password'),
(576, 'Change payment info'),
(577, 'Change shipping info'),
(2143, 'Changed items'),
(2144, 'Changed options'),
(1697, 'Changes of attributes globally'),
(1698, 'Changes of attributes locally'),
(2157, 'Character set'),
(3456, 'Charged amount'),
(1679, 'Check again'),
(578, 'Check all'),
(3156, 'Check directory permissions'),
(2466, 'Check for available free disk space has failed'),
(2744, 'Check for updates'),
(579, 'Check number'),
(3446, 'Check the settings.'),
(580, 'Checking'),
(581, 'Checking integrity, please wait...'),
(222, 'Checkout'),
(582, 'Choose'),
(3601, 'Choose Webhook tab and press + add URL button'),
(583, 'Choose _payment methods_'),
(2452, 'Choose a new template'),
(2241, 'Choose card type'),
(3024, 'Choose classes...'),
(584, 'Choose file'),
(585, 'Choose from a variety of bundled payment solutions to accept credit cards and other methods of payment on your website'),
(586, 'Choose method'),
(2782, 'Choose shipping'),
(587, 'Choose shipping method'),
(1735, 'Choose the product options first'),
(2424, 'Choose the right plan'),
(1571, 'Choosing "URLs" will link the exported data to your public files (product and category images, downloadable files shown on product pages, and so on) through direct URLs'),
(2240, 'Chose credit card type'),
(588, 'City'),
(2101, 'Classes & Attributes'),
(1805, 'Classes & attributes'),
(3021, 'Classes for product filter'),
(589, 'Clean URL'),
(641, 'Clean URLs are disabled'),
(639, 'Clean URLs are disabled. More info'),
(2691, 'Clean URLs are disabled. More info'', {''more_info_url'': url(''settings'', '''),
(640, 'Clean URLs are enabled'),
(643, 'Clean URLs functionality may not be enabled. More info'),
(594, 'Clean aggregation cache'),
(62, 'Clean aggregation cache help text'),
(595, 'Clean widgets cache'),
(63, 'Clean widgets cache help text'),
(596, 'CleanURL'),
(593, 'Clean_urls_error_message'),
(1482, 'Cleanup'),
(1479, 'Cleanup queries'),
(1739, 'Clear all fields'),
(597, 'Clear bag'),
(46, 'Clear cart'),
(120, 'Clear search'),
(3605, 'Click Connect with Stripe to be redirected to Stripe.com'),
(598, 'Click here to access/add subcategories'),
(3340, 'Click here to specify tax rates that will apply only to shipping charges'),
(599, 'Click here to view states of country'),
(1551, 'Click if you do not want to add this value to new products or class’s assigns automatically'),
(1552, 'Click if you want to add this value to new products or class’s assigns automatically'),
(3376, 'Click the button below to re-import payment methods from X-Payments.'),
(2156, 'Click the link to increase product amount'),
(1590, 'Click to add rates'),
(1594, 'Click to add states'),
(1658, 'Click to close'),
(1597, 'Click to edit all this label translations'),
(1589, 'Click to edit rates'),
(1593, 'Click to edit states'),
(3254, 'Click to finish your order'),
(1657, 'Click to open'),
(3256, 'Click to proceed to the next step'),
(3259, 'Click to specify'),
(600, 'Click to unblock'),
(187, 'Clicking the Place order button you accept: Terms and Conditions'),
(1510, 'Clone'),
(1509, 'Clone this product'),
(129, 'Cloned products'),
(364, 'Close'),
(601, 'Close storefront'),
(1887, 'Closed'),
(2561, 'Cloud Service'),
(602, 'Code'),
(2950, 'Coming soon'),
(2322, 'Coming soon (title)'),
(2961, 'Coming soon...'),
(1650, 'Comma'),
(603, 'Comment'),
(604, 'Comments'),
(1945, 'Commercial'),
(3546, 'Commercial - will return the contracted price between Canada Post and the contract holder'),
(2070, 'Communication log'),
(1872, 'Compact view'),
(605, 'Company'),
(606, 'Company name'),
(2033, 'Compare'),
(1756, 'Compare products'),
(1488, 'Compare your result with other servers'),
(1669, 'Complete'),
(1769, 'Complete billing address'),
(607, 'Completed'),
(608, 'Component'),
(3444, 'Conection with X-Payments is OK.'),
(609, 'Configuration'),
(3396, 'Configuration has been successfully deployed'),
(1585, 'Configure'),
(610, 'Configure _shipping methods_'),
(2854, 'Configure the Google Analytics module to view the advanced statistics'),
(3438, 'Configure your gateway'),
(611, 'Configure your store'),
(146, 'Confirm deletion'),
(612, 'Confirm password'),
(2431, 'Confirmation'),
(1667, 'Confirmation does not match'),
(168, 'Congratulations! Your order has been placed successfully'),
(3439, 'Connect'),
(3441, 'Connect to X-Payments. Do 3 easy steps.'),
(3238, 'Connect your store to MailChimp'),
(3443, 'Connected!'),
(2692, 'Connecting to the marketplace...'),
(3431, 'Connection'),
(3445, 'Connection failed!'),
(3460, 'Connection with X-Payments is OK.'),
(3330, 'Contact Skrill on ecommerce@skrill.com or by phone +44 203 308 2519'),
(2966, 'Contact us'),
(21, 'Contact us trial notice'),
(613, 'Contacts'),
(614, 'Content'),
(2985, 'Content page title'),
(615, 'Continue'),
(1770, 'Continue as guest'),
(47, 'Continue shopping'),
(60, 'Continue...'),
(2636, 'Convert failed transactions into real orders'),
(3151, 'Convert templates'),
(101, 'Copy'),
(3599, 'Copy Webhook URL and go to Account settings'),
(616, 'Copy file to local server'),
(3387, 'Copy the value of the Configuration field from X-Payments Online Store Details page, paste the string here and click Deploy. All the connection settings will be specified automatically.'),
(102, 'Copy to clipboard'),
(99, 'Copy to file system'),
(1637, 'Core version'),
(617, 'Core version: '),
(2995, 'Could not add the discount because another discount already exists for the specified subtotal range and membership level'),
(2406, 'Could not assign upgrade access level to your license keys'),
(2996, 'Could not update the discount because another discount already exists for the specified subtotal range and membership level'),
(2748, 'Couldn''t download the banner {{value}} from URL'),
(2638, 'Couldn''t download the image {{value}} from URL'),
(1988, 'Couldn''t move X images. See log for details.'),
(1987, 'Couldn''t move image X'),
(1477, 'Count'),
(3545, 'Counter - will return the regular price paid by retail consumers'),
(618, 'Countries'),
(2250, 'Countries information has been successfully updated'),
(619, 'Countries, states and zones'),
(620, 'Country'),
(621, 'Country is not selected'),
(2832, 'Coupon'),
(2840, 'Coupon cannot be combined with other coupons'),
(622, 'Coupon code'),
(2810, 'Coupon discount'),
(2828, 'Coupon discount can be limited to customers with these membership levels'),
(2827, 'Coupon discount can be limited to these product classes'),
(623, 'Coupons'),
(624, 'Create'),
(626, 'Create SQL file'),
(627, 'Create a backup'),
(628, 'Create account'),
(629, 'Create an account for later use'),
(630, 'Create category'),
(2365, 'Create label'),
(631, 'Create new account'),
(1926, 'Create new items and update existing items'),
(3193, 'Create news message'),
(625, 'Create profile'),
(3499, 'Create return'),
(3556, 'Create shipment'),
(1272, 'Create zone'),
(632, 'Created'),
(3506, 'Created on'),
(3391, 'Credit card'),
(1749, 'Credit card number'),
(2249, 'Credit card security code (if present)'),
(1924, 'Critical error'),
(1461, 'Critical errors have been detected in the files you are trying to import. Please correct the errors and try again.'),
(1645, 'Curl options'),
(1644, 'Curl version'),
(633, 'Currency'),
(2138, 'Current price for the selected configuration and quantity: X'),
(2445, 'Current template'),
(2022, 'Custom'),
(634, 'Custom CSS'),
(90, 'Custom HTML title'),
(635, 'Custom JavaScript'),
(1934, 'Custom attributes'),
(636, 'Custom images'),
(1861, 'Custom offline shipping'),
(2496, 'Custom table rates'),
(637, 'Custom translation'),
(207, 'Customer'),
(2076, 'Customer access level'),
(3165, 'Customer counter'),
(2267, 'Customer header'),
(2140, 'Customer information'),
(3051, 'Customer name'),
(206, 'Customer note'),
(3077, 'Customer reviews'),
(2268, 'Customer signature'),
(2271, 'Customer subject'),
(2272, 'Customer text'),
(638, 'Customer zip/postal code'),
(1490, 'Customer zone is closed for maintenance.'),
(1850, 'Customers'),
(1851, 'Customers imported'),
(2951, 'Customers who bought this product also bought'),
(2952, 'Customers who viewed this product bought'),
(383, 'DECEMBER'),
(2564, 'DHL'),
(1950, 'DM'),
(3166, 'Daily Pickup'),
(1462, 'Data has not been found'),
(645, 'Data have been deleted successfully'),
(646, 'Data have been saved successfully'),
(647, 'Database backup created successfully'),
(1826, 'Database restored successfully!'),
(648, 'Date'),
(1738, 'Date range'),
(395, 'Date range should less than %d days'),
(394, 'Date range should longer than %d days'),
(2823, 'Date when customers can start using the coupon'),
(2824, 'Date when the coupon expires'),
(3416, 'Date, time'),
(2953, 'Date: newest first'),
(2954, 'Date: oldest first'),
(649, 'Day'),
(363, 'Days'),
(650, 'Dear'),
(301, 'Dear X'),
(651, 'Dear customer'),
(652, 'Decline'),
(2662, 'Decline[TT]'),
(653, 'Declined'),
(3631, 'Declined URL'),
(3457, 'Declined amount'),
(654, 'Default'),
(655, 'Default customer address'),
(1859, 'Default for admins'),
(656, 'Default for customer zone and can not disabled or deleted'),
(657, 'Default for customer zone and cannot be disabled or deleted'),
(1858, 'Default for customers'),
(2611, 'Default image settings'),
(658, 'Default images settings'),
(1520, 'Default option'),
(126, 'Default tax class'),
(1561, 'Default value'),
(420, 'Default zone tooltip text'),
(1068, 'Default-sort-option'),
(661, 'Define classes'),
(148, 'Delete'),
(157, 'Delete Language'),
(662, 'Delete SQL file'),
(2371, 'Delete account'),
(663, 'Delete all'),
(1559, 'Delete all files'),
(2576, 'Delete filter option'),
(59, 'Delete item'),
(664, 'Delete profile'),
(665, 'Delete selected'),
(666, 'Delete selected profile'),
(1465, 'Delete temporary files after the import is completed'),
(667, 'Delete the image'),
(668, 'Delete this address?'),
(3500, 'Deliver to Post Office'),
(50, 'Delivery'),
(3167, 'Delivery confirmation - adult signature required'),
(3168, 'Delivery confirmation - no signature'),
(3169, 'Delivery confirmation - signature required'),
(669, 'Delivery methods'),
(2488, 'Delivery time'),
(3503, 'Delivery to Post Office'),
(265, 'Depending on the size of your data file, importing may take some time.'),
(2052, 'Deploy'),
(42, 'Description'),
(3312, 'Description & Promotions'),
(3454, 'Description of the card setup payment'),
(1996, 'Destination address'),
(670, 'Destination zone'),
(671, 'Details'),
(2312, 'Developers docs'),
(3458, 'Difference'),
(3523, 'Dimensions (cm)'),
(672, 'Directories and files permissions'),
(344, 'Directory X does not have permissions to write. Please set necessary permissions to directory X.'),
(1856, 'Directory does not have permissions to write'),
(1649, 'Directory is empty'),
(153, 'Disable'),
(673, 'Disable all modules in the system'),
(674, 'Disable suspicious modules'),
(675, 'Disabled'),
(1554, 'Disabled in catalog'),
(156, 'Disabled language can not be set as default for customer zone'),
(1843, 'Disabled language cannot be default.'),
(676, 'Disabled language cannot be set as default for customer zone'),
(2060, 'Disabled modules hooks message body'),
(2059, 'Disabled modules hooks message head'),
(765, 'Disables all addons except ones that are provided by X-Cart Team & Qualiteam (soft reset)'),
(764, 'Disables all addons except ones that are provided by X-Cart Team (hard reset)'),
(1164, 'Disables all modules except ones that were downloaded from marketplace (soft reset)'),
(3603, 'Disconnect'),
(677, 'Discount'),
(678, 'Discount amount'),
(679, 'Discount type'),
(3341, 'Discounted subtotal'),
(3342, 'Discounted subtotal + Shipping cost'),
(680, 'Display ''inc/ex VAT'' labels next to prices'),
(3320, 'Display short promo text and image on Special Offers page'),
(3318, 'Display short promo text and image on matching category pages'),
(3319, 'Display short promo text and image on matching product pages'),
(3317, 'Display short promo text and image on the home page'),
(2898, 'Display the "Buy Now with PayPal" button'),
(681, 'Display type'),
(1867, 'Displays the number of labels translated to the language'),
(682, 'Do not close this page!'),
(1686, 'Do not replace selected files and ignore their newer versions'),
(3549, 'Do not safe drop'),
(2084, 'Do not see your payment method? Find it on our Marketplace'),
(2693, 'Do not see your payment method? Find it on our Marketplace'', {''url'': url(''addons_list_marketplace'', '''', {''tag'': ''Payment processing'),
(2124, 'Do not select anything if you want to make the product visible to all customers.'),
(683, 'Do not show at startup anymore'),
(3023, 'Do not show the filter'),
(3450, 'Do not use card setup'),
(1464, 'Do not verify images to increase speed of the process'),
(3336, 'Do you have questions?'),
(2545, 'Do you really want to close storefront?'),
(684, 'Do you really want to delete selected items?'),
(3525, 'Document'),
(3507, 'Documents'),
(2595, 'Does not match license type (requires {{list}} edition)'),
(2919, 'Don''t have account yet?'),
(3587, 'Don''t have account yet? Sign up for SagePay now!'),
(3613, 'Don''t have an account?'),
(3328, 'Don''t have an account? Sign up for free'),
(685, 'Dont have account yet?'),
(1980, 'Don’t forget to create a backup!'),
(1659, 'Double quote'),
(1930, 'Download CSV files'),
(686, 'Download SQL file'),
(1572, 'Download all files in a single archive'),
(2647, 'Download error file'),
(687, 'Downloaded components'),
(688, 'Downloading updates'),
(689, 'Downloading updates, please wait...'),
(690, 'Drag and drop me to the bag'),
(1463, 'Drop existing items before import'),
(691, 'Drop items here to shop'),
(692, 'Drupal frontend'),
(322, 'Duplicated clean URL: X'),
(270, 'During the import was recorded X errors. You can get them by downloading the log files.'),
(1757, 'E-Mail'),
(2884, 'E-Mail address to receive PayPal payment'),
(693, 'E-mail'),
(694, 'E-mail is not defined yet'),
(2936, 'EACHRECEIVER'),
(2565, 'ETSY'),
(1592, 'Edit'),
(1628, 'Edit attribute'),
(1550, 'Edit attribute values'),
(1496, 'Edit attributes'),
(695, 'Edit charges for:'),
(2448, 'Edit custom options'),
(158, 'Edit label'),
(159, 'Edit labels'),
(410, 'Edit labels (X)'),
(697, 'Edit page'),
(696, 'Edit payment method data'),
(1587, 'Edit product'),
(698, 'Edit profile'),
(426, 'Edit rates (X)'),
(3039, 'Edit review'),
(415, 'Edit states (X)'),
(349, 'Edit subcategories (X)'),
(3057, 'Edit your review'),
(3113, 'Edited templates'),
(311, 'Editing attribute groups on this page won''t affect other product classes which use these groups'),
(3304, 'Eligible membership levels'),
(699, 'Email'),
(700, 'Email &amp; password'),
(2795, 'Email Address'),
(224, 'Email address'),
(3331, 'Email address of your Skrill account'),
(1971, 'Email again'),
(701, 'Email body'),
(2263, 'Email notifications'),
(3242, 'Email or login'),
(702, 'Email settings'),
(1977, 'Empty "class" parameter is passed to the {{method}}'),
(154, 'Enable'),
(703, 'Enable HTTPS'),
(590, 'Enable clean URL'),
(642, 'Enable clean URLs'),
(3629, 'Enable the Use Enhanced Cancel option.'),
(2389, 'Enable the option "Assign entered Clean URL to this page anyway" to dissociate the entered Clean URL from the page it is currently used for and assign it to the page of the object being edited.'),
(2777, 'Enable this if you would like us to use your shipping address as your billing address'),
(704, 'Enabled'),
(2265, 'Enabled for administrator'),
(2266, 'Enabled for customer'),
(1553, 'Enabled in catalog'),
(3299, 'End offer date'),
(3300, 'End offer hour'),
(352, 'Enter OrderID or email'),
(3552, 'Enter Return # or Order #'),
(709, 'Enter X more characters to start search'),
(190, 'Enter a correct email'),
(2388, 'Enter a different Clean URL value for this page'),
(2752, 'Enter a keyword to search.'),
(195, 'Enter a negative number'),
(192, 'Enter a number'),
(194, 'Enter a positive number'),
(191, 'Enter an integer'),
(2831, 'Enter code'),
(705, 'Enter coupon code'),
(354, 'Enter date range'),
(2866, 'Enter description of the purchase that will be displayed on PayPal payment page.'),
(3243, 'Enter email address'),
(2575, 'Enter filter name'),
(400, 'Enter keyword'),
(706, 'Enter keywords'),
(707, 'Enter license key'),
(1907, 'Enter pattern here'),
(2694, 'Enter product name or SKU'),
(1910, 'Enter search pattern'),
(708, 'Enter shipping address'),
(2865, 'Enter the email address associated with your PayPal account.'),
(1741, 'Enter the shipping address to see delivery methods available to you'),
(1771, 'Enter your e-mail'),
(30, 'Enter your license key here'),
(3141, 'Entity was successfully saved'),
(710, 'Environment'),
(711, 'Environment info'),
(712, 'Error'),
(591, 'Error code explanation:'),
(3401, 'Error had occured during the requesting of payment methods from X-Payments. See log files for details.'),
(2749, 'Error of banner loading. Make sure the "images" directory has write permissions.'),
(2199, 'Error of image loading. Make sure the "images" directory has write permissions.'),
(2639, 'Error of image verification ({{value}}). Make sure you have specified the correct image file or URL.'),
(1822, 'Error of uploading file.'),
(3142, 'Error on saving image'),
(2645, 'Errors'),
(713, 'Estimate shipping cost'),
(714, 'Estimate your server performance'),
(715, 'Estimated for'),
(36, 'Evaluation notice'),
(716, 'Everything you need'),
(1726, 'Exact phrase'),
(717, 'Example'),
(430, 'Example city'),
(718, 'Examples'),
(719, 'Exception'),
(3311, 'Exclusion special offers'),
(2485, 'Existing Avalara user?'),
(1743, 'Existing Customer?'),
(3136, 'Exit editor'),
(2379, 'Exp. date'),
(720, 'Expand the functionality of your store by installing and using add-on modules'),
(1873, 'Expanded view'),
(1751, 'Expiration date'),
(358, 'Expired'),
(721, 'Export'),
(2695, 'Export all'),
(1579, 'Export cannot be started because it is disabled or there is another running export process'),
(1573, 'Export completed'),
(1577, 'Export failed'),
(1580, 'Export in CSV'),
(1578, 'Export not started'),
(2549, 'Export orders'),
(2098, 'Export product data with'),
(722, 'Export products'),
(1568, 'Export public files as'),
(1567, 'Export settings'),
(343, 'Exported in X'),
(1574, 'Exporting data...'),
(723, 'Extensions'),
(373, 'FEBRUARY'),
(369, 'FR'),
(3197, 'FREE'),
(3199, 'FREE SHIPPING'),
(2454, 'FREE quote'),
(2558, 'FREE trial'),
(724, 'Facebook'),
(725, 'Failed'),
(726, 'Failed to add detailed image'),
(727, 'Failed to add the attachment'),
(728, 'Failed to add the attachment. The file download is forbidden'),
(1834, 'Failed to update category image'),
(2971, 'Failed to update page image'),
(1855, 'Failed write to file'),
(345, 'Failed write to file X. There may not be enough disc-space. Please check if there is enough disc-space.'),
(729, 'Failed/Declined'),
(2616, 'Failed[S]'),
(1680, 'Failure'),
(1747, 'Failure reason:'),
(3159, 'Failure to convert flexy-template. Check for syntax errors'),
(1538, 'Failure: File has the wrong format.'),
(3247, 'Fast Lane checkout'),
(2968, 'Favicon'),
(1614, 'Fax'),
(2849, 'Featured'),
(730, 'Featured products'),
(2566, 'FedEx'),
(2850, 'FedEx module allows to use online shipping rates calculation via FedEx.'),
(731, 'Field is required!'),
(2668, 'File can not be uploaded'),
(2363, 'File is not an image'),
(2364, 'File is not uploaded'),
(1814, 'File not found'),
(290, 'File size exceeds the maximum size'),
(732, 'File title'),
(2696, 'File was successfully uploaded'),
(3494, 'File with certificate should be located in the directory {{certsDir}}'),
(2536, 'Files cannot be updated'),
(3606, 'Fill out the form with your Company info to setup your account and start processing payments immedately'),
(2579, 'Filter has been removed'),
(2578, 'Filter has been successfully saved'),
(2423, 'Filter transactions by status'),
(1908, 'Find countries'),
(2085, 'Find in Marketplace'),
(1245, 'Find language in marketplace'),
(1909, 'Find states'),
(2421, 'Find transactions by ID'),
(733, 'Find us on'),
(734, 'Find us on Facebook'),
(2482, 'Finished operating as user'),
(735, 'First name'),
(2786, 'First, restore your website from the created backup - this is the fastest way to get your store back online.'),
(3248, 'Firstname'),
(3288, 'Fixed-amount discount (X)'),
(3287, 'Fixed-sum discount (X)'),
(736, 'Flat markup'),
(2522, 'Flat shipping charge per item ordered.'),
(2524, 'Flat shipping charge per weight unit ordered (for example, per pound or per kilogram - depending on the weight units used by your store).'),
(2521, 'Flat shipping charge. This value will be added to the shipping rate regardless of the weight, price and number of items ordered.'),
(3154, 'Flexy templates have been removed'),
(3146, 'Flexy to twig converter'),
(3147, 'Flexy-template'),
(3161, 'Flexy-to-twig converter warning'),
(737, 'Footer menu'),
(1974, 'For any emergency you can use the hard, soft and restore-state links'),
(1635, 'For details refer to'),
(19, 'For details refer to X-Cart license'),
(738, 'For the period'),
(2056, 'Force customer to choose product options before the product can be added to cart'),
(1724, 'Forgot password'),
(739, 'Forgot password?'),
(1494, 'Forgot your password?'),
(740, 'Format'),
(2248, 'Four-digit number on the front side of your card'),
(55, 'Free'),
(741, 'Free add-ons'),
(2114, 'Free license is activated successfully'),
(2119, 'Free license key for this email is already registered'),
(3198, 'Free shipping'),
(3202, 'Free shipping tooltip text'),
(3209, 'Freight'),
(3208, 'Freight fixed fee'),
(742, 'From'),
(96, 'From computer'),
(747, 'From email'),
(3303, 'From these categories'),
(1774, 'Front page'),
(2796, 'Full Name'),
(748, 'Full description'),
(749, 'Full name'),
(1963, 'G'),
(750, 'General'),
(751, 'General Settings'),
(752, 'General info'),
(753, 'General settings'),
(3343, 'General tax rates'),
(3015, 'Generate cache on the fly'),
(2306, 'Generate resized images'),
(2307, 'Generate resized images help text'),
(3002, 'Generate sitemap'),
(1545, 'Get CSV'),
(2994, 'Get X off for order amount over Y'),
(2667, 'Get a more customizeable PDF invoice solution for your store'),
(2664, 'Get a more powerful banner system for your store'),
(2660, 'Get information[TT]'),
(2497, 'Get shipping rates from major shipping carrier companies.'),
(754, 'Give buyers a way to pay by adding an alternative payment method.'),
(755, 'Give buyers another way to pay by adding an alternative payment method'),
(1831, 'Global'),
(2099, 'Global & Classes attributes'),
(1830, 'Global attributes'),
(756, 'Go to Marketplace'),
(757, 'Go to checkout'),
(38, 'Go to checkout as a New customer'),
(3230, 'Go to comparison table'),
(3425, 'Go to payment details page'),
(3600, 'Go to your account settings on www.stripe.com'),
(53, 'Grand total'),
(2762, 'Greeting'),
(180, 'Greetings, X'),
(758, 'Grid'),
(759, 'Group options'),
(2211, 'Group {{value}} does not exists and will be created'),
(3214, 'Guide to AuctionInc ShippingCalc Settings'),
(3623, 'HPP Key'),
(760, 'HTML title (''title'' tag)'),
(761, 'HTTPS check'),
(1846, 'HTTPS option has been disabled'),
(1845, 'HTTPS option has been successfully enabled'),
(762, 'HTTPS settings'),
(2492, 'Handling fee'),
(1711, 'Hard reset (disables all modules and runs application)'),
(2789, 'Hard reset. Disable all addons except those provided by X-Cart Team'),
(2395, 'Hash file for installed entry "{{entry}}" doesn''t exist or is not readable'),
(766, 'Have a discount coupon?'),
(2802, 'Have more coupons?'),
(2556, 'Haven''t found what you''re looking for? View more shipping modules'),
(2764, 'Header'),
(2760, 'Header, greeting & signature'),
(2000, 'Height'),
(767, 'Height (px)'),
(235, 'Hello, user'),
(113, 'Help'),
(768, 'Help zone'),
(769, 'Here are shown only the methods enabled on the configuration page'),
(770, 'Here you can define how your payment methods will look in customer area'),
(1499, 'Here you can define how your payment methods will look in customer area.'),
(2516, 'Here you can provide general information about the shipping method and configure a table defining how shipping rates for this method should be calculated.'),
(3019, 'Hidden from products filter'),
(771, 'Hide'),
(3612, 'Hide "How to use" instruction'),
(2644, 'Hide all warnings/errors'),
(2697, 'Hide and make them available only via a direct link'),
(772, 'Hide trailing zeros in fractional part'),
(3232, 'High - Low'),
(773, 'History'),
(774, 'Home'),
(2754, 'Hotfixes mode'),
(2464, 'How do I move X-Cart?'),
(3072, 'How do you rate this item?'),
(775, 'How to back up your store database'),
(2517, 'How to define shipping rates'),
(776, 'How to define shipping zones'),
(2392, 'Human readable and SEO friendly web address for the page.'),
(186, 'I accept Terms and Conditions'),
(2903, 'I agree with PayPal terms & conditions'),
(2237, 'I confirm that I have created backups of my store''s files and database before upgrading the store'),
(3395, 'I want to use this credit card for my future orders in this shop.'),
(1951, 'IN'),
(2882, 'IPN HTTP error'),
(2881, 'IPN verification failed'),
(777, 'Icons'),
(778, 'Identity'),
(779, 'If there are some critical errors occurred you can do the following'),
(780, 'If you choose the second option, you can download the file from the server later on and delete it from the server by clicking on the ''Delete SQL file'' button.'),
(1504, 'If you choose to create SQL file, you will be able to download the file from the server later and after that delete it from the server by clicking on the "Delete SQL file" button.'),
(781, 'If you do not have an account, you can easily'),
(782, 'If you don''t have a moneybookers account yet, please sign up for a free moneybookers account at: http://www.skrill.com'),
(783, 'If you have a license key for a commercial module, you can enter it here to register the purchase of the appropriate module.'),
(784, 'If you have a plugin in the .tar format, you can install it by uploading it here'),
(1517, 'If you have multiple products sharing the same set of attributes, it makes sence to make them to be of the same product type and create the attributes on the product type level.'),
(2451, 'If you purchased a template but do not see it here, activate the license key that was provided to you.'),
(2790, 'If you still need help, please, feel free to contact X-Cart Help Desk at helpdesk@x-cart.com.'),
(299, 'If you store product images in the database, they are included in the SQL dump file'),
(2841, 'If you want the coupon discount to be applied only to products from specific categories, specify these categories here.'),
(3537, 'If you want to enable merchant registration wizard once again, please click on the following link'),
(1979, 'If your store is crashed after upgrade, you can recover it'),
(2698, 'Ignore membership'),
(785, 'Image'),
(198, 'Image X'),
(786, 'Image border will not be displayed in customer''s frontend'),
(2092, 'Image resized: X out of Y'),
(2096, 'Image resized: X out of Y with errors'),
(127, 'Images'),
(2304, 'Images resized'),
(2320, 'Images resized: {{count}}'),
(3633, 'Immediate Charge'),
(787, 'Import'),
(788, 'Import / Export'),
(1474, 'Import by CSV'),
(789, 'Import from file'),
(2097, 'Import has been cancelled.'),
(2367, 'Import language'),
(1911, 'Import language from CSV file'),
(266, 'Import mechanism does not know the field of X and it can not be imported'),
(1925, 'Import mode'),
(1928, 'Import mode comment'),
(3375, 'Import payment methods'),
(2699, 'Import results'),
(1466, 'Import settings'),
(790, 'Import/Export'),
(2328, 'Import/Export guide'),
(791, 'Important'),
(3412, 'Important!'),
(2298, 'Imported'),
(2299, 'Importing data...'),
(263, 'Importing will overwrite the existing product information. This operation cannot be undone.'),
(2224, 'In advanced mode you can choose specific modules for upgrade.'),
(792, 'In category'),
(1500, 'In order to accept credit cards payments you should install the necessary payment module from our Marketplace.'),
(2612, 'In progress[S]'),
(793, 'In stock'),
(3014, 'In stock only'),
(3509, 'In store currency (0 - do not use coverage)'),
(2394, 'In this section you can review the recent payment transactions that have taken place at your store'),
(3310, 'In this section you can select other special offers that will prevent this offer from being applied.'),
(794, 'Inactive'),
(2594, 'Inactive license key ({{key}})'),
(795, 'Incl. X'),
(3356, 'Include response in hash'),
(256, 'Including X'),
(1531, 'Including subcategories'),
(1668, 'Incomplete'),
(796, 'Incompleted'),
(287, 'Incorrect owner of X directory'),
(289, 'Incorrect owner of X file'),
(2430, 'Incorrect password. Please try again.'),
(2674, 'Incorrect permissions'),
(3344, 'Individual settings for every rate'),
(2700, 'Info'),
(2120, 'Information about free license key has been sent'),
(2613, 'Initialized[S]'),
(2701, 'Initializing...'),
(797, 'InnoDB engine support enabled'),
(2071, 'Input data'),
(798, 'Install'),
(799, 'Install add-on'),
(2745, 'Install anyway'),
(1913, 'Install modules'),
(800, 'Install updates'),
(2369, 'Installation date'),
(801, 'Installation directory'),
(2471, 'Installation warnings'),
(802, 'Installed'),
(803, 'Installed Modules'),
(804, 'Installed modules'),
(1605, 'Installed version'),
(805, 'Installing updates, please wait...'),
(2554, 'Integration with'),
(806, 'Invalid login or password'),
(3261, 'Inventory'),
(1847, 'Inventory has been successfully updated'),
(807, 'Inventory status'),
(808, 'Inventory tracking'),
(809, 'Inventory tracking for this product is'),
(2702, 'Inventory tracking is'),
(2123, 'Inventory tracking options'),
(810, 'Invoice'),
(1783, 'Invoice #{{orderId}}, {{time}}'),
(214, 'Invoice X'),
(2005, 'Invoice number prefix'),
(1752, 'Issue no'),
(811, 'It is impossible to delete or create user accounts because your store currently works as an integration with Drupal and shares users with Drupal. Deleting/creating user accounts is possible via Drupal administrator interface.'),
(812, 'It is impossible to edit some user profile fields because your store currently works as an integration with Drupal and shares users with Drupal. Modifying these fields is possible via Drupal administrator interface.'),
(1454, 'It''s impossible to detect valid SSL certificate availability on your server because curl extension is not installed.'),
(3326, 'It''s recommended to limit the length of invoice prefix to 9 characters'),
(1874, 'Item'),
(813, 'Item description'),
(814, 'Item has been deleted from cart'),
(1793, 'Item has not been deleted from cart'),
(2753, 'Item list'),
(815, 'Item name'),
(2171, 'Item not found ({{keys}})'),
(220, 'Items'),
(816, 'Items per page'),
(2507, 'Items range'),
(372, 'JANUARY'),
(378, 'JULY'),
(377, 'JUNE'),
(817, 'Join forces with your bank'),
(818, 'K'),
(1962, 'KG'),
(3420, 'KOUNT Antifraud screening result'),
(1429, 'Key is validated, but the module X was not found'),
(114, 'Knowledge Base'),
(1960, 'LB'),
(1868, 'Label'),
(144, 'Label name'),
(1860, 'Labels'),
(819, 'Language'),
(820, 'Language labels'),
(151, 'Language name in X'),
(108, 'Language options'),
(1534, 'Language:'),
(112, 'Languages'),
(1692, 'Last 24 hours'),
(1693, 'Last 7 days'),
(821, 'Last logged in'),
(822, 'Last login'),
(1694, 'Last month'),
(823, 'Last name'),
(2247, 'Last three numbers on the back side of your card'),
(2398, 'Last week'),
(2400, 'Last year'),
(3249, 'Lastname'),
(2901, 'Launch PayPal'),
(2160, 'Layout'),
(3130, 'Layout editor'),
(3139, 'Layout editor allows you to change the position of the blocks in drag-n-drop fashion'),
(3131, 'Layout editor is'),
(3138, 'Layout editor is disabled'),
(3137, 'Layout editor is enabled'),
(2455, 'Layout has been changed. Review the updated storefront.'),
(2447, 'Layout type'),
(2256, 'Learn More'),
(3548, 'Leave at door'),
(2444, 'Leave blank to use category name as Page Title.'),
(3196, 'Leave blank to use news title as Page Title.'),
(2986, 'Leave blank to use page name as Page Title.'),
(2432, 'Leave blank to use product name as Page Title.'),
(1998, 'Length'),
(1521, 'Length x Width x Height'),
(2703, 'Length x Width x Height (in)'),
(1729, 'Less search options'),
(3170, 'Letter center'),
(20, 'License activation is not available'),
(1435, 'License is not received'),
(2378, 'License key'),
(2375, 'License key has been successfully verified and activated for "{{name}}" module by "{{author}}" author. But this key has expired and do not allow upgrade store.'),
(824, 'License key has been successfully verified for "{{name}}" module by "{{author}}" author'),
(2597, 'License key is missing'),
(2593, 'License warning'),
(2368, 'License: trial version'),
(825, 'Lifetime'),
(2818, 'Limit number of uses'),
(826, 'Limit the number of uses'),
(2089, 'Lines checked: X out of Y'),
(2090, 'Lines imported: X out of Y'),
(2094, 'Lines imported: X out of Y with errors'),
(2093, 'Lines verified: X out of Y with errors'),
(827, 'Link'),
(828, 'List'),
(829, 'List of states'),
(1940, 'Live'),
(2029, 'Live mode'),
(1825, 'Loading the database from file .'),
(830, 'Loading...'),
(831, 'Localization'),
(2037, 'Locked'),
(2359, 'Log files not found'),
(832, 'Log in'),
(2666, 'Log in as this admin'),
(246, 'Log off'),
(833, 'Log out'),
(834, 'Logged as'),
(2978, 'Logged in users only'),
(245, 'Logged in!'),
(835, 'Login'),
(1744, 'Login Here'),
(2362, 'Login dates'),
(836, 'Login here'),
(837, 'Login history'),
(2704, 'Login is locked out'),
(2990, 'Login with'),
(1877, 'Login/E-mail'),
(2967, 'Logo'),
(2980, 'Logo & Favicon'),
(838, 'Look & Feel'),
(1639, 'Loopback test'),
(3233, 'Low - High'),
(327, 'Low inventory products'),
(839, 'Low limit notification for this product is'),
(840, 'Low limit quantity'),
(841, 'Low stock'),
(2399, 'Low stock info'),
(3274, 'Low stock notification to admin'),
(3273, 'Low stock warning on product page'),
(842, 'M'),
(374, 'MARCH'),
(2947, 'MATCH_CRITERIA_DISABLED'),
(2944, 'MATCH_CRITERIA_HELP'),
(2945, 'MATCH_CRITERIA_NAME'),
(2946, 'MATCH_CRITERIA_NONE'),
(376, 'MAY'),
(3354, 'MD5 hash value'),
(1948, 'MM'),
(365, 'MO'),
(2243, 'MONTH'),
(3527, 'Mailing tube'),
(132, 'Main categories'),
(843, 'Maintenance'),
(844, 'Maintenance and operation'),
(2440, 'Make a discount available to all customers or only to specific membership levels;'),
(845, 'Make back-up of your store database'),
(1823, 'Making backup of the current database state ... '),
(853, 'Manage admins'),
(1820, 'Manage attribute groups'),
(846, 'Manage catalog'),
(847, 'Manage categories'),
(350, 'Manage category (X)'),
(848, 'Manage customer and administrator accounts'),
(1630, 'Manage groups'),
(849, 'Manage layout'),
(850, 'Manage orders'),
(851, 'Manage orders placed at your store'),
(1516, 'Manage product classes'),
(852, 'Manage users'),
(854, 'Manage your product inventory'),
(2705, 'Manage zones'),
(855, 'Mandatory fields are marked with an asterisk'),
(3518, 'Manifest ID'),
(3517, 'Manifests'),
(3026, 'Manual'),
(856, 'Manually defined shipping methods'),
(857, 'Mark, the search engines you want to inform of the structure of your site using the site map'),
(858, 'Market price'),
(2706, 'Marketing'),
(859, 'Marketplace'),
(860, 'Marketplace [check_addon_key]: the "{{url}}" URL requested'),
(861, 'Marketplace [check_for_updates]: the "{{url}}" URL requested'),
(862, 'Marketplace [check_for_updates]: valid response received');
INSERT INTO `xc_language_labels` (`label_id`, `name`) VALUES
(863, 'Marketplace [get_hosting_score]: response has an invalid format'),
(864, 'Marketplace [get_hosting_score]: the "{{url}}" URL requested'),
(2231, 'Marketplace-Vendor'),
(865, 'Markup per item'),
(866, 'Markup per weight unit'),
(1725, 'Max'),
(2757, 'Maximum items in box'),
(1522, 'Maximum number of items per box'),
(2819, 'Maximum number of uses'),
(2814, 'Maximum order subtotal must be greater than minimum order subtotal'),
(2826, 'Maximum order subtotal the coupon can be applied to'),
(284, 'Maximum size of the file to upload is N'),
(1821, 'Measuring productivity in manual mode failed.'),
(867, 'Membership'),
(868, 'Membership access'),
(869, 'Membership levels'),
(870, 'Membership name'),
(871, 'Memberships'),
(2035, 'Menu'),
(2970, 'Menu links help text'),
(872, 'Menus'),
(2871, 'Merchant login'),
(3535, 'Merchant registration wizard'),
(213, 'Merge with Registered'),
(873, 'Message'),
(2793, 'Message has been sent'),
(94, 'Meta desc'),
(874, 'Meta description'),
(875, 'Meta keywords'),
(93, 'Meta tags'),
(2352, 'Method name'),
(876, 'Methods'),
(2813, 'Minimum order subtotal must be less than maximum order subtotal'),
(2825, 'Minimum order subtotal the coupon can be applied to'),
(2707, 'Minimum value is X'),
(1519, 'Modifiers'),
(877, 'Modify'),
(878, 'Modify "{{name}}" option group'),
(879, 'Modify category'),
(880, 'Modify option groups exceptions'),
(881, 'Modify root category (the front shop page)'),
(2327, 'Module Marketplace. Terms of use'),
(140, 'Module available editions 3'),
(141, 'Module available editions 4'),
(882, 'Module has been successfully installed'),
(1816, 'Module packing is available in the DEVELOPER mode only. Check etc/config.php file'),
(2337, 'Module page'),
(1449, 'Module with ID X is not found'),
(1610, 'Module''s page'),
(2708, 'Modules'),
(883, 'Modules Marketplace'),
(1440, 'Modules have been successfully installed'),
(1848, 'Modules license agreements'),
(391, 'Month'),
(1764, 'More'),
(1915, 'More actions for selected'),
(884, 'More add-ons'),
(2544, 'More attributes'),
(885, 'More details'),
(1986, 'More info is available in X-Cart''s Knowledge Base article ''What to do if you cannot access your store...'''),
(592, 'More information about clean urls in X-Cart is available in '),
(644, 'More information on Clean URL problems on your system'),
(1730, 'More search options'),
(886, 'Most Popular'),
(887, 'Most Rated'),
(888, 'Move'),
(3562, 'Move item'),
(3271, 'Move to'),
(1956, 'Mr.'),
(1958, 'Mrs.'),
(1957, 'Ms.'),
(2857, 'Multiple top-level domains'),
(3176, 'Mutual link'),
(889, 'My account'),
(890, 'MySQL server'),
(136, 'N it.'),
(106, 'N items found'),
(135, 'N items total'),
(382, 'NOVEMBER'),
(891, 'Name'),
(1865, 'Name asc'),
(1866, 'Name desc'),
(892, 'Name of address field'),
(893, 'Name of bank at which account is maintained'),
(894, 'Name of purchaser'),
(895, 'Name under which the account is maintained at the bank'),
(1515, 'Name, e.g. Apparel'),
(1018, 'Name-sort-option'),
(152, 'Native language name'),
(2911, 'Near "Add to cart" button'),
(2912, 'Near "Checkout" button'),
(32, 'Need a license key?'),
(2453, 'Need custom design? We can modify this template or create a completely unique design for you'),
(1632, 'Need license key?'),
(1501, 'Need more payment methods?'),
(896, 'Never'),
(1564, 'New Export'),
(2339, 'New access codes were generated.'),
(897, 'New access key will also be sent to the Site administrator''s email address'),
(2318, 'New account'),
(1493, 'New address'),
(898, 'New address field'),
(2955, 'New arrivals'),
(1629, 'New attribute'),
(130, 'New category'),
(2627, 'New customer note'),
(899, 'New discount coupon'),
(1563, 'New group'),
(900, 'New image'),
(3128, 'New images'),
(1460, 'New import'),
(901, 'New item'),
(121, 'New membership'),
(2063, 'New module version available for core versions X'),
(2402, 'New modules'),
(3185, 'New news message'),
(902, 'New page'),
(3563, 'New parcel'),
(903, 'New product class'),
(904, 'New product has been added successfully'),
(3099, 'New product reviews'),
(905, 'New rate'),
(906, 'New role'),
(1709, 'New safe mode access key has been generated'),
(3345, 'New sale tax rate'),
(3291, 'New special offer'),
(2137, 'New staff note'),
(3004, 'New tab'),
(1271, 'New tax class'),
(2484, 'New to Avalara?'),
(37, 'New to our store?'),
(1690, 'New user registered'),
(1562, 'New value'),
(176, 'New zone has been created successfully'),
(2956, 'New!'),
(907, 'Newest'),
(908, 'Newest first'),
(3186, 'News'),
(3184, 'News message'),
(3183, 'News messages'),
(3194, 'News page title'),
(3195, 'News title'),
(909, 'Next'),
(3190, 'Next news'),
(910, 'Next page'),
(45, 'Next product'),
(89, 'Next wizard'),
(911, 'No'),
(1369, 'No Curl extension for PHP error'),
(1370, 'No OpenSSL extension for PHP error'),
(1368, 'No Phar extension for PHP error'),
(2552, 'No accounting system has been selected yet. Choose your accounting system below and configure it.'),
(3429, 'No active X-Payments payment methods, or saving credit cards is not activated.'),
(3461, 'No addresses for the profile.'),
(1529, 'No attributes'),
(1631, 'No attributes are defined for the product class yet.'),
(1530, 'No attributes assigned'),
(1806, 'No category defined'),
(2111, 'No class'),
(3171, 'No confirmation'),
(912, 'No countries found'),
(1946, 'No delimiter'),
(3504, 'No events found'),
(913, 'No featured products defined for this category'),
(3153, 'No flexy-templates found.'),
(1528, 'No group'),
(914, 'No image'),
(915, 'No images uploaded'),
(2343, 'No items found'),
(916, 'No items found.'),
(3581, 'No items have been selected for return.'),
(402, 'No membership'),
(917, 'No merchant account required'),
(502, 'No merchant account required. Simple onboarding for you and easy checkout for your customers.'),
(2344, 'No model selected'),
(1601, 'No modules found'),
(107, 'No modules found for search_string'),
(918, 'No order have been placed yet'),
(334, 'No order on last day'),
(337, 'No order on last lifetime'),
(336, 'No order on last month'),
(335, 'No order on last week'),
(338, 'No orders'),
(919, 'No orders have been placed yet'),
(111, 'No other languages defined'),
(1796, 'No payment method selected'),
(1797, 'No payment methods found based on the selected criteria'),
(920, 'No payment modules installed'),
(1514, 'No product class assigned'),
(1603, 'No products found'),
(3011, 'No products matching your criteria found. Please try again with different parameters.'),
(921, 'No products sold yet'),
(1604, 'No profiles found'),
(2281, 'No promotion modules installed'),
(2465, 'No region'),
(2751, 'No results found.'),
(3086, 'No reviews.'),
(922, 'No states found'),
(1495, 'No such user'),
(923, 'No tax rate defined'),
(1152, 'No tracking numbers are defined'),
(1602, 'No users found'),
(924, 'Non-administrator'),
(237, 'None'),
(1641, 'Not detected'),
(1975, 'Not enough disk space. Required: {{req}} (+{{reserve}} reserve). Available: {{avail}}'),
(925, 'Not finished'),
(926, 'Not numeric'),
(3087, 'Not rated yet'),
(2550, 'Not seeing your accounting software here? Let us know'),
(1546, 'Not selected'),
(3272, 'Not set'),
(3540, 'Not specified'),
(927, 'Note'),
(3430, 'Note: No payment methods here because the module is not configured. Please finalize settings at '),
(1997, 'Note: a new window will be opened'),
(928, 'Notes'),
(2276, 'Notification'),
(2311, 'Notification headers and signatures can be set using variables. A list of supported variables and their respective values is provided in the table below'),
(2767, 'Notification state'),
(2641, 'Notify administrator if the stock quantity of this product goes below a certain limit'),
(2152, 'Notify customer'),
(1676, 'Now disabled'),
(1536, 'Number of ignored rows:'),
(3302, 'Number of items to buy'),
(3306, 'Number of items to discount'),
(381, 'OCTOBER'),
(1621, 'OR'),
(1961, 'OZ'),
(2937, 'Obtaining your live PayPal credentials'),
(929, 'Off'),
(3293, 'Offer type'),
(930, 'Official website'),
(931, 'Offline methods'),
(3617, 'Ogone PSPID'),
(3621, 'Ogone settings note'),
(3620, 'Ogone signup'),
(3409, 'Ok'),
(2626, 'Old customer note'),
(932, 'Old price'),
(2136, 'Old staff note'),
(933, 'On'),
(934, 'On all catalog pages'),
(3172, 'On call air'),
(3531, 'On delivery'),
(3530, 'On exception'),
(3078, 'On moderation'),
(935, 'On product details only'),
(2965, 'On sale'),
(3529, 'On shipment'),
(2761, 'On this page you can edit the header, greeting and signature used by all the email notifications sent by your store (separately for admin and customer users).'),
(3218, 'On-demand'),
(1260, 'Once links are regenerated, they will be sent to store administrator email.'),
(3384, 'Once the connection is verified, you should proceed to the'),
(3250, 'One Page checkout'),
(2164, 'One column'),
(2856, 'One domain with multiple subdomains'),
(3173, 'One time pickup'),
(936, 'Online catalog structure setup'),
(442, 'Online methods'),
(2082, 'Online orders'),
(2642, 'Only X left in stock'),
(3083, 'Only customers who purchased this product can leave feedback on this product'),
(124, 'Only disabled'),
(123, 'Only enabled'),
(1815, 'Only enabled modules can be packed'),
(937, 'Only small letter, digits and undescore sign are allowed'),
(1884, 'Open'),
(938, 'Open Graph meta tags'),
(3442, 'Open X-Payments dashboard to configure'),
(2982, 'Open graph image'),
(939, 'Open graph tags'),
(940, 'Open storefront'),
(3435, 'Open your X-Payments dashboard'),
(2478, 'Operate as user'),
(941, 'Operating system'),
(942, 'Option group'),
(3323, 'Option values has been successfully updated.'),
(2709, 'Options'),
(943, 'Options have been successfully changed'),
(2333, 'Options:'),
(3388, 'Or fill in the settings manually'),
(2923, 'Or register with'),
(2922, 'Or sign in the classic way'),
(2926, 'Or use your social account'),
(944, 'Order'),
(945, 'Order #'),
(272, 'Order #X, Y'),
(1906, 'Order #{{id}}'),
(1916, 'Order #{{id}} details'),
(946, 'Order ID'),
(2588, 'Order QTY'),
(947, 'Order Total'),
(306, 'Order Total X'),
(273, 'Order X'),
(1475, 'Order by'),
(1772, 'Order can not be placed because not all required fields are completed. Please check the form and try again.'),
(3255, 'Order cannot be placed because some steps are not completed'),
(2710, 'Order cannot be placed because there is no shipping methods available.'),
(2153, 'Order changes cannot be saved due to negative total value'),
(2625, 'Order customer notes changed by {{user}}'),
(2585, 'Order date'),
(948, 'Order date from'),
(949, 'Order date through'),
(950, 'Order details'),
(2370, 'Order failed'),
(1871, 'Order history'),
(951, 'Order id'),
(2883, 'Order id prefix'),
(325, 'Order is placed'),
(2147, 'Order item attributes are out-of-date and cannot be edited'),
(952, 'Order items'),
(1795, 'Order not found'),
(953, 'Order note'),
(3251, 'Order note. Any special needs?'),
(1737, 'Order number'),
(2711, 'Order number or email'),
(1723, 'Order payment'),
(2068, 'Order payment status changed from {{oldStatus}} to {{newStatus}}'),
(3359, 'Order prefix'),
(954, 'Order review'),
(2069, 'Order shipping status changed from {{oldStatus}} to {{newStatus}}'),
(2624, 'Order staff notes changed by {{user}}'),
(955, 'Order statistics'),
(956, 'Order status'),
(2054, 'Order status changed from {{oldStatus}} to {{newStatus}}'),
(3462, 'Order status mapping rules'),
(1149, 'Order tracking information'),
(2148, 'Order will be delivered to the billing address.'),
(2684, 'OrderBy position number must be specified as a non-negative integer.'),
(3559, 'Ordered qty'),
(957, 'Orders'),
(958, 'Orders count'),
(2591, 'Orders has been deleted successfully'),
(2321, 'Orders list'),
(2571, 'Origin address'),
(234, 'Other'),
(171, 'Other items'),
(119, 'Our Blog'),
(3290, 'Our special offers'),
(1762, 'Out of Stock'),
(959, 'Out of stock'),
(3528, 'Oversized'),
(1643, 'PHP ''gd'' extension is not installed.'),
(3516, 'PO Number'),
(1051, 'PO number'),
(2083, 'POS orders'),
(2938, 'PRIMARYRECEIVER'),
(960, 'Pack it'),
(1616, 'Package'),
(2020, 'Package dimensions (inches)'),
(2015, 'Package properties'),
(1992, 'Package subtotal'),
(1993, 'Package subtotal (X)'),
(1990, 'Package weight'),
(1991, 'Package weight (X)'),
(2019, 'Packaging'),
(2584, 'Packing date'),
(2582, 'Packing slip'),
(961, 'Page'),
(962, 'Page URL'),
(963, 'Page name'),
(964, 'Page not found'),
(965, 'Pages'),
(966, 'Paid'),
(3510, 'Parcel'),
(3519, 'Parcel characteristics'),
(3551, 'Parcel is cannot be transmitted - wrong quote type'),
(3550, 'Parcel is cannot be voided or transmitted - wrong quote type'),
(3508, 'Parcel options'),
(3524, 'Parcel type'),
(3568, 'Parcels have been successfully updated'),
(967, 'Parent category'),
(361, 'Partially refunded'),
(2869, 'Partner name'),
(225, 'Password'),
(385, 'Past'),
(3602, 'Past Webhook URL to the field and press Create Webhook URL button'),
(3124, 'Path for using in custom CSS'),
(968, 'Pattern search'),
(3634, 'Pay with Amazon'),
(3393, 'Pay with previously used credit card'),
(2928, 'PayPal'),
(2913, 'PayPal API (Merchant API) will work for most merchants; however, some merchants may have access only to Payflow API.'),
(2902, 'PayPal Credit is'),
(2864, 'PayPal ID / Email'),
(2904, 'PayPal account email'),
(501, 'PayPal all-in-one solutions'),
(2873, 'PayPal recommends entering a User Login here instead of your Merchant Login'),
(3635, 'PayWithAmazon available actions'),
(2932, 'PayerID value was not returned by PayPal. Please try again. If the problem persists, contact the administrator.'),
(2891, 'Payflow API'),
(2783, 'Payment'),
(975, 'Payment data ({{method}})'),
(969, 'Payment gateways'),
(2916, 'Payment has been captured successfully'),
(2914, 'Payment has been refunded successfully'),
(2915, 'Payment has been voided successfully'),
(970, 'Payment info'),
(3459, 'Payment information'),
(971, 'Payment instructions'),
(2324, 'Payment is not required'),
(972, 'Payment method'),
(974, 'Payment method data'),
(3451, 'Payment method for card setup'),
(2469, 'Payment method has been added'),
(1819, 'Payment method has been added successfully'),
(319, 'Payment method has been disabled successfully'),
(318, 'Payment method has been enabled successfully'),
(320, 'Payment method has been removed successfully'),
(321, 'Payment method has not been configured properly'),
(2284, 'Payment method is disabled'),
(2283, 'Payment method is enabled'),
(2360, 'Payment method settings'),
(2470, 'Payment method was not added'),
(973, 'Payment methods'),
(315, 'Payment methods appearance description'),
(3449, 'Payment methods have been imported successfully'),
(3592, 'Payment processed with errors. Please, try again or ask administrator'),
(3489, 'Payment return page requested without expected parameters'),
(976, 'Payment settings'),
(2064, 'Payment status'),
(977, 'Payment transaction ID'),
(308, 'Payment transaction X issued'),
(978, 'Payment transactions'),
(307, 'Payment was not finished'),
(979, 'Payments'),
(2890, 'Paypal API'),
(2889, 'Paypal API solution'),
(2939, 'Paypal Credit'),
(2930, 'Paypal capture warning message'),
(980, 'Pending'),
(241, 'Pending membership'),
(981, 'Pending memberships'),
(2615, 'Pending[S]'),
(982, 'Per item markup'),
(983, 'Per weight unit markup'),
(984, 'Percent'),
(3286, 'Percent discount (%)'),
(2997, 'Percent discount value cannot exceed 100%'),
(985, 'Percent markup'),
(986, 'Percent off'),
(987, 'Perform order search'),
(988, 'Performance'),
(2812, 'Period end date must be later than period start date'),
(2811, 'Period start date must be sooner than period end date'),
(989, 'Permissions'),
(990, 'Permissions checking failed'),
(991, 'Personal info'),
(1287, 'Personal info: The new password must not coincide with the current password for your account.'),
(992, 'Phone'),
(993, 'Pick address from address book'),
(3112, 'Pick template from page element'),
(2863, 'Pin It'),
(994, 'Place order'),
(188, 'Place order X'),
(2131, 'Placed by NAME EMAIL'),
(2130, 'Placed by _NAME_ EMAIL'),
(1620, 'Placed on'),
(2129, 'Placed on DATE'),
(304, 'Placed on X by Y'),
(305, 'Placed on X by Y link'),
(1869, 'Plain field'),
(1599, 'Please'),
(995, 'Please accept the Terms and Conditions to continue'),
(3231, 'Please add another product to comparison'),
(996, 'Please choose the appropriate action'),
(1537, 'Please confirm if you want proceed with the import otherwise cancel the operation.'),
(1252, 'Please contact the module developers to make sure that these modules are compatible with the upcoming upgrade'),
(2072, 'Please create a new password'),
(997, 'Please enable JavaScript in your web browser.'),
(2792, 'Please enter the correct captcha'),
(1664, 'Please enter the correct file location or set correct file permissions.'),
(3590, 'Please enter your encryption password (This is different from your merchant password). More info on encryption passwords is available <here>'),
(998, 'Please identify yourself'),
(1485, 'Please make sure that "min weight", "min total", "min items", "shipping zone", "shipping method" fields do not overlap with other shipping rates.'),
(1543, 'Please make sure your file format is as described.'),
(3533, 'Please note that rates are calculated for shipping from Canadian locations only.'),
(999, 'Please note that some of these modules are definitely incompatible with the upcoming upgrade and will be disabled in order to prevent the system crash'),
(2317, 'Please note that the following modules will also be enabled'),
(1000, 'Please run the benchmark test in order to estimate your server performance'),
(1001, 'Please save the soft reset and hard reset links so that you can use them later in case the website crash happens'),
(399, 'Please select a date range'),
(398, 'Please select a date range between %d and %d days'),
(397, 'Please select a date range less than %d days'),
(396, 'Please select a date range longer than %d days'),
(1002, 'Please select one'),
(404, 'Please select one ...'),
(1789, 'Please select other attribute'),
(2251, 'Please select the countries first'),
(2590, 'Please select the orders first'),
(1775, 'Please select the products first'),
(3096, 'Please select the reviews first'),
(2118, 'Please select the states first'),
(3055, 'Please sign in to add review'),
(160, 'Please specify a pattern to find the required labels'),
(1431, 'Please specify non-empty key'),
(139, 'Please specify text labels for each language'),
(2225, 'Please take your attention that it is not guaranteed the correct site operation after upgrade if you select to not upgrade all.'),
(2712, 'Please wait'),
(232, 'Please, clarify your search request or search in Marketplace'),
(231, 'Please, clarify your search request. Suggest your idea or contact us to get free quote for custom service'),
(1671, 'Please, enter a valid IP address'),
(1670, 'Please, enter a valid e-mail address'),
(1654, 'Please, enter unique membership name'),
(1581, 'Please, make sure that the following modules are installed and enabled:'),
(1609, 'Popularity'),
(1003, 'Pos'),
(1004, 'Pos.'),
(1005, 'Pos.:'),
(1006, 'Position'),
(2107, 'Possible import file names are:'),
(2109, 'Possible reasons of data not found in import file'),
(1995, 'Postal Code'),
(2001, 'Postal/ZIP Code'),
(1009, 'Pre upgrade disabled modules hooks message body'),
(1012, 'Pre upgrade disabled modules hooks message footer'),
(1008, 'Pre upgrade disabled modules hooks message head'),
(2535, 'Pre-upgrade hooks cannot be run'),
(1011, 'Pre-upgrade off'),
(1010, 'Pre-upgrade on'),
(1007, 'Prefix'),
(2110, 'Premium license modules warning'),
(1013, 'Prev'),
(1511, 'Preview product page'),
(389, 'Previous'),
(3189, 'Previous news'),
(1014, 'Previous page'),
(44, 'Previous product'),
(229, 'Price'),
(3262, 'Price and membership'),
(1863, 'Price asc'),
(1864, 'Price desc'),
(1015, 'Price modifier'),
(3013, 'Price range'),
(1017, 'Price-sort-option'),
(1016, 'Price: Not a numeric'),
(2713, 'Prices & Inventory'),
(3360, 'Pricing currency'),
(1019, 'Primary menu'),
(1941, 'Print'),
(2557, 'Print Shipping labels'),
(1020, 'Print invoice'),
(2583, 'Print packing slip'),
(1942, 'Print selected'),
(2058, 'Priority'),
(2010, 'Private'),
(1469, 'Proceed import'),
(2778, 'Proceed to payment'),
(189, 'Proceed to payment X'),
(1021, 'Processed'),
(1022, 'Processed/Completed'),
(2303, 'Processing products...'),
(3035, 'Product'),
(1717, 'Product ID'),
(1023, 'Product Name'),
(1024, 'Product SKU'),
(1025, 'Product Title'),
(1026, 'Product added to bag'),
(2102, 'Product attributes values'),
(2104, 'Product attributes values (Plain text) has been imported'),
(2105, 'Product attributes values (Textarea) has been imported'),
(2103, 'Product attributes values (Yes/No) has been imported'),
(2342, 'Product attributes values has been imported'),
(1027, 'Product class'),
(1839, 'Product class have been updated successfully'),
(1840, 'Product class name is empty'),
(2210, 'Product class {{value}} does not exists and will be created'),
(1028, 'Product classes'),
(1029, 'Product has been added to cart'),
(1792, 'Product has not been added to cart'),
(1030, 'Product images'),
(1031, 'Product info'),
(1032, 'Product info has been updated successfully'),
(1033, 'Product is out of stock'),
(3270, 'Product list'),
(230, 'Product name'),
(1034, 'Product on sale'),
(1035, 'Product options'),
(3227, 'Product or product variant with SKU "{{value}}" not found'),
(1036, 'Product page title'),
(1037, 'Product prices are defined including this tax calculated for'),
(3036, 'Product reviews'),
(3007, 'Product tabs'),
(2204, 'Product with SKU "{{value}}" does not exists'),
(3224, 'Product with SKU "{{value}}" not found'),
(2134, 'Product with selected properties cannot be purchased'),
(3048, 'Product, SKU or customer info'),
(1841, 'Product-Specific'),
(1842, 'Product-Specific attributes'),
(2203, 'ProductSKU is empty'),
(1038, 'Products'),
(3226, 'Products and product variants updated'),
(1478, 'Products found'),
(1852, 'Products imported'),
(1039, 'Products in bag'),
(2366, 'Products information has been successfully deleted'),
(1040, 'Products information has been successfully updated'),
(2302, 'Products processed'),
(2091, 'Products processed: X out of Y'),
(2095, 'Products processed: X out of Y with errors'),
(2319, 'Products processed: {{count}}'),
(3496, 'Products return X'),
(3037, 'Products reviews'),
(2634, 'Products search'),
(3222, 'Products updated'),
(1041, 'Products with low inventory'),
(1042, 'Profile'),
(2989, 'Profile does not have any email address. Please sign in the classic way.'),
(1043, 'Profile has been created successfully'),
(1044, 'Profile has been deleted successfully'),
(1903, 'Profile has been modified successfully'),
(1045, 'Profile has been updated successfully'),
(2987, 'Profile is disabled'),
(2075, 'Profile is not defined'),
(2345, 'Profile is not selected'),
(1046, 'Profile settings'),
(2381, 'Prolongate keys'),
(1047, 'Promotions'),
(1048, 'Properties'),
(2350, 'Public ID'),
(2351, 'Public id'),
(3614, 'Publishable key'),
(3615, 'Publishable key (test mode)'),
(3054, 'Published'),
(1049, 'Purchase'),
(1050, 'Purchase SSL certificate'),
(2028, 'Purchase description'),
(2592, 'Purchase license'),
(27, 'Purchase premium license'),
(1607, 'Purchased'),
(2963, 'Put up for sale'),
(1052, 'Put up selected for sale'),
(1053, 'Qty'),
(1054, 'Qty.'),
(216, 'Quantity'),
(1055, 'Quantity: high to low'),
(1056, 'Quantity: low to high'),
(392, 'Quarter'),
(1476, 'Query'),
(1057, 'Queued'),
(1058, 'Quick and easy setup'),
(2775, 'Quick view'),
(2479, 'Quit'),
(2334, 'RSS feed'),
(1059, 'Rate'),
(3081, 'Rate asc'),
(3082, 'Rate desc'),
(3080, 'Rate sort'),
(1060, 'Rates'),
(1061, 'Rates / Conditions'),
(3046, 'Rating'),
(3062, 'Rating of votes'),
(3100, 'Ratings and Reviews of X'),
(3092, 'Ratings only'),
(1062, 'Raw online rate (on-line rate)'),
(1063, 'Re-build cache'),
(2608, 'Re-check'),
(2412, 'Re-deploy the store'),
(2413, 'Re-deploy the store help text'),
(1064, 'Re-generate access key'),
(1525, 'Re-generate links'),
(3374, 'Re-import payment methods'),
(1065, 'Re-order'),
(2382, 'Re-validate license keys'),
(3079, 'Read all reviews about the product'),
(2150, 'Recalculate this value automatically'),
(2714, 'Recalculate totals'),
(1066, 'Recent open orders'),
(1067, 'Recent orders'),
(2715, 'Recent orders only'),
(2361, 'Recently installed modules'),
(2957, 'Recently viewed'),
(1862, 'Recommended'),
(226, 'Recover password'),
(2833, 'Redeem'),
(3463, 'Refer to on-line manual'),
(1069, 'Referer'),
(3368, 'Refresh list of available methods'),
(3636, 'Refresh status'),
(3607, 'Refresh token'),
(2051, 'Refund'),
(2659, 'Refund multiple[TT]'),
(2658, 'Refund partially[TT]'),
(359, 'Refund requested'),
(3637, 'Refund status'),
(2657, 'Refund[TT]'),
(360, 'Refunded'),
(1779, 'Refunded amount'),
(2559, 'Refunds'),
(1070, 'Register'),
(1703, 'Register user'),
(2924, 'Register with'),
(2921, 'Register with PayPal or go to checkout as a New customer'),
(1071, 'Registered'),
(2079, 'Registered (access level)'),
(210, 'Registered Customer'),
(211, 'Registered Customer, _Anonymous Customer with the same email_'),
(1968, 'Registered Customers'),
(3090, 'Registered users only'),
(3084, 'Registered users who purchased product'),
(2940, 'Registering your application with PayPal'),
(3105, 'Reject'),
(3175, 'Related products'),
(3177, 'Related products page'),
(34, 'Removal of this message is allowed only through activation of a free or premium license.'),
(1072, 'Remove'),
(3016, 'Remove cache when attribute, tag or product data is changed'),
(2154, 'Remove data'),
(3152, 'Remove flexy-templates'),
(3018, 'Remove product filter cache'),
(3017, 'Remove product filter cache tooltip'),
(2605, 'Remove unlicensed modules'),
(2835, 'Removed coupons'),
(2146, 'Removed items'),
(1558, 'Removing this attribute will affect all the products. Leave this blank to hide this option for the product.'),
(1636, 'Removing this message without buying a Full license is prohibited and will result in legal proceedings.'),
(1684, 'Replace all modified files with the unmodified newer versions'),
(3381, 'Replace payment methods'),
(3267, 'Replace with'),
(116, 'Report a bug'),
(2292, 'Request for upgrade'),
(3378, 'Request payment methods'),
(2025, 'Request type must be POST'),
(3597, 'Requested amount: X; real amount: Y'),
(3598, 'Requested currency: X; real currency: Y'),
(3596, 'Requested transaction type: X; real transaction type: Y'),
(1912, 'Requested zone does not exists'),
(1375, 'Require to change password on next log in'),
(1073, 'Required'),
(1655, 'Required field'),
(268, 'Required field X is not defined or empty'),
(1074, 'Requires registered merchant account'),
(2635, 'Requires shipping'),
(2596, 'Requires {{list}} edition'),
(1075, 'Rerun benchmark'),
(3010, 'Reset filter'),
(1944, 'Residential'),
(2305, 'Resizing images...'),
(2390, 'Resolve the conflict'),
(3476, 'Response from ePDQ is not trusted (SHA checking is failed)'),
(1076, 'Response from marketplace is not received'),
(1077, 'Response from marketplace: '),
(1430, 'Response from marketplace: X'),
(1078, 'Restore'),
(1079, 'Restore database'),
(1080, 'Restore from server'),
(1081, 'Restore last backup'),
(1082, 'Restore links'),
(3109, 'Restore this version'),
(763, 'Restores to current state of active addons (use in case of emergency)'),
(1828, 'Restoring database from the backup .'),
(2387, 'Result'),
(1672, 'Result pages'),
(3417, 'Result payment status'),
(3579, 'Return'),
(3564, 'Return #'),
(3553, 'Return products'),
(3560, 'Return qty'),
(3498, 'Return quantity'),
(1083, 'Return to Drupal'),
(1829, 'Return to admin interface'),
(3515, 'Return tracking pin'),
(1470, 'Reupload files'),
(1084, 'Revenue'),
(3094, 'Review'),
(2633, 'Review & Submit order'),
(3041, 'Review has been created'),
(3042, 'Review has been deleted'),
(3043, 'Review has not been created since product is not found'),
(3044, 'Review has not been updated since product is not found'),
(3108, 'Review it.'),
(1085, 'Review statistics on various aspects of your store''s operation'),
(3045, 'Reviewer'),
(3069, 'Reviews'),
(3098, 'Reviews about product'),
(3091, 'Reviews and ratings'),
(3034, 'Reviews for product'),
(3047, 'Reviews imported'),
(3093, 'Reviews only'),
(3070, 'Reviews: X'),
(1086, 'Role'),
(1087, 'Roles'),
(2679, 'Roles cannot be changed for your profile via import'),
(1088, 'Root Level'),
(1089, 'Root access'),
(1622, 'Root categories'),
(1090, 'Root category'),
(2087, 'Root category listings format'),
(238, 'Root level'),
(1922, 'Row {{number}}'),
(1923, 'Row(s) {{numbers}}'),
(3422, 'Rules triggered'),
(1091, 'Run Benchmark again'),
(1092, 'Run benchmark'),
(370, 'SA'),
(2941, 'SECONDARYONLY'),
(2942, 'SENDER'),
(3102, 'SEO'),
(380, 'SEPTEMBER'),
(3618, 'SHA-IN passphrase'),
(3619, 'SHA-OUT passphrase'),
(2525, 'SHIPPING = flat + ITEMS*per_item + SUBTOTAL*(% of subtotal)/100 + WEIGHT*per_weight;'),
(43, 'SKU'),
(2346, 'SKU is not selected'),
(2716, 'SKU length must be less then {{length}}'),
(2717, 'SKU or SKU1, SKU2'),
(1093, 'SKU: a-z'),
(1094, 'SKU: z-a'),
(1095, 'SMTP server'),
(1813, 'SQL file was deleted successfully'),
(1371, 'SSL Error'),
(1096, 'STORE SETUP'),
(371, 'SU'),
(1097, 'SYSTEM SETTINGS'),
(1098, 'Safe mode'),
(1099, 'Safe mode access key'),
(1807, 'Safe mode access key has been re-generated'),
(1972, 'Safe mode links were emailed'),
(3584, 'Sage Pay password'),
(3586, 'Sage Pay pricing currency'),
(3583, 'Sage Pay processing mode'),
(3582, 'Sage Pay vendor name'),
(3585, 'Sage pay invoice number prefix'),
(3589, 'SagePay Form admin description'),
(1100, 'Sale'),
(1101, 'Sale price'),
(2396, 'Sale statistics'),
(1102, 'Sale statistics from the opening of the store'),
(2650, 'Sale[TT]'),
(1103, 'Sales'),
(2798, 'Sales asc'),
(2622, 'Sales calculation'),
(2799, 'Sales desc'),
(2797, 'Sales sort'),
(1104, 'Sales tax'),
(1468, 'Samples of the file structures'),
(138, 'Save'),
(2979, 'Save & Close'),
(1105, 'Save as new'),
(3403, 'Save cards'),
(1106, 'Save changes'),
(3410, 'Save credit card'),
(3464, 'Save credit card setup'),
(2574, 'Save filter'),
(2151, 'Save the existing value without re-calculating'),
(1107, 'Save zone details'),
(3407, 'Saved credit cards'),
(1108, 'Savings'),
(2768, 'Scheme'),
(3421, 'Score'),
(3085, 'Score: X. Votes: Y'),
(88, 'Search'),
(3150, 'Search flexy-templates'),
(1109, 'Search for modules'),
(1110, 'Search for orders'),
(3567, 'Search for returns'),
(2422, 'Search for transactions by date'),
(1111, 'Search for users'),
(1112, 'Search for users that are'),
(409, 'Search in'),
(1113, 'Search in subcategories'),
(2086, 'Search items...(customer header search form)'),
(405, 'Search keywords'),
(406, 'Search payment method'),
(1114, 'Search product'),
(1115, 'Search profiles'),
(1116, 'Search result'),
(1117, 'Search results'),
(2080, 'Search total'),
(2750, 'Searching...'),
(2787, 'Second, try to disable all non-X-Cart modules by using the links below:'),
(3333, 'Secret Word'),
(2053, 'Secret key'),
(3616, 'Secret key (test mode)'),
(2038, 'Secret word'),
(1118, 'Secure connection cannot be established.'),
(2238, 'Secure credit card payment'),
(1119, 'Security'),
(2246, 'Security code'),
(2401, 'Security issue'),
(1120, 'Security settings'),
(1767, 'See comparison chart'),
(3434, 'See how'),
(2112, 'See log file for details'),
(298, 'Select a country or a state from a list, specify the zone'),
(1688, 'Select all'),
(1121, 'Select country'),
(103, 'Select file'),
(3492, 'Select issuer'),
(110, 'Select language'),
(2718, 'Select language to edit'),
(233, 'Select one'),
(1122, 'Select options'),
(1804, 'Select products from the list'),
(3103, 'Select the review that should be included into the rich snippet shown for the page of this product when the page appears in search results by Google and other major search engines'),
(744, 'Selected countries:'),
(3095, 'Selected reviews have been deleted'),
(3097, 'Selected reviews have been updated'),
(362, 'Selected:'),
(1651, 'Semicolon'),
(1123, 'Send'),
(1124, 'Send test email'),
(1151, 'Send tracking info'),
(2719, 'Separate box'),
(1125, 'Service name'),
(1126, 'Service name of address field'),
(1127, 'Set'),
(2441, 'Set a single discount or add multiple volume discounts.'),
(2439, 'Set absolute or %-based discount rates;'),
(3628, 'Set the Response Method setting to Sent to your server as a POST.'),
(1128, 'Set the sale price'),
(155, 'Set this language as default for customer zone'),
(1129, 'Settings'),
(1130, 'Setup _address zones_ and _taxes_'),
(2132, 'Setup store price: X'),
(2589, 'Ship QTY'),
(1507, 'Ship in a separate box'),
(2587, 'Ship to'),
(3512, 'Shipment ID'),
(3571, 'Shipment cannot be created'),
(3577, 'Shipment cannot be transmitted'),
(3574, 'Shipment cannot be voided'),
(3570, 'Shipment has been created successfully'),
(3569, 'Shipment has been created with errors'),
(3575, 'Shipment has been tranmitted with errors'),
(3576, 'Shipment has been transmitted successfully'),
(3573, 'Shipment has been voided successfully'),
(3572, 'Shipment has been voided with errors'),
(3511, 'Shipment info'),
(2016, 'Shipment options'),
(3513, 'Shipment status'),
(3578, 'Shipments'),
(356, 'Shipped'),
(2969, 'Shipping'),
(1131, 'Shipping & Taxes'),
(1273, 'Shipping / Payment info'),
(1132, 'Shipping address'),
(1782, 'Shipping address is invalid'),
(1133, 'Shipping address is not completly defined yet'),
(1134, 'Shipping address is not defined'),
(1135, 'Shipping address is not defined yet'),
(2523, 'Shipping charge based on a percentage of the order subtotal.'),
(1492, 'Shipping charges'),
(54, 'Shipping cost'),
(3203, 'Shipping freight'),
(3206, 'Shipping freight + regular shipping rate'),
(3205, 'Shipping freight only'),
(3207, 'Shipping freight tooltip text'),
(1615, 'Shipping has been calculated based on the following split of the products into packages:'),
(1136, 'Shipping info'),
(1137, 'Shipping markup has been created successfully'),
(1138, 'Shipping markups have been updated'),
(1139, 'Shipping method'),
(2720, 'Shipping method / cost'),
(1140, 'Shipping method has been added'),
(2487, 'Shipping method is not configured.'),
(2498, 'Shipping method name'),
(1141, 'Shipping methods'),
(1142, 'Shipping methods are not available'),
(173, 'Shipping methods have been updated'),
(1484, 'Shipping rate cannot be added'),
(1483, 'Shipping rate has been added successfully'),
(1143, 'Shipping rates'),
(2519, 'Shipping rates are calculated by the following formula:'),
(1144, 'Shipping settings'),
(2065, 'Shipping status'),
(2779, 'Shipping to'),
(1145, 'Shipping zones'),
(3216, 'ShippingCalc'),
(3217, 'ShippingCalc Package Data'),
(3215, 'ShippingCalc settings'),
(1159, 'Shopping bag'),
(3008, 'Shopping options'),
(3314, 'Short promo text'),
(384, 'Shortcuts'),
(1970, 'Show'),
(3611, 'Show "How to use" instruction'),
(91, 'Show Category title'),
(2909, 'Show above products'),
(3145, 'Show all'),
(105, 'Show all labels'),
(3012, 'Show all products in this category'),
(3394, 'Show all saved credit cards'),
(2643, 'Show all warnings/errors'),
(2910, 'Show below products'),
(205, 'Show filter options'),
(2721, 'Show in all the sections'),
(2640, 'Show low stock warning on product page'),
(2722, 'Show only in categories and search listings'),
(3009, 'Show products'),
(1160, 'Show social buttons'),
(2723, 'Show:'),
(2257, 'Sign Up'),
(2920, 'Sign Up Now'),
(1161, 'Sign in'),
(2774, 'Sign in / sign up'),
(1162, 'Sign out'),
(3239, 'Sign up for {{companyName}} news'),
(2765, 'Signature'),
(26, 'Simplify tax compilance process and reduce the sales tax audit risk with AvaTax Sales Tax Automation'),
(1660, 'Single quote'),
(2999, 'Site map has not been registred in X'),
(3000, 'Site map successfully registred on X'),
(3210, 'Sitemap'),
(1163, 'Size'),
(3332, 'Skrill Customer ID'),
(3327, 'Skrill Quick Checkout enables you to take direct payment from credit cards, debit cards and over 80 other local payment options in over 200 countries as well as the Skrill eWallet.'),
(3337, 'Skrill settings'),
(2724, 'Soft and Hard reset links for your store'),
(1712, 'Soft reset (disables all modules except ones that were downloaded from marketplace)'),
(2788, 'Soft reset. Turn off all addons except those provided by X-Cart Team & Qualiteam'),
(3133, 'Some'),
(1682, 'Some files are modified'),
(3155, 'Some flexy-templates cannot be removed. Please correct file permissions or remove them manually'),
(3257, 'Some of the required fields were not completed. Please check the form and try again'),
(271, 'Some products could have been imported incorrectly'),
(3487, 'Something wrong in the iDEAL payment module settings. Please try later or use other payment option.'),
(2843, 'Sorry, the coupon has expired'),
(2844, 'Sorry, the coupon use limit has been reached'),
(2845, 'Sorry, the coupon you entered cannot be applied to the items in your cart'),
(2842, 'Sorry, the coupon you entered is invalid. Make sure the coupon code is spelled correctly'),
(2846, 'Sorry, the coupon you entered is not valid for your membership level. Contact the administrator'),
(2839, 'Sorry, this coupon cannot be combined with the coupon already applied. Revome the previously applied coupon and try again.'),
(2581, 'Sorry, your order cannot be placed as there are no shipping methods available.'),
(1745, 'Sorry, your order payment is canceled.'),
(1746, 'Sorry, your order payment is failed.'),
(240, 'Sort by'),
(2725, 'Sort by:'),
(2726, 'Sort settings'),
(2282, 'Sorting & Descriptions'),
(1994, 'Source address'),
(1947, 'Space'),
(3285, 'Special Offer discount'),
(3292, 'Special offer'),
(3301, 'Special offer conditions'),
(3296, 'Special offer dates'),
(3307, 'Special offer discount amount'),
(3308, 'Special offer discount type'),
(3309, 'Special offer exclusions'),
(3305, 'Special offer reward'),
(3313, 'Special offer title'),
(3294, 'Special offer type'),
(3289, 'Special offers'),
(435, 'Specification'),
(3389, 'Specify the URL of your X-Payments installation. Copy and paste Store ID, Public key, Private key and Private key password from X-Payments Online Store Details page.'),
(1165, 'Specify your _store information_'),
(2727, 'Specify your _store information_'', {''URL'': url(''settings'', '''),
(2149, 'Staff note'),
(2567, 'Stamps.com'),
(2446, 'Standard'),
(1566, 'Start Export'),
(3433, 'Start FREE Trial'),
(1459, 'Start Import'),
(2885, 'Start accepting Express Checkout payments immediately by simply plugging in the email address where you would like to receive payments.'),
(1750, 'Start date'),
(1166, 'Start selling!'),
(3052, 'Start typing customer email or name'),
(3050, 'Start typing product name or SKU'),
(1167, 'State'),
(1447, 'State cannot be created with unknown country code X'),
(1168, 'States'),
(1169, 'States have been deleted successfully'),
(1170, 'States have been updated successfully'),
(2117, 'States information has been successfully deleted'),
(3211, 'Static pages'),
(1171, 'Statistics'),
(1172, 'Status'),
(2347, 'Status is not defined'),
(3604, 'Status: Connected'),
(341, 'Steps to complete your store for real sales'),
(1876, 'Stock'),
(3622, 'Store ID'),
(1173, 'Store Maintenance'),
(1174, 'Store currency'),
(1175, 'Store info'),
(1176, 'Store is closed'),
(1177, 'Store is open'),
(1695, 'Store lifetime'),
(1178, 'Store setup'),
(1179, 'Storefront'),
(1883, 'Storefront is closed'),
(1886, 'Storefront is open'),
(3252, 'Street address'),
(131, 'Subcat'),
(1180, 'Subcategories'),
(351, 'Subcategories for'),
(1181, 'Subject'),
(2984, 'Submenu'),
(48, 'Submit'),
(2773, 'Subscribe'),
(3213, 'Subscribe to AuctionIncs ShippingCalc Module'),
(3245, 'Subscriber with email {{email}} already subscribed'),
(3241, 'Subscribers'),
(3244, 'Subscribers imported'),
(1182, 'Substring'),
(56, 'Subtotal'),
(3346, 'Subtotal + Shipping cost'),
(2505, 'Subtotal range'),
(1183, 'Subtotal range (begin)'),
(1184, 'Subtotal range (end)'),
(1613, 'Success'),
(2614, 'Success[S]'),
(1185, 'Successfully imported X new products'),
(1186, 'Successfully imported X new products and upgraded Y old products'),
(1187, 'Successfully upgraded Y old products'),
(1188, 'Suffix'),
(115, 'Suggest an idea'),
(3174, 'Suggested retail rates'),
(1457, 'Support'),
(1189, 'Synchronous'),
(1190, 'System settings'),
(1799, 'System will download and install this module from marketplace. Continue?'),
(368, 'TH'),
(366, 'TU'),
(1652, 'Tab'),
(1191, 'Table'),
(2499, 'Table based on'),
(3003, 'Tabs'),
(5, 'Tags'),
(2173, 'Tags are not allowed in the column "{{column}}" and will be stripped'),
(57, 'Tax'),
(1512, 'Tax class'),
(1836, 'Tax classes'),
(1192, 'Tax disabled'),
(1193, 'Tax enabled'),
(1194, 'Tax has been disabled successfully'),
(1195, 'Tax has been enabled successfully'),
(3347, 'Tax rate has been deleted successfully'),
(3348, 'Tax rate has not been deleted successfully'),
(3350, 'Tax rates for shipping charges have not yet been created.'),
(1196, 'Tax rates have been updated successfully'),
(3351, 'Tax rates have not yet been created.'),
(3352, 'Tax rates on shipping cost'),
(1197, 'Tax title'),
(3349, 'Taxable base'),
(1198, 'Taxes'),
(1199, 'Teaser'),
(3115, 'Template'),
(3149, 'Template is converted'),
(2981, 'Terms and conditions'),
(1445, 'Terms and conditions text'),
(1943, 'Test'),
(3532, 'Test Canada Post rates calculation'),
(3212, 'Test ShippingCalc rates calculation'),
(1200, 'Test email configuration'),
(1704, 'Test email notification'),
(1705, 'Test email notification:'),
(2018, 'Test mode'),
(2127, 'Test mode: Live'),
(2126, 'Test mode: Test'),
(2529, 'Test rates'),
(1201, 'Test shipping rates'),
(3398, 'Test transaction completed successfully'),
(3408, 'Test transaction completed successfully for API version X'),
(3399, 'Test transaction failed. Please check the X-Payment Connector settings and try again. If all options is ok review your X-Payments settings and make sure you have properly defined shopping cart properties.'),
(2027, 'Test/Live mode'),
(2663, 'Test[TT]'),
(1202, 'Tester'),
(1203, 'Text'),
(77, 'Text labels have been deleted'),
(73, 'Text labels have been updated successfully'),
(78, 'Text labels have not been deleted: no text labels have been found or specified'),
(75, 'Text labels have not been updated successfully: the default application language has been set as the translation language'),
(76, 'Text labels have not been updated successfully: the translation language has not been found'),
(74, 'Text labels have not been updated successfully: the translation language has not been specified'),
(3053, 'Text of review'),
(1870, 'Textarea'),
(250, 'Thank you for registering a customer account, your profile has been created successfully'),
(3240, 'Thank you for subscribing to the newsletter! We hope you enjoy shopping at {{companyName}}'),
(202, 'Thank you for using company services'),
(1204, 'Thank you for your order'),
(302, 'Thank you for your order FOOTER'),
(3059, 'Thank your for sharing your opinion with us!'),
(3365, 'The "Approved URL" value must be exact as this'),
(3641, 'The "Pay With Amazon" feature is not configured and cannot be used.'),
(3642, 'The "Pay with Amazon" feature requires https to be properly set up for your store.'),
(3364, 'The "Pricing currency" value must be exactly the same as on it.'),
(2747, 'The "{{file}}" file is not allowed and was not uploaded. Allowed extensions are: {{extensions}}'),
(2983, 'The "{{file}}" file is not allowed image and was not uploaded. Allowed images are: {{extensions}}'),
(1773, 'The "{{file}}" file was not uploaded'),
(1811, 'The "{{file}}" is not CSV or archive'),
(2170, 'The "{{value}}" category does not exist'),
(2201, 'The "{{value}}" group is not created'),
(2169, 'The "{{value}}" image does not exist'),
(2166, 'The "{{value}}" membership does not exist'),
(2167, 'The "{{value}}" product class does not exist'),
(2168, 'The "{{value}}" tax class does not exist'),
(3626, 'The Approved URL value must be exact as this:'),
(2385, 'The Clean URL entered is a redirect to object.'),
(2384, 'The Clean URL entered is already in use.'),
(3627, 'The Declined URL value must be exact as this:'),
(2057, 'The English language cannot be removed as it is primary language for all texts.'),
(1219, 'The HTTPS protocol is enabled for your website'),
(1205, 'The SSL certificate installed for your custom website domain is not valid.'),
(1206, 'The SSL certificate installed on your server is not valid. Although you can switch the store to use the secure protocol for the website pages, most Internet browsers will likely display a warning message scaring your website visitors away.'),
(3625, 'The Store ID and HPP Key value must be exactly the same as on it.'),
(274, 'The X field is empty'),
(1207, 'The X language has been added and enabled successfully'),
(66, 'The X language has been added successfully'),
(68, 'The X language has been deleted successfully'),
(71, 'The X language has been disabled successfully'),
(72, 'The X language has been enabled successfully'),
(165, 'The X module has been installed incorrectly. Please see the logs for more information'),
(163, 'The X module has been installed successfully'),
(164, 'The X module has been installed with errors: the DB has not been modified correctly'),
(166, 'The X module has been installed, but the module has a wrong module control class'),
(1895, 'The address field has been added'),
(1894, 'The address field has been updated'),
(1208, 'The attachment has been added successfully'),
(1889, 'The attribute group has been added'),
(1888, 'The attribute group has been updated'),
(1897, 'The attribute has been added'),
(1896, 'The attribute has been updated'),
(1891, 'The attribute option has been added'),
(1890, 'The attribute option has been updated'),
(201, 'The benchmark evaluates server environment'),
(2264, 'The body template may include other templates to generate the email notification. To customize it, please, copy appropriate templates to "skins/theme_tweaker/mail/"'),
(2133, 'The button is inactive either because no changes have been detected on the current page or because the order totals need to be recalculated before the order can be updated.'),
(2620, 'The calculation completed'),
(2619, 'The calculation failed'),
(2419, 'The calculation of quick data has been completed successfully.'),
(2420, 'The calculation of quick data has been stopped.'),
(1893, 'The category has been added'),
(1892, 'The category has been updated'),
(1209, 'The changes will be applied to all selected products'),
(2386, 'The clean URL will be generated automatically.'),
(2354, 'The common notification fields has been updated'),
(203, 'The confirmation URL link was mailed to email'),
(2073, 'The confirmation URL link will be emailed to you shortly'),
(2683, 'The count of categories specified for a product and the count of orderBy position numbers describing the position of the product within these categories must be the same.'),
(1817, 'The countries list for zone is empty. Please specify it.'),
(2816, 'The coupon has been added'),
(2809, 'The coupon has been applied to your order'),
(2817, 'The coupon has been updated'),
(1827, 'The database has not been restored because of the errors'),
(3107, 'The database stores different version of the custom changes.'),
(70, 'The default interface language cannot be disabled'),
(1210, 'The detailed image has been added successfully'),
(1211, 'The detailed image has been deleted'),
(1837, 'The detailed image has not been deleted'),
(1212, 'The detailed images have been updated successfully'),
(1506, 'The directory ''var/backup/'' does not exist or is not writable.'),
(3127, 'The directory {{dir}} does not exist or is not writable.'),
(2815, 'The discount should be less than 100%'),
(2580, 'The download should start automatically. Click the link if does not start.'),
(85, 'The edited language has not been found'),
(204, 'The email with your account information was mailed to email'),
(1213, 'The exceptions have been updated successfully'),
(1713, 'The export is complete.'),
(2547, 'The file extension is forbidden'),
(2673, 'The file extension is forbidden ({{file}}'),
(291, 'The file was not loaded because of a failure on the server'),
(1835, 'The file was not loaded because of a failure on the server.'),
(3126, 'The file {{file}} does not exist or is not writable.'),
(1215, 'The following add-on(s) must be disabled'),
(1214, 'The following add-on(s) must be enabled'),
(1216, 'The following categories were selected to be removed'),
(1217, 'The following dependent add-ons will be disabled  automatically'),
(1451, 'The following expected input data have wrong format or empty: X'),
(1565, 'The following files are too large to be included in the archive'),
(2287, 'The following modules currently do not have a version compatible with the X-Cart version to which you are upgrading'),
(142, 'The following modules will be disabled'),
(2316, 'The following selected modules cannot be disabled due to architecture limitations'),
(2313, 'The following selected modules cannot be disabled or uninstalled as they have dependent modules'),
(2314, 'The following selected modules cannot be enabled as they depend on disabled modules which cannot be enabled'),
(1803, 'The form could not be identified as a form generated by X-Cart'),
(1902, 'The front page has been updated'),
(2308, 'The generation of resized images has been completed successfully.'),
(2309, 'The generation of resized images has been stopped.'),
(1218, 'The image has been updated'),
(2310, 'The image resizing process may take a while to complete. Please do not close this page until the process is fully completed.'),
(1220, 'The import is in progress'),
(1221, 'The importing starts immediately upon selecting the data file. No additional confirmation prompts will appear.'),
(1539, 'The language CSV file should be a text file which contains 3 columns per row (columns are separated by comma:'),
(86, 'The language data has been saved'),
(69, 'The language has not been found'),
(1533, 'The language labels have been successfully imported:'),
(65, 'The language you want to add has already been added'),
(64, 'The language you want to add has not been found'),
(67, 'The language you want to delete has not been found'),
(1222, 'The language you want to delete is the default application language and cannot be deleted'),
(1223, 'The language you want to delete is the default interface language and cannot be deleted'),
(2800, 'The length of X field must be greater than Y'),
(2801, 'The length of X field must be less than Y'),
(2175, 'The length of value for the column "{{column}}" exceeds length of field and will be cut'),
(61, 'The link was copied to your clipboard'),
(87, 'The maximum file size that can be uploaded: X'),
(1224, 'The maximum number of uses'),
(2847, 'The maximum number of uses per user'),
(1653, 'The membership name cannot contain such symbols as \\, '' and ". Also, it cannot exceed 32 characters.'),
(2974, 'The menu has been added'),
(2973, 'The menu has been updated'),
(1780, 'The method is not configured and cannot be used'),
(1433, 'The module X has been uninstalled successfully'),
(1225, 'The module has been partially uninstalled'),
(162, 'The module has been uninstalled successfully'),
(1678, 'The module is incompatible with the new core version going to be installed'),
(1226, 'The module is not released for your X-Cart version'),
(2315, 'The module may not be disabled due to the limitations of the module architecture.'),
(161, 'The module to uninstall has not been found'),
(2062, 'The module version is incompatible with your core version and cannot be enabled. Minimum core version required for this module is X.'),
(2061, 'The module version is incompatible with your core version and cannot be installed. Minimum core version required for this module is X.'),
(167, 'The modules have been updated'),
(2193, 'The name is empty'),
(3192, 'The news message has been added'),
(3191, 'The news message has been updated'),
(2355, 'The notification has been updated'),
(2172, 'The number of values in the row does not match the number of column headers for this CSV file'),
(1781, 'The only remaining active administrator profile cannot be deleted.'),
(1880, 'The order subtotal exceeds the maximum allowed value ({{max_order_amount}})'),
(1931, 'The order subtotal exceeds the maximum allowed value ({{max_order_amount}}), please remove some items from the cart.'),
(1881, 'The order subtotal less than the minimum allowed value ({{min_order_amount}})');
INSERT INTO `xc_language_labels` (`label_id`, `name`) VALUES
(1932, 'The order subtotal less than the minimum allowed value ({{min_order_amount}}), please add some items to the cart.'),
(1227, 'The page has been added'),
(2975, 'The page has been updated'),
(1701, 'The password is the one you specified during checkout.'),
(1702, 'The password is the one you specified.'),
(346, 'The process of export is complete. You can follow this_link to check the results and download the files containing data.'),
(1576, 'The process of export may take much time. Please do not close this page until the export is complete'),
(1575, 'The process of export may take much time. You may close the page, the operation will be in progress as background. If the operation takes long enough, we will send you a notification when it is complete.'),
(1472, 'The process of import may take much time. Please do not close this page until the import is complete'),
(1471, 'The process of import may take much time. You may close the page, the operation will be in progress as background. If the operation takes long enough, we will send you a notification when it is complete.'),
(2418, 'The process of quick data calculation may take a while to complete. Please do not close this page until the process is fully completed.'),
(2621, 'The process of sales calculation may take a while to complete. Please do not close this page until the process is fully completed.'),
(3182, 'The product SKU#"X" is already set as Related for the product'),
(2013, 'The product SKU#"X" is already set as featured for the category'),
(3179, 'The product SKU#"X" is already set as related for the product'),
(1899, 'The product class has been added'),
(1898, 'The product class has been updated'),
(2546, 'The product for which you attempted to upload an attachment has not been found'),
(2356, 'The product has been added'),
(2113, 'The product has been updated'),
(1228, 'The product option group has been added successfully'),
(1229, 'The product option group has been updated successfully'),
(1230, 'The product option groups have been updated successfully'),
(1231, 'The product option groups have not been successfully updated'),
(1901, 'The product selection has been added'),
(1900, 'The product selection has been updated'),
(3006, 'The product tab has been added'),
(3005, 'The product tab has been updated'),
(2165, 'The product with "{{value}}" SKU does not exist'),
(3580, 'The products return has been registered.'),
(1444, 'The profile has been registered. The password has been sent to the user''s email address'),
(1443, 'The profiles have been merged'),
(1532, 'The provided file contains the following language labels:'),
(3419, 'The related payment not found. Apparently it was deleted.'),
(1232, 'The requested page could not be found.'),
(1233, 'The restoration procedure is irreversible and erases all data tables from your store database. It is highly recommended that you back your present database data up before restoring one of the previous states from a back-up.'),
(2992, 'The role has been added'),
(2991, 'The role has been updated'),
(1234, 'The same as shipping'),
(1921, 'The script found {{number}} errors during import'),
(3223, 'The script found {{number}} errors during update inventory'),
(1920, 'The script found {{number}} errors during verification'),
(2728, 'The secure protocol for your website is disabled.'),
(2729, 'The secure protocol for your website is enabled.'),
(2463, 'The secure protocol is enabled for your website. But X-Cart hasn''t found the valid SSL certificate on your server.'),
(1802, 'The selected payment method is obsolete or invalid. Select another payment method'),
(1235, 'The selected shipping markups have been deleted successfully'),
(172, 'The selected shipping method has been deleted successfully'),
(174, 'The selected zones have been deleted successfully'),
(2128, 'The service name X is reserved and cannot be used for an address field.'),
(2766, 'The settings in this section determine the content of email notifications sent to admin.'),
(2763, 'The settings in this section determine the content of email notifications sent to customer.'),
(1810, 'The settings of payment method successfully updated'),
(2135, 'The specified amount of product exceeds maximum amount of product in stock'),
(1236, 'The state has been added successfully'),
(267, 'The string is different from that of the title number of columns - X instead of Y'),
(2330, 'The system detects that some updates are available for enabled modules. It is strongly recommended to have all enabled modules updated to latest version for better compatibility before the install new ones from Marketplace.'),
(2442, 'The system has been restored to the selected snapshot of X'),
(2598, 'The system has detected one or more problems with some of the modules at your store:'),
(1683, 'The system has detected that some custom modifications were made by editing core and module files, not by writing new modules. In order to proceed with the upgrade you should decide what to do with the modifications'),
(2606, 'The system has detected that the license key that was activated for your store is invalid.'),
(2443, 'The system has failed to restore because there was no snapshot of X'),
(1905, 'The tax class has been added'),
(1904, 'The tax class has been updated'),
(3121, 'The template has been added'),
(3120, 'The template has been updated'),
(83, 'The text label has been added successfully'),
(79, 'The text label has been deleted'),
(84, 'The text label has been modified successfully'),
(81, 'The text label has not been added, because its name has not been specified'),
(1237, 'The text label has not been added, because its translation to the default application language has not been specified'),
(1238, 'The text label has not been added, because its translation to the default interface language has not been specified'),
(82, 'The text label has not been added, because such a text label already exists'),
(80, 'The text label has not been deleted: it has been either not found or not specified'),
(1239, 'The text label has not been modified, because its translation to the default application language has not been specified'),
(1240, 'The text label has not been modified, because its translation to the default interface language has not been specified'),
(3415, 'The transaction will be marked as'),
(1241, 'The upgrade is completed. Please, do not close this page until you check your web site and check that everything works properly'),
(212, 'The user will be registered; a password will be sent to the user via email'),
(2174, 'The value in the column "{{column}}" will be adjusted according to HTML specification to prevent potential XSS attack'),
(2648, 'The value must be greater than the current maximum order number in the order list'),
(1656, 'The value must be in range'),
(277, 'The value of the X field has an incorrect format'),
(275, 'The value of the X field must be greater than Y'),
(276, 'The value of the X field must be less than Y'),
(278, 'The value of the X field should not be longer than Y'),
(1489, 'The values are average'),
(3111, 'Theme tweaker'),
(2376, 'There are expired license keys'),
(2377, 'There are expired license keys activated in store'),
(2407, 'There are no activated license keys'),
(1242, 'There are no categories'),
(1513, 'There are no images loaded for this product'),
(1448, 'There are no labels translated to X'),
(1243, 'There are no markups selected'),
(3400, 'There are no payment configurations for this store.'),
(2675, 'There are no permissions to import user access level'),
(2677, 'There are no permissions to import user roles'),
(1244, 'There are no rates available for specified source/destination and/or package measurements/weight.'),
(3075, 'There are no reviews for this product yet'),
(1740, 'There are no shipping methods available'),
(1588, 'There are no shipping methods defined for this carrier'),
(3140, 'There are some custom CSS styles in your store. These styles may affect the look of the installed template. Review the custom styles and disable them if necessary.'),
(2461, 'There are unsaved changes on the page. If you choose to continue, these changes will be lost. Do you want to proceed?'),
(1147, 'There is a maximum purchase limit of MaxQuantity'),
(1146, 'There is a minimum purchase limit of MinQuantity'),
(184, 'There is already an account with your email address. You can sign in or continue as guest'),
(2784, 'There is already state with code {{code}} in {{country}}'),
(2807, 'There is no such a coupon, please check the spelling: X'),
(1246, 'There is no user with specified email address'),
(1247, 'There were no orders placed'),
(414, 'There''s no payment method available'),
(3501, 'There''s no post offices available'),
(2862, 'These Open Graph meta tags were generated automatically based on general product information.'),
(1937, 'These attributes can be applied to all the products in the store.'),
(1935, 'These attributes can be applied to the "{{name}}" product class.'),
(1936, 'These attributes can only be applied to this particular product.'),
(1248, 'These components require your attention'),
(1249, 'These components will be updated'),
(1250, 'These instructions will appear below the order invoice on the page which customers see after they confirm their order.'),
(1251, 'These links were already provided to you after this store was installed and will be emailed to you again after you start the upgrade process'),
(1973, 'These links were already provided to you after this store was installed and will be emailed to you again after you start the upgrade process.'),
(3372, 'These payment methods were imported from your X-Payments. You can add them to your store at the '),
(3157, 'This action will remove all flexy-templates. Are you sure to proceed?'),
(1758, 'This address was used as a'),
(1253, 'This address was used as a billing address during the recent purchase'),
(1254, 'This address was used as a shipping address during the recent purchase'),
(2829, 'This comment will be visible to shop administrators only'),
(1255, 'This component is automatically calculated by shipping add-on module and cannot be edited'),
(2838, 'This coupon cannot be combined with other coupons'),
(1256, 'This e-mail address is already in use by another user.'),
(1257, 'This email address is used for an existing account. Enter another email address or sign in'),
(2393, 'This feature is available only for paid (non-free) X-Cart license plans'),
(3276, 'This feature is not yet available. You will be redirected to the feature request page where you can vote to have this feature implemented in one of the upcoming versions.'),
(3204, 'This field can be used to set a fixed shipping fee for the product. Make sure the field value is a positive number (greater than zero).'),
(196, 'This field is required'),
(2791, 'This field is required.'),
(1258, 'This is a default zone which covers all addresses. It''s impossible to edit this zone''s countries, states etc'),
(228, 'This is a demo store with powerful X-Cart engine inside'),
(2872, 'This is the login name you created when signing up for PayPal Payments Advanced.'),
(2879, 'This is the login name you created when signing up for Payflow.'),
(2880, 'This is the password you created when signing up for PayPal Payflow or the password you created for API calls.'),
(2874, 'This is the password you created when signing up for PayPal Payments Advanced or the password you created for API calls.'),
(411, 'This language is added by module and cannot be removed.'),
(1583, 'This method does not support the current store currency and is not available for customers'),
(2623, 'This method is displayed because you are logged in as admin and operating as another user'),
(1584, 'This method is in test mode'),
(326, 'This module is available for X-Cart hosted stores only.'),
(1989, 'This module uses PHP''s cURL functions which are disabled on your web server'),
(1259, 'This month'),
(1736, 'This operation is irreversible. Are you sure you want to proceed?'),
(3638, 'This operation will cancel order. Payment authorization will be voided. Please confirm to proceed.'),
(3639, 'This operation will capture funds from customer. Please confirm to proceed.'),
(3640, 'This operation will refund funds to customer. Please confirm to proceed.'),
(3335, 'This options is relevant only if you share your Skrill account with other online shops.'),
(2730, 'This order was not checked by the AntiFraud service!'),
(2275, 'This page allows you to adjust the types of email notifications your store sends to users'),
(1491, 'This page allows you to configure Shipping methods, zones and charges.'),
(1498, 'This page allows you to edit global attributes, which are available for all products in your store, and attributes specific for classes of your products.'),
(2433, 'This page is intended for the creation and management of discount coupons.'),
(2438, 'This page is intended for the management of volume discounts based on the order subtotal.'),
(1586, 'This payment method cannot be enabled until you configure it'),
(2252, 'This payment method is Active.'),
(2253, 'This payment method is Inactive.'),
(2731, 'This payment method is not configured.'),
(177, 'This product has been added to your bag'),
(51, 'This product is out of stock or it has been disabled for sale'),
(2959, 'This product will be shown in coming soon section'),
(2958, 'This product will be shown in new arrivals'),
(1266, 'This quarter'),
(1262, 'This section displays 10 top-selling products for today, this week and this month'),
(1263, 'This section displays order placement statistics'),
(1487, 'This section displays order processing statistics'),
(2899, 'This setting determines whether or not the "Buy Now with PayPal" button should be displayed on product list pages (in list view) and product details pages.'),
(2531, 'This shipping method is'),
(2532, 'This shipping method is not configured.'),
(2878, 'This should be the same partner name that is used when logging into your PayPal Payflow account.'),
(1264, 'This site requires JavaScript to function properly.'),
(2428, 'This tool allows you to get rid of any content that might have been created in your store for testing purposes and which you no longer need.'),
(185, 'This user name is used for an existing account. Enter another user name or sign in'),
(3357, 'This value must be set in exactly the same way as it is set on the payment gateway end.'),
(1265, 'This week'),
(347, 'This will increase the shipping cost by XX'),
(1267, 'This year'),
(2163, 'Three columns'),
(1268, 'Through'),
(1269, 'Thumbnail'),
(2732, 'Time left'),
(1372, 'Timeout error'),
(1270, 'Title'),
(23, 'To activate your X-Cart license, enter your secret key into the field below and click Activate.'),
(24, 'To activate your X-Cart or commercial module license, enter your license key into the field below and click Activate.'),
(3377, 'To be able to use the payment methods defined in X-Payments you should import information about them from X-Payments. Click the button below and X-Payments will return a list of payment methods available for this shopping cart.'),
(279, 'To boost your sales try to use Discounts coupons, Sale, Product Advisor, Volume discounts addons. Also you may be interested in all Marketing extensions from our Marketplace'),
(1708, 'To change the password, log into your company account and use the ''Modify profile'' link'),
(1547, 'To change the roles of your profile, contact the store administrator'),
(1274, 'To contact us please fill the form below'),
(1275, 'To email'),
(340, 'To enable secure protocol for your website pages you need a valid SSL certificate purchased for the website domain and installed on your server.'),
(2935, 'To enable this payment method, you need <Multi-vendor> module installed.'),
(2934, 'To enable this payment method, you need Multi-vendor module installed.'),
(281, 'To fix this problem, do the following: 3 points'),
(264, 'To get the format of the import data you can export your products to a file'),
(1497, 'To have attributes specific for product classes, define product classes first.'),
(339, 'To make the online store use the secure protocol you need an SSL certificate purchased for the website domain and installed on your server.'),
(2456, 'To make your changes visible in the customer area, cache rebuild is required. It will take several seconds. You don’t need to close the storefront, the operation is executed in the background.'),
(3237, 'To move your existing subscribers to MailChimp lists, <export your subscribers data> from X-Cart and use the import feature under your MailChimp account.'),
(1276, 'To place the order please accept Terms and Conditions'),
(1277, 'To place the order please complete the previous steps first'),
(3338, 'To process your customers'' payments with Skrill, you need a Skrill account. If you do not have one yet, you can sign up for free at http://www.skrill.com'),
(1278, 'To recover your password, please type in the valid e-mail address you use as a login'),
(3497, 'To request a return please fill the form below'),
(3361, 'To set up the integration you should follow '),
(3624, 'To set up the integration, go to the _Site management_'),
(25, 'To setup Tax Rates, find and install the appropriate addons from Marketplace'),
(2733, 'To setup Tax Rates, find and install the appropriate addons from Marketplace'', {''url'': url(''addons_list_marketplace'', '''', {''tag'': ''Taxes'),
(3536, 'To start registration process for Canada Post merchant account click on the "Register" button.'),
(2821, 'To use the coupon, your order subtotal must be at least X'),
(2820, 'To use the coupon, your order subtotal must be between X and Y'),
(2822, 'To use the coupon, your order subtotal must not exceed Y'),
(1279, 'Today'),
(2998, 'Too large value for absolute discount'),
(2609, 'Tools'),
(3187, 'Top News'),
(199, 'Top X products'),
(1280, 'Top sellers'),
(1281, 'Top selling products'),
(217, 'Total'),
(3520, 'Total items weight'),
(3561, 'Total weight'),
(1714, 'Totals'),
(1150, 'Track package'),
(3566, 'Tracking details'),
(1158, 'Tracking information has been sent'),
(2353, 'Tracking number'),
(1156, 'Tracking number is changed from "{{old_number}}" to "{{new_number}}"'),
(1153, 'Tracking numbers'),
(3514, 'Tracking pin'),
(3502, 'Tracking pins'),
(2858, 'Traditional'),
(2358, 'Transaction'),
(2734, 'Transaction ID'),
(2032, 'Transaction amount mismatch'),
(3325, 'Transaction key'),
(3418, 'Transaction result'),
(2002, 'Transaction type'),
(2572, 'Transactions details'),
(1282, 'Translation driver'),
(117, 'Translations'),
(3557, 'Transmit shipment'),
(310, 'Trial period X days'),
(1939, 'Trial period expires today'),
(1938, 'Trial period is expired'),
(1734, 'Try search-as-you-type feature...'),
(1800, 'Try to change the search criteria or find the needed solution in marketplace'),
(2735, 'Try to change the search criteria or find the needed solution in marketplace'', {''URL'': url(''addons_list_marketplace'', '''', {''tag'': ''Payment processing'),
(1801, 'Try to search worldwide or find the needed solution in marketplace'),
(2736, 'Try to search worldwide or find the needed solution in marketplace'', {''URL'': url(''addons_list_marketplace'', '''', {''tag'': ''Payment processing'),
(1411, 'Try to unpack them manually'),
(280, 'Trying to access the shop at X'),
(2537, 'Trying to run pre-upgrade hooks while not all archives were unpacked'),
(3465, 'Trying to use unaccepted template change.'),
(2861, 'Tweet'),
(3148, 'Twig-template path'),
(1283, 'Twitter'),
(2162, 'Two columns with left sidebar'),
(2161, 'Two columns with right sidebar'),
(1284, 'Type'),
(1285, 'Type of Account'),
(3366, 'U.S.P.S. module allows to use online shipping rates calculation via USPS Web Tools Ecommerce API.'),
(2568, 'UPS'),
(3162, 'UPS module allows to use online shipping rates calculation via UPS service.'),
(3125, 'URL'),
(3610, 'URL is copied'),
(1569, 'URLs'),
(2569, 'USPS'),
(1812, 'Unable to delete file'),
(1434, 'Unable to delete module X files: some dirs have no writable permissions: Y'),
(2671, 'Unable to download the contents of {{url}}'),
(2672, 'Unable to get at the contents of {{url}}'),
(285, 'Unable to install module X because some modules, which it depends on, have not been installed or activated yet'),
(3143, 'Unable to save edited content. Errors: '),
(2670, 'Unable to write data to file {{file}}'),
(2604, 'Unallowed modules will be disabled automatically on the next visit any page in the administrator interface.'),
(2011, 'Unavailable'),
(1288, 'Uncheck all'),
(104, 'Undelete'),
(1289, 'Understanding Online Payments'),
(1290, 'Unexpected error: version value is not passed'),
(3477, 'Unexpected result was received from ePDQ (transaction status is not set)'),
(3488, 'Unexpected result was received from iDEAL (transaction status is not set)'),
(2918, 'Unfortunately, your API credentials could not be obtained from your PayPal account automatically.'),
(1291, 'Uninstall'),
(1292, 'Units & Formats'),
(1293, 'Units of measurement'),
(2859, 'Universal Analytics'),
(1294, 'Unknown'),
(1452, 'Unknown language: X'),
(3493, 'Unknown payment transaction'),
(2115, 'Unknown payment. If you see this message after returning from the payment page, please contact the store administrator for information about the status of your payment.'),
(3144, 'Unknown temporary file'),
(2036, 'Unlimited'),
(3526, 'Unpackaged'),
(1295, 'Unpacking archives, please wait...'),
(1689, 'Unselect all'),
(1296, 'Unset'),
(52, 'Update'),
(3392, 'Update default card'),
(1297, 'Update exceptions'),
(1927, 'Update existing items, but skip new items'),
(1298, 'Update module'),
(2746, 'Update modules'),
(1299, 'Update product'),
(1300, 'Update profile'),
(3221, 'Update quantity'),
(3228, 'Update quantity import guide'),
(1301, 'Updated components'),
(1302, 'Updates are available'),
(1303, 'Updates for the X-Cart core and/or installed modules are available'),
(1304, 'Updates for your version ({{version}})'),
(2755, 'Updates mode'),
(2737, 'Updating data from the marketplace...'),
(1305, 'Upgrade'),
(2408, 'Upgrade access level cannot be changed for default free license'),
(2404, 'Upgrade access level has been successfully assigned to your license keys'),
(2405, 'Upgrade access level tooltip message'),
(1306, 'Upgrade available'),
(1307, 'Upgrade core'),
(1675, 'Upgrade for X-Cart core is available'),
(1308, 'Upgrade module'),
(2758, 'Upgrade not allowed'),
(2286, 'Upgrade note'),
(1309, 'Upgrade to version {{version}}'),
(1310, 'Upload'),
(1311, 'Upload add-on'),
(1312, 'Upload and restore'),
(1313, 'Upload file'),
(1467, 'Upload files'),
(98, 'Upload via URL'),
(2894, 'Use PayPal authentication method'),
(3386, 'Use X-Payments configuration bundle'),
(1314, 'Use a merchant account from your financial institution or choose a bundled payment solution to accept credit cards and other methods of payment on your website.'),
(1315, 'Use a merchant account from your financial institution to accept online payments'),
(3106, 'Use custom css'),
(1316, 'Use custom js'),
(1317, 'Use default logo'),
(2929, 'Use existing PayPal account'),
(2927, 'Use existing account from'),
(3355, 'Use of Restriction key must be disabled in your Quantum Gateway merchant center account at all times.'),
(3426, 'Use one of the following cards to'),
(1984, 'Use our new nifty module to automatically backup your store and be able to restore it if anything crops up.'),
(1318, 'Use the category name'),
(1710, 'Use the following key to access safe mode'),
(2227, 'Use the form below to provide your license information.'),
(1319, 'Use the navigation bar above this dialog to navigate through the catalog categories'),
(3353, 'Use the same tax rates for all user membership levels'),
(1320, 'Use this section to back the database of your online store up. Please note that the database backup procedure can take up to several minutes.'),
(1503, 'Use this section to back up the database of your online store. Please note that the database backup procedure can take up to several minutes.'),
(1321, 'Use this section to define shipping zones.'),
(1322, 'Use this section to define your store''s shipping methods.'),
(1323, 'Use this section to manage the list of existing countries. This list is used in the shipping settings and calculations, and in the registration form at the Customer Front-end.'),
(1324, 'Use this section to manage the lists of counties, provinces, regions and states of different countries. The lists are used in shipping settings and calculations, and in the registration form at the Customer Front-end.'),
(1325, 'Use this section to restore the database of your online store. Please note that the database restoration procedure can take up to several minutes'),
(1326, 'Use this section to review the list of existing membership levels and add new ones'),
(3390, 'Used credit cards'),
(2030, 'User'),
(248, 'User X is logged in'),
(1673, 'User activity'),
(1716, 'User filled in Contact Us form'),
(1327, 'User membership'),
(1328, 'User type'),
(1329, 'Username or e-mail'),
(1330, 'Users'),
(1331, 'Uses count'),
(1332, 'Uses left'),
(2601, 'Using the modules with this type of license violation is illegal'),
(2244, 'VALID THRU'),
(1333, 'VAT'),
(1334, 'Validate key'),
(1335, 'Value'),
(1473, 'Verification results'),
(2300, 'Verified'),
(2301, 'Verifying data before importing...'),
(1336, 'Version'),
(1337, 'Version change'),
(97, 'Via URL'),
(1696, 'View all low inventory products'),
(1882, 'View all modules'),
(1338, 'View all open orders'),
(2088, 'View all ordered items'),
(223, 'View cart'),
(95, 'View image'),
(1608, 'View in list'),
(1339, 'View logs'),
(2403, 'View more addons in Marketplace'),
(2630, 'View order history'),
(3424, 'View payment information'),
(1340, 'View profile'),
(2323, 'View storefront'),
(1341, 'View system logs'),
(1342, 'View update log'),
(2972, 'Visible for'),
(3020, 'Visible in products filter'),
(1343, 'Visit module details page'),
(1344, 'Visit storefront'),
(2449, 'Visit the template store'),
(2050, 'Void'),
(2656, 'Void multiple[TT]'),
(2655, 'Void partially[TT]'),
(3554, 'Void shipment'),
(2618, 'Void[S]'),
(2654, 'Void[TT]'),
(1345, 'Volume discounts'),
(1623, 'WARNING! There are no more available administrators'' profiles. You will not be able to manage your store after you delete this profile.'),
(367, 'WE'),
(2860, 'Want help with SEO? Ask X-Cart Guru'),
(2551, 'Want to change or add another accounting system? Choose the accounting system you require below and configure it.'),
(1346, 'Warning'),
(1642, 'Warning!'),
(1662, 'Warning! CSV file was not specified.'),
(1640, 'Warning! InnoDB engine is not supported. It is required for software operation'),
(1598, 'Warning! Installing this module will overwrite all language labels translated to the appropriate language.'),
(3491, 'Warning! Please re-check public and private key values!'),
(1665, 'Warning! The file you have specified in the ''File (CSV) for upload'' field has not been uploaded to the server.'),
(1663, 'Warning! The file you have specified in the ''File (CSV) local'' field does not exist or cannot be read.'),
(2429, 'Warning! The selected types of content data will be deleted permanently.'),
(1347, 'Warning! There is not enough product items in stock to process the order'),
(3490, 'Warning! This payment method requires OpenSSL extension. Please install and enable this extension in your PHP configuration.'),
(1502, 'Warning: The restoration procedure is irreversible and erases all the data tables from the store database. It is highly recommended that you back up your current database before restoring one of the previous states from a back-up.'),
(1348, 'Warning: this operation can not be reverted!'),
(2646, 'Warnings'),
(316, 'Watch this short video and learn the basics of how online payment processing works'),
(1349, 'Watch video'),
(1450, 'We are already aware of this problem and working on it. If you would like to get in touch, feel free to contact us via our Help center at _URL_'),
(1983, 'We are doing our best to make your upgrade process not only easy to do, but safe.'),
(1456, 'We have found a valid SSL certificate installed on the server. Now you can switch the store to use the secure protocol for the store back-end and checkout, sign-in and profile pages.'),
(3071, 'We use this email in case we need additional information on your review. We do not use it for any kind of mailing lists or spam subscriptions'),
(2988, 'We were unable to process this request'),
(3413, 'We will authorize'),
(1985, 'We will email you with emergency links to disable custom modules and stay only with original add-ons.'),
(1350, 'Web server'),
(3609, 'Webhook URL is your store''s URL through which Stripe informs your store about any changes in the order'),
(3117, 'Webmaster Mode allows you to change the storefront design in click-and-edit mode'),
(3114, 'Webmaster mode'),
(3119, 'Webmaster mode is disabled'),
(3118, 'Webmaster mode is enabled'),
(1691, 'Website'),
(390, 'Week'),
(39, 'Weight'),
(40, 'Weight X'),
(1351, 'Weight modifier'),
(2506, 'Weight range'),
(1549, 'Welcome'),
(215, 'Welcome to X-Cart'),
(1352, 'What is benchmark?'),
(1555, 'What to export'),
(2494, 'What type of shipping rates would you like to use?'),
(312, 'What''s new'),
(3321, 'When AustraliaPost returns shipping methods which does not exists in the available methods list, these methods will be created in the list automatically'),
(1353, 'When the export is completed, you will be prompted to download the product data file'),
(1832, 'Widgets cache has been cleaned'),
(1833, 'Widgets cache has not been cleaned completely'),
(1999, 'Width'),
(1354, 'Width (px)'),
(2335, 'Will be deleted:'),
(1677, 'Will be installed'),
(2332, 'Will be updated if core update is selected'),
(2562, 'Win app'),
(3073, 'Write your review'),
(2207, 'Wrong "default" format ({{value}}). Value should be one of "Yes" or "No"'),
(2206, 'Wrong "owner" format ({{value}}). Value should be one of "Yes" or "No"'),
(2208, 'Wrong "priceModifier" format ({{value}}). Correct examples: +1, +1%, -1, -1%'),
(2205, 'Wrong "type" value ({{value}}). This should be "C", "S" or "T"'),
(2209, 'Wrong "weightModifier" format ({{value}}). Correct examples: +1, +1%, -1, -1%'),
(2676, 'Wrong access level format'),
(2214, 'Wrong added format'),
(2186, 'Wrong arrival date format'),
(2221, 'Wrong billing address format'),
(2196, 'Wrong box height format'),
(2195, 'Wrong box length format'),
(2194, 'Wrong box width format'),
(3369, 'Wrong container type selected: {{value}}. For large package size only the following types are allowed: RECTANGULAR, NONRECTANGULAR, VARIABLE'),
(2222, 'Wrong country code format'),
(2187, 'Wrong date format'),
(2182, 'Wrong enabled format'),
(2215, 'Wrong first login date format'),
(2198, 'Wrong format of Clean URL value (allowed alpha-numeric, "_" and "-" chars)'),
(2383, 'Wrong format: Field contains unallowed characters'),
(3200, 'Wrong free shipping format'),
(3201, 'Wrong freight fixed fee format'),
(2189, 'Wrong inventory tracking format'),
(2197, 'Wrong items per box format'),
(2219, 'Wrong language format'),
(2216, 'Wrong last login date format'),
(2213, 'Wrong login format'),
(2192, 'Wrong low limit level format'),
(2191, 'Wrong low stock notification format'),
(1355, 'Wrong method_id specifed'),
(2200, 'Wrong position format'),
(2181, 'Wrong price format'),
(3225, 'Wrong product quantity value format ("{{value}}")'),
(2218, 'Wrong referer format'),
(2678, 'Wrong role format'),
(2184, 'Wrong shippable format'),
(2220, 'Wrong shipping address format'),
(2212, 'Wrong show title format'),
(2223, 'Wrong state id format'),
(2217, 'Wrong status format'),
(2190, 'Wrong stock level format'),
(2931, 'Wrong token of Express Checkout. Please try again. If the problem persists, contact the administrator.'),
(2202, 'Wrong type format'),
(2188, 'Wrong update date format'),
(2185, 'Wrong use separate box format'),
(3027, 'Wrong useClasses format'),
(1356, 'Wrong value is specified for arrival date field. The field was not updated.'),
(2183, 'Wrong weight format'),
(255, 'X GB'),
(150, 'X Language (Code: Y)'),
(254, 'X MB'),
(324, 'X attributes in group'),
(252, 'X bytes'),
(2806, 'X code is already used for other coupon, please specify a different code'),
(2805, 'X coupon(s) has been created'),
(2804, 'X coupon(s) has been removed'),
(259, 'X days'),
(297, 'X entities has been created'),
(296, 'X entities has been removed'),
(2116, 'X expired shopping cart(s) have been successfully removed'),
(197, 'X field is required'),
(1441, 'X file type'),
(260, 'X hours'),
(269, 'X image unable to load'),
(219, 'X item'),
(292, 'X item available'),
(169, 'X item in bag'),
(181, 'X items'),
(3591, 'X items ($)'),
(293, 'X items available'),
(170, 'X items in bag'),
(2756, 'X items selected'),
(253, 'X kB'),
(109, 'X labels'),
(413, 'X language labels have been removed'),
(412, 'X languages have been removed'),
(317, 'X methods available'),
(261, 'X minutes'),
(200, 'X module settings'),
(2288, 'X module will be disabled'),
(2290, 'X module will be upgraded'),
(1446, 'X module(s) selected'),
(2427, 'X modules selected'),
(2289, 'X modules will be disabled'),
(2291, 'X modules will be upgraded'),
(258, 'X months'),
(2834, 'X off'),
(244, 'X orders'),
(328, 'X orders on last day'),
(330, 'X orders on last month'),
(329, 'X orders on last week'),
(295, 'X product(s) has been created'),
(294, 'X product(s) has been removed'),
(348, 'X products'),
(249, 'X products found'),
(242, 'X results found'),
(331, 'X revenue on last day'),
(333, 'X revenue on last month'),
(332, 'X revenue on last week'),
(262, 'X seconds'),
(424, 'X shipping methods have been created'),
(425, 'X shipping methods have been removed'),
(3032, 'X star_1'),
(3031, 'X stars_2'),
(3030, 'X stars_3'),
(3029, 'X stars_4'),
(3028, 'X stars_5'),
(416, 'X states have been removed'),
(417, 'X states have been successfully created'),
(257, 'X years'),
(418, 'X zones have been removed'),
(419, 'X zones have been successfully created'),
(342, 'X, including images and file attachments'),
(1357, 'X-Cart'),
(118, 'X-Cart News'),
(2785, 'X-Cart Team have done their best to make your upgrade process as enjoyable as possible.'),
(3383, 'X-Cart automatically checks the connection to X-Payments after the settings are saved.<br/> If the module is configured properly, a "Test transaction completed successfully" message is displayed at the top of the page.'),
(2475, 'X-Cart could not find a valid SSL certificate on your server X.'),
(2474, 'X-Cart could not find a valid SSL certificate on your server.'),
(2473, 'X-Cart could not find a valid SSL certificate on your server. Although you can switch the store to use the secure protocol for the website pages, most Internet browsers will likely display a warning message scaring your website visitors away.'),
(2108, 'X-Cart could not find data in your file.'),
(2462, 'X-Cart found some issues with installed SSL certificate'),
(2373, 'X-Cart license key has been successfully verified'),
(2374, 'X-Cart license key has been successfully verified and activated. But this key has expired and do not allow upgrade store.'),
(1358, 'X-Cart online store builder'),
(1359, 'X-Cart shopping cart software'),
(2759, 'X-Cart v5.3 requires PHP version 5.4 or better. Please update the PHP version installed on your server before you proceed.'),
(3437, 'X-Payments'),
(3466, 'X-Payments Dashboard'),
(3380, 'X-Payments configuration ID'),
(3467, 'X-Payments considers this transaction as potentially fraudlent.'),
(3379, 'X-Payments returned the following payment methods for your shopping cart:'),
(3402, 'X-Payments transaction'),
(1360, 'XML parser'),
(1361, 'XML sitemap'),
(3001, 'XML sitemap URL: X'),
(2245, 'YEAR'),
(1362, 'Yahoo!'),
(1363, 'Yandex'),
(393, 'Year'),
(2055, 'Year when store started its operation'),
(1364, 'Yes'),
(1365, 'Yes, I agree with License agreement'),
(2329, 'Yes, I agree with License agreements'),
(1982, 'Yes, I have made the full backup of my store files and database'),
(1875, 'Yes/No'),
(2397, 'Yesterday'),
(147, 'You are going to delete the X language'),
(2481, 'You are logged in as: user'),
(1366, 'You are not allowed to access this resource!'),
(3129, 'You are now in layout editing mode'),
(2477, 'You are operating as:'),
(2480, 'You are operating as: user'),
(1719, 'You are sure to clear your cart?'),
(2603, 'You can also contact our CR department for help with this issue'),
(1634, 'You can build your web-site during FREE evaluation, but you cannot use this installation for real sales without buying a license.'),
(2159, 'You can change the CSV delimiter for all subsequent imports and exports using this link'),
(2158, 'You can change the charset for all subsequent imports and exports using this link'),
(300, 'You can choose if to download your database data'),
(2867, 'You can define an order id prefix, which would precede each order number in your shop, to make it unique'),
(3334, 'You can define an order id prefix, which would precede each order number in your shop, to make it unique (each transaction id must be unique for a Skrill account)'),
(2520, 'You can define the following values:'),
(2573, 'You can find the failed transaction here'),
(2472, 'You can get more information using this service: '),
(143, 'You can install these updates after purchasing and activating your X-Cart license key'),
(1707, 'You can now use the following credentials to access your account'),
(2738, 'You can purchase AntiFraud Service subscription'),
(2518, 'You can set up different shipping rates depending on the weight, price or quantity of items in the order.'),
(282, 'You can upload the database data directly from your local computer'),
(3178, 'You cannot choose this product'),
(1505, 'You cannot save database data to a file on the web server (''var/backup/sqldump.sql.php'').'),
(2682, 'You cannot update administrator profile ({{value}}). Row is skipped'),
(2681, 'You cannot update administrator profile ({{value}}). Row will be skipped'),
(3056, 'You have already reviewed this product'),
(2808, 'You have already used the coupon'),
(1794, 'You have an unpaid order #{{ORDER}}'),
(3236, 'You have configured MailChimp as your primary email newsletter tool. New subscribers will be added directly to your MailChimp lists (this X-Cart list will be skipped). You can manage your subscriber lists under your MailChimp account <here>'),
(1582, 'You have no payment methods enabled in your shop'),
(1367, 'You have selected to delete your profile. Please, confirm you want to proceed'),
(3329, 'You have sent a request for activation on the X.'),
(1548, 'You have the following roles:'),
(3229, 'You just added'),
(33, 'You must register your installation before you can use it for real sales'),
(1978, 'You need hard and soft reset links in case some 3rd party module crashes your web-store'),
(2739, 'You need these links in case you want to recover your store'),
(3588, 'You need to install the PHP mcrypt extension to use the Sage Pay integration'),
(3468, 'You should accept the changes at the'),
(2468, 'You should check available free disk space yourself before continuing installation'),
(2467, 'You should check available free disk space yourself before continuing upgrade'),
(2285, 'You should confirm that you have created backup before upgrading the store.'),
(1791, 'You tried to buy more items of "{{product}}" product {{description}} than are in stock. We have {{amount}} item(s) only. Please adjust the product quantity.'),
(1508, 'You will be able to provide additional product info (images, attributes, etc.) after you submit this form.'),
(2074, 'Your "Password reset key" has expired. Please enter the email address associated with your user account to get a new "Password reset key".'),
(2917, 'Your API credentials have been successfully obtained from your PayPal account and saved for use by your X-Cart store.'),
(1766, 'Your Account'),
(2794, 'Your Message'),
(2888, 'Your PayPal Publisher ID is X'),
(3608, 'Your Stripe account is no longer accessible. Please connect with Stripe once again.'),
(1633, 'Your X-Cart installation is licensed for evaluation purposes only.'),
(313, 'Your account email is X.'),
(1377, 'Your account information will be e-mailed to you shortly'),
(1378, 'Your account information will be e-mailed to you shortly.'),
(314, 'Your account password is X.'),
(2868, 'Your account settings'),
(2933, 'Your address data was not received from PayPal. Please try again. If the problem persists, contact the administrator.'),
(227, 'Your cart'),
(3397, 'Your configuration string is not correct'),
(3110, 'Your custom file is successfully saved'),
(1379, 'Your e-mail'),
(3063, 'Your email'),
(427, 'Your first name'),
(428, 'Your last name'),
(1380, 'Your name'),
(1706, 'Your new password'),
(1917, 'Your order details will be sent to your e-mail address'),
(2870, 'Your partner name is PayPal'),
(3060, 'Your product rating is saved. Thank you!'),
(1381, 'Your products will be exported as a CSV file.'),
(1715, 'Your profile modified'),
(2293, 'Your request has been sent successfully'),
(3074, 'Your review'),
(3061, 'Your review has been updated. Thank your for sharing your opinion with us!'),
(178, 'Your shopping bag - X item'),
(179, 'Your shopping bag - X items'),
(1382, 'Your shopping bag is empty'),
(1383, 'Your state'),
(1384, 'Your store'),
(1455, 'Your store is configured to use the secure protocol for the store back-end and checkout, sign-in and profile pages.'),
(1385, 'Your store is currently unable to calculate taxes'),
(2297, 'Your version (X) can be upgraded to'),
(3235, 'Z - A'),
(193, 'Zero cannot be used'),
(1386, 'Zip code'),
(1387, 'Zip/postal code masks'),
(3253, 'Zipcode'),
(1388, 'Zone'),
(423, 'Zone address masks help'),
(422, 'Zone city masks help'),
(175, 'Zone details have been updated successfully'),
(1389, 'Zone name'),
(1442, 'Zone not found (X)'),
(421, 'Zone zipcode masks help'),
(1390, 'Zones'),
(2325, 'Zoom image'),
(2031, '\\''RESULT\\'' argument not found'),
(2026, '\\''status\\'' request argument can not found'),
(182, '_X_ item'),
(183, '_X_ items'),
(2006, 'a side box'),
(2962, 'a2cp-source-code-PAB'),
(3181, 'a2cp-source-code-REL'),
(1761, 'address during the recent purchase'),
(2042, 'always'),
(1391, 'and'),
(1720, 'attributes'),
(1759, 'billing'),
(1392, 'by'),
(1373, 'cURL error'),
(1646, 'cannot create directory'),
(286, 'cannot set X permissions'),
(2279, 'checkbox.onoff.off'),
(2278, 'checkbox.onoff.on'),
(1953, 'cm'),
(3282, 'cs_categories'),
(3284, 'cs_did_you_mean'),
(3283, 'cs_pages'),
(3281, 'cs_products'),
(3278, 'cs_see_details'),
(3279, 'cs_see_more_results_for'),
(3277, 'cs_showing_results_for'),
(3280, 'cs_suggestions'),
(3064, 'customers'),
(2044, 'daily'),
(1544, 'default'),
(659, 'default-meta-description'),
(1453, 'deleted'),
(2489, 'deliveryTime.help'),
(3544, 'deposit your items at a Post Office'),
(1393, 'details'),
(1618, 'dimensions'),
(1394, 'disabled'),
(3132, 'disabled blocks'),
(1954, 'dm'),
(1824, 'done'),
(1395, 'downloads'),
(2570, 'eBay'),
(3473, 'ePDQ Currency'),
(3475, 'ePDQ Enable logging of ePDQ transactions'),
(3474, 'ePDQ Invoice number prefix'),
(3470, 'ePDQ PSPID'),
(3471, 'ePDQ SHA-IN pass phrase'),
(3472, 'ePDQ SHA-OUT pass phrase'),
(3469, 'ePDQ settings note'),
(2040, 'each'),
(1556, 'editable'),
(434, 'email@example.com'),
(2261, 'emailNotificationAdminHeader'),
(2262, 'emailNotificationAdminSignature'),
(2258, 'emailNotificationCustomerHeader'),
(2260, 'emailNotificationCustomerSignature'),
(2259, 'emailNotificationGreeting'),
(1661, 'empty'),
(3538, 'enable merchant wizard'),
(1396, 'enabled'),
(2960, 'expected on'),
(2008, 'expired'),
(2852, 'fedex.CODStatusOptionComment'),
(1648, 'file does not exist'),
(2508, 'flat rate'),
(3427, 'for this order'),
(743, 'from'),
(1397, 'from URL'),
(1398, 'from local computer'),
(1399, 'from local server'),
(1967, 'g'),
(1400, 'hard reset'),
(2296, 'hide list'),
(2043, 'hourly'),
(3484, 'iDEAL Currency'),
(3486, 'iDEAL Enable logging of iDEAL transactions'),
(3485, 'iDEAL Invoice number prefix'),
(3478, 'iDEAL Merchant ID'),
(3482, 'iDEAL Private Key'),
(3483, 'iDEAL Private Key Password'),
(3480, 'iDEAL Public Certificate File'),
(3481, 'iDEAL Public Key'),
(3479, 'iDEAL SubID'),
(1612, 'if you have any questions'),
(2460, 'imgsize-category-Default'),
(2457, 'imgsize-product-Default'),
(2458, 'imgsize-product-LGThumbnailGrid'),
(2459, 'imgsize-product-LGThumbnailList'),
(3436, 'in'),
(1401, 'in description'),
(1402, 'in title'),
(2599, 'inactive license key(s);'),
(1955, 'inches'),
(2600, 'installed module(s) not allowed by the type of X-Cart license activated at your store.'),
(1436, 'invalid module ID passed: X'),
(1403, 'is available'),
(1619, 'item(s)'),
(1718, 'item(s) in stock'),
(221, 'items'),
(1404, 'items available'),
(1966, 'kg'),
(1541, 'label name,'),
(1542, 'label translation.'),
(3275, 'label.coming_soon'),
(1535, 'labels count:'),
(1540, 'language code,'),
(1964, 'lbs'),
(1405, 'less'),
(1570, 'local files'),
(1952, 'mm'),
(1438, 'module version X is not equal to the core one (Y)'),
(4, 'module-sort-Alphabetically'),
(2, 'module-sort-Most popular'),
(3, 'module-sort-Newest'),
(1406, 'modules'),
(2046, 'monthly'),
(2629, 'more'),
(1407, 'ms'),
(1557, 'multi value'),
(58, 'n/a'),
(2665, 'na_admin'),
(2637, 'na_customer'),
(1408, 'never'),
(2141, 'no comments'),
(1409, 'none'),
(1410, 'not all archives were unpacked'),
(436, 'not all upgrade packs were downloaded'),
(1412, 'not available for sale'),
(1413, 'not installed'),
(1414, 'not ready to download packs. Please, try again'),
(2771, 'notification.section.administrator'),
(2770, 'notification.section.customer'),
(1674, 'now disabled'),
(1415, 'of'),
(3414, 'on your credit card in order to attach this credit card to your account. The amount will be released back to your card after a while.'),
(1416, 'options'),
(1417, 'or'),
(2925, 'or go to checkout as a New customer'),
(2740, 'or use the form below'),
(3066, 'out of'),
(1606, 'outdated'),
(1965, 'oz'),
(3373, 'page.'),
(2254, 'paymentStatus.Active'),
(2255, 'paymentStatus.Inactive'),
(2900, 'paypal_welcome_text'),
(2509, 'per item'),
(243, 'per page'),
(2510, 'per weight unit'),
(303, 'percent X off'),
(2232, 'price-All'),
(2234, 'price-Free'),
(2233, 'price-Paid'),
(1626, 'products'),
(1418, 'proxy'),
(1879, 'requested for'),
(1481, 'requested once or twice'),
(1480, 'requested only once'),
(145, 'required'),
(3101, 'reviewMetaDescription'),
(1419, 'sale'),
(2781, 'same as shipping'),
(2041, 'save'),
(3385, 'section.'),
(3543, 'shipments are picked up by Canada Post'),
(1760, 'shipping'),
(2515, 'shippingFormula.Free'),
(2512, 'shippingFormula.Items'),
(2511, 'shippingFormula.Shipping'),
(2513, 'shippingFormula.Subtotal'),
(2514, 'shippingFormula.Weight'),
(2533, 'shippingStatus.Active'),
(2534, 'shippingStatus.Inactive'),
(2503, 'shippingTableType.All'),
(2502, 'shippingTableType.Items'),
(2500, 'shippingTableType.Subtotal'),
(2501, 'shippingTableType.Weight'),
(1420, 'should be performed manually'),
(2340, 'show list'),
(1421, 'soft reset'),
(1647, 'subdirectories problems'),
(49, 'submit_restore_pass'),
(3432, 'tab and get back here to configure methods.'),
(2490, 'tableType.help'),
(7, 'tag-Accounting'),
(8, 'tag-Administration'),
(6, 'tag-All'),
(2235, 'tag-Catalog Management'),
(9, 'tag-Delivery'),
(10, 'tag-Development'),
(11, 'tag-Fulfillment'),
(12, 'tag-Marketing'),
(13, 'tag-Payment processing'),
(2236, 'tag-Search and Navigation'),
(14, 'tag-Statistics'),
(15, 'tag-Translation'),
(16, 'tag-User experience'),
(17, 'tag-Website design'),
(2436, 'the categories and product classes to which the coupon may be applied;'),
(1685, 'the custom modifications will be lost'),
(2434, 'the dates the coupon should be valid for;'),
(2007, 'the main column'),
(2435, 'the order subtotal range for which the coupon can be used;'),
(2741, 'the same as billing'),
(1422, 'trying to install a non-marketplace module: X'),
(1423, 'trying to unpack non-downloaded archives'),
(1437, 'unable to add module entry to the installation list: X'),
(1424, 'unable to install: not all archives were unpacked. Please, try again'),
(1425, 'unable to test files: not all archives were unpacked'),
(1439, 'unable to upload module'),
(2426, 'unavailable'),
(2039, 'units'),
(1426, 'unknown'),
(1818, 'unknown error'),
(1600, 'upgrade core'),
(3163, 'ups.CODStatusOptionComment'),
(3367, 'usps.CODStatusOptionComment'),
(1638, 'verified version'),
(2295, 'view list'),
(3068, 'votes'),
(3521, 'warning: parcel is overweight'),
(3123, 'webmasterMode.Disabled'),
(3122, 'webmasterMode.Enabled'),
(2045, 'weekly'),
(1617, 'weight'),
(2437, 'whether the coupon may be used by everyone or only by users with specific memberships.'),
(3440, 'with'),
(2047, 'yearly'),
(1427, 'you save'),
(1687, 'your web site may crash'),
(1918, '{{count}} created'),
(1919, '{{count}} updated'),
(2669, '{{file}} file could not be copied to a new location {{newPath}}'),
(1849, '{{module}} license agreement'),
(1933, '{{name}} attributes'),
(1808, '{{paymentMethod}} settings'),
(3370, '{{value}} is an invalid container type for a REGULAR package. Valid Container is: VARIABLE');

-- --------------------------------------------------------

--
-- Table structure for table `xc_language_label_translations`
--

DROP TABLE IF EXISTS `xc_language_label_translations`;
CREATE TABLE IF NOT EXISTS `xc_language_label_translations` (
  `label_id` int(11) NOT NULL AUTO_INCREMENT,
  `id` int(11) DEFAULT NULL,
  `label` longtext COLLATE utf8_unicode_ci NOT NULL,
  `code` char(2) COLLATE utf8_unicode_ci NOT NULL,
  PRIMARY KEY (`label_id`),
  KEY `ci` (`code`,`id`),
  KEY `id` (`id`)
) ENGINE=InnoDB AUTO_INCREMENT=3896 DEFAULT CHARSET=utf8 COLLATE=utf8_unicode_ci;

--
-- Dumping data for table `xc_language_label_translations`
--

INSERT INTO `xc_language_label_translations` (`label_id`, `id`, `label`, `code`) VALUES
(1, 1, '%', 'en'),
(2, 2, 'Most popular', 'en'),
(3, 3, 'Newest', 'en'),
(4, 4, 'Alphabetically', 'en'),
(5, 5, 'Tags', 'en'),
(6, 6, 'All', 'en'),
(7, 7, 'Accounting', 'en'),
(8, 8, 'Administration', 'en'),
(9, 9, 'Delivery', 'en'),
(10, 10, 'Development', 'en'),
(11, 11, 'Fulfillment', 'en'),
(12, 12, 'Marketing', 'en'),
(13, 13, 'Payment processing', 'en'),
(14, 14, 'Statistics', 'en'),
(15, 15, 'Translation', 'en'),
(16, 16, 'User experience', 'en'),
(17, 17, 'Website design', 'en'),
(18, 18, 'Before editing attributes specific for the chosen type you should save the changes. <br /><br />Changing the type of a product attribute after having defined values for this attribute for some products will result in losing the defined attribute values.', 'en'),
(19, 19, 'For details refer to <a href="{{licenseAgreementURL}}" target="_blank">X-Cart license agreement</a>.', 'en'),
(20, 20, 'We are sorry, the Marketplace server is currently unavailable. Your license could not be registered. Please try again later.', 'en'),
(21, 21, '<a href="{{contactURL}}" target="_blank">Contact us</a> if you have any questions', 'en'),
(22, 22, 'Activate your license key', 'en'),
(23, 23, 'To activate your X-Cart license, enter your secret key into the field below and click Activate.', 'en'),
(24, 24, 'To activate your X-Cart or commercial module license, enter your license key into the field below and click Activate.', 'en'),
(25, 25, 'To set up Tax Rates, find and install appropriate add-on modules from the <a href="{{url}}">Marketplace</a>', 'en'),
(26, 26, 'Simplify tax compilance process and reduce the sales tax audit risk with <a href="{{url}}">AvaTax Sales Tax Automation</a>', 'en'),
(27, 27, 'Purchase premium license', 'en'),
(28, 28, 'Activate free license', 'en'),
(29, 29, 'activate existing key', 'en'),
(30, 30, 'Enter your license key here', 'en'),
(31, 31, 'Activate', 'en'),
(32, 32, 'Need a license key?', 'en'),
(33, 33, 'You must register your installation before you can use it for real sales. Registration can be accomplished by activating a free license with limited features or by purchasing a premium license.', 'en'),
(34, 34, 'Removal of this message is allowed only through activation of a free or premium license.', 'en'),
(35, 35, 'Free Edition has a limited set of features, so all the modules of the Business package will be removed in your store. However, you will be able to <a href=''{{purchaseURL}}''>upgrade</a> your Free version to Premium at any time and install addons from the Premium package.<br /><br /><strong>Here''s a list of modules that are not available under free license. After the activation of a free license key all these modules will be removed from your installation.</strong>', 'en'),
(36, 36, 'Evaluation notice', 'en'),
(37, 37, 'Don''t have an account yet?', 'en'),
(38, 38, 'Go to checkout as a New customer', 'en'),
(39, 39, 'Weight', 'en'),
(40, 40, 'Weight ({{symbol}})', 'en'),
(41, 41, 'Add to cart', 'en'),
(42, 42, 'Description', 'en'),
(43, 43, 'SKU', 'en'),
(44, 44, 'Previous', 'en'),
(45, 45, 'Next product', 'en'),
(46, 46, 'Clear cart', 'en'),
(47, 47, 'Continue shopping', 'en'),
(48, 48, 'Submit', 'en'),
(49, 49, 'Submit', 'en'),
(50, 50, 'Delivery', 'en'),
(51, 51, '(!) This product is out of stock or not available', 'en'),
(52, 52, 'Update', 'en'),
(53, 53, 'Grand total', 'en'),
(54, 54, 'Shipping cost', 'en'),
(55, 55, 'Free', 'en'),
(56, 56, 'Subtotal', 'en'),
(57, 57, 'Tax', 'en'),
(58, 58, 'n/a', 'en'),
(59, 59, 'Delete item', 'en'),
(60, 60, 'Continue...', 'en'),
(61, 61, 'The text was copied to your clipboard', 'en'),
(62, 62, 'When X-Cart aggregates CSS and JS files, the result is cached. If you change your JS/CSS files directly in the file system after they have been included into the cache, you will not see the functionality or style changes you have made. To make your changes visible, clear the aggregation cache.', 'en'),
(63, 63, 'When X-Cart uses widgets cache, the static content of product lists is stored into a temporary cache. After editing the content (modifying the product descriptions, titles or photos), you should clear the widgets cache to make these changes visible in the front end right away. If you do not clear it, the changes will be updated anyway, but it may require more time', 'en'),
(64, 64, 'The language you want to add has not been found', 'en'),
(65, 65, 'This language already exists', 'en'),
(66, 66, 'The {{language}} language has been added successfully', 'en'),
(67, 67, 'The language you want to delete has not been found', 'en'),
(68, 68, 'The {{language}} language has been deleted successfully', 'en'),
(69, 69, 'Language not found', 'en'),
(70, 70, 'The default interface language cannot be disabled', 'en'),
(71, 71, 'The {{language}} language has been disabled', 'en'),
(72, 72, 'The {{language}} language has been enabled', 'en'),
(73, 73, 'The text labels have been updated', 'en'),
(74, 74, 'Couldn''t update the text labels: the translation language is not specified', 'en'),
(75, 75, 'Couldn''t update the text labels: the default language is set as the translation language', 'en'),
(76, 76, 'Couldn''t update the text labels: the translation language has not been found', 'en'),
(77, 77, 'The text labels have been deleted', 'en'),
(78, 78, 'Couldn''t delete the text labels: text labels not found or not specified', 'en'),
(79, 79, 'The text label has been deleted', 'en'),
(80, 80, 'Couldn''t delete the text label: text label not found or not specified', 'en'),
(81, 81, 'Couldn''t add the text label: name not specified.', 'en'),
(82, 82, 'Couldn''t add the text label: text label already exists.', 'en'),
(83, 83, 'The text label has been added successfully', 'en'),
(84, 84, 'The text label has been updated successfully', 'en'),
(85, 85, 'The language you are trying to edit has not been found', 'en'),
(86, 86, 'The language data has been saved', 'en'),
(87, 87, 'The maximum upload file size is {{upload_max_filesize}}', 'en'),
(88, 88, 'Search', 'en'),
(89, 89, 'Next', 'en'),
(90, 90, 'Custom HTML title', 'en'),
(91, 91, 'Show category title', 'en'),
(92, 92, 'Category icon', 'en'),
(93, 93, 'Meta tags', 'en'),
(94, 94, 'Meta desc', 'en'),
(95, 95, 'View image', 'en'),
(96, 96, 'From computer', 'en'),
(97, 97, 'Via URL', 'en'),
(98, 98, 'Upload via URL', 'en'),
(99, 99, 'Copy to file system', 'en'),
(100, 100, 'Alt', 'en'),
(101, 101, 'Copy', 'en'),
(102, 102, 'Copy to clipboard', 'en'),
(103, 103, 'Select file', 'en'),
(104, 104, 'Undelete', 'en'),
(105, 105, 'Show all labels', 'en'),
(106, 106, '{{n}} items found', 'en'),
(107, 107, 'No modules found for "<em>{{search_string}}</em>"', 'en'),
(108, 108, 'Language options', 'en'),
(109, 109, '{{language}} labels', 'en'),
(110, 110, 'Select language', 'en'),
(111, 111, 'No other languages defined', 'en'),
(112, 112, 'Languages', 'en'),
(113, 113, 'Help', 'en'),
(114, 114, 'Knowledge Base', 'en'),
(115, 115, 'Suggest an idea', 'en'),
(116, 116, 'Report a bug', 'en'),
(117, 117, 'Translations', 'en'),
(118, 118, 'X-Cart News', 'en'),
(119, 119, 'Our Blog', 'en'),
(120, 120, 'Clear search', 'en'),
(121, 121, 'New membership', 'en'),
(122, 122, 'Any availability status', 'en'),
(123, 123, 'Only enabled', 'en'),
(124, 124, 'Only disabled', 'en'),
(125, 125, 'Any class', 'en'),
(126, 126, 'Default tax class', 'en'),
(127, 127, 'Images', 'en'),
(128, 128, 'Attributes', 'en'),
(129, 129, 'Cloned products', 'en'),
(130, 130, 'New category', 'en'),
(131, 131, 'Subcat', 'en'),
(132, 132, 'Main categories', 'en'),
(133, 133, 'Add new label', 'en'),
(134, 134, 'Add language', 'en'),
(135, 135, '{{n}} items total', 'en'),
(136, 136, '{{count}} item(s)', 'en'),
(137, 137, 'Add new language', 'en'),
(138, 138, 'Save', 'en'),
(139, 139, 'Provide a translation of the text label into each of the languages used at your store. If the text label does not have a translation for a specific language, the translation of the label into the default language will be used instead. If the default language translation is also not available, the Label Name will be used.', 'en'),
(140, 140, 'Purchase {{list}} license to install this add-on or', 'en'),
(141, 141, 'Purchase {{list}} license to enable this add-on or', 'en'),
(142, 142, 'The following modules will be disabled', 'en'),
(143, 143, 'You can install these updates after <a href="{{URL}}" target="_blank">purchasing</a> and activating your X-Cart license key.', 'en'),
(144, 144, 'Label name', 'en'),
(145, 145, 'required', 'en'),
(146, 146, 'Confirm deletion', 'en'),
(147, 147, 'You are about to delete the {{language}} language. This operation is irreversible. Are you sure you want to continue?', 'en'),
(148, 148, 'Delete', 'en'),
(149, 149, 'Cancel', 'en'),
(150, 150, '{{language}} Language (Code: {{code}})', 'en'),
(151, 151, 'Language name in {{language}}', 'en'),
(152, 152, 'Native language name', 'en'),
(153, 153, 'Disable', 'en'),
(154, 154, 'Enable', 'en'),
(155, 155, 'Set this language as default for the Customer area', 'en'),
(156, 156, 'A disabled language cannot be set as default for the Customer area', 'en'),
(157, 157, 'Delete Language', 'en'),
(158, 158, 'Edit label', 'en'),
(159, 159, 'Edit labels', 'en'),
(160, 160, 'Please specify a pattern to find the required labels', 'en'),
(161, 161, 'Module not found. Cannot uninstall.', 'en'),
(162, 162, 'The module has been uninstalled successfully', 'en'),
(163, 163, 'The {{module}} module has been uninstalled successfully', 'en'),
(164, 164, 'The {{module}} module was installed with errors: the database was not updated correctly', 'en'),
(165, 165, 'The {{module}} module was installed incorrectly. Please see logs for more information.', 'en'),
(166, 166, 'The {{module}} module has been installed; however, the module has a wrong module control class', 'en'),
(167, 167, 'The modules have been updated', 'en'),
(168, 168, 'Congratulations! Your order has been placed.<br />You will receive your order confirmation shortly.', 'en'),
(169, 169, '{{count}} item in cart', 'en'),
(170, 170, '{{count}} items in cart', 'en'),
(171, 171, 'Other items', 'en'),
(172, 172, 'The selected shipping method has been deleted successfully', 'en'),
(173, 173, 'The shipping methods have been updated', 'en'),
(174, 174, 'The selected zones have been deleted successfully', 'en'),
(175, 175, 'Zone details have been updated successfully', 'en'),
(176, 176, 'The new zone has been created successfully', 'en'),
(177, 177, 'This product is in <a href="{{href}}">your cart</a>', 'en'),
(178, 178, 'Your shopping cart - {{count}} item', 'en'),
(179, 179, 'Your shopping cart - {{count}} items', 'en'),
(180, 180, 'Greetings, {{name}}', 'en'),
(181, 181, '{{count}} items', 'en'),
(182, 182, '<div class="minicart-items-number">{{count}}</div> <div class="minicart-items-text">item</div>', 'en'),
(183, 183, '<div class="minicart-items-number">{{count}}</div> <div class="minicart-items-text">items</div>', 'en'),
(184, 184, 'The email you provided is already in use. You can continue as guest or <a href="{{URL}}" class="sign-in log-in">Sign in</a>', 'en'),
(185, 185, 'This user name is already taken. Please choose a different user name or <a href="{{URL}}" class="log-in">sign in</a>', 'en'),
(186, 186, 'I accept the <a href="{{URL}}" target="_blank">Terms & Conditions</a>', 'en'),
(187, 187, 'By clicking the "Place order" button you confirm that you accept the <a href="{{URL}}">Terms & Conditions</a>', 'en'),
(188, 188, 'Place order: {{total}}', 'en'),
(189, 189, 'Proceed to payment: {{total}}', 'en'),
(190, 190, 'Enter a correct email', 'en'),
(191, 191, 'Enter an integer', 'en'),
(192, 192, 'Enter a number', 'en'),
(193, 193, 'Zero cannot be used', 'en'),
(194, 194, 'Enter a positive number', 'en'),
(195, 195, 'Enter a negative number', 'en'),
(196, 196, 'This field is required', 'en'),
(197, 197, '''{{field}}'' field is required', 'en'),
(198, 198, 'Image #{{index}}', 'en'),
(199, 199, 'Top {{count}} products', 'en'),
(200, 200, '"{{name}}" module settings', 'en'),
(201, 201, 'The benchmark evaluates server environment, namely:<br />1. File subsystem - read and write speed.<br />2. Database server - computing speed, DB data read and write speed.<br />3. Computing power - speed of computing and exchanging data in the memory.<br /><span>The total test time is the sum of the times taken by each of these tests.</span>', 'en'),
(202, 202, 'Thank you for using {{company}} services', 'en'),
(203, 203, 'The confirmation URL link was sent to {{email}}', 'en'),
(204, 204, 'An email with your account information was sent to {{email}}. Please make sure you can log in using the received data.', 'en'),
(205, 205, 'Show filter options', 'en'),
(206, 206, 'Customer note', 'en'),
(207, 207, 'Customer', 'en'),
(208, 208, 'Anonymous Customer', 'en'),
(209, 209, 'Anonymous Customer, <a href="{{URL}}">Registered User with the same email</a>', 'en'),
(210, 210, 'Registered Customer', 'en'),
(211, 211, 'Registered Customer, <a href="{{URL}}">Anonymous Customer with the same email</a>', 'en'),
(212, 212, 'The user will be registered; a password will be sent to the user via email', 'en'),
(213, 213, 'Merge with Registered', 'en'),
(214, 214, 'Invoice #{{id}}', 'en'),
(215, 215, 'Welcome to X-Cart', 'en'),
(216, 216, 'Quantity', 'en'),
(217, 217, 'Total', 'en'),
(218, 218, 'Cart is empty', 'en'),
(219, 219, '{{count}} item', 'en'),
(220, 220, 'Items', 'en'),
(221, 221, 'items', 'en'),
(222, 222, 'Checkout', 'en'),
(223, 223, 'View cart', 'en'),
(224, 224, 'Email address', 'en'),
(225, 225, 'Password', 'en'),
(226, 226, 'Recover password', 'en'),
(227, 227, 'Your cart', 'en'),
(228, 228, 'This is a demo store powered by X-Cart, using PHP5 templates technology and MySQL database.', 'en'),
(229, 229, 'Price', 'en'),
(230, 230, 'Product name', 'en'),
(231, 231, 'Please let us know if you want to <a href="//ideas.x-cart.com/forums/229428-x-cart-5-ideas" target="_blank">suggest an idea</a> or <a href="//www.x-cart.com/custom-development.html" target="_blank">contact us</a> for a free quote for custom development service</a>', 'en'),
(232, 232, 'Please clarify your search request or search in the <a href="{{marketplace}}">Marketplace</a>', 'en'),
(233, 233, 'Select one...', 'en'),
(234, 234, 'Other', 'en'),
(235, 235, 'Hello, {{name}}', 'en'),
(236, 236, 'All', 'en'),
(237, 237, 'None', 'en'),
(238, 238, '[Root level]', 'en'),
(239, 239, '-- No categories --', 'en'),
(240, 240, 'Sort by', 'en'),
(241, 241, 'Pending membership', 'en'),
(242, 242, '{{count}} result(s) found', 'en'),
(243, 243, 'per page', 'en'),
(244, 244, '<span>{{count}}</span> orders', 'en'),
(245, 245, 'Logged in!', 'en'),
(246, 246, 'Log off', 'en'),
(247, 247, 'Account settings', 'en'),
(248, 248, 'User <strong>{{login}}</strong> is logged in.', 'en'),
(249, 249, '{{count}} products found', 'en'),
(250, 250, 'Thank you for registering a customer account.<br />As a registered customer you can enjoy a simplified checkout process and review your order history.<br /><br />A registration confirmation message with your account details has been sent to your email <b>{profile.login}</b>.<br />Please use your registration email and password every time you place orders at our store.<br /><br />You are now logged in and welcome to continue shopping.', 'en'),
(251, 251, '<span class="begin-record-number">{{begin}}</span>&ndash;<span class="end-record-number">{{end}}</span> of <span class="records-count">{{total}}</span>', 'en'),
(252, 252, '{{value}} bytes', 'en'),
(253, 253, '{{value}} kB', 'en'),
(254, 254, '{{value}} MB', 'en'),
(255, 255, '{{value}} GB', 'en'),
(256, 256, 'Including {{name}}', 'en'),
(257, 257, '{{years}} year(s)', 'en'),
(258, 258, '{{months}} month(s)', 'en'),
(259, 259, '{{days}} day(s)', 'en'),
(260, 260, '{{hours}} hour(s)', 'en'),
(261, 261, '{{minutes}} minute(s)', 'en'),
(262, 262, '{{seconds}} second(s)', 'en'),
(263, 263, 'Import will overwrite the existing product information. This operation cannot be undone.', 'en'),
(264, 264, 'To find out the data format for import, you can create a sample data file <a href="{{url}}">by exporting your existing products</a>. Then you can prepare your import file using the same format.', 'en'),
(265, 265, 'Note that data import time will depend on the size of the file being imported.', 'en'),
(266, 266, 'Cannot import the field ''{{name}}'': unknown field', 'en'),
(267, 267, 'String is inconsistent with the title: the number of columns is {{wrong}} instead of {{right}}', 'en'),
(268, 268, 'The required field ''{{name}}'' is not defined or empty. The product has not been created', 'en'),
(269, 269, '{{url}} image unable to load', 'en'),
(270, 270, 'During import {{count}} errors were generated. For details, <a href="{{url}}">download</a> the log files.', 'en'),
(271, 271, 'Some products might have been imported incorrectly. Please check your catalog. Find the IDs of such products in the import log file above.', 'en'),
(272, 272, 'Order #{{id}}, {{date}}', 'en'),
(273, 273, 'Order #{{id}}', 'en'),
(274, 274, 'The {{name}} field is empty', 'en'),
(275, 275, 'The value of the {{name}} field must be greater than {{min}}', 'en'),
(276, 276, 'The value of the {{name}} field must be less than {{max}}', 'en'),
(277, 277, 'Incorrect value format in {{name}} field.', 'en'),
(278, 278, 'The value of the {{name}} field must not be longer than {{max}}', 'en'),
(279, 279, 'To boost your sales, try the "<a href="{{discountCoupons}}">Coupons</a>", "<a href="{{sale}}">Sale</a>", "<a href="{{productAdvisor}}">Product Advisor</a>" and "<a href="{{volumeDiscounts}}">Volume Discounts</a>" addons. You may also be interested in other <a href="{{marketingTag}}">Marketing</a> extensions from our Marketplace', 'en'),
(280, 280, 'Trying to access the shop at <a href="{{url}}">{{url}}</a> ...', 'en'),
(281, 281, 'To fix this problem take the following steps: <ul><li>make sure the HTTPS protocol is enabled by your hosting service provider;</li><li>check your HTTPS settings (the ''https_host'' parameter in the ''etc/config.php'' file must be valid);</li><li>reload this page.</li></ul>', 'en'),
(282, 282, 'To upload the database data directly from your local computer, click "Browse", choose an SQL dump file and click "Upload and restore". This method is more convenient; however, it has a file size limitation of {{N}}.', 'en'),
(283, 283, 'You may upload a file named sqldump.sql.php to the var/backup/ directory of your X-Cart installation on the web server and click "Restore from server".', 'en'),
(284, 284, 'Maximum upload file size is {{N}}.', 'en'),
(285, 285, 'Unable to install the module "{{X}}":  required modules have not been installed or activated.', 'en'),
(286, 286, 'cannot set {{X}} permissions', 'en'),
(287, 287, 'Incorrect owner of {{X}} directory', 'en'),
(288, 288, 'Cannot set {{X}} permissions for subdirectories:', 'en'),
(289, 289, 'Incorrect owner of {{X}} file', 'en'),
(290, 290, 'File size exceeds the maximum size of ({{size}})', 'en'),
(291, 291, 'File was not loaded due to a server side failure.', 'en'),
(292, 292, '{{count}} item available', 'en'),
(293, 293, '{{count}} items available', 'en'),
(294, 294, '{{count}} product(s) removed', 'en'),
(295, 295, '{{count}} product(s) created', 'en'),
(296, 296, '{{count}} entities  removed', 'en'),
(297, 297, '{{count}} entities created', 'en'),
(298, 298, 'Select a country or a state from the list, specify the zone where the country or state should be listed and click "Apply". To select more than one country/state, hold down the CTRL key while selecting the items. A zone must contain either countries or states. You cannot include both states and countries into the same zone.', 'en'),
(299, 299, 'If you store product images in the database, they are included in the SQL dump file. If the product images are located on the file system, they are not included in the SQL dump file. To back up such images you need to download them directly from the server.', 'en'),
(300, 300, 'You can choose one of the following options:<ol class="ordered-list"><li>Download the database data (SQL dump) directly to your local computer - please click the ''Download SQL file'' button.</li><li>Save the database data as a file on the web server (''var/backup/sqldump.sql.php'') - please click the ''Create SQL file'' button.</li></ol>', 'en'),
(301, 301, 'Dear {{name}}!', 'en'),
(302, 302, 'Thank you for your business. Please come back soon!', 'en'),
(303, 303, '{{percent}}% off', 'en'),
(304, 304, 'Placed on <span class="date">{{date}}</span> by <span class="name">{{name}}</span>', 'en'),
(305, 305, 'Placed on <span class="date">{{date}}</span> by <a href="{{url}}" class="name">{{name}}</a>', 'en'),
(306, 306, 'Order Total: <span>{{total}}</span>', 'en'),
(307, 307, 'Oops! Our payment system has not informed us whether your last order was paid for, or not. Is there a payment form that you have not completed yet? If so, please complete and submit it. Or you can quickly <a href="{{url}}">re-order the products</a> from your last incomplete order.', 'en'),
(308, 308, 'Payment transaction [method: {{trx_method}}, type: {{trx_type}}, amount: {{trx_value}}, status: {{trx_status}}]', 'en'),
(309, 309, 'Back end payment transaction [method: {{trx_method}}, type: {{trx_type}}, amount: {{trx_value}}, status: {{trx_status}}]', 'en'),
(310, 310, 'Trial period &mdash; {{X}} day(s) left', 'en'),
(311, 311, 'Editing attribute groups on this page will not affect other product classes that use these groups. Removing a group does not delete attributes from the group, but makes them show up among other attributes having no associated groups.', 'en'),
(312, 312, 'What''s new', 'en'),
(313, 313, 'Your account email is {{email}}.', 'en'),
(314, 314, 'Your account password is {{password}}.', 'en'),
(315, 315, 'Here you can provide titles and descriptions for your payment methods and set the order in which they should appear on the storefront.<br><strong>Title</strong> &mdash; name of the custom payment method as should be displayed to customers;your custom payment name shown for customer;<br><strong>Description</strong> &mdash; short description of the payment method that should appear right below its title.', 'en'),
(316, 316, 'Watch this short video and learn the basics of how online payment processing works. You will also find out what to look for when choosing the best payment processing solution for your business.', 'en'),
(317, 317, '{{count}} methods available', 'en'),
(318, 318, 'The payment method has been enabled', 'en'),
(319, 319, 'The payment method has been disabled', 'en'),
(320, 320, 'The payment method has been removed', 'en'),
(321, 321, 'The payment method has not been configured properly', 'en'),
(322, 322, 'Duplicated clean URL: {{value}}', 'en'),
(323, 323, 'Attributes for "{{class}}" product class', 'en'),
(324, 324, '{{count}} attributes in group', 'en'),
(325, 325, 'Order {{order_number}} has been placed', 'en'),
(326, 326, 'This module is available for X-Cart hosted stores only. <a href="{{url}}">Click here for more information.</a>', 'en'),
(327, 327, 'Low inventory products ({{count}})', 'en'),
(328, 328, '{{value}} orders yesterday', 'en'),
(329, 329, '{{value}} orders last week', 'en'),
(330, 330, '{{value}} orders last month', 'en'),
(331, 331, '{{value}} yesterday', 'en'),
(332, 332, '{{value}} last week', 'en'),
(333, 333, '{{value}} last month', 'en'),
(334, 334, 'No orders yesterday', 'en'),
(335, 335, 'No orders last week', 'en'),
(336, 336, 'No orders last month', 'en'),
(337, 337, 'No orders yet', 'en'),
(338, 338, 'No orders', 'en'),
(339, 339, 'To use the secure protocol you need an SSL certificate purchased for the "<span>{{domain}}</span>" domain and installed on your server.', 'en'),
(340, 340, 'To enable the secure protocol for your website pages you need a valid SSL certificate purchased for the "<span>{{domain}}</span>" website domain and installed on your server.', 'en'),
(341, 341, 'Pre-launch checklist:', 'en'),
(342, 342, '{{size}}', 'en'),
(343, 343, 'Exported on {{date}}', 'en'),
(344, 344, 'No write permissions to directory {{path}}. Please set the necessary permissions to directory {{path}}.', 'en'),
(345, 345, 'Failed write to file {{path}}. There may not be enough disk space. Please check if there is enough disk space.', 'en'),
(346, 346, 'Export is complete. <a href="{{url}}">Check results and download</a>.', 'en'),
(347, 347, 'This will increase the shipping cost by {{XX}}', 'en'),
(348, 348, '{{count}} products', 'en'),
(349, 349, 'Subcategories: {{count}}', 'en'),
(350, 350, 'Manage category: {{category_name}}', 'en'),
(351, 351, 'Subcategories for', 'en'),
(352, 352, 'Enter OrderID or email', 'en'),
(353, 353, 'All Order Statuses', 'en'),
(354, 354, 'Enter date range', 'en'),
(355, 355, 'Authorized', 'en'),
(356, 356, 'Shipped', 'en'),
(357, 357, 'Cancelled', 'en'),
(358, 358, 'Expired', 'en'),
(359, 359, 'Refund requested', 'en'),
(360, 360, 'Refunded', 'en'),
(361, 361, 'Partially refunded', 'en'),
(362, 362, 'Selected:', 'en'),
(363, 363, 'Days', 'en'),
(364, 364, 'Close', 'en'),
(365, 365, 'MO', 'en'),
(366, 366, 'TU', 'en'),
(367, 367, 'WE', 'en'),
(368, 368, 'TH', 'en'),
(369, 369, 'FR', 'en'),
(370, 370, 'SA', 'en'),
(371, 371, 'SU', 'en'),
(372, 372, 'JANUARY', 'en'),
(373, 373, 'FEBRUARY', 'en'),
(374, 374, 'MARCH', 'en'),
(375, 375, 'APRIL', 'en'),
(376, 376, 'MAY', 'en'),
(377, 377, 'JUNE', 'en'),
(378, 378, 'JULY', 'en'),
(379, 379, 'AUGUST', 'en'),
(380, 380, 'SEPTEMBER', 'en'),
(381, 381, 'OCTOBER', 'en'),
(382, 382, 'NOVEMBER', 'en'),
(383, 383, 'DECEMBER', 'en'),
(384, 384, 'Shortcuts', 'en'),
(385, 385, 'Past', 'en'),
(386, 386, '7days', 'en'),
(387, 387, '14days', 'en'),
(388, 388, '30days', 'en'),
(389, 389, 'Previous', 'en'),
(390, 390, 'Week', 'en'),
(391, 391, 'Month', 'en'),
(392, 392, 'Quarter', 'en'),
(393, 393, 'Year', 'en'),
(394, 394, 'Date range should be longer than %d days', 'en'),
(395, 395, 'Date range should be less than %d days', 'en'),
(396, 396, 'Please select a date range longer than %d days', 'en'),
(397, 397, 'Please select a date range shorter than %d days', 'en'),
(398, 398, 'Please select a date range between %d and %d days', 'en'),
(399, 399, 'Please select a date range', 'en'),
(400, 400, 'Enter keyword', 'en'),
(401, 401, 'All membership levels', 'en'),
(402, 402, 'No membership', 'en'),
(403, 403, 'All User Types', 'en'),
(404, 404, 'Please select one ...', 'en'),
(405, 405, 'Search keywords', 'en'),
(406, 406, 'Search payment method', 'en'),
(407, 407, 'Any category', 'en'),
(408, 408, 'Any status', 'en'),
(409, 409, 'Search in', 'en'),
(410, 410, '{{count}} label(s)', 'en'),
(411, 411, 'This language was added by the module {{module}} and cannot be removed.', 'en'),
(412, 412, '{{count}} language(s) removed', 'en'),
(413, 413, '{{count}} language label(s) removed', 'en'),
(414, 414, 'No payment methods available. Please contact the <a href="mailto:{{email}}">store administrator</a>.', 'en'),
(415, 415, 'Edit states ({{count}})', 'en'),
(416, 416, '{{count}} state(s) removed', 'en'),
(417, 417, '{{count}} state(s) created', 'en'),
(418, 418, '{{count}} zone(s) removed', 'en'),
(419, 419, '{{count}} zone(s) created', 'en'),
(420, 420, 'This is the default zone which matches all possible addresses.<br />The default zone can be edited but cannot be removed.', 'en'),
(421, 421, 'Examples:<br /><br />2204%<br />38245<br />23%', 'en'),
(422, 422, 'Examples:<br /><br />New York<br />New%<br />%York', 'en'),
(423, 423, 'Examples:<br />%Water St%<br />%Coney Island%', 'en'),
(424, 424, '{{count}} shipping method(s) created', 'en'),
(425, 425, '{{count}} shipping method(s) removed', 'en'),
(426, 426, 'Edit rates ({{count}})', 'en'),
(427, 427, 'Your first name', 'en'),
(428, 428, 'Your last name', 'en'),
(429, 429, '1000 Example street', 'en'),
(430, 430, 'Example city', 'en'),
(431, 431, 'California', 'en'),
(432, 432, '90001', 'en'),
(433, 433, '+12130000000', 'en'),
(434, 434, 'email@example.com', 'en'),
(435, 435, 'Specification', 'en'),
(436, 436, 'Not all the upgrade packs have been downloaded. This may have been caused by one of the following:<ul class=''marked-list''><li>slow Internet connection;</li><li>an internal problem on the Marketplace server;</li><li>a problem with your X-Cart license (expired license key, license key not matching the module license, etc.)</li></ul>', 'en'),
(437, 437, 'A new customer? Enter your email', 'en'),
(438, 438, 'ABA routing number', 'en'),
(439, 439, 'Absolute', 'en'),
(440, 440, 'Accept', 'en'),
(441, 441, 'Orders', 'en'),
(442, 442, 'Online methods', 'en'),
(443, 443, 'Access denied!', 'en'),
(444, 444, 'Access information', 'en'),
(445, 445, 'Access level', 'en'),
(446, 446, 'Account', 'en'),
(447, 447, 'Account details', 'en'),
(448, 448, 'Account status', 'en'),
(449, 449, 'Account summary', 'en'),
(450, 450, 'Activate license key', 'en'),
(451, 451, 'Activate your paid module license', 'en'),
(452, 452, 'Active', 'en'),
(453, 453, 'Active from', 'en'),
(454, 454, 'Active till', 'en'),
(455, 455, 'Add', 'en'),
(456, 456, 'Add Product', 'en'),
(457, 457, 'Add alternative payment method', 'en'),
(458, 458, 'Add category', 'en'),
(459, 459, 'Add child', 'en'),
(460, 460, 'Add discount', 'en'),
(461, 461, 'Add featured products', 'en'),
(462, 462, 'Add file', 'en'),
(463, 463, 'Add image', 'en'),
(464, 464, 'Add rate', 'en'),
(465, 465, 'Add new', 'en'),
(466, 466, 'Add new address', 'en'),
(467, 467, 'Add new country', 'en'),
(468, 468, 'Add new exception', 'en'),
(469, 469, 'Add new membership level', 'en'),
(470, 470, 'Add new option', 'en'),
(471, 471, 'Add new option group', 'en'),
(472, 472, 'Add new state', 'en'),
(473, 473, 'Add offline payment method', 'en'),
(474, 474, 'Add payment method', 'en'),
(475, 475, 'Add shipping method', 'en'),
(476, 476, 'Add subcategory', 'en'),
(477, 477, 'Add user', 'en'),
(478, 478, 'Add your <a href="{{URL}}">products</a>', 'en'),
(479, 479, 'Add zone', 'en'),
(480, 480, 'Add-ons', 'en'),
(481, 481, 'Add/update options', 'en'),
(482, 482, 'Added', 'en'),
(483, 483, 'Added to cart', 'en'),
(484, 484, 'Address', 'en'),
(485, 485, 'Address book', 'en'),
(486, 486, 'Address details', 'en'),
(487, 487, 'Address field', 'en'),
(488, 488, 'Address fields', 'en'),
(489, 489, 'Address pattern', 'en'),
(490, 490, 'Admin', 'en'),
(491, 491, 'Administrator area', 'en'),
(492, 492, 'Administrator', 'en'),
(493, 493, 'All add-ons', 'en'),
(494, 494, 'All customers', 'en'),
(495, 495, 'All memberships', 'en'),
(496, 496, 'All products on sale', 'en'),
(497, 497, 'All shipping methods', 'en'),
(498, 498, 'All address zones', 'en'),
(499, 499, 'All the products are in sufficient quantities', 'en'),
(500, 500, 'All time', 'en'),
(501, 501, 'PayPal all-in-one solutions', 'en'),
(502, 502, 'No merchant account required. Simple onboarding for you and easy checkout for your customers.', 'en'),
(503, 503, 'Alphabetically', 'en'),
(504, 504, 'Already have an account?', 'en'),
(505, 505, 'Alternative payment methods', 'en'),
(506, 506, 'Alternative text', 'en'),
(507, 507, 'Amount', 'en'),
(508, 508, 'Amount: high to low', 'en'),
(509, 509, 'Amount: low to high', 'en'),
(510, 510, 'An upgrade is a dangerous process that may result in a crashed website. It is strongly recommended to create a full backup of your store (the code and the database) and download it to a local computer before proceeding to the next step.', 'en'),
(511, 511, 'Another state', 'en'),
(512, 512, 'Any membership level', 'en'),
(513, 513, 'Any product class', 'en'),
(514, 514, 'Any zone', 'en'),
(515, 515, 'Appearance', 'en'),
(516, 516, 'Apply destination', 'en'),
(517, 517, 'Apply price', 'en'),
(518, 518, 'Are you sure you want to continue?', 'en'),
(519, 519, 'Are you sure you want to delete the selected user?', 'en'),
(520, 520, 'Are you sure you want to disable this add-on?', 'en'),
(521, 521, 'Are you sure you want to enable this add-on?', 'en'),
(522, 522, 'Are you sure you want to uninstall this add-on?', 'en'),
(523, 523, 'Are you sure you wish to delete the selected zones?', 'en'),
(524, 524, 'Are you sure?', 'en'),
(525, 525, 'Arrival date', 'en'),
(526, 526, 'Asynchronous', 'en'),
(527, 527, 'Ask.com', 'en'),
(528, 528, 'Assigned classes', 'en'),
(529, 529, 'Attachment has not been deleted', 'en'),
(530, 530, 'Attachments', 'en'),
(531, 531, 'Attachments have been updated successfully', 'en'),
(532, 532, 'Australia Post settings', 'en'),
(533, 533, 'Authentication', 'en'),
(534, 534, 'Authentication code', 'en'),
(535, 535, 'Author', 'en'),
(536, 536, 'Authorization then capture', 'en'),
(537, 537, 'Auto', 'en'),
(538, 538, 'Availability', 'en'),
(539, 539, 'Available for sale', 'en'),
(540, 540, 'B', 'en'),
(541, 541, 'Back to file select', 'en'),
(542, 542, 'Back to layout settings', 'en'),
(543, 543, 'Back to methods', 'en'),
(544, 544, 'Back to orders list', 'en'),
(545, 545, 'Backup', 'en'),
(546, 546, 'Backup database', 'en'),
(547, 547, 'Bank Account Number', 'en'),
(548, 548, 'Benchmark completed in ', 'en'),
(549, 549, 'Benchmark result under 3000ms is considered good', 'en'),
(550, 550, 'Bestsellers', 'en'),
(551, 551, 'Billing address', 'en'),
(552, 552, 'Billing address is not defined yet', 'en'),
(553, 553, 'Bing', 'en'),
(554, 554, 'Brief description', 'en'),
(555, 555, 'Brief description', 'en'),
(556, 556, 'Browse server', 'en'),
(557, 557, 'Buy more', 'en'),
(558, 558, 'CLOSE', 'en'),
(559, 559, 'CSS & JavaScript', 'en'),
(560, 560, 'Cache rebuild is already started, please wait', 'en'),
(561, 561, 'Calculate rates', 'en'),
(562, 562, 'Cannot be disabled. The module is required by:', 'en'),
(563, 563, 'Cannot connect to the Modules Marketplace server', 'en'),
(564, 564, 'Capture status', 'en'),
(565, 565, 'Cart & checkout', 'en'),
(566, 566, 'Catalog', 'en'),
(567, 567, 'Categories', 'en'),
(568, 568, 'Category', 'en'),
(569, 569, 'Category info', 'en'),
(570, 570, 'Category name', 'en'),
(571, 571, 'Category page title', 'en'),
(572, 572, 'Change', 'en'),
(573, 573, 'Change address', 'en'),
(574, 574, 'Change method', 'en'),
(575, 575, 'Change options', 'en'),
(576, 576, 'Change payment info', 'en'),
(577, 577, 'Change shipping info', 'en'),
(578, 578, 'Check all', 'en'),
(579, 579, 'Check number', 'en'),
(580, 580, 'Checking', 'en'),
(581, 581, 'Checking integrity, please wait...', 'en'),
(582, 582, 'Choose', 'en'),
(583, 583, 'Choose <a href="{{URL}}">payment methods</a>', 'en'),
(584, 584, 'Choose file', 'en'),
(585, 585, 'Choose from a variety of bundled payment solutions to accept credit cards and other methods of payment on your website', 'en'),
(586, 586, 'Choose method', 'en'),
(587, 587, 'Choose shipping method', 'en'),
(588, 588, 'City', 'en'),
(589, 589, 'Clean URL', 'en'),
(590, 590, 'Enable clean URL', 'en'),
(591, 591, 'Error code explanation', 'en'),
(592, 592, 'More information about clean urls in X-Cart is available in <a href="{{url}}" target="blank">{{url}}</a>', 'en'),
(593, 593, 'We made a test request to <a href="{{url}}">{{url}}</a> URL and got the following result. <br>It means that your SEO-friendly URLs may not work properly after enabling.', 'en'),
(594, 594, 'Clear aggregation cache', 'en'),
(595, 595, 'Clear widgets cache', 'en'),
(596, 596, 'CleanURL', 'en'),
(597, 597, 'Empty your cart', 'en'),
(598, 598, 'Click here to access/add subcategories', 'en'),
(599, 599, 'Click here to view states of country', 'en'),
(600, 600, 'Click to unblock', 'en'),
(601, 601, 'Close storefront', 'en'),
(602, 602, 'Code', 'en'),
(603, 603, 'Comment', 'en'),
(604, 604, 'Comments', 'en'),
(605, 605, 'Company', 'en'),
(606, 606, 'Company name', 'en'),
(607, 607, 'Completed', 'en'),
(608, 608, 'Component', 'en'),
(609, 609, 'Configuration', 'en'),
(610, 610, 'Configure <a href="{{URL}}">shipping methods</a>', 'en'),
(611, 611, 'Configure your store', 'en'),
(612, 612, 'Confirm password', 'en'),
(613, 613, 'Contacts', 'en'),
(614, 614, 'Content', 'en'),
(615, 615, 'Continue', 'en'),
(616, 616, 'Copy file to local server', 'en'),
(617, 617, 'Core version: ', 'en'),
(618, 618, 'Countries', 'en'),
(619, 619, 'Countries, states and zones', 'en'),
(620, 620, 'Country', 'en'),
(621, 621, 'Country is not selected', 'en'),
(622, 622, 'Coupon code', 'en'),
(623, 623, 'Coupons', 'en'),
(624, 624, 'Create', 'en'),
(625, 625, 'Create profile', 'en'),
(626, 626, 'Create SQL file', 'en'),
(627, 627, 'Create a backup', 'en'),
(628, 628, 'Create account', 'en'),
(629, 629, 'Create an account for later use', 'en'),
(630, 630, 'Create category', 'en'),
(631, 631, 'Create new account', 'en'),
(632, 632, 'Created', 'en'),
(633, 633, 'Currency', 'en'),
(634, 634, 'Custom CSS', 'en'),
(635, 635, 'Custom JavaScript', 'en'),
(636, 636, 'Custom images', 'en'),
(637, 637, 'Custom translation', 'en'),
(638, 638, 'Customer zip/postal code', 'en'),
(639, 639, 'Clean URLs are disabled. <a target=''_blank'' href=''{{more_info_url}}''>More info</a>', 'en'),
(640, 640, 'Clean URLs are enabled', 'en'),
(641, 641, 'Clean URLs are disabled', 'en'),
(642, 642, 'Enable clean URLs', 'en'),
(643, 643, 'Clean URLs functionality may not be enabled. <a target=''_blank'' href=''{{article_url}}''>More info<i class=''icon fa fa-external-link''></i></a>', 'en'),
(644, 644, 'More information on Clean URL problems on your system', 'en'),
(645, 645, 'The data has been deleted successfully', 'en'),
(646, 646, 'The data has been saved successfully', 'en'),
(647, 647, 'Database backup has been created successfully', 'en'),
(648, 648, 'Date', 'en'),
(649, 649, 'Day', 'en'),
(650, 650, 'Dear', 'en'),
(651, 651, 'Dear customer!', 'en'),
(652, 652, 'Decline', 'en'),
(653, 653, 'Declined', 'en'),
(654, 654, 'Default', 'en'),
(655, 655, 'Default customer address', 'en'),
(656, 656, 'Default for Customer area and cannot be disabled or deleted', 'en'),
(657, 657, 'Default for Customer area and cannot be disabled or deleted', 'en'),
(658, 658, 'Default images settings', 'en'),
(659, 659, 'The powerful shopping cart software for web stores and e-commerce enabled stores is based on PHP5 with SQL database with highly configurable implementation based on templates', 'en'),
(660, 660, 'All Addresses (default zone)', 'en'),
(661, 661, 'Define classes', 'en'),
(662, 662, 'Delete SQL file', 'en'),
(663, 663, 'Delete all', 'en'),
(664, 664, 'Delete profile', 'en'),
(665, 665, 'Delete selected', 'en'),
(666, 666, 'Delete selected profile', 'en'),
(667, 667, 'Delete the image', 'en'),
(668, 668, 'Delete this address?', 'en'),
(669, 669, 'Delivery methods', 'en'),
(670, 670, 'Destination zone', 'en'),
(671, 671, 'Details', 'en'),
(672, 672, 'Directory and file permissions', 'en'),
(673, 673, 'Disable all modules in the system', 'en'),
(674, 674, 'Disable suspicious modules', 'en'),
(675, 675, 'Disabled', 'en'),
(676, 676, 'A disabled language cannot be set as default for Customer area', 'en'),
(677, 677, 'Discount', 'en'),
(678, 678, 'Discount amount', 'en'),
(679, 679, 'Discount type', 'en'),
(680, 680, 'Display ''inc/ex VAT'' labels next to prices', 'en'),
(681, 681, 'Display type', 'en'),
(682, 682, 'Do not close this page!', 'en'),
(683, 683, 'Do not show at startup any more', 'en'),
(684, 684, 'Do you really want to delete the selected items?', 'en'),
(685, 685, 'Dont have account yet?', 'en'),
(686, 686, 'Download SQL file', 'en'),
(687, 687, 'Downloaded components', 'en'),
(688, 688, 'Downloading updates', 'en'),
(689, 689, 'Downloading updates, please wait...', 'en'),
(690, 690, 'Drag and drop me to the cart', 'en'),
(691, 691, 'Drop items here to shop', 'en'),
(692, 692, 'Drupal front end', 'en'),
(693, 693, 'Email', 'en'),
(694, 694, 'Email is not defined yet', 'en'),
(695, 695, 'Edit charges for:', 'en'),
(696, 696, 'Edit payment method data', 'en'),
(697, 697, 'Edit page', 'en'),
(698, 698, 'Edit profile', 'en'),
(699, 699, 'Email', 'en'),
(700, 700, 'Email &amp; password', 'en'),
(701, 701, 'Email body', 'en'),
(702, 702, 'Email settings', 'en'),
(703, 703, 'Enable HTTPS', 'en'),
(704, 704, 'Enabled', 'en'),
(705, 705, 'Enter coupon code', 'en'),
(706, 706, 'Enter keywords', 'en'),
(707, 707, 'Enter license key', 'en'),
(708, 708, 'Enter shipping address', 'en'),
(709, 709, 'Enter {{X}} more characters to start search', 'en'),
(710, 710, 'Environment', 'en'),
(711, 711, 'Environment info', 'en'),
(712, 712, 'Error', 'en'),
(713, 713, 'Estimate shipping cost', 'en'),
(714, 714, 'Estimate your server performance', 'en'),
(715, 715, 'Estimated for', 'en'),
(716, 716, 'Everything you need', 'en'),
(717, 717, 'Example', 'en'),
(718, 718, 'Examples', 'en'),
(719, 719, 'Exception', 'en'),
(720, 720, 'Extend the functionality of your store by installing and using add-on modules', 'en'),
(721, 721, 'Export', 'en'),
(722, 722, 'Export products', 'en'),
(723, 723, 'Extensions', 'en'),
(724, 724, 'Facebook', 'en'),
(725, 725, 'Failed', 'en'),
(726, 726, 'Failed to add the detailed image', 'en'),
(727, 727, 'Failed to add the attachment', 'en'),
(728, 728, 'Failed to add the attachment. The file download is forbidden', 'en'),
(729, 729, 'Failed/Declined', 'en'),
(730, 730, 'Featured products', 'en'),
(731, 731, 'Field is required!', 'en'),
(732, 732, 'File title', 'en'),
(733, 733, 'Find us on', 'en'),
(734, 734, 'Find us on Facebook', 'en'),
(735, 735, 'First name', 'en'),
(736, 736, 'Flat rate', 'en'),
(737, 737, 'Footer menu', 'en'),
(738, 738, 'For the period', 'en'),
(739, 739, 'Forgot password?', 'en'),
(740, 740, 'Format', 'en'),
(741, 741, 'Free add-ons', 'en'),
(742, 742, 'From', 'en'),
(743, 743, 'from', 'en'),
(744, 744, 'Selected countries:', 'en'),
(745, 745, 'Back to Zones list', 'en'),
(746, 746, 'Attributes block', 'en'),
(747, 747, 'From email', 'en'),
(748, 748, 'Full description', 'en'),
(749, 749, 'Full name', 'en'),
(750, 750, 'General', 'en'),
(751, 751, 'General Settings', 'en'),
(752, 752, 'General info', 'en'),
(753, 753, 'General settings', 'en'),
(754, 754, 'Give buyers a way to pay by adding an alternative payment method.', 'en'),
(755, 755, 'Give buyers another way to pay by adding an alternative payment method', 'en'),
(756, 756, 'Go to Marketplace', 'en'),
(757, 757, 'Go to checkout', 'en'),
(758, 758, 'Grid', 'en'),
(759, 759, 'Group options', 'en'),
(760, 760, 'HTML title (''title'' tag)', 'en'),
(761, 761, 'HTTPS check', 'en'),
(762, 762, 'HTTPS settings', 'en'),
(763, 763, 'Restores to current state of active addons (use in case of emergency)', 'en'),
(764, 764, 'Disables all addons except ones that are provided by X-Cart Team (hard reset)', 'en'),
(765, 765, 'Disables all addons except ones that are provided by X-Cart Team & Qualiteam (soft reset)', 'en'),
(766, 766, 'Have a discount coupon?', 'en'),
(767, 767, 'Height (px)', 'en'),
(768, 768, 'Help zone', 'en'),
(769, 769, 'The list below shows only the methods enabled on the configuration page', 'en'),
(770, 770, 'Here you can define how your payment methods will look in the Customer area', 'en'),
(771, 771, 'Hide', 'en'),
(772, 772, 'Hide trailing zeros in fractional part', 'en'),
(773, 773, 'History', 'en'),
(774, 774, 'Home', 'en'),
(775, 775, 'How to back up your store database', 'en'),
(776, 776, 'How to define address zones', 'en'),
(777, 777, 'Icons', 'en'),
(778, 778, 'Identity', 'en'),
(779, 779, 'If any critical errors have occurred, you can do the following', 'en'),
(780, 780, 'If you choose the second option, you can download the file from the server later on and delete it from the server by clicking on the ''Delete SQL file'' button.', 'en'),
(781, 781, 'If you do not have an account, you can easily', 'en'),
(782, 782, 'If you don''t have a moneybookers account yet, please sign up for a free moneybookers account at: http://www.skrill.com', 'en'),
(783, 783, 'If you have a license key for a commercial module, you can enter it here to register the purchase of the module.', 'en'),
(784, 784, 'If you have a plugin in the .tar format, you can install it by uploading it here', 'en'),
(785, 785, 'Image', 'en'),
(786, 786, 'Image border will not be displayed in the storefront', 'en'),
(787, 787, 'Import', 'en'),
(788, 788, 'Import / Export', 'en'),
(789, 789, 'Import from file', 'en'),
(790, 790, 'Import/Export', 'en'),
(791, 791, 'Important', 'en'),
(792, 792, 'In category', 'en'),
(793, 793, 'In stock', 'en'),
(794, 794, 'Inactive', 'en'),
(795, 795, 'Incl. X', 'en'),
(796, 796, 'Incomplete', 'en'),
(797, 797, 'InnoDB engine support enabled', 'en'),
(798, 798, 'Install', 'en'),
(799, 799, 'Install add-on', 'en'),
(800, 800, 'Install updates', 'en'),
(801, 801, 'Installation directory', 'en'),
(802, 802, 'Installed', 'en'),
(803, 803, 'Installed Modules', 'en'),
(804, 804, 'Installed modules', 'en'),
(805, 805, 'Installing updates, please wait...', 'en'),
(806, 806, 'Invalid login or password', 'en'),
(807, 807, 'Inventory status', 'en'),
(808, 808, 'Inventory tracking', 'en'),
(809, 809, 'Inventory tracking for this product is', 'en'),
(810, 810, 'Invoice', 'en'),
(811, 811, 'It is not possible to delete or create user accounts because your store currently works as an integration with Drupal and shares users with Drupal. Deleting/creating user accounts is possible via Drupal administrator interface.', 'en'),
(812, 812, 'It is not possible to edit some user profile fields because your store currently works as an integration with Drupal and shares users with Drupal. Modifying these fields is possible via Drupal administrator interface.', 'en'),
(813, 813, 'Item description', 'en'),
(814, 814, 'Item(s) deleted from your cart', 'en'),
(815, 815, 'Item name', 'en'),
(816, 816, 'Items per page', 'en'),
(817, 817, 'Join forces with your bank', 'en'),
(818, 818, 'K', 'en'),
(819, 819, 'Language', 'en'),
(820, 820, 'Language labels', 'en'),
(821, 821, 'Last logged in', 'en'),
(822, 822, 'Last login', 'en'),
(823, 823, 'Last name', 'en'),
(824, 824, 'License key has been successfully verified for the "{{name}}" module by "{{author}}" ', 'en'),
(825, 825, 'Lifetime', 'en'),
(826, 826, 'Limit the number of uses', 'en'),
(827, 827, 'Link', 'en'),
(828, 828, 'List', 'en'),
(829, 829, 'List of states', 'en'),
(830, 830, 'Loading...', 'en'),
(831, 831, 'Localization', 'en'),
(832, 832, 'Log in', 'en'),
(833, 833, 'Log out', 'en'),
(834, 834, 'Logged as', 'en'),
(835, 835, 'Login', 'en'),
(836, 836, 'Log in here', 'en'),
(837, 837, 'Login history', 'en'),
(838, 838, 'Look & Feel', 'en'),
(839, 839, 'Low stock notification for this product is', 'en'),
(840, 840, 'Low stock threshold', 'en'),
(841, 841, 'Low stock', 'en'),
(842, 842, 'M', 'en'),
(843, 843, 'Maintenance', 'en'),
(844, 844, 'Maintenance and operation', 'en'),
(845, 845, 'Back up your store''s database', 'en'),
(846, 846, 'Manage catalog', 'en'),
(847, 847, 'Manage categories', 'en'),
(848, 848, 'Manage customer and administrator accounts', 'en'),
(849, 849, 'Manage layout', 'en'),
(850, 850, 'Manage orders', 'en'),
(851, 851, 'Manage orders placed at your store', 'en'),
(852, 852, 'Manage users', 'en'),
(853, 853, 'Manage administrators', 'en'),
(854, 854, 'Manage your product inventory', 'en'),
(855, 855, 'Required fields are marked with an asterisk', 'en'),
(856, 856, 'Manually defined shipping methods', 'en'),
(857, 857, 'Mark the search engines you want to inform of the structure of your site using the site map', 'en'),
(858, 858, 'Market price', 'en'),
(859, 859, 'Marketplace', 'en'),
(860, 860, 'Marketplace [check_addon_key]: the "{{url}}" URL requested', 'en'),
(861, 861, 'Marketplace [check_for_updates]: the "{{url}}" URL requested', 'en'),
(862, 862, 'Marketplace [check_for_updates]: valid response received', 'en'),
(863, 863, 'Marketplace [get_hosting_score]: response has an invalid format', 'en'),
(864, 864, 'Marketplace [get_hosting_score]: the "{{url}}" URL requested', 'en'),
(865, 865, 'Rate per item', 'en'),
(866, 866, 'Rate per weight unit', 'en'),
(867, 867, 'Membership', 'en'),
(868, 868, 'Membership access', 'en'),
(869, 869, 'Membership levels', 'en'),
(870, 870, 'Membership name', 'en'),
(871, 871, 'Memberships', 'en'),
(872, 872, 'Menus', 'en'),
(873, 873, 'Message', 'en'),
(874, 874, 'Meta description', 'en'),
(875, 875, 'Meta keywords', 'en'),
(876, 876, 'Methods', 'en'),
(877, 877, 'Modify', 'en'),
(878, 878, 'Modify "{{name}}" option group', 'en'),
(879, 879, 'Modify category', 'en'),
(880, 880, 'Modify option group exceptions', 'en'),
(881, 881, 'Modify root category (the store''s front page)', 'en'),
(882, 882, 'The module has been successfully installed', 'en'),
(883, 883, 'Modules Marketplace', 'en'),
(884, 884, 'More add-ons', 'en'),
(885, 885, 'More details', 'en'),
(886, 886, 'Most Popular', 'en'),
(887, 887, 'Most Rated', 'en'),
(888, 888, 'Move', 'en'),
(889, 889, 'My account', 'en'),
(890, 890, 'MySQL server', 'en'),
(891, 891, 'Name', 'en'),
(892, 892, 'Name of address field', 'en'),
(893, 893, 'Name of bank at which account is maintained', 'en'),
(894, 894, 'Name of purchaser', 'en'),
(895, 895, 'Name under which the account is maintained at the bank', 'en'),
(896, 896, 'Never', 'en'),
(897, 897, 'New access key will also be sent to the Site administrator''s email address', 'en'),
(898, 898, 'New address field', 'en'),
(899, 899, 'New discount coupon', 'en'),
(900, 900, 'New image', 'en'),
(901, 901, 'New item', 'en'),
(902, 902, 'New page', 'en'),
(903, 903, 'New product class', 'en'),
(904, 904, 'The new product has been added successfully', 'en'),
(905, 905, 'New rate', 'en'),
(906, 906, 'New role', 'en'),
(907, 907, 'Newest', 'en'),
(908, 908, 'Newest first', 'en'),
(909, 909, 'Next', 'en'),
(910, 910, 'Next page', 'en'),
(911, 911, 'No', 'en'),
(912, 912, 'No countries found', 'en'),
(913, 913, 'No products are featured in this category', 'en'),
(914, 914, 'No image', 'en'),
(915, 915, 'No images uploaded', 'en'),
(916, 916, 'No items found.', 'en'),
(917, 917, 'No merchant account required', 'en'),
(918, 918, 'No orders have been placed yet', 'en'),
(919, 919, 'No orders have been placed yet', 'en'),
(920, 920, 'No payment modules installed', 'en'),
(921, 921, 'No products sold yet', 'en'),
(922, 922, 'No states found', 'en'),
(923, 923, 'No tax rates defined', 'en'),
(924, 924, 'Non-administrator', 'en'),
(925, 925, 'Not finished', 'en'),
(926, 926, 'Not a numeric value', 'en'),
(927, 927, 'Note', 'en'),
(928, 928, 'Notes', 'en'),
(929, 929, 'Off', 'en'),
(930, 930, 'Official website', 'en'),
(931, 931, 'Offline methods', 'en'),
(932, 932, 'Old price', 'en'),
(933, 933, 'On', 'en'),
(934, 934, 'On all catalog pages', 'en'),
(935, 935, 'On product details pages only', 'en'),
(936, 936, 'Online catalog structure setup', 'en'),
(937, 937, 'Only lowercase letters, digits and undescore character are allowed', 'en'),
(938, 938, 'Open Graph meta tags', 'en'),
(939, 939, 'Open graph tags', 'en'),
(940, 940, 'Open storefront', 'en'),
(941, 941, 'Operating system', 'en'),
(942, 942, 'Option group', 'en'),
(943, 943, 'The options have been successfully updated', 'en'),
(944, 944, 'Order', 'en'),
(945, 945, 'Order #', 'en'),
(946, 946, 'Order ID', 'en'),
(947, 947, 'Order Total', 'en'),
(948, 948, 'Order date from', 'en'),
(949, 949, 'Order date through', 'en'),
(950, 950, 'Order details', 'en'),
(951, 951, 'Order id', 'en'),
(952, 952, 'Order items', 'en'),
(953, 953, 'Order note', 'en'),
(954, 954, 'Order review', 'en'),
(955, 955, 'Order statistics', 'en'),
(956, 956, 'Order status', 'en'),
(957, 957, 'Orders', 'en'),
(958, 958, 'Orders count', 'en'),
(959, 959, 'Out of stock', 'en'),
(960, 960, 'Pack it', 'en'),
(961, 961, 'Page', 'en'),
(962, 962, 'Page URL', 'en'),
(963, 963, 'Page name', 'en'),
(964, 964, 'Page not found', 'en'),
(965, 965, 'Pages', 'en'),
(966, 966, 'Paid', 'en'),
(967, 967, 'Parent category', 'en');
INSERT INTO `xc_language_label_translations` (`label_id`, `id`, `label`, `code`) VALUES
(968, 968, 'Pattern search', 'en'),
(969, 969, 'All payment methods', 'en'),
(970, 970, 'Payment info', 'en'),
(971, 971, 'Payment instructions', 'en'),
(972, 972, 'Payment method', 'en'),
(973, 973, 'Payment methods', 'en'),
(974, 974, 'Payment method data', 'en'),
(975, 975, 'Payment data ({{method}})', 'en'),
(976, 976, 'Payment settings', 'en'),
(977, 977, 'Payment transaction ID', 'en'),
(978, 978, 'Payment transactions', 'en'),
(979, 979, 'Payment methods', 'en'),
(980, 980, 'Pending', 'en'),
(981, 981, 'Pending memberships', 'en'),
(982, 982, 'Per item rate', 'en'),
(983, 983, 'Per weight unit rate', 'en'),
(984, 984, 'Percent', 'en'),
(985, 985, 'Percent rate', 'en'),
(986, 986, 'Percent off', 'en'),
(987, 987, 'Perform order search', 'en'),
(988, 988, 'Performance', 'en'),
(989, 989, 'Permissions', 'en'),
(990, 990, 'Permissions checking failed. Please make sure that the following file permissions are assigned (UNIX only):', 'en'),
(991, 991, 'Personal info', 'en'),
(992, 992, 'Phone', 'en'),
(993, 993, 'Pick address from address book', 'en'),
(994, 994, 'Place order', 'en'),
(995, 995, 'Please accept the Terms and Conditions to continue', 'en'),
(996, 996, 'Please choose the appropriate action', 'en'),
(997, 997, 'Please enable JavaScript in your web browser.', 'en'),
(998, 998, 'Please identify yourself', 'en'),
(999, 999, 'Please note that some of these modules are incompatible with the upcoming upgrade and will be disabled in order to prevent a system crash', 'en'),
(1000, 1000, 'Run benchmark to estimate your server performance', 'en'),
(1001, 1001, 'Please save the soft reset and hard reset links so you can use them later in case your website crashes', 'en'),
(1002, 1002, 'Please select one', 'en'),
(1003, 1003, 'Pos', 'en'),
(1004, 1004, 'Pos.', 'en'),
(1005, 1005, 'Pos.:', 'en'),
(1006, 1006, 'Position', 'en'),
(1007, 1007, 'Prefix', 'en'),
(1008, 1008, 'Pre-upgrade action required', 'en'),
(1009, 1009, 'Some of the modules used by your store contain code that must be executed before the upgrade process begins. For the code to be executed successfully, the modules must be enabled. However, some of the modules containing such code are now disabled. This will prevent the pre-upgrade code from execution and is highly likely to cause problems, like a fatal error.<br /><br />Listed below are the modules that contain pre-upgrade code and are disabled. Here you can specify the modules for which you want the pre-upgrade code to be executed:', 'en'),
(1010, 1010, 'Execute', 'en'),
(1011, 1011, 'Do not execute', 'en'),
(1012, 1012, 'Please note that we may not be held responsible for any upgrade problems caused by failure to execute the required pre-upgrade code.', 'en'),
(1013, 1013, 'Prev', 'en'),
(1014, 1014, 'Previous page', 'en'),
(1015, 1015, 'Price modifier', 'en'),
(1016, 1016, 'Price: Not a numeric value', 'en'),
(1017, 1017, 'Price', 'en'),
(1018, 1018, 'Name', 'en'),
(1019, 1019, 'Primary menu', 'en'),
(1020, 1020, 'Print invoice', 'en'),
(1021, 1021, 'Processed', 'en'),
(1022, 1022, 'Processed/Completed', 'en'),
(1023, 1023, 'Product Name', 'en'),
(1024, 1024, 'Product SKU', 'en'),
(1025, 1025, 'Product Title', 'en'),
(1026, 1026, 'Product has been added to your cart', 'en'),
(1027, 1027, 'Product class', 'en'),
(1028, 1028, 'Product classes', 'en'),
(1029, 1029, 'Product has been added to your cart', 'en'),
(1030, 1030, 'Product images', 'en'),
(1031, 1031, 'Product info', 'en'),
(1032, 1032, 'Product info has been updated successfully', 'en'),
(1033, 1033, 'Product is out of stock', 'en'),
(1034, 1034, 'Product on sale', 'en'),
(1035, 1035, 'Product options', 'en'),
(1036, 1036, 'Product page title', 'en'),
(1037, 1037, 'Product prices are defined including this tax calculated for', 'en'),
(1038, 1038, 'Products', 'en'),
(1039, 1039, 'Products in cart', 'en'),
(1040, 1040, 'Product information has been successfully updated', 'en'),
(1041, 1041, 'Products with low inventory', 'en'),
(1042, 1042, 'Profile', 'en'),
(1043, 1043, 'The profile has been created successfully', 'en'),
(1044, 1044, 'The profile has been deleted successfully', 'en'),
(1045, 1045, 'The profile has been updated successfully', 'en'),
(1046, 1046, 'Profile settings', 'en'),
(1047, 1047, 'Promotions', 'en'),
(1048, 1048, 'Properties', 'en'),
(1049, 1049, 'Purchase', 'en'),
(1050, 1050, 'Purchase SSL certificate', 'en'),
(1051, 1051, 'PO number', 'en'),
(1052, 1052, 'Put up selected for sale', 'en'),
(1053, 1053, 'Qty', 'en'),
(1054, 1054, 'Qty.', 'en'),
(1055, 1055, 'Quantity: high to low', 'en'),
(1056, 1056, 'Quantity: low to high', 'en'),
(1057, 1057, 'Queued', 'en'),
(1058, 1058, 'Quick and easy setup', 'en'),
(1059, 1059, 'Rate', 'en'),
(1060, 1060, 'Rates', 'en'),
(1061, 1061, 'Rates / Conditions', 'en'),
(1062, 1062, 'Raw online rate (on-line rate)', 'en'),
(1063, 1063, 'Re-build cache', 'en'),
(1064, 1064, 'Re-generate access key', 'en'),
(1065, 1065, 'Re-order', 'en'),
(1066, 1066, 'Recent orders', 'en'),
(1067, 1067, 'Recent orders', 'en'),
(1068, 1068, 'Recommended', 'en'),
(1069, 1069, 'Referer', 'en'),
(1070, 1070, 'Register', 'en'),
(1071, 1071, 'Registered', 'en'),
(1072, 1072, 'Remove', 'en'),
(1073, 1073, 'Required', 'en'),
(1074, 1074, 'Some of them require a registered merchant account', 'en'),
(1075, 1075, 'Re-run benchmark', 'en'),
(1076, 1076, 'Response from Marketplace not received', 'en'),
(1077, 1077, 'Response from Marketplace: ', 'en'),
(1078, 1078, 'Restore', 'en'),
(1079, 1079, 'Restore database', 'en'),
(1080, 1080, 'Restore from server', 'en'),
(1081, 1081, 'Restore last backup', 'en'),
(1082, 1082, 'Restore links', 'en'),
(1083, 1083, 'Return to Drupal', 'en'),
(1084, 1084, 'Revenue', 'en'),
(1085, 1085, 'Review statistics on the various aspects of your store''s operation', 'en'),
(1086, 1086, 'Role', 'en'),
(1087, 1087, 'Roles', 'en'),
(1088, 1088, 'Root Level', 'en'),
(1089, 1089, 'Root access', 'en'),
(1090, 1090, 'Root category', 'en'),
(1091, 1091, 'Run Benchmark again', 'en'),
(1092, 1092, 'Run benchmark', 'en'),
(1093, 1093, 'SKU: a-z', 'en'),
(1094, 1094, 'SKU: z-a', 'en'),
(1095, 1095, 'SMTP server', 'en'),
(1096, 1096, 'STORE SETUP', 'en'),
(1097, 1097, 'SYSTEM SETTINGS', 'en'),
(1098, 1098, 'Safe mode', 'en'),
(1099, 1099, 'Safe mode access key', 'en'),
(1100, 1100, 'Sale', 'en'),
(1101, 1101, 'Sale price', 'en'),
(1102, 1102, 'Sale statistics since the opening of the store', 'en'),
(1103, 1103, 'Sales', 'en'),
(1104, 1104, 'Sales tax', 'en'),
(1105, 1105, 'Save as new', 'en'),
(1106, 1106, 'Save changes', 'en'),
(1107, 1107, 'Save zone details', 'en'),
(1108, 1108, 'Savings', 'en'),
(1109, 1109, 'Search for modules', 'en'),
(1110, 1110, 'Search for orders', 'en'),
(1111, 1111, 'Search for users', 'en'),
(1112, 1112, 'Search for users that are', 'en'),
(1113, 1113, 'Search in subcategories', 'en'),
(1114, 1114, 'Search product', 'en'),
(1115, 1115, 'Search profiles', 'en'),
(1116, 1116, 'Search result', 'en'),
(1117, 1117, 'Search results', 'en'),
(1118, 1118, 'Secure connection cannot be established.', 'en'),
(1119, 1119, 'Security', 'en'),
(1120, 1120, 'Security settings', 'en'),
(1121, 1121, 'Select country', 'en'),
(1122, 1122, 'Select options', 'en'),
(1123, 1123, 'Send', 'en'),
(1124, 1124, 'Send test email', 'en'),
(1125, 1125, 'Service name', 'en'),
(1126, 1126, 'Service name of address field', 'en'),
(1127, 1127, 'Set', 'en'),
(1128, 1128, 'Set the sale price', 'en'),
(1129, 1129, 'Settings', 'en'),
(1130, 1130, 'Set up <a href="{{URL1}}">address zones</a> and <a href="{{URL2}}">taxes</a>', 'en'),
(1131, 1131, 'Shipping & Taxes', 'en'),
(1132, 1132, 'Shipping address', 'en'),
(1133, 1133, 'Shipping address is not completly defined yet', 'en'),
(1134, 1134, 'Shipping address is not defined', 'en'),
(1135, 1135, 'Shipping address is not defined yet', 'en'),
(1136, 1136, 'Shipping info', 'en'),
(1137, 1137, 'The shipping rate has been created successfully', 'en'),
(1138, 1138, 'The shipping rates have been updated', 'en'),
(1139, 1139, 'Shipping method', 'en'),
(1140, 1140, 'The shipping method has been added', 'en'),
(1141, 1141, 'Shipping methods', 'en'),
(1142, 1142, 'Shipping methods are not available', 'en'),
(1143, 1143, 'Shipping rates', 'en'),
(1144, 1144, 'Shipping settings', 'en'),
(1145, 1145, 'Address zones', 'en'),
(1146, 1146, 'There''s a minimum purchase limit of {{minQuantity}}. The number of units of the product ''{{productName}}'' in cart has been adjusted to reach this limit.', 'en'),
(1147, 1147, 'There''s a maximum purchase limit of {{maxQuantity}}. The number of units of the product ''{{productName}}'' in cart has been adjusted to reach this limit.', 'en'),
(1148, 1148, 'Carrier', 'en'),
(1149, 1149, 'Order tracking information', 'en'),
(1150, 1150, 'Track package', 'en'),
(1151, 1151, 'Send tracking info', 'en'),
(1152, 1152, 'No tracking numbers are defined', 'en'),
(1153, 1153, 'Tracking numbers', 'en'),
(1154, 1154, '"{{number}}" tracking number has been added', 'en'),
(1155, 1155, '"{{number}}" tracking number has been removed', 'en'),
(1156, 1156, 'Tracking number has been changed from "{{old_number}}" to "{{new_number}}"', 'en'),
(1157, 1157, 'Add tracking number', 'en'),
(1158, 1158, 'Tracking information has been sent', 'en'),
(1159, 1159, 'Shopping cart', 'en'),
(1160, 1160, 'Show social buttons', 'en'),
(1161, 1161, 'Sign in', 'en'),
(1162, 1162, 'Sign out', 'en'),
(1163, 1163, 'Size', 'en'),
(1164, 1164, '<strong>Disables all modules except for the ones that were downloaded from the Marketplace</strong>(soft reset)', 'en'),
(1165, 1165, 'Specify your <a href="{{URL}}">store information</a>', 'en'),
(1166, 1166, 'Start selling!', 'en'),
(1167, 1167, 'State', 'en'),
(1168, 1168, 'States', 'en'),
(1169, 1169, 'The states have been deleted successfully', 'en'),
(1170, 1170, 'The states have been updated successfully', 'en'),
(1171, 1171, 'Statistics', 'en'),
(1172, 1172, 'Status', 'en'),
(1173, 1173, 'Store Maintenance', 'en'),
(1174, 1174, 'Store currency', 'en'),
(1175, 1175, 'Contact information', 'en'),
(1176, 1176, 'Store is closed', 'en'),
(1177, 1177, 'Store is open', 'en'),
(1178, 1178, 'Store setup', 'en'),
(1179, 1179, 'Storefront', 'en'),
(1180, 1180, 'Subcategories', 'en'),
(1181, 1181, 'Subject', 'en'),
(1182, 1182, 'Substring', 'en'),
(1183, 1183, 'Subtotal range (begin)', 'en'),
(1184, 1184, 'Subtotal range (end)', 'en'),
(1185, 1185, 'Successfully imported X new products', 'en'),
(1186, 1186, 'Successfully imported X new products and updated Y existing products', 'en'),
(1187, 1187, 'Successfully updated Y products', 'en'),
(1188, 1188, 'Suffix', 'en'),
(1189, 1189, 'Synchronous', 'en'),
(1190, 1190, 'System settings', 'en'),
(1191, 1191, 'Table', 'en'),
(1192, 1192, 'Tax disabled', 'en'),
(1193, 1193, 'Tax enabled', 'en'),
(1194, 1194, 'The tax has been disabled successfully', 'en'),
(1195, 1195, 'The tax has been enabled successfully', 'en'),
(1196, 1196, 'The tax rates have been updated successfully', 'en'),
(1197, 1197, 'Tax title', 'en'),
(1198, 1198, 'Taxes', 'en'),
(1199, 1199, 'Teaser', 'en'),
(1200, 1200, 'Test email configuration', 'en'),
(1201, 1201, 'Test shipping rates', 'en'),
(1202, 1202, 'Tester', 'en'),
(1203, 1203, 'Text', 'en'),
(1204, 1204, 'Thank you for your order', 'en'),
(1205, 1205, 'The SSL certificate installed for your custom website domain is not valid.', 'en'),
(1206, 1206, 'The SSL certificate installed on your server is not valid. Although you can switch the store to use the secure protocol for the website pages, most Internet browsers will likely display a warning message scaring your website visitors away.', 'en'),
(1207, 1207, 'The X language has been added and enabled successfully', 'en'),
(1208, 1208, 'The attachment has been added successfully', 'en'),
(1209, 1209, 'The changes will be applied to all selected products', 'en'),
(1210, 1210, 'The detailed image has been added successfully', 'en'),
(1211, 1211, 'The detailed image has been deleted', 'en'),
(1212, 1212, 'The detailed images have been updated successfully', 'en'),
(1213, 1213, 'The exceptions have been updated successfully', 'en'),
(1214, 1214, 'To enable this add-on, the following add-on(s) must be enabled', 'en'),
(1215, 1215, 'To enable this add-on, the following add-on(s) must be disabled', 'en'),
(1216, 1216, 'The following categories were selected to be removed', 'en'),
(1217, 1217, 'The following dependent add-ons will be disabled automatically', 'en'),
(1218, 1218, 'The image has been updated', 'en'),
(1219, 1219, 'The HTTPS protocol is enabled for your website', 'en'),
(1220, 1220, 'The import is in progress', 'en'),
(1221, 1221, 'The import will start immediately upon selecting the data file. No additional confirmation prompts will appear.', 'en'),
(1222, 1222, 'The language you want to delete is the default application language and cannot be deleted', 'en'),
(1223, 1223, 'The language you want to delete is the default interface language and cannot be deleted', 'en'),
(1224, 1224, 'The maximum number of uses', 'en'),
(1225, 1225, 'The module has been partially uninstalled', 'en'),
(1226, 1226, 'The module is not compatible with your X-Cart version', 'en'),
(1227, 1227, 'The page has been added', 'en'),
(1228, 1228, 'The product option group has been added successfully', 'en'),
(1229, 1229, 'The product option group has been updated successfully', 'en'),
(1230, 1230, 'The product option groups have been updated successfully', 'en'),
(1231, 1231, 'Failed to update the product option groups', 'en'),
(1232, 1232, 'The requested page could not be found.', 'en'),
(1233, 1233, 'The restoration procedure is irreversible and erases all existing data tables from your store''s database. It is highly recommended that you back up the data currently stored in the database before restoring a past version of your database from backup.', 'en'),
(1234, 1234, 'The same as shipping', 'en'),
(1235, 1235, 'The selected shipping rates have been deleted successfully', 'en'),
(1236, 1236, 'The state has been added successfully', 'en'),
(1237, 1237, 'The text label has not been added because its translation into the default application language has not been specified', 'en'),
(1238, 1238, 'The text label has not been added because its translation into the default interface language has not been specified', 'en'),
(1239, 1239, 'The text label has not been modified because its translation into the default application language has not been specified', 'en'),
(1240, 1240, 'The text label has not been modified because its translation into the default interface language has not been specified', 'en'),
(1241, 1241, 'The upgrade is completed. Please do not close this page until you check your web site and make sure that everything works properly', 'en'),
(1242, 1242, 'There are no categories', 'en'),
(1243, 1243, 'There are no rates selected', 'en'),
(1244, 1244, 'There are no rates available for the specified source/destination and/or package measurements/weight.', 'en'),
(1245, 1245, 'Find language in the marketplace', 'en'),
(1246, 1246, 'There is no user with the specified email address', 'en'),
(1247, 1247, 'There were no orders placed', 'en'),
(1248, 1248, 'These components require your attention', 'en'),
(1249, 1249, 'These components will be updated', 'en'),
(1250, 1250, 'These instructions will appear below the order invoice on the page that customers see after they confirm their order.', 'en'),
(1251, 1251, 'These links were already provided to you after this store was installed and will be emailed to you again after you start the upgrade process', 'en'),
(1252, 1252, 'Please contact the module developers to make sure that these modules are compatible with the upcoming upgrade. We do not guarantee that the store will operate correctly if the modules remain enabled. Consider disabling the modules before you proceed to the next step.', 'en'),
(1253, 1253, 'This address was used as a billing address during a recent purchase', 'en'),
(1254, 1254, 'This address was used as a shipping address during a recent purchase', 'en'),
(1255, 1255, 'This component is automatically calculated by a shipping add-on module and cannot be edited', 'en'),
(1256, 1256, 'This email address is already in use by another user.', 'en'),
(1257, 1257, 'This email address is used for an existing account. Enter another email address or sign in', 'en'),
(1258, 1258, 'This is the default zone which covers all addresses. It is not possible to edit this zone''s countries, states, etc.', 'en'),
(1259, 1259, 'This month', 'en'),
(1260, 1260, 'Once the links are regenerated, they will be sent to the store administrator email.', 'en'),
(1261, 1261, 'After clicking this button, your hard/soft reset links will be regenerated. You may need this if your old links were compromised.', 'en'),
(1262, 1262, 'This section lists 10 best selling products for today, last week, last month, last year and all time.', 'en'),
(1263, 1263, 'This section displays order placement statistics', 'en'),
(1264, 1264, 'This site requires JavaScript to function properly.', 'en'),
(1265, 1265, 'This week', 'en'),
(1266, 1266, 'This quarter', 'en'),
(1267, 1267, 'This year', 'en'),
(1268, 1268, 'Through', 'en'),
(1269, 1269, 'Thumbnail', 'en'),
(1270, 1270, 'Title', 'en'),
(1271, 1271, 'New tax class', 'en'),
(1272, 1272, 'Create zone', 'en'),
(1273, 1273, 'Shipping / Payment info', 'en'),
(1274, 1274, 'To contact us please use the form below', 'en'),
(1275, 1275, 'To email', 'en'),
(1276, 1276, 'To place the order please accept the Terms and Conditions', 'en'),
(1277, 1277, 'To place the order please complete the previous steps first', 'en'),
(1278, 1278, 'To reset your password, please enter the email address associated with your user account', 'en'),
(1279, 1279, 'Today', 'en'),
(1280, 1280, 'Best sellers', 'en'),
(1281, 1281, 'Best sellers', 'en'),
(1282, 1282, 'Translation driver', 'en'),
(1283, 1283, 'Twitter', 'en'),
(1284, 1284, 'Type', 'en'),
(1285, 1285, 'Type of Account', 'en'),
(1286, 1286, 'Admin has requested a change of password for your account. Please change the password before you proceed.', 'en'),
(1287, 1287, 'The new password must not coincide with the current password for your account.', 'en'),
(1288, 1288, 'Uncheck all', 'en'),
(1289, 1289, 'Understanding Online Payments', 'en'),
(1290, 1290, 'Error: Version value was not passed', 'en'),
(1291, 1291, 'Uninstall', 'en'),
(1292, 1292, 'Units & Formats', 'en'),
(1293, 1293, 'Units of measurement', 'en'),
(1294, 1294, 'Unknown', 'en'),
(1295, 1295, 'Unpacking archives, please wait...', 'en'),
(1296, 1296, 'Unset', 'en'),
(1297, 1297, 'Update exceptions', 'en'),
(1298, 1298, 'Update module', 'en'),
(1299, 1299, 'Update product', 'en'),
(1300, 1300, 'Update profile', 'en'),
(1301, 1301, 'Updated components', 'en'),
(1302, 1302, 'Updates are available', 'en'),
(1303, 1303, 'Updates for the X-Cart core and/or installed modules are available', 'en'),
(1304, 1304, 'Updates for your version ({{version}})', 'en'),
(1305, 1305, 'Upgrade', 'en'),
(1306, 1306, 'Upgrade is available', 'en'),
(1307, 1307, 'Upgrade core', 'en'),
(1308, 1308, 'Upgrade module', 'en'),
(1309, 1309, 'Upgrade to version {{version}}', 'en'),
(1310, 1310, 'Upload', 'en'),
(1311, 1311, 'Upload add-on', 'en'),
(1312, 1312, 'Upload and restore', 'en'),
(1313, 1313, 'Upload file', 'en'),
(1314, 1314, 'Use a merchant account from your financial institution or choose a bundled payment solution to accept credit cards and other methods of payment on your website.', 'en'),
(1315, 1315, 'Use a merchant account from your financial institution to accept online payments', 'en'),
(1316, 1316, 'Use custom js', 'en'),
(1317, 1317, 'Use default logo', 'en'),
(1318, 1318, 'Use the category name', 'en'),
(1319, 1319, 'Use the navigation bar above this dialog to navigate through the catalog categories', 'en'),
(1320, 1320, 'Use this section to back up the database of your online store. Please note that the database backup procedure can take up to several minutes.', 'en'),
(1321, 1321, 'Use this section to define address zones.', 'en'),
(1322, 1322, 'Use this section to configure your store''s shipping methods.', 'en'),
(1323, 1323, 'Use this section to manage the list of existing countries. This list is used in the shipping settings and calculations, as well as in the registration form in the Customer area.', 'en'),
(1324, 1324, 'Use this section to manage the lists of counties, provinces, regions and states of different countries. The lists are used in shipping settings and calculations, as well as in the registration form in the Customer area.', 'en'),
(1325, 1325, 'Use this section to restore the database of your online store. Please note that the database restoration procedure can take up to several minutes', 'en'),
(1326, 1326, 'Use this section to review the list of existing membership levels and add new ones', 'en'),
(1327, 1327, 'User membership', 'en'),
(1328, 1328, 'User type', 'en'),
(1329, 1329, 'Username or email', 'en'),
(1330, 1330, 'Users', 'en'),
(1331, 1331, 'Uses count', 'en'),
(1332, 1332, 'Uses left', 'en'),
(1333, 1333, 'VAT', 'en'),
(1334, 1334, 'Validate key', 'en'),
(1335, 1335, 'Value', 'en'),
(1336, 1336, 'Version', 'en'),
(1337, 1337, 'Version change', 'en'),
(1338, 1338, 'View all open orders', 'en'),
(1339, 1339, 'View logs', 'en'),
(1340, 1340, 'View profile', 'en'),
(1341, 1341, 'View system logs', 'en'),
(1342, 1342, 'View update log', 'en'),
(1343, 1343, 'Visit module details page', 'en'),
(1344, 1344, 'Visit storefront', 'en'),
(1345, 1345, 'Volume discounts', 'en'),
(1346, 1346, 'Warning', 'en'),
(1347, 1347, 'Warning! Not enough items in stock for the order to be processed', 'en'),
(1348, 1348, 'Warning: this operation cannot be reverted!', 'en'),
(1349, 1349, 'Watch video', 'en'),
(1350, 1350, 'Web server', 'en'),
(1351, 1351, 'Weight modifier', 'en'),
(1352, 1352, 'What is benchmark?', 'en'),
(1353, 1353, 'After the export process has been completed, you will be prompted to download the product data file', 'en'),
(1354, 1354, 'Width (px)', 'en'),
(1355, 1355, 'Wrong method_id specifed', 'en'),
(1356, 1356, 'Wrong value is specified for arrival date field. The field was not updated.', 'en'),
(1357, 1357, 'X-Cart', 'en'),
(1358, 1358, 'X-Cart online store builder', 'en'),
(1359, 1359, 'X-Cart shopping cart software', 'en'),
(1360, 1360, 'XML parser', 'en'),
(1361, 1361, 'XML sitemap', 'en'),
(1362, 1362, 'Yahoo!', 'en'),
(1363, 1363, 'Yandex', 'en'),
(1364, 1364, 'Yes', 'en'),
(1365, 1365, 'Yes, I accept the License agreement', 'en'),
(1366, 1366, 'You are not allowed to access this resource!', 'en'),
(1367, 1367, 'You have selected to delete your profile. Please confirm that you want to proceed', 'en'),
(1368, 1368, 'PHP <a href=''//php.net/phar'' target=''_blank''>.phar</b> extension is not enabled on your server. Here is a <a href=''http://kb.x-cart.com/pages/viewpage.action?pageId=7504332'' target=''_blank''>manual</a> for setting up the extension.', 'en'),
(1369, 1369, 'PHP cURL extension is not enabled on your server. Here is a <a href=''http://kb.x-cart.com/pages/viewpage.action?pageId=7504334'' target=''_blank''>manual</a> for setting up the extension.', 'en'),
(1370, 1370, 'PHP openSSL extension is not enabled on your server. Here is a <a href=''http://kb.x-cart.com/pages/viewpage.action?pageId=7504337'' target=''_blank''>manual</a> for setting up the extension.', 'en'),
(1371, 1371, 'Your server does not have an SSL certificate. Ask your hosting team to install an SSL certificate or create a self-signed one according to this <a href=''http://kb.x-cart.com/pages/viewpreviousversions.action?pageId=7504339'' target=''_blank''>guide</a>.', 'en'),
(1372, 1372, 'Previous attempt to connect to the Marketplace server failed.', 'en'),
(1373, 1373, 'cURL returned an error while establishing a connection: {{error code}} {{error message}}', 'en'),
(1374, 1374, 'After the problem has been fixed, try to <a href=''{{clear_cache}}''>connect</a> again.', 'en'),
(1375, 1375, 'Require to change password on next log in', 'en'),
(1376, 1376, 'Change password', 'en'),
(1377, 1377, 'Your account information will be emailed to you shortly', 'en'),
(1378, 1378, 'Your account information will be emailed to you shortly.', 'en'),
(1379, 1379, 'Your email', 'en'),
(1380, 1380, 'Your name', 'en'),
(1381, 1381, 'Your products will be exported as a CSV file.', 'en'),
(1382, 1382, 'Your cart is empty', 'en'),
(1383, 1383, 'Your state', 'en'),
(1384, 1384, 'Your storefront', 'en'),
(1385, 1385, 'Your store is currently unable to calculate taxes', 'en'),
(1386, 1386, 'Zip code', 'en'),
(1387, 1387, 'Zip/postal code masks', 'en'),
(1388, 1388, 'Zone', 'en'),
(1389, 1389, 'Zone name', 'en'),
(1390, 1390, 'Zones', 'en'),
(1391, 1391, 'and', 'en'),
(1392, 1392, 'by', 'en'),
(1393, 1393, 'details', 'en'),
(1394, 1394, 'disabled', 'en'),
(1395, 1395, 'downloads', 'en'),
(1396, 1396, 'enabled', 'en'),
(1397, 1397, 'from URL', 'en'),
(1398, 1398, 'from local computer', 'en'),
(1399, 1399, 'from local server', 'en'),
(1400, 1400, 'hard reset', 'en'),
(1401, 1401, 'in description', 'en'),
(1402, 1402, 'in title', 'en'),
(1403, 1403, 'is available', 'en'),
(1404, 1404, 'items available', 'en'),
(1405, 1405, 'less', 'en'),
(1406, 1406, 'modules', 'en'),
(1407, 1407, 'ms', 'en'),
(1408, 1408, 'never', 'en'),
(1409, 1409, 'none', 'en'),
(1410, 1410, 'The following archives could not be unpacked: {{list}}', 'en'),
(1411, 1411, 'Try to unpack them manually, then click on <a href=''{{link}}''>this link</a>.', 'en'),
(1412, 1412, 'not available for sale', 'en'),
(1413, 1413, 'not installed', 'en'),
(1414, 1414, 'not ready to download packs. Please, try again', 'en'),
(1415, 1415, 'of', 'en'),
(1416, 1416, 'options', 'en'),
(1417, 1417, 'or', 'en'),
(1418, 1418, 'proxy', 'en'),
(1419, 1419, 'sale', 'en'),
(1420, 1420, 'should be performed manually', 'en'),
(1421, 1421, 'soft reset', 'en'),
(1422, 1422, 'trying to install a non-marketplace module: "{{name}}"', 'en'),
(1423, 1423, 'trying to unpack non-downloaded archives', 'en'),
(1424, 1424, 'Unable to install: The following archives could not be unpacked: {{list}}', 'en'),
(1425, 1425, 'Unable to test files: The following archives could not be unpacked: {{list}}', 'en'),
(1426, 1426, 'unknown', 'en'),
(1427, 1427, 'you save', 'en'),
(1428, 1428, 'Action "{{class}}::{{action}}", {{message}}', 'en'),
(1429, 1429, 'The key has been validated, but the module {{module}} has not been found', 'en'),
(1430, 1430, 'Response from Marketplace: {{response}}', 'en'),
(1431, 1431, 'Please specify a non-empty key', 'en'),
(1432, 1432, 'A DB error occurred while uninstalling the module "{{name}}"', 'en'),
(1433, 1433, 'The module "{{name}}" has been uninstalled successfully', 'en'),
(1434, 1434, 'Unable to delete the module "{{name}}" files: some dirs do not have write permissions: {{dirs}}', 'en'),
(1435, 1435, 'License not received', 'en'),
(1436, 1436, 'invalid module ID passed: "{{moduleId}}"', 'en'),
(1437, 1437, 'unable to add module entry to the installation list: "{{path}}"', 'en'),
(1438, 1438, 'module version "{{module_version}}" does not match the core version ("{{core_version}}")', 'en'),
(1439, 1439, 'unable to upload the module', 'en'),
(1440, 1440, 'The modules have been successfully installed', 'en'),
(1441, 1441, '{{ext}} file type', 'en'),
(1442, 1442, 'Zone not found ({{zoneId}})', 'en'),
(1443, 1443, 'The profiles have been merged', 'en'),
(1444, 1444, 'The profile has been registered. The password has been sent to the user''s email address', 'en'),
(1445, 1445, '<a href="terms-and-conditions.html">Terms and conditions details</a><br /><br />Edit the "Terms and conditions text" label via the Admin area', 'en'),
(1446, 1446, '<span class="modules-amount">{{count}}</span> module(s) selected', 'en'),
(1447, 1447, 'State cannot be created with an unknown country code ({{code}})', 'en'),
(1448, 1448, 'There are no labels translated to {{language}}', 'en'),
(1449, 1449, 'Module with ID "{{id}}" not found', 'en'),
(1450, 1450, 'We are already aware of this problem and are working on it. If you would like to get in touch, feel free to contact us via our Help center at <a href="{{url}}" target="_blank">{{url}}</a>.', 'en'),
(1451, 1451, 'The following expected input data has a wrong format or is empty: {{fields}}', 'en'),
(1452, 1452, 'Unknown language: {{code}}', 'en'),
(1453, 1453, 'deleted', 'en'),
(1454, 1454, 'It is impossible to detect valid SSL certificate availability on your server because curl extension is not installed.', 'en'),
(1455, 1455, 'Your store is configured to use the secure protocol for the store''s back end, checkout, sign-in and profile pages.', 'en'),
(1456, 1456, 'We have found a valid SSL certificate installed on the server. Now you can switch the store to use the secure protocol for the store''s back end, checkout, sign-in and profile pages.', 'en'),
(1457, 1457, 'Support', 'en'),
(1458, 1458, 'After the upgrade is completed, please check your website. If you find that the site is not operating properly, please try the following', 'en'),
(1459, 1459, 'Start Import', 'en'),
(1460, 1460, 'New import', 'en'),
(1461, 1461, 'Critical errors have been detected in the files you are trying to import. Please correct the errors and try again.', 'en'),
(1462, 1462, 'Data has not been found', 'en'),
(1463, 1463, 'Clear the item''s data before importing this item', 'en'),
(1464, 1464, 'Do not verify images to run the process faster', 'en'),
(1465, 1465, 'Delete temporary files after the import is completed', 'en'),
(1466, 1466, 'Import settings', 'en'),
(1467, 1467, 'Upload files', 'en'),
(1468, 1468, 'Samples of the file structures', 'en'),
(1469, 1469, 'Continue import', 'en'),
(1470, 1470, 'Re-upload files', 'en'),
(1471, 1471, 'The import process may take a while to complete. You may close the page; the process will continue in the background. If the process takes long enough, we will send you a notification when it is completed.', 'en'),
(1472, 1472, 'The import process may take a while to complete. Please do not close this page until the process is fully completed. If you have closed the page, please re-open it to complete the import process as it is in progress only when the page is open.', 'en'),
(1473, 1473, 'Verification results', 'en'),
(1474, 1474, 'Import by CSV', 'en'),
(1475, 1475, 'Order by', 'en'),
(1476, 1476, 'Query', 'en'),
(1477, 1477, 'Count', 'en'),
(1478, 1478, 'Products found', 'en'),
(1479, 1479, 'Cleanup queries', 'en'),
(1480, 1480, 'requested only once', 'en'),
(1481, 1481, 'requested once or twice', 'en'),
(1482, 1482, 'Cleanup', 'en'),
(1483, 1483, 'The shipping rate has been added successfully', 'en'),
(1484, 1484, 'The shipping rate cannot be added', 'en'),
(1485, 1485, 'Please make sure that <b>"min weight", "min total", "min items", "shipping zone" and "shipping method"</b> fields do not overlap with those of any other shipping rates.', 'en'),
(1486, 1486, 'Administrator area', 'en'),
(1487, 1487, 'This section displays order processing statistics', 'en'),
(1488, 1488, 'Compare your result with other servers', 'en'),
(1489, 1489, 'The values are average', 'en'),
(1490, 1490, 'Customer area is closed for maintenance.', 'en'),
(1491, 1491, 'This page allows you to configure shipping methods, address zones and shipping charges.', 'en'),
(1492, 1492, 'Shipping charges', 'en'),
(1493, 1493, 'New address', 'en'),
(1494, 1494, 'Forgot your password?', 'en'),
(1495, 1495, 'No such user', 'en'),
(1496, 1496, 'Edit attributes', 'en'),
(1497, 1497, 'To set up attributes specific for product classes, define the product classes first.', 'en'),
(1498, 1498, 'Here you can define attributes for all of your products and sets of attributes for different classes of your products.', 'en'),
(1499, 1499, 'Here you can define how your payment methods will look in the Customer area.', 'en'),
(1500, 1500, 'More payment methods can be added by installing appropriate payment modules. Check out the Marketplace to find and install the payment modules you require.', 'en'),
(1501, 1501, 'Need more payment methods?', 'en'),
(1502, 1502, 'Warning: The restoration procedure is irreversible and erases all existing data tables from the store''s database. It is highly recommended that you back up the data currently stored in your database before restoring a past version of your database from backup.', 'en'),
(1503, 1503, 'Use this section to back up the database of your online store. Please note that the database backup procedure can take up to several minutes.', 'en'),
(1504, 1504, 'If you choose to create an SQL file, you will be able to download the file from the server later and, after that, delete it from the server using the "Delete SQL file" button.', 'en'),
(1505, 1505, 'You cannot save database data to a file on the web server (''var/backup/sqldump.sql.php'').', 'en'),
(1506, 1506, 'The directory ''var/backup/'' does not exist or is not writable.', 'en'),
(1507, 1507, 'Ship in a separate box', 'en'),
(1508, 1508, 'You will be able to provide additional product info (images, attributes, etc.) after you submit this form.', 'en'),
(1509, 1509, 'Clone this product', 'en'),
(1510, 1510, 'Clone', 'en'),
(1511, 1511, 'Preview product page', 'en'),
(1512, 1512, 'Tax class', 'en'),
(1513, 1513, 'There are no images loaded for this product', 'en'),
(1514, 1514, 'No product class assigned', 'en'),
(1515, 1515, 'Name, e.g. Apparel', 'en'),
(1516, 1516, 'Manage product classes', 'en'),
(1517, 1517, 'If you have multiple products sharing the same set of attributes, it makes sence to set up a common product type for these products and create the attributes on the product type level.', 'en'),
(1518, 1518, 'Attribute option', 'en'),
(1519, 1519, 'Modifiers', 'en'),
(1520, 1520, 'Default option', 'en'),
(1521, 1521, 'Length x Width x Height', 'en'),
(1522, 1522, 'Maximum number of items per box', 'en'),
(1523, 1523, 'Attribute name', 'en'),
(1524, 1524, 'Attribute values', 'en'),
(1525, 1525, 'Re-generate links', 'en'),
(1526, 1526, 'Attribute group', 'en'),
(1527, 1527, 'Attribute', 'en'),
(1528, 1528, 'No group', 'en'),
(1529, 1529, 'No attributes', 'en'),
(1530, 1530, 'No attributes assigned', 'en'),
(1531, 1531, 'Including subcategories', 'en'),
(1532, 1532, 'The provided file contains the following language labels:', 'en'),
(1533, 1533, 'The language labels have been successfully imported:', 'en'),
(1534, 1534, 'Language:', 'en'),
(1535, 1535, 'labels count:', 'en'),
(1536, 1536, 'Number of ignored rows:', 'en'),
(1537, 1537, 'Please confirm that you want to proceed with the import or cancel the operation.', 'en'),
(1538, 1538, 'Failure: Wrong file format.', 'en'),
(1539, 1539, 'The language CSV file should be a text file containing three columns per row (the columns must be separated by a comma:', 'en'),
(1540, 1540, 'language code,', 'en'),
(1541, 1541, 'label name,', 'en'),
(1542, 1542, 'label translation.', 'en'),
(1543, 1543, 'Please make sure your file format is as described.', 'en'),
(1544, 1544, 'default', 'en'),
(1545, 1545, 'Get CSV', 'en'),
(1546, 1546, 'Not selected', 'en'),
(1547, 1547, 'To change your roles, contact the store administrator', 'en'),
(1548, 1548, 'You have the following roles:', 'en'),
(1549, 1549, 'Welcome', 'en'),
(1550, 1550, 'Edit attribute values', 'en'),
(1551, 1551, 'Click if you do not want to add this value to new products or class assigns automatically', 'en'),
(1552, 1552, 'Click if you want to add this value to new products or class assigns automatically', 'en'),
(1553, 1553, 'Enabled in catalog', 'en'),
(1554, 1554, 'Disabled in catalog', 'en'),
(1555, 1555, 'What to export', 'en'),
(1556, 1556, 'editable', 'en'),
(1557, 1557, 'multi value', 'en'),
(1558, 1558, 'Removing this attribute will affect all the products. Leave this blank to hide this option for the product.', 'en'),
(1559, 1559, 'Delete all files', 'en'),
(1560, 1560, 'Before editing attributes specific for the chosen type you should save the changes', 'en'),
(1561, 1561, 'Default value', 'en'),
(1562, 1562, 'New value', 'en'),
(1563, 1563, 'New group', 'en'),
(1564, 1564, 'New Export', 'en'),
(1565, 1565, 'The following files are too large to be included in the archive', 'en'),
(1566, 1566, 'Start Export', 'en'),
(1567, 1567, 'Export settings', 'en'),
(1568, 1568, 'Export public files as', 'en'),
(1569, 1569, 'URLs', 'en'),
(1570, 1570, 'local files', 'en'),
(1571, 1571, 'Choosing "URLs" will link the exported data to your public files (product and category images, downloadable files shown on product pages, and so on) through direct URLs. Public files won''t be included into the archive with exported files; however, private files (for example, digitally distributed products) will go into the archive anyway.<br /><br />Choosing "local files" will provide file paths to your files, relative to your X-Cart installation.', 'en'),
(1572, 1572, 'Download all files in a single archive', 'en'),
(1573, 1573, 'Export completed', 'en'),
(1574, 1574, 'Exporting data...', 'en'),
(1575, 1575, 'The export process may take a while to complete. You may close the page, the process will continue in the background. If the process takes long enough, we will send you a notification when it is completed.', 'en'),
(1576, 1576, 'The export process may take a while to complete. Please do not close this page until the process is fully completed. If you have closed the page, please re-open it to complete the export process as it is in progress only when the page is open.', 'en'),
(1577, 1577, 'Export failed', 'en'),
(1578, 1578, 'Export was not started', 'en'),
(1579, 1579, 'Export cannot be started because it is disabled or there is another running export process. Try again later.', 'en'),
(1580, 1580, 'Export in CSV', 'en'),
(1581, 1581, 'Please make sure the following modules are installed and enabled:', 'en'),
(1582, 1582, 'You have no payment methods enabled at your store', 'en'),
(1583, 1583, 'This method does not support the current store currency and is not available to customers', 'en'),
(1584, 1584, 'This method is in test mode', 'en'),
(1585, 1585, 'Configure', 'en'),
(1586, 1586, 'This payment method cannot be enabled until you configure it', 'en'),
(1587, 1587, 'Edit product', 'en'),
(1588, 1588, 'There are no shipping methods defined for this carrier', 'en'),
(1589, 1589, 'Click to edit rates', 'en'),
(1590, 1590, 'Click to add rates', 'en'),
(1591, 1591, 'Add rates', 'en'),
(1592, 1592, 'Edit', 'en'),
(1593, 1593, 'Click to edit states', 'en'),
(1594, 1594, 'Click to add states', 'en'),
(1595, 1595, 'Add states', 'en'),
(1596, 1596, 'Add state', 'en'),
(1597, 1597, 'Click to edit all the translations for this label', 'en'),
(1598, 1598, 'Warning! Installing this module will overwrite any existing label translations for this language.', 'en'),
(1599, 1599, 'Please', 'en'),
(1600, 1600, 'upgrade core', 'en'),
(1601, 1601, 'No modules found', 'en'),
(1602, 1602, 'No users found', 'en'),
(1603, 1603, 'No products found', 'en'),
(1604, 1604, 'No profiles found', 'en'),
(1605, 1605, 'Installed version', 'en'),
(1606, 1606, 'outdated', 'en'),
(1607, 1607, 'Purchased', 'en'),
(1608, 1608, 'View in list', 'en'),
(1609, 1609, 'Popularity', 'en'),
(1610, 1610, 'Module''s page', 'en'),
(1611, 1611, 'Activate key', 'en'),
(1612, 1612, 'if you have any questions', 'en'),
(1613, 1613, 'Success', 'en'),
(1614, 1614, 'Fax', 'en'),
(1615, 1615, 'The shipping cost has been calculated based on the following combination of products into packages:', 'en'),
(1616, 1616, 'Package', 'en'),
(1617, 1617, 'weight', 'en'),
(1618, 1618, 'dimensions', 'en'),
(1619, 1619, 'item(s)', 'en'),
(1620, 1620, 'Placed on', 'en'),
(1621, 1621, 'OR', 'en'),
(1622, 1622, 'Root categories', 'en'),
(1623, 1623, 'WARNING! There are no more available administrator profiles. You will not be able to manage your store after you delete this profile.', 'en'),
(1624, 1624, 'Are you sure you want to delete this profile?', 'en'),
(1625, 1625, 'Autogenerate Clean URL', 'en'),
(1626, 1626, 'products', 'en'),
(1627, 1627, 'Already added', 'en'),
(1628, 1628, 'Edit attribute', 'en'),
(1629, 1629, 'New attribute', 'en'),
(1630, 1630, 'Manage groups', 'en'),
(1631, 1631, 'No attributes are defined for the product class yet.', 'en'),
(1632, 1632, 'Need a license key?', 'en'),
(1633, 1633, 'Your X-Cart installation is licensed for evaluation purposes only.', 'en'),
(1634, 1634, 'You can build your website during FREE evaluation, but you cannot use this installation for real sales without buying a license.', 'en'),
(1635, 1635, 'For details refer to', 'en'),
(1636, 1636, 'Removing this message without buying a Full license is prohibited and will result in legal proceedings.', 'en'),
(1637, 1637, 'Core version', 'en'),
(1638, 1638, 'verified version', 'en'),
(1639, 1639, 'Loopback test', 'en'),
(1640, 1640, 'Warning! InnoDB engine is not supported. It is required for software operation', 'en'),
(1641, 1641, 'Not detected', 'en'),
(1642, 1642, 'Warning!', 'en'),
(1643, 1643, 'PHP ''gd'' extension is not installed.', 'en'),
(1644, 1644, 'Curl version', 'en'),
(1645, 1645, 'Curl options', 'en'),
(1646, 1646, 'cannot create directory', 'en'),
(1647, 1647, 'subdirectories problems', 'en'),
(1648, 1648, 'file does not exist', 'en'),
(1649, 1649, 'Directory is empty', 'en'),
(1650, 1650, 'Comma', 'en'),
(1651, 1651, 'Semicolon', 'en'),
(1652, 1652, 'Tab', 'en'),
(1653, 1653, 'A membership name cannot contain such symbols as \\, '' and ". Also, it cannot exceed 32 characters.', 'en'),
(1654, 1654, 'Please enter a unique membership name', 'en'),
(1655, 1655, 'Required field', 'en'),
(1656, 1656, 'The value must be in the range of', 'en'),
(1657, 1657, 'Click to open', 'en'),
(1658, 1658, 'Click to close', 'en'),
(1659, 1659, 'Double quote', 'en'),
(1660, 1660, 'Single quote', 'en'),
(1661, 1661, 'empty', 'en'),
(1662, 1662, 'Warning! CSV file was not specified.', 'en'),
(1663, 1663, 'Warning! The file you have specified in the ''File (CSV) local'' field does not exist or cannot be read.', 'en'),
(1664, 1664, 'Please enter the correct file location or set correct file permissions.', 'en'),
(1665, 1665, 'Warning! The file you have specified in the ''File (CSV) for upload'' field has not been uploaded to the server.', 'en'),
(1666, 1666, 'Already exists', 'en'),
(1667, 1667, 'Confirmation does not match', 'en'),
(1668, 1668, 'Incomplete', 'en'),
(1669, 1669, 'Complete', 'en'),
(1670, 1670, 'Please, enter a valid email address', 'en'),
(1671, 1671, 'Please, enter a valid IP address', 'en'),
(1672, 1672, 'Result pages', 'en'),
(1673, 1673, 'User activity', 'en'),
(1674, 1674, 'now disabled', 'en'),
(1675, 1675, 'Upgrade for X-Cart core is available', 'en'),
(1676, 1676, 'Now disabled', 'en'),
(1677, 1677, 'Will be installed', 'en'),
(1678, 1678, 'The module is incompatible with the new core version that is going to be installed', 'en'),
(1679, 1679, 'Check again', 'en'),
(1680, 1680, 'Failure', 'en'),
(1681, 1681, 'An upgrade is a dangerous process that may result in a crashed website. It is strongly recommended to create a full back up of your store (the code and the database) and download it to a local computer before you proceed to the next step.', 'en'),
(1682, 1682, 'Some files are modified', 'en'),
(1683, 1683, 'The system has detected that some custom modifications were made by editing core and module files, not by writing new modules. In order to proceed with the upgrade you should decide what to do with the modifications', 'en'),
(1684, 1684, 'Replace all modified files with the unmodified newer versions', 'en'),
(1685, 1685, 'the custom modifications will be lost', 'en'),
(1686, 1686, 'Do not replace selected files and ignore their newer versions', 'en'),
(1687, 1687, 'your web site may crash', 'en'),
(1688, 1688, 'Select all', 'en'),
(1689, 1689, 'Unselect all', 'en'),
(1690, 1690, 'New user registered', 'en'),
(1691, 1691, 'Website', 'en'),
(1692, 1692, 'Last 24 hours', 'en'),
(1693, 1693, 'Last 7 days', 'en'),
(1694, 1694, 'Last month', 'en'),
(1695, 1695, 'Store lifetime', 'en'),
(1696, 1696, 'View all', 'en'),
(1697, 1697, 'Changes of attribute values will affect only this product. Changes of attribute names and of the attribute list will affect all the products of the corresponding class.', 'en'),
(1698, 1698, 'Changes of attribute values will affect only this product. Changes of attribute names and of the attribute list will affect all the products', 'en'),
(1699, 1699, 'Apply value changes locally', 'en'),
(1700, 1700, 'Apply value changes globally', 'en'),
(1701, 1701, 'The password is the one you specified during checkout.', 'en'),
(1702, 1702, 'The password is the one you specified.', 'en'),
(1703, 1703, 'Register user', 'en'),
(1704, 1704, 'Test email notification', 'en'),
(1705, 1705, 'Test email notification:', 'en'),
(1706, 1706, 'Your new password', 'en'),
(1707, 1707, 'You can now use the following credentials to access your account', 'en'),
(1708, 1708, 'To change the password, log into your company account and use the ''My account'' link', 'en'),
(1709, 1709, 'New safe mode access key has been generated', 'en'),
(1710, 1710, 'Use the following key to access safe mode', 'en'),
(1711, 1711, 'Hard reset (disables all the installed modules and runs the X-Cart application)', 'en'),
(1712, 1712, 'Soft reset (disables all the modules except for the ones that were downloaded from X-Cart''s Marketplace and runs the X-Cart application)', 'en'),
(1713, 1713, 'The export is complete.', 'en'),
(1714, 1714, 'Totals', 'en'),
(1715, 1715, 'Your profile was modified', 'en'),
(1716, 1716, 'A user has submitted the Contact Us form', 'en'),
(1717, 1717, 'Product ID', 'en'),
(1718, 1718, 'item(s) in stock', 'en'),
(1719, 1719, 'Are you sure you want to clear your cart?', 'en'),
(1720, 1720, 'attributes', 'en'),
(1721, 1721, 'All rights reserved.', 'en'),
(1722, 1722, 'Addresses list is empty', 'en'),
(1723, 1723, 'Order payment', 'en'),
(1724, 1724, 'Forgot password', 'en'),
(1725, 1725, 'Max', 'en'),
(1726, 1726, 'Exact phrase', 'en'),
(1727, 1727, 'All words', 'en'),
(1728, 1728, 'Any word', 'en'),
(1729, 1729, 'Fewer search options', 'en'),
(1730, 1730, 'More search options', 'en'),
(1731, 1731, '- OR -', 'en'),
(1732, 1732, 'Back to Login form', 'en'),
(1733, 1733, 'Back to modules', 'en'),
(1734, 1734, 'Try the search-as-you-type feature...', 'en'),
(1735, 1735, 'Choose the product options first', 'en'),
(1736, 1736, 'This operation is irreversible. Are you sure you want to proceed?', 'en'),
(1737, 1737, 'Order number', 'en'),
(1738, 1738, 'Date range', 'en'),
(1739, 1739, 'Clear all fields', 'en'),
(1740, 1740, 'There are no shipping methods available', 'en'),
(1741, 1741, 'Enter the shipping address to see delivery methods available to you', 'en'),
(1742, 1742, 'C.O.D. fee included', 'en'),
(1743, 1743, 'Existing Customer?', 'en'),
(1744, 1744, 'Login Here', 'en'),
(1745, 1745, 'Sorry, your order payment was cancelled.', 'en'),
(1746, 1746, 'Sorry, your order payment failed.', 'en'),
(1747, 1747, 'Failure reason:', 'en'),
(1748, 1748, 'Cardholder name', 'en'),
(1749, 1749, 'Credit card number', 'en'),
(1750, 1750, 'Start date', 'en'),
(1751, 1751, 'Expiration date', 'en'),
(1752, 1752, 'Issue no', 'en'),
(1753, 1753, 'CVV2', 'en'),
(1754, 1754, 'Change attributes', 'en'),
(1755, 1755, 'Call us: ', 'en'),
(1756, 1756, 'Compare products', 'en'),
(1757, 1757, 'Email', 'en'),
(1758, 1758, 'This address was used as a', 'en'),
(1759, 1759, 'billing', 'en'),
(1760, 1760, 'shipping', 'en'),
(1761, 1761, 'address during the recent purchase', 'en'),
(1762, 1762, 'Out of Stock', 'en'),
(1763, 1763, 'Cart', 'en'),
(1764, 1764, 'More', 'en'),
(1765, 1765, 'Back', 'en'),
(1766, 1766, 'Your Account', 'en'),
(1767, 1767, 'See comparison chart', 'en'),
(1768, 1768, 'Billing address is the same as Shipping', 'en'),
(1769, 1769, 'Complete billing address', 'en'),
(1770, 1770, 'Continue as guest', 'en'),
(1771, 1771, 'Enter your email', 'en'),
(1772, 1772, 'Order cannot be placed because not all of the required fields are completed. Please check the form and try again.', 'en'),
(1773, 1773, 'The "{{file}}" file was not uploaded', 'en'),
(1774, 1774, 'Front page', 'en'),
(1775, 1775, 'Please select the products first', 'en'),
(1776, 1776, 'Aggregation cache has been cleared', 'en'),
(1777, 1777, 'Authorized amount', 'en'),
(1778, 1778, 'Captured amount', 'en'),
(1779, 1779, 'Refunded amount', 'en'),
(1780, 1780, 'The method is not configured and cannot be used', 'en'),
(1781, 1781, 'The only remaining active administrator profile cannot be deleted.', 'en'),
(1782, 1782, 'Shipping address is invalid', 'en'),
(1783, 1783, 'Invoice #{{orderId}}, {{time}}', 'en'),
(1784, 1784, 'Address type has a wrong value', 'en'),
(1785, 1785, 'Address not selected', 'en'),
(1786, 1786, 'Address not found', 'en'),
(1787, 1787, '"{{product}} product" attributes', 'en'),
(1788, 1788, 'The attributes have been successfully updated', 'en'),
(1789, 1789, 'Please select a different attribute', 'en'),
(1790, 1790, 'The address has been deleted', 'en'),
(1791, 1791, 'You tried to buy more items of "{{product}}" product {{description}} than are in stock. We have {{amount}} item(s) only. Please adjust the product quantity.', 'en'),
(1792, 1792, 'The product has not been added to cart', 'en'),
(1793, 1793, 'The item has not been removed from cart', 'en'),
(1794, 1794, 'You have an unpaid order #{{ORDER}}', 'en'),
(1795, 1795, 'Order not found', 'en'),
(1796, 1796, 'No payment method selected', 'en'),
(1797, 1797, 'No payment methods found for criteria: ''{{substring}}'' / {{country}}.', 'en'),
(1798, 1798, 'All countries', 'en'),
(1799, 1799, 'System will download and install this module from marketplace. Continue?', 'en'),
(1800, 1800, 'Try to change the search criteria or find the needed solution in <a href="{{URL}}" class="no-payments-marketplace-link">marketplace</a>', 'en'),
(1801, 1801, 'Try to <span class="search-worldwide">search worldwide</span> or find the needed solution in <a href="{{URL}}" class="no-payments-marketplace-link">marketplace</a>', 'en'),
(1802, 1802, 'The selected payment method is obsolete or invalid. Select another payment method', 'en'),
(1803, 1803, 'The form could not be identified as a form generated by X-Cart. The reason may be that a substantial period of time has elapsed since you opened the page with this form or the page was opened in more than one browser tab. If you did not open the page with this form, you might be under a CSRF attack.', 'en'),
(1804, 1804, 'Select products from the list', 'en'),
(1805, 1805, 'Classes & attributes', 'en'),
(1806, 1806, 'No category defined', 'en'),
(1807, 1807, 'Safe mode access key has been re-generated', 'en'),
(1808, 1808, '{{paymentMethod}} settings', 'en'),
(1809, 1809, 'An attempt to update settings of unknown payment method', 'en'),
(1810, 1810, 'The payment method settings have been successfully updated', 'en'),
(1811, 1811, 'The "{{file}}" is not CSV or archive', 'en'),
(1812, 1812, 'Unable to delete file', 'en'),
(1813, 1813, 'SQL file was deleted successfully', 'en'),
(1814, 1814, 'File not found', 'en'),
(1815, 1815, 'Only enabled modules can be packed', 'en'),
(1816, 1816, 'Module packing is available in the DEVELOPER mode only. Check etc/config.php file', 'en'),
(1817, 1817, 'The countries list for the zone is empty. Please specify the countries that belong in this zone.', 'en');
INSERT INTO `xc_language_label_translations` (`label_id`, `id`, `label`, `code`) VALUES
(1818, 1818, 'unknown error', 'en'),
(1819, 1819, 'The payment method has been added successfully', 'en'),
(1820, 1820, 'Manage attribute groups', 'en'),
(1821, 1821, 'Measuring performance in manual mode failed.', 'en'),
(1822, 1822, 'File uploading error.', 'en'),
(1823, 1823, 'Making a backup of the current database state ... ', 'en'),
(1824, 1824, 'done', 'en'),
(1825, 1825, 'Loading the database from file .', 'en'),
(1826, 1826, 'Database restored successfully!', 'en'),
(1827, 1827, 'The database has not been restored because of errors', 'en'),
(1828, 1828, 'Restoring database from backup .', 'en'),
(1829, 1829, 'Return to Admin interface', 'en'),
(1830, 1830, 'Global attributes', 'en'),
(1831, 1831, 'Global', 'en'),
(1832, 1832, 'Widgets cache has been cleared', 'en'),
(1833, 1833, 'Widgets cache has not been cleaned completely', 'en'),
(1834, 1834, 'Failed to update category image', 'en'),
(1835, 1835, 'The file was not loaded due to a server-side failure.', 'en'),
(1836, 1836, 'Tax classes', 'en'),
(1837, 1837, 'The detailed image has not been deleted', 'en'),
(1838, 1838, 'Attributes have been updated successfully', 'en'),
(1839, 1839, 'Product class have been updated successfully', 'en'),
(1840, 1840, 'Product class name is empty', 'en'),
(1841, 1841, 'Product-Specific', 'en'),
(1842, 1842, 'Product-Specific attributes', 'en'),
(1843, 1843, 'A disabled language cannot be default.', 'en'),
(1844, 1844, 'Cannot autogenerate a clean URL for the product name "{{name}}". Please specify it manually.', 'en'),
(1845, 1845, 'HTTPS option has been successfully enabled', 'en'),
(1846, 1846, 'HTTPS option has been disabled', 'en'),
(1847, 1847, 'Inventory has been successfully updated', 'en'),
(1848, 1848, 'Modules license agreements', 'en'),
(1849, 1849, '{{module}} license agreement', 'en'),
(1850, 1850, 'Customers', 'en'),
(1851, 1851, 'Customers imported', 'en'),
(1852, 1852, 'Products imported', 'en'),
(1853, 1853, 'Attributes imported', 'en'),
(1854, 1854, 'Categories imported', 'en'),
(1855, 1855, 'Failed write to file', 'en'),
(1856, 1856, 'No write permissions to directory', 'en'),
(1857, 1857, 'Add attribute', 'en'),
(1858, 1858, 'Default for customers', 'en'),
(1859, 1859, 'Default for admins', 'en'),
(1860, 1860, 'Labels', 'en'),
(1861, 1861, 'Custom', 'en'),
(1862, 1862, 'Recommended', 'en'),
(1863, 1863, 'By Price - cheapest first', 'en'),
(1864, 1864, 'By Price - cheapest last', 'en'),
(1865, 1865, 'By Name - A-Z', 'en'),
(1866, 1866, 'By Name - Z-A', 'en'),
(1867, 1867, 'Displays the number of labels translated into the language', 'en'),
(1868, 1868, 'Label', 'en'),
(1869, 1869, 'Plain field', 'en'),
(1870, 1870, 'Textarea', 'en'),
(1871, 1871, 'Order history', 'en'),
(1872, 1872, 'Compact view', 'en'),
(1873, 1873, 'Expanded view', 'en'),
(1874, 1874, 'Item', 'en'),
(1875, 1875, 'Yes/No', 'en'),
(1876, 1876, 'In stock', 'en'),
(1877, 1877, 'Login/Email', 'en'),
(1878, 1878, 'Anonymous', 'en'),
(1879, 1879, 'requested for', 'en'),
(1880, 1880, '<p>The order subtotal exceeds the maximum allowed value ({{max_order_amount}})</p>', 'en'),
(1881, 1881, '<p>The order subtotal is less than the minimum allowed value ({{min_order_amount}})</p>', 'en'),
(1882, 1882, 'View all modules', 'en'),
(1883, 1883, 'Storefront is closed', 'en'),
(1884, 1884, 'Open', 'en'),
(1885, 1885, 'Storefront is closed (<a href="{{shop_url}}" target="_blank">private link</a>)', 'en'),
(1886, 1886, 'Storefront is open', 'en'),
(1887, 1887, 'Closed', 'en'),
(1888, 1888, 'The attribute group has been updated', 'en'),
(1889, 1889, 'The attribute group has been added', 'en'),
(1890, 1890, 'The attribute option has been updated', 'en'),
(1891, 1891, 'The attribute option has been added', 'en'),
(1892, 1892, 'The category has been updated', 'en'),
(1893, 1893, 'The category has been added', 'en'),
(1894, 1894, 'The address field has been updated', 'en'),
(1895, 1895, 'The address field has been added', 'en'),
(1896, 1896, 'The attribute has been updated', 'en'),
(1897, 1897, 'The attribute has been added', 'en'),
(1898, 1898, 'The product class has been updated', 'en'),
(1899, 1899, 'The product class has been added', 'en'),
(1900, 1900, 'The product selection has been updated', 'en'),
(1901, 1901, 'The product selection has been added', 'en'),
(1902, 1902, 'Front page updated', 'en'),
(1903, 1903, 'The profile has been modified successfully', 'en'),
(1904, 1904, 'The tax class has been updated', 'en'),
(1905, 1905, 'The tax class has been added', 'en'),
(1906, 1906, 'Order #{{id}}', 'en'),
(1907, 1907, 'Enter pattern here', 'en'),
(1908, 1908, 'Find countries', 'en'),
(1909, 1909, 'Find states', 'en'),
(1910, 1910, 'Enter search pattern', 'en'),
(1911, 1911, 'Import language from CSV file', 'en'),
(1912, 1912, 'Requested zone does not exist', 'en'),
(1913, 1913, 'Install modules', 'en'),
(1914, 1914, 'Add products', 'en'),
(1915, 1915, 'More actions for selected', 'en'),
(1916, 1916, 'Order #{{id}} details', 'en'),
(1917, 1917, 'Your order details will be sent to your email address', 'en'),
(1918, 1918, '{{count}} created', 'en'),
(1919, 1919, '{{count}} updated', 'en'),
(1920, 1920, 'The script found {{number}} problem(s) during verification', 'en'),
(1921, 1921, 'The script found {{number}} problem(s) during import', 'en'),
(1922, 1922, 'Row {{number}}', 'en'),
(1923, 1923, 'Row(s) {{numbers}}', 'en'),
(1924, 1924, 'Critical error', 'en'),
(1925, 1925, 'Import mode', 'en'),
(1926, 1926, 'Create new items and update existing items', 'en'),
(1927, 1927, 'Update existing items, but skip new items', 'en'),
(1928, 1928, 'During import in the <strong>''Create new items and update existing items''</strong> mode, if your import file contains items that do not already exist in the store''s database, these items will be created as a result of import. New items can be created based on the following master IDs:<ul>{{keys}}</ul>If you only want to update the existing items without creating any new ones, switch to the mode <strong>''Update existing items, but skip new items''</strong>.<br /><br />Note that any missing items that are dependent on existing items will be created in both the modes. For example, if an existing product being updated through import does not have a category specified, the category will be created.', 'en'),
(1929, 1929, 'CSV or ZIP files, total max size: {{size}}', 'en'),
(1930, 1930, 'Download CSV files', 'en'),
(1931, 1931, '<p>The order subtotal exceeds the maximum allowed value ({{max_order_amount}}). Please remove some items from the cart.</p>', 'en'),
(1932, 1932, '<p>The order subtotal is less than the minimum allowed value ({{min_order_amount}}). Please add some items to the cart.</p>', 'en'),
(1933, 1933, '{{name}} attributes', 'en'),
(1934, 1934, 'Custom attributes', 'en'),
(1935, 1935, 'These attributes can be applied to the "{{name}}" product class.', 'en'),
(1936, 1936, 'These attributes can only be applied to this particular product.', 'en'),
(1937, 1937, 'These attributes can be applied to all the products in the store.', 'en'),
(1938, 1938, 'Your trial period has expired', 'en'),
(1939, 1939, 'Your trial period expires today', 'en'),
(1940, 1940, 'Live', 'en'),
(1941, 1941, 'Print', 'en'),
(1942, 1942, 'Print selected', 'en'),
(1943, 1943, 'Test', 'en'),
(1944, 1944, 'Residential', 'en'),
(1945, 1945, 'Commercial', 'en'),
(1946, 1946, 'No delimiter', 'en'),
(1947, 1947, 'Space', 'en'),
(1948, 1948, 'MM', 'en'),
(1949, 1949, 'CM', 'en'),
(1950, 1950, 'DM', 'en'),
(1951, 1951, 'IN', 'en'),
(1952, 1952, 'mm', 'en'),
(1953, 1953, 'cm', 'en'),
(1954, 1954, 'dm', 'en'),
(1955, 1955, 'inches', 'en'),
(1956, 1956, 'Mr.', 'en'),
(1957, 1957, 'Ms.', 'en'),
(1958, 1958, 'Mrs.', 'en'),
(1959, 1959, '# selected', 'en'),
(1960, 1960, 'LB', 'en'),
(1961, 1961, 'OZ', 'en'),
(1962, 1962, 'KG', 'en'),
(1963, 1963, 'G', 'en'),
(1964, 1964, 'lbs', 'en'),
(1965, 1965, 'oz', 'en'),
(1966, 1966, 'kg', 'en'),
(1967, 1967, 'g', 'en'),
(1968, 1968, 'Registered Customers', 'en'),
(1969, 1969, 'Anonymous Customers', 'en'),
(1970, 1970, 'Show', 'en'),
(1971, 1971, 'Email again', 'en'),
(1972, 1972, 'Safe mode links were emailed', 'en'),
(1973, 1973, 'These links were already provided to you after this store was installed and will be emailed to you again after you start the upgrade process.', 'en'),
(1974, 1974, 'For any emergency you can use the hard, soft and restore-state links. Pay attention, that these links just disable certain modules in your store, but not make any backups.', 'en'),
(1975, 1975, 'Not enough disk space. Required: {{req}} (+{{reserve}} reserve). Available: {{avail}}', 'en'),
(1976, 1976, 'Cannot connect to the Marketplace server', 'en'),
(1977, 1977, 'Empty "class" parameter is passed to the {{method}}', 'en'),
(1978, 1978, 'You need hard and soft reset links in case some 3rd party addon <a href="{{article}}" target="_blank">crashes your web store</a>', 'en'),
(1979, 1979, 'We strongly recommend <b>to make a full backup</b> of your live store before starting the upgrade process. If your store crashes as a result of a failed upgrade, you will be able to <a href="{{article}}" target="_blank">restore it</a> from backup.', 'en'),
(1980, 1980, 'Don’t forget to create a backup!', 'en'),
(1981, 1981, 'Backup your store with Backup Master', 'en'),
(1982, 1982, 'Yes, I''ve made the full backup of my store files and database', 'en'),
(1983, 1983, 'We are doing our best to make your upgrade process not only easy to do, but safe.', 'en'),
(1984, 1984, 'Use our new nifty module to automatically backup your store and be able to restore it if anything crops up.', 'en'),
(1985, 1985, 'We will email you with <b>emergency links</b> to disable custom modules and stay only with original add-ons.<br/> Pay attention, these links do not create backups.', 'en'),
(1986, 1986, 'More info is available in X-Cart''s Knowledge Base article <a href="{{article}}" target="_blank">What to do if you cannot access your store...</a>', 'en'),
(1987, 1987, 'Couldn''t move image {{path}}', 'en'),
(1988, 1988, 'Couldn''t move {{count}} images. See log for details.', 'en'),
(1989, 1989, 'This module uses PHP\\''s cURL functions which are disabled on your web server', 'en'),
(1990, 1990, 'Package weight', 'en'),
(1991, 1991, 'Package weight ({{units}})', 'en'),
(1992, 1992, 'Package subtotal', 'en'),
(1993, 1993, 'Package subtotal ({{units}})', 'en'),
(1994, 1994, 'Source address', 'en'),
(1995, 1995, 'Postal Code', 'en'),
(1996, 1996, 'Destination address', 'en'),
(1997, 1997, 'Note: a new window will be opened', 'en'),
(1998, 1998, 'Length', 'en'),
(1999, 1999, 'Width', 'en'),
(2000, 2000, 'Height', 'en'),
(2001, 2001, 'Postal/ZIP Code', 'en'),
(2002, 2002, 'Transaction type', 'en'),
(2003, 2003, 'Authorization and Capture', 'en'),
(2004, 2004, 'Authorization only', 'en'),
(2005, 2005, 'Invoice number prefix', 'en'),
(2006, 2006, 'a side box', 'en'),
(2007, 2007, 'the main column', 'en'),
(2008, 2008, 'expired', 'en'),
(2009, 2009, '"{{product}}" options', 'en'),
(2010, 2010, 'Private', 'en'),
(2011, 2011, 'Unavailable', 'en'),
(2012, 2012, 'Blocked', 'en'),
(2013, 2013, 'The product SKU#"{{SKU}}" is already set as featured for the category', 'en'),
(2014, 2014, 'Add featured products for "{{category}}"', 'en'),
(2015, 2015, 'Package properties', 'en'),
(2016, 2016, 'Shipment options', 'en'),
(2017, 2017, 'Cash on delivery', 'en'),
(2018, 2018, 'Test mode', 'en'),
(2019, 2019, 'Packaging', 'en'),
(2020, 2020, 'Package dimensions (inches)', 'en'),
(2021, 2021, 'Autogenerated', 'en'),
(2022, 2022, 'Custom', 'en'),
(2023, 2023, 'After activation Skrill will give you access to a new section in your Skrill account called "Merchant tools". Please choose a secret word (do not use your password for this) and enter it into the Merchant tools section and the form below.', 'en'),
(2024, 2024, '(optional)', 'en'),
(2025, 2025, 'Request type must be POST', 'en'),
(2026, 2026, '\\''status\\'' request argument not found', 'en'),
(2027, 2027, 'Test/Live mode', 'en'),
(2028, 2028, 'Purchase description', 'en'),
(2029, 2029, 'Live mode', 'en'),
(2030, 2030, 'User', 'en'),
(2031, 2031, '\\''RESULT\\'' argument not found', 'en'),
(2032, 2032, 'Transaction amount mismatch', 'en'),
(2033, 2033, 'Compare', 'en'),
(2034, 2034, 'Billing address is not defined', 'en'),
(2035, 2035, 'Menu', 'en'),
(2036, 2036, 'Unlimited', 'en'),
(2037, 2037, 'Locked', 'en'),
(2038, 2038, 'Secret word', 'en'),
(2039, 2039, 'units', 'en'),
(2040, 2040, 'each', 'en'),
(2041, 2041, 'save', 'en'),
(2042, 2042, 'always', 'en'),
(2043, 2043, 'hourly', 'en'),
(2044, 2044, 'daily', 'en'),
(2045, 2045, 'weekly', 'en'),
(2046, 2046, 'monthly', 'en'),
(2047, 2047, 'yearly', 'en'),
(2048, 2048, 'Auth', 'en'),
(2049, 2049, 'Capture', 'en'),
(2050, 2050, 'Void', 'en'),
(2051, 2051, 'Refund', 'en'),
(2052, 2052, 'Deploy', 'en'),
(2053, 2053, 'Secret key', 'en'),
(2054, 2054, 'Order status changed from {{oldStatus}} to {{newStatus}}', 'en'),
(2055, 2055, 'Year in which the store opened', 'en'),
(2056, 2056, 'Force customer to choose product options before adding a product to cart', 'en'),
(2057, 2057, 'The English language cannot be removed as it is primary language for all texts.', 'en'),
(2058, 2058, 'Priority', 'en'),
(2059, 2059, 'Either enable or uninstall the modules below.', 'en'),
(2060, 2060, 'The modules below must be either <strong>enabled</strong> or <strong>uninstalled</strong> before the upgrade is started. Otherwise your store may crash during the upgrade. Do not worry, you can still install and use these modules after the upgrade.', 'en'),
(2061, 2061, 'The module version is incompatible with your core version and cannot be installed. The minimum core version required for this module is {{version}}.', 'en'),
(2062, 2062, 'The module version is incompatible with your core version and cannot be enabled. The minimum core version required for this module is {{version}}.', 'en'),
(2063, 2063, 'New module version available for core versions {{versions}}.', 'en'),
(2064, 2064, 'Payment status', 'en'),
(2065, 2065, 'Shipping status', 'en'),
(2066, 2066, 'All payment statuses', 'en'),
(2067, 2067, 'All shipping statuses', 'en'),
(2068, 2068, 'Order payment status changed from {{oldStatus}} to {{newStatus}}', 'en'),
(2069, 2069, 'Order shipping status changed from {{oldStatus}} to {{newStatus}}', 'en'),
(2070, 2070, 'Communication log', 'en'),
(2071, 2071, 'Input data', 'en'),
(2072, 2072, 'Please create a new password', 'en'),
(2073, 2073, 'The confirmation URL link will be emailed to you shortly', 'en'),
(2074, 2074, 'Your "Password reset key" has expired. Please enter the email address associated with your user account to get a new "Password reset key".', 'en'),
(2075, 2075, 'Profile is not defined', 'en'),
(2076, 2076, 'Customer access level', 'en'),
(2077, 2077, 'All levels', 'en'),
(2078, 2078, 'Anonymous', 'en'),
(2079, 2079, 'Registered', 'en'),
(2080, 2080, 'Search total', 'en'),
(2081, 2081, 'All orders', 'en'),
(2082, 2082, 'Online orders', 'en'),
(2083, 2083, 'POS orders', 'en'),
(2084, 2084, 'Do not see your payment method? Find it in our <a href="{{url}}">Marketplace</a>', 'en'),
(2085, 2085, 'Find in Marketplace', 'en'),
(2086, 2086, 'Search items...', 'en'),
(2087, 2087, 'Root category listings format', 'en'),
(2088, 2088, 'View all ordered items', 'en'),
(2089, 2089, 'Lines checked: {{X}} out of {{Y}}', 'en'),
(2090, 2090, 'Lines imported: {{X}} out of {{Y}}', 'en'),
(2091, 2091, 'Products processed: {{X}} out of {{Y}}', 'en'),
(2092, 2092, 'Image resized: {{X}} out of {{Y}}', 'en'),
(2093, 2093, 'Lines verified: {{X}} out of {{Y}} (errors: {{errors}}, warnings: {{warns}})', 'en'),
(2094, 2094, 'Lines imported: {{X}} out of {{Y}} (errors: {{errors}}, warnings: {{warns}})', 'en'),
(2095, 2095, 'Products processed: {{X}} out of {{Y}} (errors: {{errors}}, warnings: {{warns}})', 'en'),
(2096, 2096, 'Image resized: {{X}} out of {{Y}} (errors: {{errors}}, warnings: {{warns}})', 'en'),
(2097, 2097, 'Import has been cancelled.', 'en'),
(2098, 2098, 'Export product data with', 'en'),
(2099, 2099, 'Global & Classes attributes', 'en'),
(2100, 2100, 'All attributes', 'en'),
(2101, 2101, 'Classes & Attributes', 'en'),
(2102, 2102, 'Product attribute values', 'en'),
(2103, 2103, 'Product attribute values (Yes/No) have been imported', 'en'),
(2104, 2104, 'Product attribute values (Plain text) have been imported', 'en'),
(2105, 2105, 'Product attribute values (Textarea) have been imported', 'en'),
(2106, 2106, 'CSV file has a wrong filename format.', 'en'),
(2107, 2107, 'Possible file names are: {{files}}', 'en'),
(2108, 2108, 'X-Cart could not find data in your file.', 'en'),
(2109, 2109, 'Possible reasons are:<br /><ul><li>file is empty</li><li>you specified CSV delimiter other than defined in settings ({{separator}}). In this case, define the correct delimiter in the <strong>CSV column delimiter</strong> on the <a href="{{configURL}}">Localization settings page</a>.</li><li>encoding of your file is not {{encoding}}. In this case, you need to open your CSV file in the spreadsheet editor (MS Excel, Openoffice Calc, etc) and save it using UTF-8 charset.</li><li>your CSV file has an incorrect format. <a href="{{kbURL}}" target="blank">Check our Knowledge base</a> for proper import formats.</li></ul>', 'en'),
(2110, 2110, 'Your store has some modules available only to Premium license owners. To continue with the upgrade, you must either <a href=''{{purchaseURL}}'' target=''_blank''>purchase</a> a Premium license, or <a href=''{{installedModulesURL}}''>remove</a> the following modules from your store:', 'en'),
(2111, 2111, 'No class', 'en'),
(2112, 2112, 'See log file for details', 'en'),
(2113, 2113, 'The product has been updated', 'en'),
(2114, 2114, 'Free license has been activated successfully', 'en'),
(2115, 2115, 'Unknown payment. If you see this message after returning from the payment page, please contact the store administrator for information about the status of your payment.', 'en'),
(2116, 2116, '{{count}} expired shopping cart(s) have been successfully removed', 'en'),
(2117, 2117, 'States information has been successfully deleted', 'en'),
(2118, 2118, 'Please select the states first', 'en'),
(2119, 2119, 'Free license key for email <em>{{email}}</em> is already registered. Please use a different email or <a href="{{url}}">click here to get key value sent to this email address</a>', 'en'),
(2120, 2120, 'Information about free license key has been sent to the email <em>{{email}}</em>', 'en'),
(2121, 2121, '<p>Cart contains products with a wrong quantity. Please correct this to proceed</p>', 'en'),
(2122, 2122, '<p>Cart contains products with a wrong quantity</p>', 'en'),
(2123, 2123, 'Inventory tracking options', 'en'),
(2124, 2124, 'Do not select anything if you want to make the product visible to all customers. Otherwise it will be visible to the users assigned to selected membership only.', 'en'),
(2125, 2125, 'Any stock status', 'en'),
(2126, 2126, 'Test', 'en'),
(2127, 2127, 'Live', 'en'),
(2128, 2128, 'The service name ''{{value}}'' is reserved and cannot be used for an address field.', 'en'),
(2129, 2129, 'Placed on <span class="date">{{date}}</span>', 'en'),
(2130, 2130, 'by <a class="name" href="{{url}}">{{name}}</a> <span class="email">{{email}}</span>', 'en'),
(2131, 2131, 'by <span class="name">{{name}}</span> <span class="email">{{email}}</span>', 'en'),
(2132, 2132, 'Setup store price: {{price}}', 'en'),
(2133, 2133, 'The button is inactive either because no changes have been detected on the current page or because the order totals need to be recalculated before the order can be updated.', 'en'),
(2134, 2134, 'Product with selected properties cannot be purchased', 'en'),
(2135, 2135, 'The specified amount of the product ({{value}}) exceeds the amount of the product in stock ({{max}})', 'en'),
(2136, 2136, 'Old staff note', 'en'),
(2137, 2137, 'New staff note', 'en'),
(2138, 2138, 'Current price for the selected configuration and quantity: {{price}}', 'en'),
(2139, 2139, 'Cannot create temporary order for modification', 'en'),
(2140, 2140, 'Customer information', 'en'),
(2141, 2141, 'no comments', 'en'),
(2142, 2142, 'All items cannot be removed from the order.', 'en'),
(2143, 2143, 'Changed items', 'en'),
(2144, 2144, 'Changed options', 'en'),
(2145, 2145, 'Added items', 'en'),
(2146, 2146, 'Removed items', 'en'),
(2147, 2147, 'Order item attributes are out-of-date and cannot be edited', 'en'),
(2148, 2148, 'Order will be delivered to the billing address.', 'en'),
(2149, 2149, 'Staff note', 'en'),
(2150, 2150, 'The value will be recalculated automatically. Press it if you want to ''freeze'' the current value.', 'en'),
(2151, 2151, 'The current value is ''frozen'' and won''t be recalculated. Press it if you want it to be updated when the totals are recalculated.', 'en'),
(2152, 2152, 'Notify customer', 'en'),
(2153, 2153, 'Order changes cannot be saved due to negative total value', 'en'),
(2154, 2154, 'Remove data', 'en'),
(2155, 2155, 'Buy', 'en'),
(2156, 2156, 'Click the link to increase product amount', 'en'),
(2157, 2157, 'Charset', 'en'),
(2158, 2158, 'You can change the charset for all subsequent imports and exports using <a href="{{url}}">this link</a>.', 'en'),
(2159, 2159, 'You can change the CSV delimiter for all subsequent imports and exports using <a href="{{url}}">this link</a>.', 'en'),
(2160, 2160, 'Layout', 'en'),
(2161, 2161, 'Two columns with right sidebar', 'en'),
(2162, 2162, 'Two columns with left sidebar', 'en'),
(2163, 2163, 'Three columns', 'en'),
(2164, 2164, 'One column', 'en'),
(2165, 2165, 'The product with SKU "{{value}}" does not exist. The "{{name}}" attribute will be imported as global', 'en'),
(2166, 2166, 'The "{{value}}" membership does not exist', 'en'),
(2167, 2167, 'The "{{value}}" product class does not exist', 'en'),
(2168, 2168, 'The "{{value}}" tax class does not exist', 'en'),
(2169, 2169, 'The "{{value}}" image does not exist', 'en'),
(2170, 2170, 'The "{{value}}" category does not exist', 'en'),
(2171, 2171, 'Item not found ({{keys}})', 'en'),
(2172, 2172, 'The number of values in the row does not match the number of column headers for this CSV file', 'en'),
(2173, 2173, 'Tags are not allowed in the column "{{column}}" and will be stripped', 'en'),
(2174, 2174, 'The value in the column "{{column}}" will be adjusted according to HTML specification to prevent potential XSS attack', 'en'),
(2175, 2175, 'The value in the column "{{column}}" will be cut because its length exceeds the allowed character length for the respective field', 'en'),
(2176, 2176, 'New product will be created', 'en'),
(2177, 2177, 'New membership will be created', 'en'),
(2178, 2178, 'New product class will be created', 'en'),
(2179, 2179, 'New tax class will be created', 'en'),
(2180, 2180, 'New category will be created', 'en'),
(2181, 2181, 'Wrong price format. Positive floating-point number expected', 'en'),
(2182, 2182, 'Wrong enabled format. This should be "Yes" or "No"', 'en'),
(2183, 2183, 'Wrong format of weight value. Positive floating-point number expected', 'en'),
(2184, 2184, 'Wrong format of low stock notification value. This should be "Yes" or "No"', 'en'),
(2185, 2185, 'Wrong format of use separate box value. This should be "Yes" or "No"', 'en'),
(2186, 2186, 'Wrong arrival date format. Correct example: Thu, 21 Dec 2000 16:01:07', 'en'),
(2187, 2187, 'Wrong date format. Correct example: Thu, 21 Dec 2000 16:01:07', 'en'),
(2188, 2188, 'Wrong update date format. Correct example: Thu, 21 Dec 2000 16:01:07', 'en'),
(2189, 2189, 'Wrong format of inventory tracking value. This should be "Yes" or "No"', 'en'),
(2190, 2190, 'Wrong format of stock level value. Positive integer expected', 'en'),
(2191, 2191, 'Wrong format of low stock notification value. This should be "Yes" or "No"', 'en'),
(2192, 2192, 'Wrong format of low limit level value. Positive integer expected', 'en'),
(2193, 2193, 'The name is empty', 'en'),
(2194, 2194, 'Wrong format of box width value. Positive integer expected', 'en'),
(2195, 2195, 'Wrong format of box length value. Positive integer expected', 'en'),
(2196, 2196, 'Wrong format of box height value. Positive integer expected', 'en'),
(2197, 2197, 'Wrong format of items per box value. Positive integer expected', 'en'),
(2198, 2198, 'Wrong format of Clean URL value (only alphanumeric, dash ("-") and underscore ("_") chars are allowed)', 'en'),
(2199, 2199, 'Error of image loading. Make sure the "images" directory has write permissions.', 'en'),
(2200, 2200, 'Wrong position format', 'en'),
(2201, 2201, 'The group "{{value}}" does not exist. A new group will be created', 'en'),
(2202, 2202, 'Wrong format of "type" value ({{value}}). This should be "C" - checkbox, "S" - selector, or "T" - textarea', 'en'),
(2203, 2203, 'Product SKU is empty', 'en'),
(2204, 2204, 'There is no product with SKU "{{value}}" to assign the attribute option value to', 'en'),
(2205, 2205, 'Wrong format of "type" value ({{value}}). This should be "C" - checkbox, "S" - selector, or "T" - textarea', 'en'),
(2206, 2206, 'Wrong format of "owner" value ({{value}}). This should be "Yes" for product-specific attributes or "No" for global attributes', 'en'),
(2207, 2207, 'Wrong format of "default" value ({{value}}). This should be "Yes" for product-specific attributes or "No" for global attributes', 'en'),
(2208, 2208, 'Wrong "priceModifier" format ({{value}}). Correct examples: +1, +1%, -1, -1%', 'en'),
(2209, 2209, 'Wrong "weightModifier" format ({{value}}). Correct examples: +1, +1%, -1, -1%', 'en'),
(2210, 2210, 'Product class {{value}} does not exists and will be created', 'en'),
(2211, 2211, 'Group {{value}} does not exists and will be created', 'en'),
(2212, 2212, 'Wrong format of show title value. This should be "Yes" or "No"', 'en'),
(2213, 2213, 'Wrong login format. Email as login is expected', 'en'),
(2214, 2214, 'Wrong date format. Correct example: Thu, 21 Dec 2000 16:01:07', 'en'),
(2215, 2215, 'Wrong date format. Correct example: Thu, 21 Dec 2000 16:01:07', 'en'),
(2216, 2216, 'Wrong last login date format. Example: Thu, 21 Dec 2000 16:01:07', 'en'),
(2217, 2217, 'Wrong status format. This should be "E" - enabled, or "D" - disabled', 'en'),
(2218, 2218, 'Wrong referer format. URL expected. Correct example: http://x-cart.com', 'en'),
(2219, 2219, 'Wrong format of language value. Correct examples: EN, DE, RU: http://en.wikipedia.org/wiki/ISO_639-1', 'en'),
(2220, 2220, 'Wrong format. This should be "Yes" or "No". Use "Yes" if it is the shipping address.', 'en'),
(2221, 2221, 'Wrong format. This should be "Yes" or "No". Use "Yes" if it is the billing address.', 'en'),
(2222, 2222, 'Wrong format of country code value. Correct examples: CA, US, RU: http://en.wikipedia.org/wiki/ISO_3166-1_alpha-2', 'en'),
(2223, 2223, 'Wrong format of state id value.', 'en'),
(2224, 2224, 'In advanced mode you can choose specific modules for upgrade.', 'en'),
(2225, 2225, 'Please note that correct site operation after upgrade is not guaranteed if you select to not upgrade all. Use this at your own risk and if you know exactly what you are doing.', 'en'),
(2226, 2226, 'Before installing a paid addon for this installation, you need to <a href="#" class="open-license-key-form">activate your X-Cart license.</a>', 'en'),
(2227, 2227, 'Use the form below to provide your license information.', 'en'),
(2228, 2228, 'Activate your X-Cart installation', 'en'),
(2229, 2229, 'Activate your X-Cart installation first', 'en'),
(2230, 2230, 'Activate key', 'en'),
(2231, 2231, 'Vendor', 'en'),
(2232, 2232, 'All', 'en'),
(2233, 2233, 'Paid', 'en'),
(2234, 2234, 'Free', 'en'),
(2235, 2235, 'Catalog Management', 'en'),
(2236, 2236, 'Search and Naviagation', 'en'),
(2237, 2237, 'I confirm that I have <strong>created backups</strong> of my store''s files and database before upgrading the store', 'en'),
(2238, 2238, 'Secure credit card payment', 'en'),
(2239, 2239, 'Card type', 'en'),
(2240, 2240, 'Chose credit card type', 'en'),
(2241, 2241, 'Choose card type', 'en'),
(2242, 2242, 'Card number', 'en'),
(2243, 2243, 'MONTH', 'en'),
(2244, 2244, 'VALID THRU', 'en'),
(2245, 2245, 'YEAR', 'en'),
(2246, 2246, 'Security code', 'en'),
(2247, 2247, 'Last three numbers on the back side of your card', 'en'),
(2248, 2248, 'Four-digit number on the front side of your card', 'en'),
(2249, 2249, 'Credit card security code (if present)', 'en'),
(2250, 2250, 'Countries information has been successfully updated', 'en'),
(2251, 2251, 'Please select the countries first', 'en'),
(2252, 2252, 'This payment method is <strong>Active</strong>.', 'en'),
(2253, 2253, 'This payment method is <strong>Inactive</strong>.', 'en'),
(2254, 2254, 'Active', 'en'),
(2255, 2255, 'Inactive', 'en'),
(2256, 2256, 'Learn More', 'en'),
(2257, 2257, 'Sign Up', 'en'),
(2258, 2258, '<!--[if (gte mso 9)|(IE)]><table align="center" border="0" cellspacing="0" cellpadding="0" dir="ltr" width="640">  <tr>    <td align="center" valign="top" width="440"><![endif]--><table align="left" border="0" cellpadding="10" cellspacing="0" style="height: 80px;" width="350" id="emailPreview">  <tr>    <td align="center" valign="top" id="logoContent">      <h1 id="logo" style="max-width:300px;">%logo%</h1>    </td>  </tr></table><!--[if (gte mso 9)|(IE)]>    </td>    <td align="center" valign="top" width="200"><![endif]--><table align="right" border="0" cellpadding="10" cellspacing="0" style="height: 80px;" width="350" id="emailLogo">  <tr>    <td align="left" valign="top" id="previewContent">      <div class="company-info" style="font-size: 14px; font-weight: lighter; color: #787e81; text-align: right;" align="right">%company_name%<br /> Phone: %company_phone%<br /> Fax: %company_fax%</div>    </td>  </tr></table><!--[if (gte mso 9)|(IE)]>     </td>    </tr>  </table><![endif]-->', 'en'),
(2259, 2259, 'Dear %recipient_name%!', 'en'),
(2260, 2260, '<p>Thank you for using our services<br/>%company_link%</p>', 'en'),
(2261, 2261, '<!--[if (gte mso 9)|(IE)]><table align="center" border="0" cellspacing="0" cellpadding="0" dir="ltr" width="640">  <tr>    <td align="center" valign="top" width="440"><![endif]--><table align="left" border="0" cellpadding="10" cellspacing="0" style="height: 80px;" width="350" id="emailPreview">  <tr>    <td align="center" valign="top" id="logoContent">      <h1 id="logo" style="max-width:300px;">%logo%</h1>    </td>  </tr></table><!--[if (gte mso 9)|(IE)]>    </td>    <td align="center" valign="top" width="200"><![endif]--><table align="right" border="0" cellpadding="10" cellspacing="0" style="height: 80px;" width="350" id="emailLogo">  <tr>    <td align="left" valign="top" id="previewContent">      <div class="company-info" style="font-size: 14px; font-weight: lighter; color: #787e81; text-align: right;" align="right">%company_name%<br /> Phone: %company_phone%<br /> Fax: %company_fax%</div>    </td>  </tr></table><!--[if (gte mso 9)|(IE)]>     </td>    </tr>  </table><![endif]-->', 'en'),
(2262, 2262, '<p>Thank you for using our services<br/>%company_link%</p>', 'en'),
(2263, 2263, 'Email notifications', 'en'),
(2264, 2264, 'The body template may include other templates to generate the email notification. To customize it, please, copy appropriate templates to "skins/theme_tweaker/mail/" (or "skins/custom_skin/mail/" if you use CustomSkin module) directory within the same folder structure and then change it to your needs.', 'en'),
(2265, 2265, 'Enabled for administrator', 'en'),
(2266, 2266, 'Enabled for customer', 'en'),
(2267, 2267, 'Customer header', 'en'),
(2268, 2268, 'Customer signature', 'en'),
(2269, 2269, 'Administrator header', 'en'),
(2270, 2270, 'Administrator signature', 'en'),
(2271, 2271, 'Customer subject', 'en'),
(2272, 2272, 'Customer text', 'en'),
(2273, 2273, 'Administrator subject', 'en'),
(2274, 2274, 'Administrator text', 'en'),
(2275, 2275, 'This page allows you to adjust the types of email notifications your store sends to users. Use the On/Off widget to enable/disable specific notifications. Click on the name of a notification to edit the notification text.', 'en'),
(2276, 2276, 'Notification', 'en'),
(2277, 2277, 'Back to notifications list', 'en'),
(2278, 2278, 'On', 'en'),
(2279, 2279, 'Off', 'en'),
(2280, 2280, 'The Free license key cannot be activated as it is impossible to get information about the available addons from the Marketplace at the moment. Please try again later.', 'en'),
(2281, 2281, 'No promotion modules installed', 'en'),
(2282, 2282, 'Sorting & Descriptions', 'en'),
(2283, 2283, 'Payment method is enabled', 'en'),
(2284, 2284, 'Payment method is disabled', 'en'),
(2285, 2285, 'You should confirm that you have created a backup before upgrading the store.', 'en'),
(2286, 2286, 'Upgrade note', 'en'),
(2287, 2287, 'The following modules currently do not have a version compatible with the X-Cart version to which you are upgrading. If you want to keep using these modules after the upgrade, use the "Request for upgrade" button to send a request to the module developers so they provide an updated version for their module and make it available via the X-Cart''s Marketplace. Once the updated module versions are available, you should be able to complete upgrading your store without losing any of the features you currently use.', 'en'),
(2288, 2288, '{{count}} module will be disabled', 'en'),
(2289, 2289, '{{count}} modules will be disabled', 'en'),
(2290, 2290, '{{count}} module will be upgraded', 'en'),
(2291, 2291, '{{count}} modules will be upgraded', 'en'),
(2292, 2292, 'Request for upgrade', 'en'),
(2293, 2293, 'Your request has been sent successfully', 'en'),
(2294, 2294, 'An error occurred while sending the request', 'en'),
(2295, 2295, 'view list', 'en'),
(2296, 2296, 'hide list', 'en'),
(2297, 2297, 'Your version ({{version}}) can be upgraded to', 'en'),
(2298, 2298, 'Imported', 'en'),
(2299, 2299, 'Importing data...', 'en'),
(2300, 2300, 'Verified', 'en'),
(2301, 2301, 'Verifying data before importing...', 'en'),
(2302, 2302, 'Products processed', 'en'),
(2303, 2303, 'Processing products...', 'en'),
(2304, 2304, 'Images resized', 'en'),
(2305, 2305, 'Resizing images...', 'en'),
(2306, 2306, 'Generate resized images', 'en'),
(2307, 2307, 'Clicking the "Generate resized images" button launches the image resizing routine to generate copies of existing images in all the sizes needed to display the images in your store''s customer area. Having a separate image file in each of the sizes provides a way to speed up your site''s performance by reducing page load times for pages containing graphics.', 'en'),
(2308, 2308, 'The generation of resized images has been completed successfully.', 'en'),
(2309, 2309, 'The generation of resized images has been stopped.', 'en'),
(2310, 2310, 'The image resizing process may take a while to complete. Please do not close this page until the process is fully completed. If the page has been closed, please re-open it to complete the process (The image resizing routine is executed only while the page stays open).', 'en'),
(2311, 2311, 'Notification headers and signatures can be set using variables. A list of supported variables and their respective values is provided in the table below', 'en'),
(2312, 2312, 'Developers docs', 'en'),
(2313, 2313, 'The following selected modules cannot be disabled or uninstalled as they have dependent modules: {{list}}', 'en'),
(2314, 2314, 'The following selected modules cannot be enabled as they depend on disabled modules which cannot be enabled: {{list}}', 'en'),
(2315, 2315, 'The module may not be disabled due to the limitations of the module architecture.', 'en'),
(2316, 2316, 'The following selected modules cannot be disabled due to architecture limitations: {{list}}', 'en'),
(2317, 2317, 'Please note that the following modules will also be enabled:', 'en'),
(2318, 2318, 'New account', 'en'),
(2319, 2319, 'Products processed: {{count}}', 'en'),
(2320, 2320, 'Images resized: {{count}}', 'en'),
(2321, 2321, 'Orders list', 'en'),
(2322, 2322, 'Coming soon', 'en'),
(2323, 2323, 'View storefront', 'en'),
(2324, 2324, 'Payment is not required', 'en'),
(2325, 2325, 'Zoom image', 'en'),
(2326, 2326, 'CSV delimiter', 'en'),
(2327, 2327, 'Module Marketplace. Terms of use', 'en'),
(2328, 2328, 'Import/Export guide', 'en'),
(2329, 2329, 'Yes, I agree with License agreements', 'en'),
(2330, 2330, 'The system has detected that some updates are available for enabled modules. It is strongly recommended to have all the enabled modules updated to the latest version for better compatibility before installing new ones from the Marketplace.', 'en'),
(2331, 2331, 'Action', 'en'),
(2332, 2332, 'Will be updated if core update is selected', 'en'),
(2333, 2333, 'Options:', 'en'),
(2334, 2334, 'RSS feed', 'en'),
(2335, 2335, 'Will be deleted:', 'en'),
(2336, 2336, 'Are you sure you want to uninstall the selected add-ons?', 'en'),
(2337, 2337, 'Module page', 'en'),
(2338, 2338, 'Add to bag', 'en'),
(2339, 2339, 'New access codes were generated.', 'en'),
(2340, 2340, 'show list', 'en'),
(2341, 2341, 'All statuses', 'en'),
(2342, 2342, 'Product attribute values have been imported', 'en'),
(2343, 2343, 'No items found', 'en'),
(2344, 2344, 'No model selected', 'en'),
(2345, 2345, 'Profile is not selected', 'en'),
(2346, 2346, 'SKU is not selected', 'en'),
(2347, 2347, 'Status is not defined', 'en'),
(2348, 2348, 'All user types', 'en'),
(2349, 2349, 'Advanced Order Management', 'en'),
(2350, 2350, 'Public ID', 'en'),
(2351, 2351, 'Public id', 'en'),
(2352, 2352, 'Method name', 'en'),
(2353, 2353, 'Tracking number', 'en'),
(2354, 2354, 'The common notification fields have been updated', 'en'),
(2355, 2355, 'The notification has been updated', 'en'),
(2356, 2356, 'The product has been added', 'en'),
(2357, 2357, 'Add-on does not exist.', 'en'),
(2358, 2358, 'Transaction', 'en'),
(2359, 2359, 'Log files not found', 'en'),
(2360, 2360, 'Payment method settings', 'en'),
(2361, 2361, 'Recently installed modules', 'en'),
(2362, 2362, 'Login dates', 'en'),
(2363, 2363, 'File is not an image', 'en'),
(2364, 2364, 'File is not uploaded', 'en'),
(2365, 2365, 'Create label', 'en'),
(2366, 2366, 'Product information has been deleted successfully', 'en'),
(2367, 2367, 'Import language', 'en'),
(2368, 2368, 'License: trial version', 'en'),
(2369, 2369, 'Installation date', 'en'),
(2370, 2370, 'Order failed', 'en'),
(2371, 2371, 'Delete account', 'en'),
(2372, 2372, 'Administrator account cannot be deleted via customer interface.', 'en'),
(2373, 2373, 'X-Cart license key has been successfully verified and activated.', 'en'),
(2374, 2374, 'X-Cart license key has been activated. However, this key is expired and does not allow getting upgrade packs from the Marketplace.', 'en'),
(2375, 2375, 'The license key for the module "name" by "author" has been successfully verified and activated. However, this key is expired and does not allow getting module upgrade packs from the Marketplace.', 'en'),
(2376, 2376, 'Expired license keys have been found. Download and installation of updates requiring these license keys will be unavailable.', 'en'),
(2377, 2377, 'Expired license keys have been found. Please prolongate them to receive new features and improvements with periodic updates.', 'en'),
(2378, 2378, 'License key', 'en'),
(2379, 2379, 'Exp. date', 'en'),
(2380, 2380, 'Prolongate license', 'en'),
(2381, 2381, 'Prolongate licenses', 'en'),
(2382, 2382, 'Re-validate license keys', 'en'),
(2383, 2383, 'Wrong format: Field contains unallowed characters', 'en'),
(2384, 2384, 'The Clean URL entered is already <a href="{{entityURL}}" target="_blank">in use</a>.', 'en'),
(2385, 2385, 'The Clean URL entered is a redirect to <a href="{{entityURL}}" target="_blank">another object</a>.', 'en'),
(2386, 2386, 'The clean URL will be generated automatically.', 'en'),
(2387, 2387, 'Result', 'en'),
(2388, 2388, 'Change the Clean URL value for this page (Enter a different Clean URL value manually or use the Autogenerate Clean URL feature)', 'en'),
(2389, 2389, 'Enable the option "Assign entered Clean URL to this page anyway" to dissociate the entered Clean URL from the page it is currently used for and assign it to the page of the object being edited.', 'en'),
(2390, 2390, 'Resolve the conflict', 'en'),
(2391, 2391, 'Assign entered Clean URL to this page anyway', 'en'),
(2392, 2392, 'Human readable and SEO friendly web address for the page.', 'en'),
(2393, 2393, 'This feature is available only for paid (non-free) <a href="{{pricingUrl}}" target="_blank">X-Cart license plans</a>.', 'en'),
(2394, 2394, 'In this section you can review the recent payment transactions that have taken place at your store, both successful and failed. You can easily identify orders with payment problems and increase your sales by following up on abandoned carts.', 'en'),
(2395, 2395, 'Hash file for installed entry "{{entry}}" doesn''t exist or is not readable', 'en'),
(2396, 2396, 'Sale statistics', 'en'),
(2397, 2397, 'Yesterday', 'en'),
(2398, 2398, 'Last week', 'en'),
(2399, 2399, 'Low stock info', 'en'),
(2400, 2400, 'Last year', 'en'),
(2401, 2401, 'Security issue', 'en'),
(2402, 2402, 'New modules', 'en'),
(2403, 2403, 'View more addons in Marketplace', 'en'),
(2404, 2404, 'Upgrade access level has been successfully assigned to your license keys', 'en'),
(2405, 2405, '<ul><li><b>Developer</b> level assumes the earliest access to upgrade, but the build can be unstable.</li><li><b>Merchant</b> level assumes the latest access to upgrade, but the build will be the most stable.</li></ul>', 'en'),
(2406, 2406, 'Could not assign upgrade access level to your license keys', 'en'),
(2407, 2407, 'There are no activated license keys', 'en'),
(2408, 2408, 'Upgrade access level cannot be changed for default free license', 'en'),
(2409, 2409, 'An error occurred, please try again. If the problem persists, contact the administrator.', 'en'),
(2410, 2410, 'An error occurred, please try again. If the problem persists, contact the administrator.<ul><li>{{txnNote}}</li></ul>', 'en'),
(2411, 2411, 'Cache management', 'en'),
(2412, 2412, 'Re-deploy the store', 'en'),
(2413, 2413, 'Use this button to launch the store re-deployment process. Re-deployment may take a while to complete. Please do not close this page until the process is fully completed. If the page has been closed, please re-open it to complete the process (The store re-deployment is executed only while the page stays open).', 'en'),
(2414, 2414, 'Calculate quick data', 'en'),
(2415, 2415, 'Use this button to launch quick data calculation. Calculated quick data enhances your store''s performance by allowing quick product sorting. The process of quick data calculation may take a while to complete. Please do not close this page until the process is fully completed. If the page has been closed, please re-open it to complete the process (The calculation is performed only while the page stays open).', 'en'),
(2416, 2416, 'About {{time}} remaining', 'en'),
(2417, 2417, 'Calculating quick data...', 'en'),
(2418, 2418, 'The process of quick data calculation may take a while to complete. Please do not close this page until the process is fully completed. If the page has been closed, please re-open it to complete the process (The calculation is performed only while the page stays open).', 'en'),
(2419, 2419, 'The calculation of quick data has been completed successfully.', 'en'),
(2420, 2420, 'The calculation of quick data has been stopped.', 'en'),
(2421, 2421, 'Find transactions <b>by ID</b>', 'en'),
(2422, 2422, 'Search for transactions <b>by date</b>', 'en'),
(2423, 2423, 'Filter transactions <b>by status</b>', 'en'),
(2424, 2424, 'Choose the right plan', 'en'),
(2425, 2425, 'Buy Business Edition', 'en'),
(2426, 2426, 'unavailable', 'en'),
(2427, 2427, '{{count}} modules have been selected', 'en'),
(2428, 2428, 'This tool allows you to get rid of any content that might have been created in your store for testing purposes and which you no longer need. To use the tool, mark for deletion the types of content data you want to be removed, then click the <strong>Save Changes</strong> button. Removal of content data will not affect the store''s existing configuration settings.', 'en'),
(2429, 2429, '<strong>Warning!</strong> The selected types of content data will be deleted permanently. We strongly recommend you back up your store before you proceed.<br />Please enter the administrator password to confirm you understand the consequences of your choice.', 'en'),
(2430, 2430, 'Incorrect password. Please try again.', 'en'),
(2431, 2431, 'Confirmation', 'en'),
(2432, 2432, 'Leave blank to use product name as Page Title.', 'en'),
(2433, 2433, 'This page is intended for the creation and management of discount coupons. Different types of coupons are supported, including <strong>$ off, % off and free shipping</strong>. For each coupon the following information can be specified:', 'en'),
(2434, 2434, 'the <strong>dates</strong> the coupon should be valid for;', 'en'),
(2435, 2435, 'the <strong>order subtotal range</strong> for which the coupon can be used;', 'en'),
(2436, 2436, 'the <strong>categories and product classes</strong> to which the coupon may be applied;', 'en'),
(2437, 2437, 'whether the coupon may be used by everyone or only by users with <strong>specific memberships</strong>.', 'en'),
(2438, 2438, 'This page is intended for the management of volume discounts based on the order subtotal.', 'en'),
(2439, 2439, 'Set <strong>absolute or %-based</strong> discount rates;', 'en'),
(2440, 2440, 'Make a discount available to <strong>all customers</strong> or only to specific <strong>membership levels</strong>;', 'en'),
(2441, 2441, 'Set a single discount or add <strong>multiple volume discounts</strong>.', 'en'),
(2442, 2442, 'The system has been restored to the selected snapshot of {{date}}', 'en'),
(2443, 2443, 'The system has failed to restore because there was no snapshot of {{date}}', 'en'),
(2444, 2444, 'Leave blank to use category name as Page Title.', 'en'),
(2445, 2445, 'Current template', 'en'),
(2446, 2446, 'Standard', 'en'),
(2447, 2447, 'Layout type', 'en'),
(2448, 2448, 'Edit custom options', 'en'),
(2449, 2449, 'Visit the template store', 'en'),
(2450, 2450, 'Activate purchased skin', 'en'),
(2451, 2451, 'If you purchased a template but do not see it here, activate the license key that was provided to you.', 'en'),
(2452, 2452, 'Choose a new template', 'en'),
(2453, 2453, '<strong>Need custom design?</strong> We can modify this template or create a completely unique design for you', 'en'),
(2454, 2454, 'FREE quote', 'en'),
(2455, 2455, 'Layout has been changed. <a href="{{storefront}}" target="_blank">Review the updated storefront</a>.', 'en'),
(2456, 2456, 'To make your changes visible in the customer area, cache rebuild is required. It will take several seconds. You don’t need to close the storefront, the operation is executed in the background.', 'en'),
(2457, 2457, 'Product details image', 'en'),
(2458, 2458, 'Products list image (<span class="preview" data-img="preview_grid.png">grid view</span>)', 'en'),
(2459, 2459, 'Products list image (<span class="preview" data-img="preview_list.png">list view</span>)', 'en'),
(2460, 2460, 'Category image', 'en'),
(2461, 2461, 'There are unsaved changes on the page. If you choose to continue, these changes will be lost. Do you want to proceed?', 'en'),
(2462, 2462, 'X-Cart found some issues with installed SSL certificate. You can get more information using this service: <a href=''{{url}}''>{{url}}</a>', 'en'),
(2463, 2463, 'The secure protocol is enabled for your website. But X-Cart hasn''t found the valid SSL certificate on your server.', 'en'),
(2464, 2464, 'How do I move X-Cart?', 'en'),
(2465, 2465, 'No region', 'en'),
(2466, 2466, 'Check for available free disk space has failed', 'en'),
(2467, 2467, 'You should check available free disk space yourself before continuing upgrade', 'en'),
(2468, 2468, 'You should check available free disk space yourself before continuing installation', 'en'),
(2469, 2469, 'Payment method has been added', 'en'),
(2470, 2470, 'Payment method was not added', 'en'),
(2471, 2471, 'Installation warnings', 'en'),
(2472, 2472, 'You can get more information using this service: <a href="{{url}}">{{url}}</a>', 'en'),
(2473, 2473, 'X-Cart could not find a valid SSL certificate on your server. Although you can switch the store to use the secure protocol for the website pages, most Internet browsers will likely display a warning message scaring your website visitors away.', 'en'),
(2474, 2474, 'X-Cart could not find a valid SSL certificate on your server.', 'en'),
(2475, 2475, 'X-Cart could not find a valid SSL certificate on your server (<span>{{domain}}</span>).', 'en'),
(2476, 2476, 'Before enabling HTTPS protocol read this article: <a href="{{articleUrl}}">Inaccessible Admin area after enabling HTTPS</a>', 'en'),
(2477, 2477, 'You are operating as:', 'en'),
(2478, 2478, 'Operate as this customer', 'en'),
(2479, 2479, 'Quit', 'en'),
(2480, 2480, 'You are operating as: {{user}}', 'en'),
(2481, 2481, 'You are logged in as: {{user}}', 'en'),
(2482, 2482, 'Finished operating as customer', 'en'),
(2483, 2483, '<a href="http://www.avalara.com" target="_blank">Avalara</a>, a leader in US sales tax automation, provides a solution that can make your life easier by providing accurate and up-to-date tax rates for products you sell.', 'en'),
(2484, 2484, 'New to Avalara? <a href="http://www.avalara.com/integrations/x-cart/" target="_blank">Sign up here!</a>', 'en'),
(2485, 2485, 'Existing Avalara user? Enable and configure AvaTax <a href="{{moduleSettings}}">here</a>', 'en'),
(2486, 2486, 'Any profile', 'en'),
(2487, 2487, 'Shipping method is not configured.', 'en'),
(2488, 2488, 'Delivery time', 'en'),
(2489, 2489, 'Shipping method information that your customers will be able to see when choosing a shipping method for their order during checkout. Can be provided only for offline shipping methods.', 'en'),
(2490, 2490, 'Choose a parameter (or parameters) based on which custom rates will be defined. When calculating shipping costs, the system takes into account only the custom rates defined based on the parameter(s) selected in this field.', 'en'),
(2491, 2491, 'Can be provided only for offline shipping methods.', 'en'),
(2492, 2492, 'Handling fee', 'en'),
(2493, 2493, 'Can be provided only for online shipping methods.', 'en'),
(2494, 2494, 'What type of shipping rates would you like to use?', 'en'),
(2495, 2495, 'Carrier-calculated rates', 'en'),
(2496, 2496, 'Custom table rates', 'en'),
(2497, 2497, 'Get shipping rates from major shipping carrier companies. No need to enter shipping rates manualy: the rates are obtained from the shipping carrier in real time so you get the most accurate shipping cost estimation.', 'en'),
(2498, 2498, 'Method name', 'en'),
(2499, 2499, 'Table based on', 'en'),
(2500, 2500, 'Subtotal', 'en'),
(2501, 2501, 'Weight', 'en'),
(2502, 2502, 'Items', 'en'),
(2503, 2503, 'Subtotal, weight, items', 'en'),
(2504, 2504, 'Address zone', 'en'),
(2505, 2505, 'Subtotal range', 'en');
INSERT INTO `xc_language_label_translations` (`label_id`, `id`, `label`, `code`) VALUES
(2506, 2506, 'Weight range', 'en'),
(2507, 2507, 'Items range', 'en'),
(2508, 2508, 'flat rate', 'en'),
(2509, 2509, 'per item', 'en'),
(2510, 2510, 'per weight unit', 'en'),
(2511, 2511, 'Shipping', 'en'),
(2512, 2512, 'Items', 'en'),
(2513, 2513, 'Subtotal', 'en'),
(2514, 2514, 'Weight', 'en'),
(2515, 2515, 'Free', 'en'),
(2516, 2516, 'Here you can provide general information about the shipping method and configure a table defining how shipping rates for this method should be calculated.', 'en'),
(2517, 2517, 'How to define shipping rates', 'en'),
(2518, 2518, 'You can set up different shipping rates depending on the weight, price or quantity of items in the order. For this purpose in the field "Table based on" you need to specify the quality of an order that should determine the choice of a shipping rate (order subtotal, order weight, quantity of items in the order, or "Subtotal, weight, items" - if multiple factors need to be taken into account at the same time). Then in the table below you need to specify the subtotal, weight and/or quantity range that make an order eligible for this rate, and specify the values that need to be taken into account when calculating the shipping rate. If rates for more than one ranges need to be specified, it is necessary to add more rows to the rates table. The ranges for the different rates in the table may not overlap.', 'en'),
(2519, 2519, 'Shipping rates are calculated by the following formula:', 'en'),
(2520, 2520, 'You can define the following values:', 'en'),
(2521, 2521, 'Flat shipping charge. This value will be added to the shipping rate regardless of the weight, price and number of items ordered.', 'en'),
(2522, 2522, 'Flat shipping charge per item ordered.', 'en'),
(2523, 2523, 'Shipping charge based on a percentage of the order subtotal.', 'en'),
(2524, 2524, 'Flat shipping charge per weight unit ordered (for example, per pound or per kilogram - depending on the weight units used by your store).', 'en'),
(2525, 2525, 'SHIPPING = flat + ITEMS*per_item + SUBTOTAL*(% of subtotal)/100 + WEIGHT*per_{{X}};', 'en'),
(2526, 2526, 'Carrier services', 'en'),
(2527, 2527, 'Carrier service', 'en'),
(2528, 2528, 'Carrier service name', 'en'),
(2529, 2529, 'Test rates', 'en'),
(2530, 2530, 'Back to shipping methods', 'en'),
(2531, 2531, 'This shipping method is', 'en'),
(2532, 2532, 'This shipping method is <strong>not configured</strong>.', 'en'),
(2533, 2533, 'on', 'en'),
(2534, 2534, 'off', 'en'),
(2535, 2535, 'Pre-upgrade hooks cannot be run', 'en'),
(2536, 2536, 'Files cannot be updated', 'en'),
(2537, 2537, 'Trying to run pre-upgrade hooks while not all archives were unpacked', 'en'),
(2538, 2538, '...Invoke {{type}} hook for {{entry}}...', 'en'),
(2539, 2539, '...Hooks {{hooksCount}}, Items {{itemsCount}}...', 'en'),
(2540, 2540, '...Hooks {{hooksCount}}', 'en'),
(2541, 2541, '...Unpacking {{entry}}...{{status}}', 'en'),
(2542, 2542, '...Downloading {{entry}}...{{status}}', 'en'),
(2543, 2543, '<span class="value">{{X}}</span> items', 'en'),
(2544, 2544, 'More attributes', 'en'),
(2545, 2545, 'Do you really want to close storefront?', 'en'),
(2546, 2546, 'The product for which you attempted to upload an attachment has not been found', 'en'),
(2547, 2547, 'The file extension is forbidden', 'en'),
(2548, 2548, 'Accounting', 'en'),
(2549, 2549, 'Export orders', 'en'),
(2550, 2550, 'Not seeing your accounting software here? <a href="{{href}}" target="_blank">Let us know</a>', 'en'),
(2551, 2551, 'Want to change or add another accounting system? Choose the accounting system you require below and configure it.', 'en'),
(2552, 2552, 'No accounting system has been selected yet. Choose your accounting system below and configure it.', 'en'),
(2553, 2553, 'Automate shipping', 'en'),
(2554, 2554, 'Integration with', 'en'),
(2555, 2555, 'Automate your shipping process with the services of our partners: print shipping labels, grab shipping orders info from eBay, ETSY, Amazon and other marketplaces; integrate with several shipping carriers in one spot and more.', 'en'),
(2556, 2556, 'Haven''t found what you''re looking for? View more <a href=''{{href}}''>shipping modules</a>', 'en'),
(2557, 2557, 'Print Shipping labels', 'en'),
(2558, 2558, 'FREE trial', 'en'),
(2559, 2559, 'Refunds', 'en'),
(2560, 2560, 'App type', 'en'),
(2561, 2561, 'Cloud Service', 'en'),
(2562, 2562, 'Win app', 'en'),
(2563, 2563, 'Amazon', 'en'),
(2564, 2564, 'DHL', 'en'),
(2565, 2565, 'ETSY', 'en'),
(2566, 2566, 'FedEx', 'en'),
(2567, 2567, 'Stamps.com', 'en'),
(2568, 2568, 'UPS', 'en'),
(2569, 2569, 'U.S.P.S.', 'en'),
(2570, 2570, 'eBay', 'en'),
(2571, 2571, 'Origin address', 'en'),
(2572, 2572, 'TRANSACTIONS DETAILS', 'en'),
(2573, 2573, 'You can find the failed transaction <a href="{{url}}">here</a>', 'en'),
(2574, 2574, 'Save filter', 'en'),
(2575, 2575, 'Enter filter name', 'en'),
(2576, 2576, 'Delete filter', 'en'),
(2577, 2577, 'Are you sure you want to delete this filter?', 'en'),
(2578, 2578, 'Filter has been successfully saved', 'en'),
(2579, 2579, 'Filter has been removed', 'en'),
(2580, 2580, 'The download should start automatically. Click the link if does not start.', 'en'),
(2581, 2581, 'Sorry, your order cannot be placed as there are no shipping methods available.', 'en'),
(2582, 2582, 'Packing slip', 'en'),
(2583, 2583, 'Print packing slip', 'en'),
(2584, 2584, 'Packing date', 'en'),
(2585, 2585, 'Order date', 'en'),
(2586, 2586, 'Bill to', 'en'),
(2587, 2587, 'Ship to', 'en'),
(2588, 2588, 'Order QTY', 'en'),
(2589, 2589, 'Ship QTY', 'en'),
(2590, 2590, 'Please select the orders first', 'en'),
(2591, 2591, 'Orders has been successfully deleted', 'en'),
(2592, 2592, 'Purchase license', 'en'),
(2593, 2593, 'License warning', 'en'),
(2594, 2594, 'Inactive license key ({{key}})', 'en'),
(2595, 2595, 'Does not match license type (requires {{list}} edition)', 'en'),
(2596, 2596, 'Requires {{list}} edition license', 'en'),
(2597, 2597, 'License key is missing', 'en'),
(2598, 2598, 'The system has detected one or more problems with some of the modules at your store:', 'en'),
(2599, 2599, 'inactive license key(s);', 'en'),
(2600, 2600, 'installed module(s) not allowed by the type of X-Cart license activated at your store.', 'en'),
(2601, 2601, 'Using the modules with this type of license violation is illegal.<br />To resolve the problem, please remove the affected modules from your store, or activate a valid license allowing the use of these modules.', 'en'),
(2602, 2602, 'Also the system has detected problems with the following modules:', 'en'),
(2603, 2603, 'You can also <a href="{{url}}" target="_blank">contact our CR department</a> for help with this issue', 'en'),
(2604, 2604, 'WARNING! Any attempt to access further pages in the administrator interface will result in the <strong>automatic disabling</strong> of all the unallowed modules. To prevent this from happening, please activate a valid license key by clicking the button below.', 'en'),
(2605, 2605, 'Remove unlicensed modules', 'en'),
(2606, 2606, 'The system has detected that the license key that was activated for your store is invalid.<br />Using the store with an invalid license key is illegal.<br />To resolve the problem, please activate a valid license key for your store, or revert to Trial mode.', 'en'),
(2607, 2607, 'Back to Trial mode', 'en'),
(2608, 2608, 'Re-check', 'en'),
(2609, 2609, 'Tools', 'en'),
(2610, 2610, 'All payment transaction statuses', 'en'),
(2611, 2611, 'Default image settings', 'en'),
(2612, 2612, 'In progress', 'en'),
(2613, 2613, 'Initialized', 'en'),
(2614, 2614, 'Success', 'en'),
(2615, 2615, 'Pending', 'en'),
(2616, 2616, 'Failed', 'en'),
(2617, 2617, 'Canceled', 'en'),
(2618, 2618, 'Void', 'en'),
(2619, 2619, 'The calculation failed', 'en'),
(2620, 2620, 'The calculation completed', 'en'),
(2621, 2621, 'The process of sales calculation may take a while to complete. Please do not close this page until the process is fully completed.', 'en'),
(2622, 2622, 'Sales calculation', 'en'),
(2623, 2623, 'This method is displayed because you are logged in as admin and operating as another user', 'en'),
(2624, 2624, 'Order staff notes changed by {{user}}', 'en'),
(2625, 2625, 'Order customer notes changed by {{user}}', 'en'),
(2626, 2626, 'Old customer note', 'en'),
(2627, 2627, 'New customer note', 'en'),
(2628, 2628, 'Add comment here', 'en'),
(2629, 2629, 'more', 'en'),
(2630, 2630, 'View order history', 'en'),
(2631, 2631, 'Banner rotation', 'en'),
(2632, 2632, 'Add banner', 'en'),
(2633, 2633, 'Review & Submit order', 'en'),
(2634, 2634, 'Products search', 'en'),
(2635, 2635, 'Requires shipping', 'en'),
(2636, 2636, 'Learn how to convert failed transactions into real orders', 'en'),
(2637, 2637, 'Customer', 'en'),
(2638, 2638, 'Couldn''t download the image "{{value}}"', 'en'),
(2639, 2639, 'Error of image verification ({{value}}). Make sure you have specified the correct image file or URL.', 'en'),
(2640, 2640, 'Show low stock warning on product page', 'en'),
(2641, 2641, 'Notify administrator if the stock quantity of this product goes below a certain limit', 'en'),
(2642, 2642, 'Only {{X}} left in stock', 'en'),
(2643, 2643, 'Show all warnings/errors', 'en'),
(2644, 2644, 'Hide all warnings/errors', 'en'),
(2645, 2645, 'Errors', 'en'),
(2646, 2646, 'Warnings', 'en'),
(2647, 2647, 'Download error file', 'en'),
(2648, 2648, 'The value must be greater than the current maximum order number in the order list', 'en'),
(2649, 2649, 'Authorize', 'en'),
(2650, 2650, 'Sale', 'en'),
(2651, 2651, 'Capture', 'en'),
(2652, 2652, 'Capture partially', 'en'),
(2653, 2653, 'Capture multiple', 'en'),
(2654, 2654, 'Void', 'en'),
(2655, 2655, 'Void partially', 'en'),
(2656, 2656, 'Void multiple', 'en'),
(2657, 2657, 'Refund', 'en'),
(2658, 2658, 'Refund partially', 'en'),
(2659, 2659, 'Refund multiple', 'en'),
(2660, 2660, 'Get information', 'en'),
(2661, 2661, 'Accept', 'en'),
(2662, 2662, 'Decline', 'en'),
(2663, 2663, 'Test', 'en'),
(2664, 2664, 'Need a more powerful banner system for your store? <a href="{{url}}">Get it now!</a>', 'en'),
(2665, 2665, 'Administrator', 'en'),
(2666, 2666, 'Log in as this admin', 'en'),
(2667, 2667, 'Need a more customizeable PDF invoice solution for your store? <a href="{{url}}">Get it now!</a>', 'en'),
(2668, 2668, 'File can not be uploaded', 'en'),
(2669, 2669, '{{file}} file could not be copied to a new location {{newPath}}', 'en'),
(2670, 2670, 'Unable to write data to file {{file}}', 'en'),
(2671, 2671, 'Unable to download the content of {{url}}', 'en'),
(2672, 2672, 'Unable to get the content from {{url}}', 'en'),
(2673, 2673, 'The file extension is forbidden ({{file}}', 'en'),
(2674, 2674, 'Incorrect permissions', 'en'),
(2675, 2675, 'Not enough permissions to import user access level', 'en'),
(2676, 2676, 'Wrong access level format ({{value}})', 'en'),
(2677, 2677, 'Not enough permissions to import user roles', 'en'),
(2678, 2678, 'Wrong role name ({{value}})', 'en'),
(2679, 2679, 'Roles cannot be changed for your profile via import. Row will be skipped', 'en'),
(2680, 2680, 'Access level cannot be changed (from {{prevValue}} to {{value}}) for existing profile ({{login}})', 'en'),
(2681, 2681, 'You cannot update administrator profile ({{value}}). Row will be skipped', 'en'),
(2682, 2682, 'You cannot update administrator profile ({{value}}). Row has been skipped', 'en'),
(2683, 2683, 'The count of categories specified for a product and the count of orderBy position numbers describing the position of the product within these categories must be the same.', 'en'),
(2684, 2684, 'OrderBy position number must be specified as a non-negative integer.', 'en'),
(2685, 2685, 'Category name should not be empty', 'en'),
(2686, 2686, 'After the problem has been fixed, try to connect again.'', {''clear_cache'': url(''addons_list_marketplace', 'en'),
(2687, 2687, 'All items', 'en'),
(2688, 2688, 'Although you can switch the store to use the secure protocol for the website pages, most Internet browsers will likely display a warning message scaring your website visitors away.', 'en'),
(2689, 2689, 'Autogenerate', 'en'),
(2690, 2690, 'Background export is in progress', 'en'),
(2691, 2691, 'Clean URLs are disabled. More info'', {''more_info_url'': url(''settings'', ''', 'en'),
(2692, 2692, 'Connecting to the marketplace...', 'en'),
(2693, 2693, 'Do not see your payment method? Find it on our Marketplace'', {''url'': url(''addons_list_marketplace'', '''', {''tag'': ''Payment processing', 'en'),
(2694, 2694, 'Enter product name or SKU', 'en'),
(2695, 2695, 'Export all', 'en'),
(2696, 2696, 'File was successfully uploaded', 'en'),
(2697, 2697, 'Hide and make them available only via a direct link', 'en'),
(2698, 2698, 'Ignore membership', 'en'),
(2699, 2699, 'Import results', 'en'),
(2700, 2700, 'Info', 'en'),
(2701, 2701, 'Initializing...', 'en'),
(2702, 2702, 'Inventory tracking is', 'en'),
(2703, 2703, 'Length x Width x Height (in)', 'en'),
(2704, 2704, 'Login is locked out', 'en'),
(2705, 2705, 'Manage zones', 'en'),
(2706, 2706, 'Marketing', 'en'),
(2707, 2707, 'Minimum value is X', 'en'),
(2708, 2708, 'Modules', 'en'),
(2709, 2709, 'Options', 'en'),
(2710, 2710, 'Order cannot be placed because there is no shipping methods available.', 'en'),
(2711, 2711, 'Order number or email', 'en'),
(2712, 2712, 'Please wait', 'en'),
(2713, 2713, 'Prices & Inventory', 'en'),
(2714, 2714, 'Recalculate totals', 'en'),
(2715, 2715, 'Recent orders only', 'en'),
(2716, 2716, 'SKU length must be less then {{length}}', 'en'),
(2717, 2717, 'SKU or SKU1, SKU2', 'en'),
(2718, 2718, 'Select language to edit', 'en'),
(2719, 2719, 'Separate box', 'en'),
(2720, 2720, 'Shipping method / cost', 'en'),
(2721, 2721, 'Show in all the sections', 'en'),
(2722, 2722, 'Show only in categories and search listings', 'en'),
(2723, 2723, 'Show:', 'en'),
(2724, 2724, 'Soft and Hard reset links for your store', 'en'),
(2725, 2725, 'Sort by:', 'en'),
(2726, 2726, 'Sort settings', 'en'),
(2727, 2727, 'Specify your _store information_'', {''URL'': url(''settings'', ''', 'en'),
(2728, 2728, 'The secure protocol for your website is disabled.', 'en'),
(2729, 2729, 'The secure protocol for your website is enabled.', 'en'),
(2730, 2730, 'This order was not checked by the AntiFraud service!', 'en'),
(2731, 2731, 'This payment method is not configured.', 'en'),
(2732, 2732, 'Time left', 'en'),
(2733, 2733, 'To setup Tax Rates, find and install the appropriate addons from Marketplace'', {''url'': url(''addons_list_marketplace'', '''', {''tag'': ''Taxes', 'en'),
(2734, 2734, 'Transaction ID', 'en'),
(2735, 2735, 'Try to change the search criteria or find the needed solution in marketplace'', {''URL'': url(''addons_list_marketplace'', '''', {''tag'': ''Payment processing', 'en'),
(2736, 2736, 'Try to search worldwide or find the needed solution in marketplace'', {''URL'': url(''addons_list_marketplace'', '''', {''tag'': ''Payment processing', 'en'),
(2737, 2737, 'Updating data from the marketplace...', 'en'),
(2738, 2738, 'You can purchase AntiFraud Service subscription', 'en'),
(2739, 2739, 'You need these links in case you want to recover your store', 'en'),
(2740, 2740, 'or use the form below', 'en'),
(2741, 2741, 'the same as billing', 'en'),
(2742, 2742, 'Add product', 'en'),
(2743, 2743, 'Are you sure you want to enable https anyway?', 'en'),
(2744, 2744, 'Check for updates', 'en'),
(2745, 2745, 'Install anyway', 'en'),
(2746, 2746, 'Update modules', 'en'),
(2747, 2747, 'The "{{file}}" file is not allowed and was not uploaded. Allowed extensions are: {{extensions}}', 'en'),
(2748, 2748, 'Couldn''t download the banner "{{value}}"', 'en'),
(2749, 2749, 'Error of banner loading. Make sure the "images" directory has write permissions.', 'en'),
(2750, 2750, 'Searching...', 'en'),
(2751, 2751, 'No results found.', 'en'),
(2752, 2752, 'Enter a keyword to search.', 'en'),
(2753, 2753, 'Item list', 'en'),
(2754, 2754, 'Bug-fixes only', 'en'),
(2755, 2755, 'Bug-fixes and new features', 'en'),
(2756, 2756, '{{count}} items selected', 'en'),
(2757, 2757, 'Maximum items in box', 'en'),
(2758, 2758, 'Upgrade not allowed', 'en'),
(2759, 2759, 'X-Cart v5.3 requires PHP version 5.4 or better. Please update the PHP version installed on your server before you proceed.', 'en'),
(2760, 2760, 'Header, greeting & signature', 'en'),
(2761, 2761, 'On this page you can edit the header, greeting and signature used by all the email notifications sent by your store (separately for admin and customer users).', 'en'),
(2762, 2762, 'Greeting', 'en'),
(2763, 2763, 'The settings in this section determine the content of email notifications sent to customer.', 'en'),
(2764, 2764, 'Header', 'en'),
(2765, 2765, 'Signature', 'en'),
(2766, 2766, 'The settings in this section determine the content of email notifications sent to admin.', 'en'),
(2767, 2767, 'State', 'en'),
(2768, 2768, 'Scheme', 'en'),
(2769, 2769, 'Body', 'en'),
(2770, 2770, 'Customer', 'en'),
(2771, 2771, 'Administrator', 'en'),
(2772, 2772, 'Add countries', 'en'),
(2773, 2773, 'Subscribe', 'en'),
(2774, 2774, 'Sign in / sign up', 'en'),
(2775, 2775, 'Quick view', 'en'),
(2776, 2776, 'Billing', 'en'),
(2777, 2777, 'Enable this if you would like us to use your shipping address as your billing address', 'en'),
(2778, 2778, 'Proceed to payment', 'en'),
(2779, 2779, 'Shipping to', 'en'),
(2780, 2780, 'Billing to', 'en'),
(2781, 2781, 'same as shipping', 'en'),
(2782, 2782, 'Choose shipping', 'en'),
(2783, 2783, 'Payment', 'en'),
(2784, 2784, 'There is already state with code {{code}} in {{country}}', 'en'),
(2785, 2785, 'Hi,<br/><br/>X-Cart Team have done their best to make your upgrade process as enjoyable as possible. If that didn’t work out well for you, please follow these quick steps to get it right:', 'en'),
(2786, 2786, 'First, restore your website from the created backup - this is the fastest way to get your store back online.', 'en'),
(2787, 2787, 'Second, try to disable all non-X-Cart modules by using the links below:', 'en'),
(2788, 2788, 'Soft reset. Turn off all addons except those provided by X-Cart Team & Qualiteam<br/><a href="{{url}}">{{url}}</a>', 'en'),
(2789, 2789, 'Hard reset. Disable all addons except those provided by X-Cart Team<br/><a href="{{url}}">{{url}}</a>', 'en'),
(2790, 2790, 'If you still need help, please, feel free to contact X-Cart Help Desk at <a href=”mailto:helpdesk@x-cart.com”>helpdesk@x-cart.com</a>. Remember to attach the log files (from “xcart_directory/var/log”) to your email, so that their tech engineers could instantly spot the problem and help you to fix it in the most effective way possible.', 'en'),
(2791, 2791, 'This field is required.', 'en'),
(2792, 2792, 'Please enter the correct code', 'en'),
(2793, 2793, 'The message has been sent', 'en'),
(2794, 2794, 'Your Message', 'en'),
(2795, 2795, 'Email Address', 'en'),
(2796, 2796, 'Full Name', 'en'),
(2797, 2797, 'Sales', 'en'),
(2798, 2798, 'By Sales - 0-9', 'en'),
(2799, 2799, 'By Sales - 9-0', 'en'),
(2800, 2800, 'The length of the {{name}} field must be greater than {{min}}', 'en'),
(2801, 2801, 'The length of the {{name}} field must be less than {{max}}', 'en'),
(2802, 2802, 'Have more coupons?', 'en'),
(2803, 2803, 'Applied discount coupon', 'en'),
(2804, 2804, '{{count}} coupon(s) removed', 'en'),
(2805, 2805, '{{count}} coupon(s) created', 'en'),
(2806, 2806, 'The code "{{code}}" is already used for another coupon. Please choose a different code.', 'en'),
(2807, 2807, 'Invalid coupon code, please check the spelling: "{{code}}"', 'en'),
(2808, 2808, 'The coupon has already been used', 'en'),
(2809, 2809, 'The coupon has been applied to your order', 'en'),
(2810, 2810, 'Coupon discount', 'en'),
(2811, 2811, 'Period start date must be earlier than period end date', 'en'),
(2812, 2812, 'Period end date must be later than period start date', 'en'),
(2813, 2813, 'Minimum order subtotal must be less than maximum order subtotal', 'en'),
(2814, 2814, 'Maximum order subtotal must be greater than minimum order subtotal', 'en'),
(2815, 2815, 'Discount must be less than 100%', 'en'),
(2816, 2816, 'Coupon added', 'en'),
(2817, 2817, 'Coupon updated', 'en'),
(2818, 2818, 'Limit number of uses', 'en'),
(2819, 2819, 'Maximum number of uses', 'en'),
(2820, 2820, 'This coupon can be applied only to orders with a subtotal amount between {{min}} and {{max}}', 'en'),
(2821, 2821, 'This coupon can be applied only to orders with a subtotal amount of at least {{min}}', 'en'),
(2822, 2822, 'This coupon can be applied only to orders with a subtotal amount not exceeding {{max}}', 'en'),
(2823, 2823, 'Date when customers can start using the coupon', 'en'),
(2824, 2824, 'Date when the coupon expires', 'en'),
(2825, 2825, 'Minimum order subtotal to which the coupon can be applied', 'en'),
(2826, 2826, 'Maximum order subtotal to which the coupon can be applied', 'en'),
(2827, 2827, 'Coupon discount can be limited to these product classes', 'en'),
(2828, 2828, 'Coupon discount can be limited to customers with these membership levels', 'en'),
(2829, 2829, 'This comment is visible to shop administrators only', 'en'),
(2830, 2830, 'Add new coupon', 'en'),
(2831, 2831, 'Enter code', 'en'),
(2832, 2832, 'Coupon', 'en'),
(2833, 2833, 'Redeem', 'en'),
(2834, 2834, '{{currency}} off', 'en'),
(2835, 2835, 'Removed coupons', 'en'),
(2836, 2836, 'Added coupons', 'en'),
(2837, 2837, 'Add coupon', 'en'),
(2838, 2838, 'This coupon cannot be combined with other coupons', 'en'),
(2839, 2839, 'Sorry, this coupon cannot be combined with the coupon already applied. Remove the previously applied coupon and try again.', 'en'),
(2840, 2840, 'Coupon cannot be combined with other coupons', 'en'),
(2841, 2841, 'If you want the coupon discount to be applied only to products from specific categories, specify these categories here.', 'en'),
(2842, 2842, 'Sorry, the coupon you entered is invalid. Make sure the coupon code is spelled correctly', 'en'),
(2843, 2843, 'Sorry, the coupon has expired', 'en'),
(2844, 2844, 'Sorry, the coupon use limit has been reached', 'en'),
(2845, 2845, 'Sorry, the coupon you entered cannot be applied to the items in your cart', 'en'),
(2846, 2846, 'Sorry, the coupon you entered is not valid for your membership level. Contact the administrator', 'en'),
(2847, 2847, 'The maximum number of uses per user', 'en'),
(2848, 2848, 'Add featured products for the front page', 'en'),
(2849, 2849, 'Featured', 'en'),
(2850, 2850, 'FedEx module allows you to use online shipping rates calculation via FedEx.', 'en'),
(2851, 2851, '"Cash on delivery" status', 'en'),
(2852, 2852, 'Note: To enable/disable the "Cash on delivery" payment option, you should enable/disable the payment method "Cash on delivery (FedEx)" on the <a href="{{URL}}">Payment methods page</a>.', 'en'),
(2853, 2850, 'Модуль FedEx позволяет рассчитывать онлайн стоимость доставки через FedEx.', 'ru'),
(2854, 2851, 'Состояние варианта оплаты "Наложенный платеж"', 'ru'),
(2855, 2852, 'Важно: Чтобы включить/отключить вариант оплаты "Наложенный платеж", необходимо включить/отключить способ оплаты "Наложеный платеж (FedEx)" на <a href="{{URL}}">странице Способов оплаты</a>.', 'ru'),
(2856, 2853, 'Advanced statistics with Google Analytics', 'en'),
(2857, 2854, 'Configure the Google Analytics module to view the advanced statistics', 'en'),
(2858, 2855, 'A single domain', 'en'),
(2859, 2856, 'One domain with multiple subdomains', 'en'),
(2860, 2857, 'Multiple top-level domains', 'en'),
(2861, 2858, 'Traditional', 'en'),
(2862, 2859, 'Universal Analytics', 'en'),
(2863, 2860, 'Want help with SEO? <a href="{{url}}" target="_blank">Ask X-Cart Guru</a>', 'en'),
(2864, 2860, 'Нужна помощь с поисковой оптимизацией? <a href="{{url}}" target="_blank">Спросите гуру X-Cart</a>', 'ru'),
(2865, 2861, 'Tweet', 'en'),
(2866, 2862, 'These Open Graph meta tags were generated automatically based on general product information.', 'en'),
(2867, 2863, 'Pin It', 'en'),
(2868, 2864, 'PayPal ID / Email', 'en'),
(2869, 2865, 'Enter the email address associated with your PayPal account.', 'en'),
(2870, 2866, 'Enter a description of the purchase that will be displayed on the PayPal payment page.', 'en'),
(2871, 2867, 'You can set an order id prefix that will be added to each order number in your shop to make it unique (each transaction id must be unique for a PayPal account). This option is relevant only if you share your PayPal account with other online shops', 'en'),
(2872, 2868, 'Your account settings', 'en'),
(2873, 2869, 'Partner name', 'en'),
(2874, 2870, 'Your partner name is PayPal', 'en'),
(2875, 2871, 'Merchant login', 'en'),
(2876, 2872, 'This is the login name you created when you signed up for PayPal Payments Advanced.', 'en'),
(2877, 2873, 'PayPal recommends entering a User Login here instead of your Merchant Login. You can set up a User profile in <a href="https://manager.paypal.com">PayPal Manager</a>. This will enhance security and prevent service interruption should you change your Merchant Login password.', 'en'),
(2878, 2874, 'This is the password you created when you signed up for PayPal Payments Advanced or the password you created for API calls.', 'en'),
(2879, 2875, 'Additional settings', 'en'),
(2880, 2876, 'Auth and Capture', 'en'),
(2881, 2877, 'Auth only', 'en'),
(2882, 2878, 'This should be the partner name you use when logging into your PayPal Payflow account.', 'en'),
(2883, 2879, 'This is the login name you created when you signed up for Payflow.', 'en'),
(2884, 2880, 'This is the password you created when you signed up for PayPal Payflow or the password you created for API calls.', 'en'),
(2885, 2881, 'IPN verification failed', 'en'),
(2886, 2882, 'IPN HTTP error', 'en'),
(2887, 2883, 'Order id prefix', 'en'),
(2888, 2884, 'Email address to receive PayPal payment', 'en'),
(2889, 2885, 'Start accepting Express Checkout payments immediately by simply plugging in the email address where you would like to receive payments. You can create your PayPal account later after you have received a real transaction from your customers!', 'en'),
(2890, 2886, 'API credentials for payments and post-checkout operations', 'en'),
(2891, 2887, 'Can be set up later', 'en'),
(2892, 2888, 'Your PayPal Publisher ID is: {{publisherId}}', 'en'),
(2893, 2889, 'Paypal API solution', 'en'),
(2894, 2890, 'Paypal API', 'en'),
(2895, 2891, 'Payflow API', 'en'),
(2896, 2892, 'API access username', 'en'),
(2897, 2893, 'API access password', 'en'),
(2898, 2894, 'Use PayPal authentication method', 'en'),
(2899, 2895, 'API signature', 'en'),
(2900, 2896, 'API certificate filename', 'en'),
(2901, 2897, 'API certificate', 'en'),
(2902, 2898, 'Display the "Buy Now with PayPal" button', 'en'),
(2903, 2899, 'This setting determines whether or not the "Buy Now with PayPal" button should be displayed on product list pages (in list view) and product details pages.', 'en'),
(2904, 2900, '<b>PayPal Express Checkout</b> is configured to work in SandBox mode for the email <b>{{email}}</b>.<br />To use it in Live mode, click the Launch PayPal button below. You will be taken to the PayPal payment method configuration page where you will be able to specify the appropriate configuration settings.', 'en'),
(2905, 2901, 'Launch PayPal', 'en'),
(2906, 2902, 'PayPal Credit is', 'en'),
(2907, 2903, 'I agree with PayPal terms & conditions', 'en'),
(2908, 2904, 'PayPal account e-mail', 'en'),
(2909, 2905, 'Banner on Home page', 'en'),
(2910, 2906, 'Banner on Category pages', 'en'),
(2911, 2907, 'Banner on Product details pages', 'en'),
(2912, 2908, 'Banner on Cart page', 'en'),
(2913, 2909, 'Show above products', 'en'),
(2914, 2910, 'Show below products', 'en'),
(2915, 2911, 'Near "Add to cart" button', 'en'),
(2916, 2912, 'Near "Checkout" button', 'en'),
(2917, 2913, 'PayPal API (Merchant API) will work for most merchants; however, some merchants may have access only to Payflow API. If you are sure you need to use Payflow API, select the respective value from this field.<br />Your choice of API solution in this field determines the type of API credentials that you will be able to enter in the fields below.', 'en'),
(2918, 2914, 'Payment has been refunded successfully', 'en'),
(2919, 2915, 'Payment has been voided successfully', 'en'),
(2920, 2916, 'Payment has been captured successfully', 'en'),
(2921, 2917, 'Your API credentials have been successfully obtained from your PayPal account and saved for use by your X-Cart store.', 'en'),
(2922, 2918, 'Unfortunately, your API credentials could not be obtained from your PayPal account automatically. Please request your API credentials in your PayPal account and submit them here manually.', 'en'),
(2923, 2919, 'Don''t have an account yet?', 'en'),
(2924, 2920, 'Sign Up Now', 'en'),
(2925, 2921, 'Register with {{paypal}} <br /> or go to checkout as a New customer', 'en'),
(2926, 2922, 'Or sign in the classic way', 'en'),
(2927, 2923, 'Or register with', 'en'),
(2928, 2924, 'Register with', 'en'),
(2929, 2925, 'or go to checkout as a New customer', 'en'),
(2930, 2926, 'Or use your social account', 'en'),
(2931, 2927, 'Use existing account from', 'en'),
(2932, 2928, 'PayPal', 'en'),
(2933, 2929, 'Use existing PayPal account', 'en'),
(2934, 2930, 'The authorized amount ({{authorized}}) differs from the current order total ({{total}}). A request to capture {{total}} will be issued on click on "Capture" button.', 'en'),
(2935, 2931, 'Wrong token of Express Checkout. Please try again. If the problem persists, contact the administrator.', 'en'),
(2936, 2932, 'PayerID value was not returned by PayPal. Please try again. If the problem persists, contact the administrator.', 'en'),
(2937, 2933, 'Your address data was not received from PayPal. Please try again. If the problem persists, contact the administrator.', 'en'),
(2938, 2934, 'To enable this payment method, you need Multi-vendor module installed.', 'en'),
(2939, 2935, 'To enable this payment method, you need <a href="{{link}}" target="_blank">Multi-Vendor</a> module installed.', 'en'),
(2940, 2936, 'EACHRECEIVER', 'en'),
(2941, 2937, 'Obtaining your live PayPal credentials', 'en'),
(2942, 2938, 'PRIMARYRECEIVER', 'en'),
(2943, 2939, 'Paypal Credit', 'en'),
(2944, 2940, 'Registering your application with PayPal', 'en'),
(2945, 2941, 'SECONDARYONLY', 'en'),
(2946, 2942, 'SENDER', 'en'),
(2947, 2943, 'Additional criteria to match for PayPal account verification', 'en'),
(2948, 2944, '<div>Determines the type of criteria that should be matched for account verification (in addition to vendor PayPal account identifier).<div><ul class="unstyled"><li>NAME - Default; should be good in most cases.</li><li>NONE - Is available only to certain financial institutions (Contact Paypal for approval prior to selection!)</li><li>Disable - Deactivates account verification.</li></ul>', 'en'),
(2949, 2945, 'NAME', 'en'),
(2950, 2946, 'NONE', 'en'),
(2951, 2947, 'Disable', 'en'),
(2952, 2948, 'All newest products', 'en'),
(2953, 2949, 'All upcoming products', 'en'),
(2954, 2950, 'Coming soon', 'en'),
(2955, 2951, 'Customers who bought this product also bought', 'en'),
(2956, 2952, 'Customers who viewed this product bought', 'en'),
(2957, 2953, 'Date: newest first', 'en'),
(2958, 2954, 'Date: oldest first', 'en'),
(2959, 2955, 'New arrivals', 'en'),
(2960, 2956, 'New!', 'en'),
(2961, 2957, 'Recently viewed', 'en'),
(2962, 2958, 'This product will be shown in New arrivals', 'en'),
(2963, 2959, 'This product will be shown in the Coming soon section', 'en'),
(2964, 2960, 'expected on', 'en'),
(2965, 2961, 'Coming soon...', 'en'),
(2966, 2962, 'Customers who bought this product also bought (Product Advisor module)', 'en'),
(2967, 2963, 'Put up for sale', 'en'),
(2968, 2964, 'Cancel sale', 'en'),
(2969, 2965, 'On sale', 'en'),
(2970, 2966, 'Contact us', 'en'),
(2971, 2967, 'Logo', 'en'),
(2972, 2968, 'Favicon', 'en'),
(2973, 2968, 'Фавикон', 'ru'),
(2974, 2969, 'Shipping', 'en'),
(2975, 2970, 'If you want to add an external link, you should specify it with the <strong>http://</strong> prefix, e.g. <strong>http://www.example.com/</strong>.<br /><br />If you want to add a link to a page within your store (e.g. the checkout page), you can specify it as <strong>cart.php?target=checkout</strong> (relative path) or as <strong>{{URL}}cart.php?target=checkout</strong> (absolute path).<br /><br />Also the ''{home}'' shortcut value will lead to Home page', 'en'),
(2976, 2971, 'Failed to update the page image', 'en'),
(2977, 2972, 'Visible for', 'en'),
(2978, 2973, 'The menu has been updated', 'en'),
(2979, 2974, 'The menu has been added', 'en'),
(2980, 2975, 'The page has been updated', 'en'),
(2981, 2976, 'Any visitors', 'en'),
(2982, 2977, 'Anonymous users only', 'en'),
(2983, 2978, 'Logged in users only', 'en'),
(2984, 2979, 'Save & Close', 'en'),
(2985, 2980, 'Logo & Favicon', 'en'),
(2986, 2981, 'Terms and conditions', 'en'),
(2987, 2982, 'Open graph image', 'en'),
(2988, 2983, 'The "{{file}}" file is not allowed image and was not uploaded. Allowed images are: {{extensions}}', 'en'),
(2989, 2984, 'Submenu', 'en'),
(2990, 2984, 'Подменю', 'ru'),
(2991, 2985, 'Content page title', 'en'),
(2992, 2985, 'Заголовок страницы', 'ru'),
(2993, 2986, 'Leave blank to use page name as Page Title.', 'en'),
(2994, 2986, 'Оставьте поле незаполненным чтобы использовать имя страницы в качестве заголовка.', 'ru'),
(2995, 2987, 'Profile is disabled', 'en'),
(2996, 2988, 'We were unable to process this request', 'en'),
(2997, 2989, 'Profile does not have any email address. Please sign in the classic way.', 'en'),
(2998, 2990, 'Login with', 'en'),
(2999, 2927, 'Используйте существующую учетную запись в', 'ru'),
(3000, 2926, 'Или используйте вашу учетную запись в социальной сети', 'ru'),
(3001, 2922, 'Или войдите, используя учетную запись в нашем магазине', 'ru'),
(3002, 2987, 'Учетная запись отключена', 'ru'),
(3003, 2988, 'Мы не смогли обработать запрос', 'ru'),
(3004, 2923, 'Или создайте учетную запись используя', 'ru'),
(3005, 2924, 'Создайте учетную запись используя', 'ru'),
(3006, 2989, 'Учетная запись не содержит адреса электронной почты. Войдите, используя учетную запись нашего магазина.', 'ru'),
(3007, 2925, 'или продолжите оплату как новый пользователь', 'ru'),
(3008, 2991, 'The role has been updated', 'en'),
(3009, 2992, 'The role has been added', 'en'),
(3010, 2993, '(disabled)', 'en'),
(3011, 2993, '(выкл)', 'ru'),
(3012, 2994, 'Get {{X}} off for order amount over {{Y}}', 'en'),
(3013, 2995, 'Could not add the discount because another discount already exists for the specified subtotal range and membership level', 'en'),
(3014, 2996, 'Could not update the discount because another discount already exists for the specified subtotal range and membership level', 'en'),
(3015, 2997, 'Percent discount value cannot exceed 100%', 'en'),
(3016, 2998, 'Too large value for absolute discount', 'en'),
(3017, 2999, 'Site map failed to register in {{engine}}.', 'en'),
(3018, 3000, 'Site map successfully registered in {{engine}}.', 'en'),
(3019, 3001, 'XML sitemap URL: <a href="{{url}}">{{url}}</a>', 'en'),
(3020, 3002, 'Generate sitemap', 'en'),
(3021, 3003, 'Tabs', 'en'),
(3022, 3003, 'Вкладки', 'ru'),
(3023, 3004, 'New tab', 'en'),
(3024, 3004, 'Новая вкладка', 'ru'),
(3025, 3005, 'The product tab has been updated', 'en'),
(3026, 3005, 'Вкладка обновлена', 'ru'),
(3027, 3006, 'The product tab has been added', 'en'),
(3028, 3006, 'Вкладка добавлена', 'ru'),
(3029, 3007, 'Product tabs', 'en'),
(3030, 3007, 'Вкладки страницы продукта', 'ru'),
(3031, 3008, 'Shopping options', 'en'),
(3032, 3009, 'Show products', 'en'),
(3033, 3010, 'Reset filter', 'en'),
(3034, 3011, 'No products matching your criteria found. Please try again with different parameters.', 'en'),
(3035, 3012, 'Show all products in this category', 'en'),
(3036, 3013, 'Price range', 'en'),
(3037, 3014, 'In stock only', 'en'),
(3038, 3015, 'Generate cache on the fly', 'en'),
(3039, 3016, 'Remove cache when attribute, tag or product data is changed', 'en'),
(3040, 3017, 'Click the button to remove the data cache used by your product filter. After removing the cache, open any category in the storefront area to have the cache generated anew.', 'en'),
(3041, 3018, 'Remove product filter cache', 'en'),
(3042, 3019, 'Hidden from products filter', 'en'),
(3043, 3020, 'Visible in products filter', 'en'),
(3044, 3021, 'Classes for product filter', 'en'),
(3045, 3022, 'All classes from this category', 'en'),
(3046, 3023, 'Do not show the filter', 'en'),
(3047, 3024, 'Choose classes...', 'en'),
(3048, 3025, 'Alphabetical', 'en'),
(3049, 3026, 'Manual', 'en'),
(3050, 3027, 'Wrong useClasses format. This should be ''A'', ''N'' or ''D''', 'en'),
(3051, 3008, 'Поиск', 'ru'),
(3052, 3009, 'Показать', 'ru'),
(3053, 3010, 'Сбросить', 'ru'),
(3054, 3011, 'Нет товаров удовлетворяющих выбранным условиям.', 'ru'),
(3055, 3012, 'Показать все товары в категории', 'ru'),
(3056, 3013, 'Цена', 'ru'),
(3057, 3014, 'Только в наличии', 'ru'),
(3058, 3015, 'Генерировать кеш в процессе работы', 'ru'),
(3059, 3016, 'Сбрасывать кеш при изменении данных атрибутов, тегов или товаров', 'ru'),
(3060, 3017, 'Кнопка служит для удаления кеша данных, используемого фильтром товаров. После удаления кеша откройте любую категорию в клиентской части сайта, чтобы кеш был сгенерирован заново', 'ru'),
(3061, 3018, 'Удалить кеш фильтра товаров', 'ru'),
(3062, 3019, 'Скрыт из фильтра товаров', 'ru'),
(3063, 3020, 'Отображается в фильтре товаров', 'ru'),
(3064, 3021, 'Классы для фильтра продуктов', 'ru'),
(3065, 3022, 'Все классы из этой категории', 'ru'),
(3066, 3023, 'Не отображать фильтр', 'ru'),
(3067, 3024, 'Выбрать классы...', 'ru'),
(3068, 3025, 'По алфавиту', 'ru'),
(3069, 3026, 'Вручную', 'ru'),
(3070, 3027, 'Неправильный формат значения useClasses. Возможные значения: ''A'', ''N'' or ''D''', 'ru'),
(3071, 3028, '{{count}} stars', 'en'),
(3072, 3029, '{{count}} stars', 'en'),
(3073, 3030, '{{count}} stars', 'en'),
(3074, 3031, '{{count}} stars', 'en'),
(3075, 3032, '{{count}} star', 'en'),
(3076, 3033, 'Any rating', 'en'),
(3077, 3034, '{{product}} reviews', 'en'),
(3078, 3035, 'Product', 'en'),
(3079, 3036, 'Product reviews', 'en'),
(3080, 3037, 'Products reviews', 'en'),
(3081, 3038, 'Add review', 'en'),
(3082, 3039, 'Edit review', 'en'),
(3083, 3040, 'Approve review', 'en'),
(3084, 3041, 'The review has been created', 'en'),
(3085, 3042, 'The review has been deleted', 'en'),
(3086, 3043, 'The review has not been created since the product {{product}} has not been found', 'en'),
(3087, 3044, 'The review has not been updated since the product {{product}} has not been found', 'en'),
(3088, 3045, 'Reviewer', 'en'),
(3089, 3046, 'Rating', 'en'),
(3090, 3047, 'Reviews imported', 'en'),
(3091, 3048, 'Product, SKU or customer info', 'en'),
(3092, 3049, 'Approve', 'en'),
(3093, 3050, 'Start typing product name or SKU', 'en'),
(3094, 3051, 'Customer name', 'en'),
(3095, 3052, 'Start typing customer email or name', 'en'),
(3096, 3053, 'Text of review', 'en'),
(3097, 3054, 'Published', 'en'),
(3098, 3055, 'Please sign in to add review', 'en'),
(3099, 3056, 'You have already reviewed this product', 'en'),
(3100, 3057, 'Edit your review', 'en'),
(3101, 3058, 'Add your own review', 'en'),
(3102, 3059, 'Thank you for sharing your opinion with us!', 'en'),
(3103, 3060, 'Your product rating is saved. Thank you!', 'en'),
(3104, 3061, 'Your review has been updated. Thank your for sharing your opinion with us!', 'en'),
(3105, 3062, 'Rating of votes', 'en'),
(3106, 3063, 'Your email', 'en'),
(3107, 3064, 'customers', 'en'),
(3108, 3065, 'Average rating', 'en'),
(3109, 3066, 'out of', 'en'),
(3110, 3067, 'Based on', 'en'),
(3111, 3068, 'votes', 'en'),
(3112, 3069, 'Reviews', 'en'),
(3113, 3070, 'Reviews: {{count}}', 'en'),
(3114, 3071, 'We may use this email if we need additional information on your review. We will not use it for any kind of mailing lists or spam subscriptions', 'en'),
(3115, 3072, 'How do you rate this item?', 'en'),
(3116, 3073, 'Write your review', 'en'),
(3117, 3074, 'Your review', 'en'),
(3118, 3075, 'There are no reviews for this product yet', 'en'),
(3119, 3076, 'Back to product details', 'en'),
(3120, 3077, 'Customer reviews', 'en'),
(3121, 3078, 'On moderation', 'en'),
(3122, 3079, 'Read all reviews for the product', 'en'),
(3123, 3080, 'Rates', 'en'),
(3124, 3081, 'By Rate - 0-9', 'en'),
(3125, 3082, 'By Rate - 9-0', 'en'),
(3126, 3083, 'Only registered customers who purchased this product can leave feedback', 'en'),
(3127, 3084, 'Registered users who purchased the product', 'en'),
(3128, 3085, 'Score: {{score}}. Votes: {{votes}}', 'en'),
(3129, 3086, 'No reviews.', 'en'),
(3130, 3087, 'Not rated yet', 'en'),
(3131, 3088, 'Be the first and leave feedback.', 'en'),
(3132, 3089, 'All users', 'en'),
(3133, 3090, 'Registered users only', 'en'),
(3134, 3091, 'Reviews and ratings', 'en'),
(3135, 3092, 'Ratings only', 'en'),
(3136, 3093, 'Reviews only', 'en'),
(3137, 3094, 'Review', 'en'),
(3138, 3095, 'Selected reviews have been deleted', 'en'),
(3139, 3096, 'Please select the reviews first', 'en'),
(3140, 3097, 'Selected reviews have been updated', 'en'),
(3141, 3098, 'Reviews about product', 'en'),
(3142, 3099, 'New product reviews', 'en'),
(3143, 3100, 'Ratings and Reviews of {{product}}', 'en'),
(3144, 3101, 'Rating: {{rating}} out of {{maxRating}}. Review by {{reviewerName}}: {{review}}', 'en'),
(3145, 3102, 'SEO', 'en'),
(3146, 3103, 'Select the review that should be included into the rich snippet shown for the page of this product when the page appears in search results by Google and other major search engines. More info: <a href="https://support.google.com/webmasters/answer/146750" target="_blank">https://support.google.com/webmasters/answer/146750</a>', 'en'),
(3147, 3104, 'Anonymous reviewer', 'en'),
(3148, 3105, 'Reject', 'en'),
(3149, 3106, 'Use custom css', 'en'),
(3150, 3107, 'The database stores different version of the custom changes.', 'en'),
(3151, 3108, 'Review it.', 'en'),
(3152, 3109, 'Restore this version', 'en'),
(3153, 3110, 'Your custom file has been saved successfully', 'en'),
(3154, 3111, 'Theme tweaker', 'en'),
(3155, 3112, 'Pick template from page element', 'en'),
(3156, 3113, 'Edited templates', 'en'),
(3157, 3114, 'Webmaster mode', 'en'),
(3158, 3115, 'Template', 'en'),
(3159, 3116, 'Back to templates list', 'en'),
(3160, 3117, 'Webmaster Mode allows you to change the storefront design in click-and-edit mode.<br /><br />If the design of your store''s customer area has been messed up by a template change, try restoring the original template in the Edited Templates section. More information about design changes in X-Cart is available in <a href="http://kb.x-cart.com/pages/viewpage.action?pageId=8224814">X-Cart''s Knowledge Base</a>.', 'en'),
(3161, 3118, 'Webmaster mode is enabled', 'en'),
(3162, 3119, 'Webmaster mode is disabled', 'en'),
(3163, 3120, 'The template has been updated', 'en'),
(3164, 3121, 'The template has been added', 'en'),
(3165, 3122, 'Enabled', 'en'),
(3166, 3123, 'Disabled', 'en'),
(3167, 3124, 'Path for use in custom CSS', 'en'),
(3168, 3125, 'URL', 'en'),
(3169, 3126, 'The file {{file}} does not exist or is not writable.', 'en'),
(3170, 3127, 'The directory {{dir}} does not exist or is not writable.', 'en'),
(3171, 3128, 'New images', 'en'),
(3172, 3129, '<b>Drag & drop blocks</b> to rearrange them.', 'en'),
(3173, 3130, 'Layout editor mode', 'en'),
(3174, 3131, 'Layout editor is', 'en'),
(3175, 3132, 'disabled blocks', 'en'),
(3176, 3133, 'Some', 'en'),
(3177, 3134, 'Block is enabled', 'en'),
(3178, 3135, 'Block is disabled', 'en'),
(3179, 3136, 'Exit editor', 'en'),
(3180, 3137, 'Layout editor is enabled', 'en'),
(3181, 3138, 'Layout editor is disabled', 'en'),
(3182, 3139, 'Layout editor allows you to change the position of the blocks in drag-n-drop fashion', 'en'),
(3183, 3140, 'There are some custom CSS styles in your store. These styles may affect the look of the installed template. <a href="{{url}}">Review the custom styles</a> and disable them if necessary.', 'en'),
(3184, 3141, 'Entity was successfully saved', 'en'),
(3185, 3142, 'Error on saving image', 'en'),
(3186, 3143, 'Unable to save edited content. Errors: ', 'en'),
(3187, 3144, 'Unknown temporary file', 'en'),
(3188, 3145, 'Show all', 'en'),
(3189, 3146, 'Flexy to twig converter', 'en'),
(3190, 3147, 'Flexy template', 'en'),
(3191, 3148, 'Twig template path', 'en'),
(3192, 3149, 'Converted', 'en'),
(3193, 3150, 'Search flexy templates', 'en'),
(3194, 3151, 'Convert', 'en'),
(3195, 3152, 'Remove flexy templates', 'en'),
(3196, 3153, 'No flexy templates have been found.', 'en'),
(3197, 3154, 'The flexy templates have been removed', 'en'),
(3198, 3155, 'Some flexy templates cannot be removed. Please correct the file permissions or remove the templates manually:<br />{{list}}', 'en'),
(3199, 3156, 'Check directory permissions', 'en'),
(3200, 3157, 'This action will remove all the flexy templates. Are you sure you want to proceed?', 'en'),
(3201, 3158, 'Cannot get flexy content', 'en'),
(3202, 3159, 'Flexy template conversion failure. Check for syntax errors', 'en'),
(3203, 3160, 'Back to Webmaster mode', 'en'),
(3204, 3161, 'Converted files may not always work correctly because not all the changes can be handled automatically by conversion. Be sure to check your converted files manually to ensure that all the required changes have been implemented properly. More info about Flexy and Twig key differences is available at <a href="http://xcart.github.io/flexy-to-twig/" target="_blank">http://xcart.github.io/flexy-to-twig</a>', 'en'),
(3205, 3106, 'Использовать свой CSS', 'ru'),
(3206, 1316, 'Использовать свой JavaScript', 'ru'),
(3207, 3107, 'В базе данных хранится другая версия пользовательского кода.', 'ru'),
(3208, 3108, 'Просмотреть её.', 'ru'),
(3209, 3109, 'Восстановить эту версию', 'ru'),
(3210, 3110, 'Файл успешно сохранен', 'ru'),
(3211, 3111, 'Theme tweaker', 'ru'),
(3212, 3112, 'Выбор шаблона на основе элемента страницы', 'ru'),
(3213, 3113, 'Измененные шаблоны', 'ru'),
(3214, 3114, 'Режим веб-мастера', 'ru'),
(3215, 3115, 'Шаблон', 'ru'),
(3216, 3116, 'Вернуться к списку шаблонов', 'ru'),
(3217, 3117, 'Режим веб-мастера позволяет редактировать внешний вид сайта по месту.<br /><br />Если после внесения изменений клиентская зона выглядит неправильно, попробуйте откатить изменения в секции "Измененные шаблоны". Больше информации об изменении дизайна сайта на X-Cart - в <a href="http://kb.x-cart.com/pages/viewpage.action?pageId=8224814">Базе знаний X-Cart</a>.', 'ru'),
(3218, 3118, 'Режим веб-мастера включен', 'ru'),
(3219, 3119, 'Режим веб-мастера отключен', 'ru'),
(3220, 3120, 'Шаблон обновлён', 'ru'),
(3221, 3121, 'Шаблон добавлен', 'ru'),
(3222, 3122, 'Вкл', 'ru'),
(3223, 3123, 'Выкл', 'ru'),
(3224, 3128, 'Новые картинки', 'ru'),
(3225, 3129, 'Здесь можно <b>перетаскивать блоки</b>, меняя их порядок.', 'ru'),
(3226, 3130, 'Режим разметки', 'ru'),
(3227, 3131, 'Режим разметки', 'ru'),
(3228, 3132, 'блоков отключено', 'ru'),
(3229, 3133, 'Несколько', 'ru'),
(3230, 3134, 'Блок включен', 'ru'),
(3231, 3135, 'Блок отключен', 'ru'),
(3232, 3136, 'Выйти', 'ru'),
(3233, 3137, 'Режим разметки включен', 'ru'),
(3234, 3138, 'Режим разметки отключен', 'ru'),
(3235, 3139, 'Режим редактирования разметки позволяет менять положение и порядок блоков путем перетаскивания', 'ru'),
(3236, 3140, 'Для сайта заданы пользовательские CSS стили. Эти стили могут оказывать влияние на внешний вид интерфейса покупателя. <a href="{{url}}">Просмотрите пользовательские стили</a> и выключите их в случае необходимости.', 'ru'),
(3237, 3146, 'Flexy to twig конвертор', 'ru'),
(3238, 3147, 'Flexy-шаблон', 'ru'),
(3239, 3148, 'Путь к Twig-шаблону', 'ru'),
(3240, 3149, 'Сконвертирован', 'ru'),
(3241, 3150, 'Найти flexy-шаблоны', 'ru'),
(3242, 3151, 'Конвертировать', 'ru'),
(3243, 3152, 'Удалить flexy-шаблоны', 'ru'),
(3244, 3153, 'Flexy-шаблоны не найдены.', 'ru'),
(3245, 3154, 'Flexy-шаблоны были удалены', 'ru'),
(3246, 3155, 'Некоторые flexy-шаблоны не могут быть удалены. Скорректируйте права на файлы или удалите их самостоятельно:<br />{{list}}', 'ru'),
(3247, 3156, 'Проверьте права на директорию', 'ru'),
(3248, 3157, 'Это действие удалит все Flexy-шаблоны. Вы уверены, что хотите продолжить?', 'ru'),
(3249, 3158, 'Не удалось получить содержимое Flexy-шаблона', 'ru'),
(3250, 3159, 'Не удалось сконвертировать Flexy-шаблон. Проверьте его содержание на предмет синтаксических ошибок', 'ru'),
(3251, 3160, 'Вернуться на страницу "Режим веб-мастера"', 'ru'),
(3252, 3161, 'Сконвертированные файлы не всегда могут работать корректно поскольку не все изменения могут быть правильно выполнены при автоматической конвертации. Проверьте ваши сконвертированные файлы вручную, чтобы убедиться, что все изменения перенесены верно. Больше информации о Flexy-to-Twig конверторе доступно здесь: <a href="http://xcart.github.io/flexy-to-twig/" target="_blank">http://xcart.github.io/flexy-to-twig</a>', 'ru'),
(3253, 3162, '<b>UPS</b> module allows you to use online shipping rates calculation via <a href="http://www.ups.com" target="_new">UPS service</a>.<br/>To use UPS Rating API you need to register on <a href="http://www.ups.com/" target="_new">UPS.com</a> with a User ID and Password. Once you have registered you would need to obtain an Access Key from UPS.com that provides access to the Rating API. To obtain an Access Key an account number needs to be added or created in your UPS.com profile.', 'en'),
(3254, 3163, 'UPS module supports ''Cash on delivery'' feature for shipments within European Union, within United States and Puerto Rico, within Canada and from Canada to the United States.<br/>To enable ''Cash on delivery'' payment option you should enable payment method ''Cash on delivery (UPS)'' at the <a href="{{URL}}">Payment methods page</a>.', 'en'),
(3255, 3164, 'Air service center', 'en'),
(3256, 3165, 'Customer counter', 'en'),
(3257, 3166, 'Daily Pickup', 'en'),
(3258, 3167, 'Delivery confirmation - adult signature required', 'en'),
(3259, 3168, 'Delivery confirmation - no signature', 'en'),
(3260, 3169, 'Delivery confirmation - signature required', 'en'),
(3261, 3170, 'Letter center', 'en'),
(3262, 3171, 'No confirmation', 'en'),
(3263, 3172, 'On call air', 'en'),
(3264, 3173, 'One time pickup', 'en'),
(3265, 3174, 'Suggested retail rates', 'en'),
(3266, 3175, 'Related products', 'en'),
(3267, 3176, 'Mutual link', 'en'),
(3268, 3177, 'Related products page', 'en'),
(3269, 3178, 'You cannot choose this product', 'en'),
(3270, 3179, 'The product SKU#{{SKU}} is already set as related for the product', 'en'),
(3271, 3180, 'Add related products', 'en'),
(3272, 3181, 'Related products (Related Products module)', 'en'),
(3273, 3182, 'The product SKU#"X" is already set as Related for the product', 'en'),
(3274, 3183, 'News messages', 'en'),
(3275, 3183, 'Новости', 'ru'),
(3276, 3184, 'News message', 'en'),
(3277, 3184, 'Новость', 'ru'),
(3278, 3185, 'New news message', 'en'),
(3279, 3185, 'Добавить новость', 'ru'),
(3280, 3186, 'News', 'en'),
(3281, 3186, 'Новости', 'ru'),
(3282, 3187, 'Top News', 'en'),
(3283, 3187, 'Последние новости', 'ru'),
(3284, 3188, 'All news', 'en'),
(3285, 3188, 'Все новости', 'ru'),
(3286, 3189, 'Previous', 'en'),
(3287, 3189, 'Предыдущая новость', 'ru'),
(3288, 3190, 'Next', 'en');
INSERT INTO `xc_language_label_translations` (`label_id`, `id`, `label`, `code`) VALUES
(3289, 3190, 'Следующая новость', 'ru'),
(3290, 3191, 'The news message has been updated', 'en'),
(3291, 3191, 'Новость обновлена', 'ru'),
(3292, 3192, 'The news message has been added', 'en'),
(3293, 3192, 'Новость добавлена', 'ru'),
(3294, 3193, 'Create news message', 'en'),
(3295, 3193, 'Добавление новости', 'ru'),
(3296, 3194, 'News page title', 'en'),
(3297, 3194, 'Заголовок страницы новости', 'ru'),
(3298, 3195, 'News title', 'en'),
(3299, 3195, 'Заголовок новости', 'ru'),
(3300, 3196, 'Leave blank to use news title as Page Title.', 'en'),
(3301, 3196, 'Оставьте поле незаполненным чтобы использовать заголовок новости в качестве заголовка страницы.', 'ru'),
(3302, 3197, 'Free', 'en'),
(3303, 3198, 'Free shipping', 'en'),
(3304, 3199, 'FREE SHIPPING', 'en'),
(3305, 3200, 'Wrong free shipping format', 'en'),
(3306, 3201, 'Wrong shipping freight value format', 'en'),
(3307, 3202, 'This shipping method becomes available at checkout only if all the products in the cart are marked "Free shipping" and there are no other shipping methods available.', 'en'),
(3308, 3203, 'Shipping freight', 'en'),
(3309, 3204, 'This field can be used to set a fixed shipping fee for the product. Make sure the field value is a positive number (greater than zero).', 'en'),
(3310, 3205, 'Shipping freight only', 'en'),
(3311, 3206, 'Shipping freight + regular shipping rate', 'en'),
(3312, 3207, 'This shipping method becomes available on checkout, only if all the products in the cart have defined shipping freight and there are no other shipping methods available.', 'en'),
(3313, 3208, 'Freight fixed fee', 'en'),
(3314, 3209, 'Freight', 'en'),
(3315, 3197, 'БЕСПЛАТНО', 'ru'),
(3316, 3198, 'Бесплатная доставка', 'ru'),
(3317, 3199, 'БЕСПЛАТНАЯ ДОСТАВКА', 'ru'),
(3318, 3200, 'Неправильный формат значения поля "Бесплатная доставка"', 'ru'),
(3319, 3201, 'Неправильный формат значения поля "freightFixedFee"', 'ru'),
(3320, 3202, 'Этот способ доставки становится доступным только если все продукты в корзине помечены как "Бесплатная доставка", и нет других доступных методов доставки.', 'ru'),
(3321, 3203, 'Фиксированная стоимость доставки', 'ru'),
(3322, 3204, 'В данном поле можно задать фиксированную стоимость доставки для редактируемого продукта. Убедитесь, что используемое значение является положительным числом (больше нуля).', 'ru'),
(3323, 3205, 'указанному значению фиксированной стоимости доставки', 'ru'),
(3324, 3206, 'сумме фиксированной стоимости доставки и стоимости доставки, рассчитанной стандартным способом', 'ru'),
(3325, 3207, 'Этот способ доставки становится доступным на чекауте, если у всех продуктов в корзине задана фиксированная стоимость доставки, и нет других доступных методов доставки.', 'ru'),
(3326, 3209, 'Фиксированная стоимость доставки', 'ru'),
(3327, 3035, 'Продукт', 'ru'),
(3328, 44, 'Предыдущий', 'ru'),
(3329, 45, 'Следующий продукт', 'ru'),
(3330, 3210, 'Sitemap', 'en'),
(3331, 3211, 'Static pages', 'en'),
(3332, 3212, 'Test ShippingCalc rates calculation', 'en'),
(3333, 3213, 'Subscribe to AuctionInc''s ShippingCalc Module', 'en'),
(3334, 3214, 'Guide to AuctionInc ShippingCalc Settings', 'en'),
(3335, 3215, 'ShippingCalc settings', 'en'),
(3336, 3216, 'ShippingCalc', 'en'),
(3337, 3217, 'ShippingCalc Package Data', 'en'),
(3338, 3218, 'On-demand', 'en'),
(3339, 3219, '30 Day Trial of AuctionInc ShippingCalc Module.<br />Days Left: {{days}}', 'en'),
(3340, 3220, '30 Day Trial of AuctionInc ShippingCalc Module is over', 'en'),
(3341, 3221, 'Update quantity', 'en'),
(3342, 3221, 'Обновление количества', 'ru'),
(3343, 3222, 'Products updated', 'en'),
(3344, 3222, 'Обновлено товаров', 'ru'),
(3345, 3223, 'The script found {{number}} problem(s) during update inventory', 'en'),
(3346, 3223, 'В процессе обновления были обнаружены ошибки ({{number}})', 'ru'),
(3347, 3224, 'Product with SKU "{{value}}" not found', 'en'),
(3348, 3224, 'Товар с артикулом "{{value}}" не найден', 'ru'),
(3349, 3225, 'Wrong product quantity value format ("{{value}}")', 'en'),
(3350, 3225, 'Некорректный формат в поле qty ("{{value}}")', 'ru'),
(3351, 3226, 'Products and product variants updated', 'en'),
(3352, 3226, 'Обновлено товаров и вариантов товаров', 'ru'),
(3353, 3227, 'Product or product variant with SKU "{{value}}" not found', 'en'),
(3354, 3227, 'Товар или вариант товара с артикулом "{{value}}" не найдены', 'ru'),
(3355, 3228, 'Update quantity import guide', 'en'),
(3356, 3228, 'Руководство по обновлению количества', 'ru'),
(3357, 3229, 'You have just added', 'en'),
(3358, 3229, 'Вы добавили в корзину', 'ru'),
(3359, 3230, 'Open comparison table', 'en'),
(3360, 3230, 'Открыть таблицу сравнения', 'ru'),
(3361, 3231, 'Please add another product to comparison', 'en'),
(3362, 3231, 'Выберите еще один продукт для сравнения', 'ru'),
(3363, 3232, 'High - Low', 'en'),
(3364, 3232, 'по убыванию', 'ru'),
(3365, 3233, 'Low - High', 'en'),
(3366, 3233, 'по возрастанию', 'ru'),
(3367, 3234, 'A - Z', 'en'),
(3368, 3234, 'А - Я', 'ru'),
(3369, 3235, 'Z - A', 'en'),
(3370, 3235, 'Я - А', 'ru'),
(3371, 3236, 'You have configured MailChimp as your primary email newsletter tool. New subscribers will be added directly to your MailChimp lists (this X-Cart list will be skipped). You can manage your subscriber lists under your MailChimp account <a href="{{link}}" target="_blank">here</a>', 'en'),
(3372, 3236, 'Вы настроили MailChimp для использования в качестве основного инструмента отправки рассылки в адрес ваших подписчиков. Новые подписчики будут добавляться напрямую в списки на стороне MailChimp (минуя данный список в X-Cart). Вы можете управлять списками подписчиков через <a href="{{link}}" target="_blank">свой аккаунт</a> MailChimp.', 'ru'),
(3373, 3237, 'To move your existing subscribers to MailChimp lists, <a href="{{link}}" target="_blank">export your subscribers data</a> from X-Cart and use the import feature under your MailChimp account.', 'en'),
(3374, 3237, 'Для переноса существующих подписчиков в списки на стороне MailChimp, <a href="{{link}}" target="_blank">экспортируйте данные подписчиков</a> из X-Cart и используйте функцию импорта в вашем аккаунте MailChimp.', 'ru'),
(3375, 3238, 'Connect your store to MailChimp', 'en'),
(3376, 3238, 'Связать магазин с MailChimp', 'ru'),
(3377, 3239, 'Sign up for {{companyName}} news', 'en'),
(3378, 3239, 'Подписаться на новости {{companyName}}', 'ru'),
(3379, 3240, 'Thank you for subscribing to the newsletter! We hope you enjoy shopping at {{companyName}}', 'en'),
(3380, 3240, 'Спасибо за подписку на наши новости. Мы рады, что вы - наш читатель!', 'ru'),
(3381, 3241, 'Subscribers', 'en'),
(3382, 3241, 'Подписчики', 'ru'),
(3383, 3242, 'Email or login', 'en'),
(3384, 3242, 'Email или логин', 'ru'),
(3385, 3243, 'Enter email address', 'en'),
(3386, 3243, 'Введите email', 'ru'),
(3387, 3244, 'Subscribers imported', 'en'),
(3388, 3244, 'Подписчики импортированы', 'ru'),
(3389, 3245, 'Subscriber with email {{email}} already subscribed', 'en'),
(3390, 3245, 'Подписчик с email {{email}} уже в существует', 'ru'),
(3391, 3246, 'Any special needs?', 'en'),
(3392, 3247, 'Fast Lane checkout', 'en'),
(3393, 3248, 'Firstname', 'en'),
(3394, 3249, 'Lastname', 'en'),
(3395, 3250, 'One Page checkout', 'en'),
(3396, 3251, 'Order note. Any special needs?', 'en'),
(3397, 3252, 'Street address', 'en'),
(3398, 3253, 'Zipcode', 'en'),
(3399, 3254, 'Click to finish your order', 'en'),
(3400, 3255, 'Order cannot be placed because some steps are not completed', 'en'),
(3401, 3256, 'Click to proceed to the next step', 'en'),
(3402, 3257, 'Some of the required fields were not completed. Please check the form and try again', 'en'),
(3403, 3258, 'Bulk edit', 'en'),
(3404, 3259, 'Click to specify', 'en'),
(3405, 3260, 'Bulk edit all', 'en'),
(3406, 3261, 'Inventory', 'en'),
(3407, 3262, 'Price and membership', 'en'),
(3408, 3263, 'Bulk edit has been processed successfully.', 'en'),
(3409, 3264, 'Bulk edit processing has been interrupted.', 'en'),
(3410, 3265, 'Bulk edit processing may take a while to complete. Please do not close this page until the process is fully completed. If the page has been closed, please re-open it to complete the process (The Bulk edit processing routine is executed only while the page stays open).', 'en'),
(3411, 3266, 'Bulk Edit processing in progress...', 'en'),
(3412, 3267, 'Replace with', 'en'),
(3413, 3268, 'Back to products', 'en'),
(3414, 3269, 'Bulk edit selected', 'en'),
(3415, 3270, 'Product list', 'en'),
(3416, 3271, 'Move to', 'en'),
(3417, 3272, 'Not set', 'en'),
(3418, 3273, 'Low stock warning on product page', 'en'),
(3419, 3274, 'Low stock notification to admin', 'en'),
(3420, 3275, 'Coming Soon', 'en'),
(3421, 3276, 'This feature is not yet available. You will be redirected to the feature request page where you can vote to have this feature implemented in one of the upcoming versions.', 'en'),
(3422, 3259, 'Щелкните, чтобы указать значение', 'ru'),
(3423, 3261, 'Информация по наличию на складе', 'ru'),
(3424, 3262, 'Цена и доступность для групп', 'ru'),
(3425, 1136, 'Информация по доставке', 'ru'),
(3426, 3263, 'Групповое редактирование завершено успешно.', 'ru'),
(3427, 3264, 'Групповое редактирование было прервано.', 'ru'),
(3428, 3265, 'Процесс группового редактирования может занять продолжительное время. Пожалуйста, не закрывайте эту страницу до полного завершения процесса. Если страница оказалась закрыта, откройте ее снова, чтобы завершить процесс (Процедура группового редактирования выполняется только пока страница остается открытой).', 'ru'),
(3429, 3266, 'Идет групповое редактирование...', 'ru'),
(3430, 3268, 'Назад к списку продуктов', 'ru'),
(3431, 2756, 'Выбрано {{count}} продуктов', 'ru'),
(3432, 3260, 'Редактировать все', 'ru'),
(3433, 3269, 'Редактировать выбранные', 'ru'),
(3434, 3270, 'К списку продуктов', 'ru'),
(3435, 3258, 'Групповое редактирование', 'ru'),
(3436, 3271, 'Переместить в', 'ru'),
(3437, 3267, 'Заменить на', 'ru'),
(3438, 3272, 'Не заданы', 'ru'),
(3439, 3273, 'Предупреждение о низком остатке на странице товара', 'ru'),
(3440, 3274, 'Уведомление администратору о низком остатке', 'ru'),
(3441, 3275, 'Скоро', 'ru'),
(3442, 3276, 'Данный пункт пока не доступен. Вы будете перенаправлены на страницу голосования за его реализацию в одной из ближайших версий X-Cart.', 'ru'),
(3443, 3277, 'Showing results for', 'en'),
(3444, 3277, 'Показаны результаты для', 'ru'),
(3445, 3278, 'See details', 'en'),
(3446, 3278, 'Подробнее', 'ru'),
(3447, 3279, 'See more results for', 'en'),
(3448, 3279, 'Показать больше результатов для', 'ru'),
(3449, 3280, 'Suggestions', 'en'),
(3450, 3280, 'Предложения', 'ru'),
(3451, 3281, 'Products', 'en'),
(3452, 3281, 'Товары', 'ru'),
(3453, 3282, 'Categories', 'en'),
(3454, 3282, 'Категории', 'ru'),
(3455, 3283, 'Pages', 'en'),
(3456, 3283, 'Страницы', 'ru'),
(3457, 3284, 'Did you mean', 'en'),
(3458, 3284, 'Возможно, вы имели в виду', 'ru'),
(3459, 3285, 'Special Offer discount', 'en'),
(3460, 3285, 'Скидка по акции', 'ru'),
(3461, 3286, 'Percent discount (%)', 'en'),
(3462, 3286, 'Процентная скидка (%)', 'ru'),
(3463, 3287, 'Fixed-sum discount ({{currency}})', 'en'),
(3464, 3287, 'Фиксированная скидка ({{currency}})', 'ru'),
(3465, 3288, 'Fixed-amount discount ({{currency}})', 'en'),
(3466, 3288, 'Фиксированная скидка ({{currency}})', 'ru'),
(3467, 3289, 'Special offers', 'en'),
(3468, 3289, 'Акции', 'ru'),
(3469, 3290, 'Our special offers', 'en'),
(3470, 3290, 'Наши акции', 'ru'),
(3471, 3291, 'New special offer', 'en'),
(3472, 3291, 'Новое спец. предложение', 'ru'),
(3473, 3292, 'Special offer', 'en'),
(3474, 3292, 'Спец. предложение', 'ru'),
(3475, 3293, 'Offer type', 'en'),
(3476, 3293, 'Тип', 'ru'),
(3477, 3294, 'Offer type', 'en'),
(3478, 3294, 'Тип', 'ru'),
(3479, 3295, 'Administrative name', 'en'),
(3480, 3295, 'Административное название', 'ru'),
(3481, 3296, 'Dates', 'en'),
(3482, 3296, 'Даты', 'ru'),
(3483, 3297, 'Begin date', 'en'),
(3484, 3297, 'Дата начала', 'ru'),
(3485, 3298, 'Begin offer hour', 'en'),
(3486, 3298, 'Час начала', 'ru'),
(3487, 3299, 'End date', 'en'),
(3488, 3299, 'Дата завершения', 'ru'),
(3489, 3300, 'End offer hour', 'en'),
(3490, 3300, 'Час завершения', 'ru'),
(3491, 3301, 'Conditions', 'en'),
(3492, 3301, 'Условия применения', 'ru'),
(3493, 3302, 'Number of items to buy', 'en'),
(3494, 3302, 'Количество покупаемых предметов', 'ru'),
(3495, 3303, 'From these categories', 'en'),
(3496, 3303, 'Из этих категорий', 'ru'),
(3497, 3304, 'Eligible membership levels', 'en'),
(3498, 3304, 'Для этих типов покупателей', 'ru'),
(3499, 3305, 'Reward', 'en'),
(3500, 3305, 'Вознаграждение', 'ru'),
(3501, 3306, 'Number of items to discount', 'en'),
(3502, 3306, 'Количество предметов по скидке', 'ru'),
(3503, 3307, 'Discount', 'en'),
(3504, 3307, 'Скидка', 'ru'),
(3505, 3308, 'Discount type', 'en'),
(3506, 3308, 'Вид скидки', 'ru'),
(3507, 3309, 'Exclusions', 'en'),
(3508, 3309, 'Исключения', 'ru'),
(3509, 3310, 'In this section you can select other special offers that will prevent this offer from being applied.', 'en'),
(3510, 3310, 'Здесь можно выбрать специальные предложения, которые, когда они уже применены к товарам, не сочетаются с редактируемым предложением.', 'ru'),
(3511, 3311, 'Special offers', 'en'),
(3512, 3311, 'Специальные предложения', 'ru'),
(3513, 3312, 'Description & Promotions', 'en'),
(3514, 3312, 'Описание и отображение', 'ru'),
(3515, 3313, 'Title', 'en'),
(3516, 3313, 'Заголовок', 'ru'),
(3517, 3314, 'Short promo text', 'en'),
(3518, 3314, 'Короткое описание', 'ru'),
(3519, 3315, 'Cart promo text', 'en'),
(3520, 3315, 'Реклама на странице корзины', 'ru'),
(3521, 3316, 'Cart qualified text', 'en'),
(3522, 3316, 'Объяснение на странице корзины', 'ru'),
(3523, 3317, 'Display short promo text and image on the home page', 'en'),
(3524, 3317, 'Отображать на главной странице', 'ru'),
(3525, 3318, 'Display short promo text and image on matching category pages', 'en'),
(3526, 3318, 'Отображать на страницах подходящих категорий', 'ru'),
(3527, 3319, 'Display short promo text and image on matching product pages', 'en'),
(3528, 3319, 'Отображать на страницах подходящих товаров', 'ru'),
(3529, 3320, 'Display short promo text and image on Special Offers page', 'en'),
(3530, 3320, 'Отображать на специальной странице.', 'ru'),
(3531, 3321, 'If AustraliaPost returns shipping methods that do not exist in the available methods list, these methods will be created in the list automatically. You can specify whether these methods should be created as enabled and available to customers right away, or should be hidden from customers until you manually enable them on <a href="{{URL}}">the shipping methods list page</a>.', 'en'),
(3532, 3322, 'Before you can start configuring the Australia Post module, you must receive the available options for the configuration settings from Australia Post. Please click the button below.', 'en'),
(3533, 3323, 'The option values have been successfully updated.', 'en'),
(3534, 3324, 'API Login ID', 'en'),
(3535, 3325, 'Transaction key', 'en'),
(3536, 3326, 'It''s recommended to limit the length of invoice prefix to 9 characters. Larger prefixes will be cut prior to transaction initialization.', 'en'),
(3537, 3327, '<strong>Skrill Quick Checkout</strong> enables you to take <strong>direct</strong> payment from credit cards, debit cards and over 80 other local payment options in over 200 countries as well as the Skrill eWallet. The highly competitive rates for this service are published on the Skrill website at <a href="//www.skrill.com/" target="blank">www.skrill.com</a>', 'en'),
(3538, 3328, 'Don''t have an account? <a href="{{url}}" target="blank">Sign up for free</a>', 'en'),
(3539, 3329, 'Your activation request was sent on {{date}}. Please be aware that the verification process to use Skrill Quick Checkout could take up to 72 hours. You will be contacted by Skrill once the verification process has been completed. After activation, Skrill will give you access to a new section in your Skrill Account called Merchant Tools. Please set your secret word in the Merchant Tools (do NOT use your password for this) and also enter it in the section below to connect to Skrill. The secret word is the last step of your activation process; it is needed to encrypt your payments securely. After successful submission you will be ready to use all the direct payment options of Skrill.', 'en'),
(3540, 3330, 'Contact Skrill at <a href="mailto:ecommerce@skrill.com">ecommerce@skrill.com</a> or by phone +44 203 308 2519', 'en'),
(3541, 3331, 'Email address of your Skrill account', 'en'),
(3542, 3332, 'Skrill Customer ID', 'en'),
(3543, 3333, 'Secret Word', 'en'),
(3544, 3334, 'You can set an order id prefix that will be added to each order number in your shop to make it unique (each transaction id must be unique for a Skrill account)', 'en'),
(3545, 3335, 'This option is relevant only if you share your Skrill account with other online shops.', 'en'),
(3546, 3336, 'Do you have questions?', 'en'),
(3547, 3337, 'Skrill settings', 'en'),
(3548, 3338, 'To process your customers\\'' payments with Skrill, you need a Skrill account. If you do not have one yet, you can sign up for free at http://www.skrill.com', 'en'),
(3549, 3339, 'Address for sales tax calculation', 'en'),
(3550, 3340, 'Click here to specify tax rates that will apply only to shipping charges', 'en'),
(3551, 3341, 'Discounted subtotal', 'en'),
(3552, 3342, 'Discounted subtotal + Shipping cost', 'en'),
(3553, 3343, 'General tax rates', 'en'),
(3554, 3344, 'Individual settings for every rate', 'en'),
(3555, 3345, 'New rate', 'en'),
(3556, 3346, 'Subtotal + Shipping cost', 'en'),
(3557, 3347, 'Tax rate has been deleted successfully', 'en'),
(3558, 3348, 'Tax rate has not been deleted', 'en'),
(3559, 3349, 'Taxable base', 'en'),
(3560, 3350, 'Tax rates for shipping charges have not yet been created.', 'en'),
(3561, 3351, 'Tax rates have not yet been created.', 'en'),
(3562, 3352, 'Tax rates on shipping cost', 'en'),
(3563, 3353, 'Use the same tax rates for all user membership levels', 'en'),
(3564, 3339, 'Адрес для расчета налога с продаж', 'ru'),
(3565, 3340, 'Нажмите здесь, чтобы задать ставки налогов на стоимость доставки', 'ru'),
(3566, 3341, 'Сумма заказа с учетом скидки', 'ru'),
(3567, 3342, 'Сумма заказа с учетом скидки + стоимость доставки', 'ru'),
(3568, 3343, 'Основные ставки налогов', 'ru'),
(3569, 3344, 'Индивидуальные настройки для каждой ставки налога', 'ru'),
(3570, 3345, 'Новая ставка', 'ru'),
(3571, 3346, 'Сумма заказа + стоимость доставки', 'ru'),
(3572, 3347, 'Сумма налога успешно удалена', 'ru'),
(3573, 3348, 'Сумма налога не удалена', 'ru'),
(3574, 3349, 'Налогооблагаемая база', 'ru'),
(3575, 3350, 'Ставки налога на стоимость доставки пока не созданы.', 'ru'),
(3576, 3351, 'Ставки налога пока не созданы.', 'ru'),
(3577, 3352, 'Ставки налогов на стоимость доставки', 'ru'),
(3578, 3353, 'Использовать одни и те же ставки налога для всех групп покупателей', 'ru'),
(3579, 1104, 'Налог с продаж', 'ru'),
(3580, 3354, 'MD5 hash value', 'en'),
(3581, 3355, 'Use of Restriction key must be disabled in your Quantum Gateway merchant center account at all times. Please log in to your account, go to the Processing Settings section and make sure the setting "Use restriction key" is disabled.', 'en'),
(3582, 3356, 'Include response in hash', 'en'),
(3583, 3357, 'This value must be set in exactly the same way as it is set on the payment gateway end.', 'en'),
(3584, 3358, '2Checkout.com account number', 'en'),
(3585, 3359, 'Order prefix', 'en'),
(3586, 3360, 'Pricing currency', 'en'),
(3587, 3361, 'To set up the integration, go to the ', 'en'),
(3588, 3362, '"Site management"', 'en'),
(3589, 3363, ' page on the 2Checkout site and make sure of the following:', 'en'),
(3590, 3364, 'The "Pricing currency" value here in X-Cart must be exactly the same as on 2Checkout''s Site management page.', 'en'),
(3591, 3365, 'The "Approved URL" value on 2Checkout''s Site management page must be set to this', 'en'),
(3592, 3366, '<strong>U.S.P.S.</strong> module allows to use online shipping rates calculation via <a href="http://www.usps.com/webtools">USPS Web Tools Ecommerce API</a>.', 'en'),
(3593, 3367, 'Note: To enable/disable the "Cash on delivery" payment option, you should enable/disable the payment method "Cash on delivery (U.S.P.S.)" on the <a href="{{URL}}">Payment methods page</a>.', 'en'),
(3594, 3368, 'Refresh list of available methods', 'en'),
(3595, 3369, 'Wrong container type selected: {{value}}. For large package size only the following types are allowed: RECTANGULAR, NONRECTANGULAR, VARIABLE', 'en'),
(3596, 3370, '{{value}} is an invalid container type for a REGULAR package. Valid Container is: VARIABLE', 'en'),
(3597, 3366, '<strong>U.S.P.S.</strong> module allows to use online shipping rates calculation via <a href="http://www.usps.com/webtools">USPS Web Tools Ecommerce API</a>.', 'ru'),
(3598, 3367, 'Важно: Чтобы включить/отключить вариант оплаты "Наложенный платеж", необходимо включить/отключить способ оплаты "Наложеный платеж (U.S.P.S.)" на <a href="{{URL}}">странице Способов оплаты</a>.', 'ru'),
(3599, 3368, 'Обновить список доступных методов', 'ru'),
(3600, 3369, 'Выбран неправильный тип контейнера: {{value}}. Для указанного размера LARGE допустимы следующие значения для типа контейнера: RECTANGULAR, NONRECTANGULAR, VARIABLE', 'ru'),
(3601, 3370, '{{value}} - неправильное значение для размера REGULAR. Допустимое значение: VARIABLE', 'ru'),
(3602, 3371, 'Cards that can be used for your future orders in this shop. No real credit card data was saved, only a special token on the side of the payment processor that can be used in this store only.', 'en'),
(3603, 3372, 'These payment methods were imported from your X-Payments. You can add them to your store at the ', 'en'),
(3604, 3373, 'page.', 'en'),
(3605, 3374, 'Re-import payment methods', 'en'),
(3606, 3375, 'Import payment methods', 'en'),
(3607, 3376, 'Click the button below to re-import payment methods from X-Payments.', 'en'),
(3608, 3377, 'To be able to use the payment methods defined in X-Payments, you should import information about them from X-Payments. Click the button below, and X-Payments will return a list of payment methods available for this shopping cart.', 'en'),
(3609, 3378, 'Request payment methods', 'en'),
(3610, 3379, 'X-Payments returned the following payment methods for your shopping cart:', 'en'),
(3611, 3380, 'X-Payments configuration ID', 'en'),
(3612, 3381, 'Replace payment methods', 'en'),
(3613, 3382, 'Cancel import and keep current payment methods', 'en'),
(3614, 3383, 'X-Cart automatically checks the connection to X-Payments after the settings are saved.<br/> If the module is configured properly, a "Test transaction completed successfully" message is displayed at the top of the page.', 'en'),
(3615, 3384, 'Once the connection is verified, you should proceed to the', 'en'),
(3616, 3385, 'section.', 'en'),
(3617, 3386, 'Use X-Payments configuration bundle', 'en'),
(3618, 3387, 'Copy the value of the Configuration field from X-Payments Online Store Details page, paste the string here and click <b>Deploy</b>.<br/> All the connection settings will be specified automatically.', 'en'),
(3619, 3388, 'Or fill in the settings manually', 'en'),
(3620, 3389, 'Specify the URL of your X-Payments installation. <br/>Copy and paste the <b>Store ID</b>, <b>Public key</b>, <b>Private key</b> and <b>Private key password</b> from X-Payments Online Store Details page.', 'en'),
(3621, 3390, 'Used credit cards', 'en'),
(3622, 3391, 'Credit card', 'en'),
(3623, 3392, 'Update default card', 'en'),
(3624, 3393, 'Pay with previously used credit card', 'en'),
(3625, 3394, 'Show all saved credit cards', 'en'),
(3626, 3395, 'I want to use this credit card for my future orders in this shop.', 'en'),
(3627, 3396, 'Configuration has been successfully deployed', 'en'),
(3628, 3397, 'Your configuration string is not correct', 'en'),
(3629, 3398, 'Test transaction completed successfully', 'en'),
(3630, 3399, 'Test transaction failed. Please check the X-Payments Connector settings and try again. If all the settings are ok, review your X-Payments settings and make sure you have properly defined your shopping cart properties.', 'en'),
(3631, 3400, 'There are no payment configurations for this store.', 'en'),
(3632, 3401, 'An error occured during the requesting of payment methods from X-Payments. See log files for details.', 'en'),
(3633, 3402, 'X-Payments transaction', 'en'),
(3634, 3403, 'Save cards', 'en'),
(3635, 3404, '1.1 (X-Payments 1.0.5 and earlier)', 'en'),
(3636, 3405, '1.2 (X-Payments 2.0 and X-Payments 1.0.6)', 'en'),
(3637, 3406, 'Add new credit card', 'en'),
(3638, 3407, 'Saved credit cards', 'en'),
(3639, 3408, 'Test transaction completed successfully for API version {{version}}', 'en'),
(3640, 3409, 'Ok', 'en'),
(3641, 3410, 'Save credit card', 'en'),
(3642, 3411, 'Back to credit cards', 'en'),
(3643, 3412, 'Important!', 'en'),
(3644, 3413, 'We will authorize', 'en'),
(3645, 3414, 'on your credit card in order to attach this credit card to your account. The amount will be released back to your card after a while.', 'en'),
(3646, 3415, 'The transaction will be marked as', 'en'),
(3647, 3416, 'Date, time', 'en'),
(3648, 3417, 'Result payment status', 'en'),
(3649, 3418, 'Transaction result', 'en'),
(3650, 3419, 'The related payment has not been found. Apparently, it was deleted.', 'en'),
(3651, 3420, 'KOUNT Antifraud screening result', 'en'),
(3652, 3421, 'Score', 'en'),
(3653, 3422, 'Rules triggered', 'en'),
(3654, 3423, 'Authorize/charge the difference', 'en'),
(3655, 3424, 'View payment information', 'en'),
(3656, 3425, 'Go to payment details page', 'en'),
(3657, 3426, 'Use one of the following cards to', 'en'),
(3658, 3427, 'for this order', 'en'),
(3659, 3428, 'Cards saved by the customer for future orders in this shop. No real credit cards were saved, only a special token on the side of the payment processor, which can be used in this store only.', 'en'),
(3660, 3429, 'No active X-Payments payment methods, or saving credit cards is not activated.', 'en'),
(3661, 3430, '<b>Note:</b> No payment methods here because the module is not configured. Please finalize the settings at ', 'en'),
(3662, 3431, 'Connection', 'en'),
(3663, 3432, 'tab and get back here to configure methods.', 'en'),
(3664, 3433, 'Start FREE Trial', 'en'),
(3665, 3434, 'See how', 'en'),
(3666, 3435, 'Open your X-Payments dashboard', 'en'),
(3667, 3436, 'in', 'en'),
(3668, 3437, 'X-Payments', 'en'),
(3669, 3438, 'Configure your gateway', 'en'),
(3670, 3439, 'Connect', 'en'),
(3671, 3440, 'with', 'en'),
(3672, 3441, 'Connect to X-Payments. Complete 3 easy steps.', 'en'),
(3673, 3442, 'Open X-Payments dashboard to configure', 'en'),
(3674, 3443, 'Connected!', 'en'),
(3675, 3444, 'Conection with X-Payments is OK.', 'en'),
(3676, 3445, 'Connection failed!', 'en'),
(3677, 3446, 'Check the settings.', 'en'),
(3678, 3447, 'Card saved', 'en'),
(3679, 3448, 'Card has not been saved due to a payment processor error', 'en'),
(3680, 3449, 'Payment methods have been imported successfully', 'en'),
(3681, 3450, 'Do not use card setup', 'en'),
(3682, 3451, 'Payment method for card setup', 'en'),
(3683, 3452, '1.3 (X-Payments 2.1)', 'en'),
(3684, 3453, 'Authorize amount for card setup', 'en'),
(3685, 3454, 'Description of the card setup payment', 'en'),
(3686, 3455, 'Authorization period, days', 'en'),
(3687, 3456, 'Charged amount', 'en'),
(3688, 3457, 'Declined amount', 'en'),
(3689, 3458, 'Difference', 'en'),
(3690, 3459, 'Payment information', 'en'),
(3691, 3460, 'Connection with X-Payments is OK.', 'en'),
(3692, 3461, 'No addresses for the profile.', 'en'),
(3693, 3462, 'Order status mapping rules', 'en'),
(3694, 3463, 'Refer to on-line manual', 'en'),
(3695, 3464, 'Save credit card setup', 'en'),
(3696, 3465, 'Trying to use unaccepted template change.', 'en'),
(3697, 3466, 'X-Payments Dashboard', 'en'),
(3698, 3467, 'X-Payments considers this transaction as potentially fraudlent.', 'en'),
(3699, 3468, 'You should accept the changes at the', 'en'),
(3700, 3469, 'Note: In order to setup ePDQ essential payment gateway, you have to complete these steps: <ul><li>Log in to your ePDQ backoffice</li> <li>Open the "Configuration" -> "Technical information" page -> "Global security parameters" tab -> "Hashing method" section and select SHA-512 and UTF-8 options.</li> <li>Open the "Configuration" -> "Technical information" page -> "Data and origin verification" tab -> "Checks for e-Commerce" section and in the URL field enter this URL: <em>{{URL}}</em></li> <li>Define SHA-IN pass phrase in the corresponding section and further enter it here in X-Cart in the "SHA-IN pass phrase" field.</li> <li>Open the "Configuration" -> "Technical information" page -> "Transaction feedback" tab -> "e-Commerce" section and enable <em>I would like to receive transaction feedback parameters on the redirection URLs</em> option.</li> <li>Scroll down to the "All transaction submission modes" section and define SHA-OUT pass phrase and further enter it here in X-Cart in the "SHA-OUT pass phrase" field.</li></ul>', 'en'),
(3701, 3470, 'PSPID', 'en'),
(3702, 3471, 'SHA-IN pass phrase', 'en'),
(3703, 3472, 'SHA-OUT pass phrase', 'en'),
(3704, 3473, 'Currency', 'en'),
(3705, 3474, 'Invoice number prefix', 'en'),
(3706, 3475, 'Enable logging of ePDQ transactions', 'en'),
(3707, 3476, 'Response from ePDQ is not trusted (SHA checking is failed)', 'en'),
(3708, 3477, 'Unexpected result was received from ePDQ (transaction status is not set)', 'en'),
(3709, 3478, 'Merchant ID', 'en'),
(3710, 3479, 'SubID', 'en'),
(3711, 3480, 'Public Certificate File', 'en'),
(3712, 3481, 'Public Key', 'en'),
(3713, 3482, 'Private Key', 'en'),
(3714, 3483, 'Private Key Password', 'en'),
(3715, 3484, 'Currency', 'en'),
(3716, 3485, 'Invoice number prefix', 'en'),
(3717, 3486, 'Enable logging of iDEAL transactions', 'en'),
(3718, 3487, 'Something is wrong with the iDEAL payment module settings. Please try later or use a different payment option.', 'en'),
(3719, 3488, 'Unexpected result was received from iDEAL (transaction status is not set)', 'en'),
(3720, 3489, 'Payment return page requested without expected parameters', 'en'),
(3721, 3490, 'Warning! This payment method requires OpenSSL extension. Please install and enable this extension in your PHP configuration.', 'en'),
(3722, 3491, 'Warning! Please re-check public and private key values and private key password!', 'en'),
(3723, 3492, 'Select issuer', 'en'),
(3724, 3493, 'Unknown payment transaction', 'en'),
(3725, 3494, 'The file with the certificate needs to be located in the directory {{certsDir}}', 'en'),
(3726, 3495, '<b>Canada Post</b> module allows you to use online shipping rates calculation via <a href="https://www.canadapost.ca">Canada Post</a>.', 'en'),
(3727, 3496, 'Products return {{return_number}}', 'en'),
(3728, 3497, 'To request a return please complete the form below', 'en'),
(3729, 3498, 'Return quantity', 'en'),
(3730, 3499, 'Create return', 'en'),
(3731, 3500, 'Deliver to Post Office', 'en'),
(3732, 3501, 'There are no post offices available', 'en'),
(3733, 3502, 'Tracking pins', 'en'),
(3734, 3503, 'Delivery to Post Office', 'en'),
(3735, 3504, 'No events found', 'en'),
(3736, 3505, 'Attached files', 'en'),
(3737, 3506, 'Created on', 'en'),
(3738, 3507, 'Documents', 'en'),
(3739, 3508, 'Parcel options', 'en'),
(3740, 3509, 'In store currency (0 - do not use coverage)', 'en'),
(3741, 3510, 'Parcel', 'en'),
(3742, 3511, 'Shipment info', 'en'),
(3743, 3512, 'Shipment ID', 'en'),
(3744, 3513, 'Shipment status', 'en'),
(3745, 3514, 'Tracking pin', 'en'),
(3746, 3515, 'Return tracking pin', 'en'),
(3747, 3516, 'PO Number', 'en'),
(3748, 3517, 'Manifests', 'en'),
(3749, 3518, 'Manifest ID', 'en'),
(3750, 3519, 'Parcel characteristics', 'en'),
(3751, 3520, 'Total items weight', 'en'),
(3752, 3521, 'warning: parcel is overweight', 'en'),
(3753, 3522, 'Box maximum weight', 'en'),
(3754, 3523, 'Dimensions (cm)', 'en'),
(3755, 3524, 'Parcel type', 'en'),
(3756, 3525, 'Document', 'en'),
(3757, 3526, 'Unpackaged', 'en'),
(3758, 3527, 'Mailing tube', 'en'),
(3759, 3528, 'Oversized', 'en'),
(3760, 3529, 'On shipment', 'en'),
(3761, 3530, 'On exception', 'en'),
(3762, 3531, 'On delivery', 'en'),
(3763, 3532, 'Test Canada Post rates calculation', 'en'),
(3764, 3533, 'Please note that rates are calculated for shipping from Canadian locations only.', 'en'),
(3765, 3534, 'Canada Post settings', 'en'),
(3766, 3535, 'Merchant registration wizard', 'en'),
(3767, 3536, 'To start the registration process for a Canada Post merchant account click on the "Register" button.', 'en'),
(3768, 3537, 'If you want to enable merchant registration wizard once again, please click on the following link', 'en'),
(3769, 3538, 'enable merchant wizard', 'en'),
(3770, 3539, 'Administrator notes', 'en'),
(3771, 3540, 'Not specified', 'en'),
(3772, 3541, '18 years', 'en'),
(3773, 3542, '19 years', 'en'),
(3774, 3543, 'shipments are picked up by Canada Post', 'en'),
(3775, 3544, 'deposit your items at a Post Office', 'en'),
(3776, 3545, 'Counter - will return the regular price paid by retail consumers', 'en'),
(3777, 3546, 'Commercial - will return the contracted price between Canada Post and the contract holder', 'en'),
(3778, 3547, 'Card (hold) for pick up', 'en'),
(3779, 3548, 'Leave at door', 'en'),
(3780, 3549, 'Do not safe drop', 'en'),
(3781, 3550, 'Parcel cannot be voided or transmitted - wrong quote type', 'en'),
(3782, 3551, 'Parcel cannot be transmitted - wrong quote type', 'en'),
(3783, 3552, 'Enter Return # or Order #', 'en'),
(3784, 3553, 'Return products', 'en'),
(3785, 3554, 'Void shipment', 'en'),
(3786, 3555, 'Are you sure you want to void this shipment?', 'en'),
(3787, 3556, 'Create shipment', 'en'),
(3788, 3557, 'Transmit shipment', 'en'),
(3789, 3558, 'Are you sure you want to transmit this shipment?', 'en'),
(3790, 3559, 'Ordered qty', 'en'),
(3791, 3560, 'Return qty', 'en'),
(3792, 3561, 'Total weight', 'en'),
(3793, 3562, 'Move item', 'en'),
(3794, 3563, 'New parcel', 'en'),
(3795, 3564, 'Return #', 'en'),
(3796, 3565, 'CanadaPost settings', 'en'),
(3797, 3566, 'Tracking details', 'en'),
(3798, 3567, 'Search for returns', 'en'),
(3799, 3568, 'The parcels have been successfully updated', 'en'),
(3800, 3569, 'The shipment has been created with errors', 'en'),
(3801, 3570, 'The shipment has been created successfully', 'en'),
(3802, 3571, 'The shipment cannot be created', 'en'),
(3803, 3572, 'The shipment has been voided with errors', 'en'),
(3804, 3573, 'The shipment has been voided successfully', 'en'),
(3805, 3574, 'The shipment cannot be voided', 'en'),
(3806, 3575, 'The shipment has been transmitted with errors', 'en'),
(3807, 3576, 'The shipment has been transmitted successfully', 'en'),
(3808, 3577, 'The shipment cannot be transmitted', 'en'),
(3809, 3578, 'Shipments', 'en'),
(3810, 3579, 'Return', 'en'),
(3811, 3580, 'The products return has been registered.', 'en'),
(3812, 3581, 'No items have been selected for return.', 'en'),
(3813, 3582, 'Vendor name', 'en'),
(3814, 3583, 'Processing mode', 'en'),
(3815, 3584, 'Encryption Password', 'en'),
(3816, 3585, 'Invoice number prefix', 'en'),
(3817, 3586, 'Pricing currency', 'en'),
(3818, 3587, 'Don''t have an account yet? <a href="https://support.sagepay.com/apply/default.aspx?PartnerID=653E8C42-AD93-4654-BB91-C645678FA97B">Sign up</a> for SagePay now!', 'en'),
(3819, 3588, 'You need to install the PHP mcrypt extension to use the Sage Pay integration', 'en'),
(3820, 3589, 'Sage Pay is UK''s leading independent payment service provider (PSP) and is one of the most trusted payment brands. Every year Sage Pay processes billions of pounds worth of secure payments for its 50,000+ customers and makes the process of accepting payments online, over the phone, or in person simpler, faster, safer and more profitable for businesses.<br /><br />Sage Pay is a subsidiary of FTSE 100 business management software and services company The Sage Group plc.', 'en'),
(3821, 3590, 'Please enter your encryption password (This is different from your merchant password). More info on encryption passwords is available <a href=''{{link}}''  target=''_blank''>here</a>', 'en'),
(3822, 3591, '{{count}} items ({{total}})', 'en'),
(3823, 3591, '{{count}} продуктов ({{total}})', 'ru'),
(3824, 3592, 'Token is empty', 'en'),
(3825, 3592, 'Токен пустой', 'ru'),
(3826, 3593, 'CVC verification: {{state}}', 'en'),
(3827, 3593, 'Проверка подлинности кредитной карты (CVC): {{state}}', 'ru'),
(3828, 3594, 'Address line verification: {{state}}', 'en'),
(3829, 3594, 'Проверка адреса: {{state}}', 'ru'),
(3830, 3595, 'Address zipcode verification: {{state}}', 'en'),
(3831, 3595, 'Проверка почтового индекса: {{state}}', 'ru'),
(3832, 3596, 'Requested transaction type: {{actual}}; real transaction type: {{real}}', 'en'),
(3833, 3596, 'Запрашивалася транзакция типа {{actual}}, а реально была выполнена типа {{real}}', 'ru'),
(3834, 3597, 'Requested amount: {{actual}}; real amount: {{real}}', 'en'),
(3835, 3597, 'Запрашивалось к оплате {{actual}}, а реально было оплачено {{real}}', 'ru'),
(3836, 3598, 'Requested currency: {{actual}}; real currency: {{real}}', 'en'),
(3837, 3598, 'Запрашивалось к оплате сумма в валюте {{actual}}, а реально было оплачено в валюте {{real}}', 'ru'),
(3838, 3599, 'Copy "Webhook URL" and go to <a href="https://manage.stripe.com/account/webhooks" target="_blank">Account settings</a>', 'en'),
(3839, 3599, 'Скопируйте "Webhook URL" и перейдите в <a href="https://manage.stripe.com/account/webhooks" target="_blank">Account settings</a>', 'ru'),
(3840, 3600, 'Go to your <strong>"account settings"</strong> on www.stripe.com', 'en'),
(3841, 3600, 'Откройте страницу <strong>"account settings"</strong> на www.stripe.com', 'ru'),
(3842, 3601, 'Choose <strong>"Webhook tab"</strong> and press <strong>"+ add URL"</strong> button', 'en'),
(3843, 3601, 'Выберите вкладку <strong>"Webhooks"</strong> и нажмите кнопку <strong>"+ add URL"</strong>', 'ru'),
(3844, 3602, 'Past <strong>"Webhook URL"</strong> to the field and press <strong>"Create Webhook URL"</strong> button', 'en'),
(3845, 3602, 'Вставьте <strong>"Webhook URL"</strong> и нажмите кнопку <strong>"Create Webhook URL"</strong>', 'ru'),
(3846, 3603, 'Disconnect', 'en'),
(3847, 3603, 'Разъеденить', 'ru'),
(3848, 3604, 'Status: <span>Connected</span> ({{mode}})', 'en'),
(3849, 3604, 'Статус: <span>Соединено</span> ({{mode}})', 'ru'),
(3850, 3605, 'Click "Connect with Stripe" to be redirected to Stripe.com', 'en'),
(3851, 3605, 'Нажмите "Connect with Stripe" чтобы перейти на Stripe.com', 'ru'),
(3852, 3606, '<strong>Complete the form</strong> with your Company info to setup your account and start processing payments immedately.', 'en'),
(3853, 3606, '<strong>Заполняйте форму</strong>, имея на руках данные о Вашей компании. После регистрации Вы сможете сразу начать принимать платежи.', 'ru'),
(3854, 3607, 'Refresh token', 'en'),
(3855, 3607, 'Обновить токен', 'ru'),
(3856, 3608, 'Your Stripe account is no longer accessible. Please connect with Stripe once again.', 'en'),
(3857, 3608, 'Ваш Stripe аккаунт более недоступен. Пожалуста, пройдите соединение со Stripe еще раз.', 'ru'),
(3858, 3609, 'Webhook URL is your store''s URL through which Stripe informs your store about any changes in the order. For example, if you refund a payment transaction for a certain amount via Stripe backend, Stripe will send information about this refund to the store using a special request to the Webhook URL, and the store will update the order status to refunded. If Webhook URL is not specified, the store will not know that the order was updated in Stripe backend and the order status in the store will not be updated automatically.', 'en'),
(3859, 3609, 'Webhook URL это URL Вашего магазина, через который Stripe оповещает магазин о изменениях в заказе. Например, если вы черезе Stripe backend сделаете refund плоатежной транзакции на некую сумму, то Stripe сообщит об этом магазину при помощи специального запроса к Webhook URL и магазин изменит состояние заказа на refunded. Иначе, если Webhook URL не указан, магазин об этом не узнает и закза не изменит свое состояние автоматически.', 'ru'),
(3860, 3610, 'URL is copied', 'en'),
(3861, 3610, 'URL скопирован', 'ru'),
(3862, 3611, 'Show "How to use" instruction', 'en'),
(3863, 3611, 'Показать инструкцию', 'ru'),
(3864, 3612, 'Hide "How to use" instruction', 'en'),
(3865, 3612, 'Спрятать инструкцию', 'ru'),
(3866, 3613, 'Don''t have an account?', 'en'),
(3867, 3614, 'Publishable key', 'en'),
(3868, 3615, 'Publishable key (test mode)', 'en'),
(3869, 3616, 'Secret key (test mode)', 'en'),
(3870, 3617, 'Ogone PSPID', 'en'),
(3871, 3618, 'SHA-IN passphrase', 'en'),
(3872, 3619, 'SHA-OUT passphrase', 'en'),
(3873, 3620, 'Don''t have an account? <a href="{{url}}" target="blank">Sign Up Now</a><br /><br />', 'en'),
(3874, 3621, 'Note: In order to setup ''Ingenico Payment Services'' payment method, you have to complete these steps: <ul><li>Log in to your Ingenico Payment Services account</li> <li>Open the "Configuration" -> "Technical information" page -> "Data and origin verification" tab -> "Checks for e-Commerce" section and in the URL field enter this URL: <em>{{URL}}</em></li> <li>Define SHA-IN pass phrase in the corresponding section and further enter it here in X-Cart in the "SHA-IN pass phrase" field.</li> <li>Open the "Configuration" -> "Technical information" page -> "Transaction feedback" tab -> "e-Commerce" section and enable <em>I would like to receive transaction feedback parameters on the redirection URLs</em> option.</li> <li>Scroll down to the "All transaction submission modes" section and define SHA-OUT pass phrase and further enter it here in X-Cart in the "SHA-OUT pass phrase" field.</li></ul>', 'en'),
(3875, 3622, 'Store ID', 'en'),
(3876, 3623, 'HPP Key', 'en'),
(3877, 3624, 'To set up the integration, go to the <a href="https://www3.moneris.com/mpg/" target="_blank">"Site management"</a> page on the eSelect site and make sure of the following:', 'en'),
(3878, 3625, 'The "Store ID" and "HPP Key" value must be exactly the same as on it.', 'en'),
(3879, 3626, 'The "Approved URL" value must be exactly as this:', 'en'),
(3880, 3627, 'The "Declined URL" value must be exactly as this:', 'en'),
(3881, 3628, 'Set the "Response Method" setting to "Sent to your server as a POST".', 'en'),
(3882, 3629, 'Enable the ''Use "Enhanced Cancel"'' option.', 'en'),
(3883, 3630, 'Approved URL', 'en'),
(3884, 3631, 'Declined URL', 'en'),
(3885, 3632, 'Amazon Order Ref ID', 'en'),
(3886, 3633, 'Immediate Charge', 'en'),
(3887, 3634, 'Pay with Amazon', 'en'),
(3888, 3635, 'PayWithAmazon available actions', 'en'),
(3889, 3636, 'Refresh status', 'en'),
(3890, 3637, 'Refund status', 'en'),
(3891, 3638, 'This operation will cancel order. Payment authorization will be voided. Please confirm to proceed.', 'en'),
(3892, 3639, 'This operation will capture funds from customer. Please confirm to proceed.', 'en'),
(3893, 3640, 'This operation will refund funds to customer. Please confirm to proceed.', 'en'),
(3894, 3641, 'The "Pay With Amazon" feature is not configured and cannot be used.', 'en'),
(3895, 3642, 'The "Pay with Amazon" feature requires https to be <a href="{{url}}">properly set up</a> for your store.', 'en');

-- --------------------------------------------------------

--
-- Table structure for table `xc_language_translations`
--

DROP TABLE IF EXISTS `xc_language_translations`;
CREATE TABLE IF NOT EXISTS `xc_language_translations` (
  `label_id` int(11) NOT NULL AUTO_INCREMENT,
  `id` int(11) DEFAULT NULL,
  `name` varchar(64) COLLATE utf8_unicode_ci NOT NULL,
  `code` char(2) COLLATE utf8_unicode_ci NOT NULL,
  PRIMARY KEY (`label_id`),
  KEY `IDX_1610C29E2BF396750` (`id`),
  KEY `ci` (`code`,`id`)
) ENGINE=InnoDB AUTO_INCREMENT=183 DEFAULT CHARSET=utf8 COLLATE=utf8_unicode_ci;

--
-- Dumping data for table `xc_language_translations`
--

INSERT INTO `xc_language_translations` (`label_id`, `id`, `name`, `code`) VALUES
(1, 1, 'Afar', 'en'),
(2, 2, 'Abkhazian', 'en'),
(3, 3, 'Afrikaans', 'en'),
(4, 4, 'Akan', 'en'),
(5, 5, 'Albanian', 'en'),
(6, 6, 'Amharic', 'en'),
(7, 7, 'Arabic', 'en'),
(8, 8, 'Aragonese', 'en'),
(9, 9, 'Armenian', 'en'),
(10, 10, 'Assamese', 'en'),
(11, 11, 'Avaric', 'en'),
(12, 12, 'Avestan', 'en'),
(13, 13, 'Aymara', 'en'),
(14, 14, 'Azerbaijani', 'en'),
(15, 15, 'Bashkir', 'en'),
(16, 16, 'Bambara', 'en'),
(17, 17, 'Basque', 'en'),
(18, 18, 'Belarusian', 'en'),
(19, 19, 'Bengali', 'en'),
(20, 20, 'Bihari', 'en'),
(21, 21, 'Bislama', 'en'),
(22, 22, 'Bosnian', 'en'),
(23, 23, 'Breton', 'en'),
(24, 24, 'British', 'en'),
(25, 25, 'Bulgarian', 'en'),
(26, 26, 'Burmese', 'en'),
(27, 27, 'Catalan', 'en'),
(28, 28, 'Chamorro', 'en'),
(29, 29, 'Chechen', 'en'),
(30, 30, 'Chinese', 'en'),
(31, 31, 'Church Slavic', 'en'),
(32, 32, 'Chuvash', 'en'),
(33, 33, 'Cornish', 'en'),
(34, 34, 'Corsican', 'en'),
(35, 35, 'Cree', 'en'),
(36, 36, 'Czech', 'en'),
(37, 37, 'Danish', 'en'),
(38, 38, 'Divehi', 'en'),
(39, 39, 'Dutch', 'en'),
(40, 40, 'Dzongkha', 'en'),
(41, 41, 'English', 'en'),
(42, 42, 'Esperanto', 'en'),
(43, 43, 'Estonian', 'en'),
(44, 44, 'Ewe', 'en'),
(45, 45, 'Faroese', 'en'),
(46, 46, 'Fijian', 'en'),
(47, 47, 'Finnish', 'en'),
(48, 48, 'French', 'en'),
(49, 49, 'Western Frisian', 'en'),
(50, 50, 'Fulah', 'en'),
(51, 51, 'Georgian', 'en'),
(52, 52, 'German', 'en'),
(53, 53, 'Gaelic', 'en'),
(54, 54, 'Irish', 'en'),
(55, 55, 'Galician', 'en'),
(56, 56, 'Manx', 'en'),
(57, 57, 'Greek', 'en'),
(58, 58, 'Guarani', 'en'),
(59, 59, 'Gujarati', 'en'),
(60, 60, 'Haitian', 'en'),
(61, 61, 'Hausa', 'en'),
(62, 62, 'Hebrew', 'en'),
(63, 63, 'Herero', 'en'),
(64, 64, 'Hindi', 'en'),
(65, 65, 'Hiri Motu', 'en'),
(66, 66, 'Croatian', 'en'),
(67, 67, 'Hungarian', 'en'),
(68, 68, 'Igbo', 'en'),
(69, 69, 'Icelandic', 'en'),
(70, 70, 'Ido', 'en'),
(71, 71, 'Sichuan Yi', 'en'),
(72, 72, 'Inuktitut', 'en'),
(73, 73, 'Interlingue', 'en'),
(74, 74, 'Interlingua', 'en'),
(75, 75, 'Indonesian', 'en'),
(76, 76, 'Inupiaq', 'en'),
(77, 77, 'Italian', 'en'),
(78, 78, 'Javanese', 'en'),
(79, 79, 'Japanese', 'en'),
(80, 80, 'Kalaallisut', 'en'),
(81, 81, 'Kannada', 'en'),
(82, 82, 'Kashmiri', 'en'),
(83, 83, 'Kanuri', 'en'),
(84, 84, 'Kazakh', 'en'),
(85, 85, 'Khmer or Cambodian', 'en'),
(86, 86, 'Kikuyu', 'en'),
(87, 87, 'Kinyarwanda', 'en'),
(88, 88, 'Kirghiz', 'en'),
(89, 89, 'Komi', 'en'),
(90, 90, 'Kongo', 'en'),
(91, 91, 'Korean', 'en'),
(92, 92, 'Kuanyama', 'en'),
(93, 93, 'Kurdish', 'en'),
(94, 94, 'Lao', 'en'),
(95, 95, 'Latin', 'en'),
(96, 96, 'Latvian', 'en'),
(97, 97, 'Limburgan', 'en'),
(98, 98, 'Lingala', 'en'),
(99, 99, 'Lithuanian', 'en'),
(100, 100, 'Luxembourgish', 'en'),
(101, 101, 'Luba-Katanga', 'en'),
(102, 102, 'Ganda', 'en'),
(103, 103, 'Macedonian', 'en'),
(104, 104, 'Marshallese', 'en'),
(105, 105, 'Malayalam', 'en'),
(106, 106, 'Maori', 'en'),
(107, 107, 'Marathi', 'en'),
(108, 108, 'Malay', 'en'),
(109, 109, 'Malagasy', 'en'),
(110, 110, 'Maltese', 'en'),
(111, 111, 'Mongolian', 'en'),
(112, 112, 'Nauru', 'en'),
(113, 113, 'Navajo', 'en'),
(114, 114, 'Ndebel', 'en'),
(115, 115, 'Ndebel', 'en'),
(116, 116, 'Ndonga', 'en'),
(117, 117, 'Nepali', 'en'),
(118, 118, 'Norwegian', 'en'),
(119, 119, 'Chichewa', 'en'),
(120, 120, 'Occitan', 'en'),
(121, 121, 'Ojibwa', 'en'),
(122, 122, 'Oriya', 'en'),
(123, 123, 'Oromo', 'en'),
(124, 124, 'Ossetian', 'en'),
(125, 125, 'Panjabi', 'en'),
(126, 126, 'Persian', 'en'),
(127, 127, 'Pali', 'en'),
(128, 128, 'Polish', 'en'),
(129, 129, 'Portuguese', 'en'),
(130, 130, 'Pushto', 'en'),
(131, 131, 'Quechua', 'en'),
(132, 132, 'Romansh', 'en'),
(133, 133, 'Romanian', 'en'),
(134, 134, 'Rundi', 'en'),
(135, 135, 'Russian', 'en'),
(136, 136, 'Sango', 'en'),
(137, 137, 'Sanskrit', 'en'),
(138, 138, 'Sinhala', 'en'),
(139, 139, 'Slovak', 'en'),
(140, 140, 'Slovenian', 'en'),
(141, 141, 'Northern Sami', 'en'),
(142, 142, 'Samoan', 'en'),
(143, 143, 'Shona', 'en'),
(144, 144, 'Sindhi', 'en'),
(145, 145, 'Somali', 'en'),
(146, 146, 'Soth', 'en'),
(147, 147, 'Spanish', 'en'),
(148, 148, 'Sardinian', 'en'),
(149, 149, 'Serbian', 'en'),
(150, 150, 'Swati', 'en'),
(151, 151, 'Sundanese', 'en'),
(152, 152, 'Swahili', 'en'),
(153, 153, 'Swedish', 'en'),
(154, 154, 'Tahitian', 'en'),
(155, 155, 'Tamil', 'en'),
(156, 156, 'Tatar', 'en'),
(157, 157, 'Telugu', 'en'),
(158, 158, 'Tajik', 'en'),
(159, 159, 'Tagalog', 'en'),
(160, 160, 'Thai', 'en'),
(161, 161, 'Tibetan', 'en'),
(162, 162, 'Tigrinya', 'en'),
(163, 163, 'Tonga', 'en'),
(164, 164, 'Tswana', 'en'),
(165, 165, 'Tsonga', 'en'),
(166, 166, 'Turkmen', 'en'),
(167, 167, 'Turkish', 'en'),
(168, 168, 'Twi', 'en'),
(169, 169, 'Uighur', 'en'),
(170, 170, 'Ukrainian', 'en'),
(171, 171, 'Urdu', 'en'),
(172, 172, 'Uzbek', 'en'),
(173, 173, 'Venda', 'en'),
(174, 174, 'Vietnamese', 'en'),
(175, 175, 'Welsh', 'en'),
(176, 176, 'Walloon', 'en'),
(177, 177, 'Wolof', 'en'),
(178, 178, 'Xhosa', 'en'),
(179, 179, 'Yiddish', 'en'),
(180, 180, 'Yoruba', 'en'),
(181, 181, 'Zhuang', 'en'),
(182, 182, 'Zulu', 'en');

-- --------------------------------------------------------

--
-- Table structure for table `xc_measures`
--

DROP TABLE IF EXISTS `xc_measures`;
CREATE TABLE IF NOT EXISTS `xc_measures` (
  `id` int(10) UNSIGNED NOT NULL AUTO_INCREMENT,
  `date` int(10) UNSIGNED NOT NULL,
  `fsTime` int(10) UNSIGNED NOT NULL,
  `dbTime` int(10) UNSIGNED NOT NULL,
  `cpuTime` int(10) UNSIGNED NOT NULL,
  PRIMARY KEY (`id`)
) ENGINE=InnoDB DEFAULT CHARSET=utf8 COLLATE=utf8_unicode_ci;

-- --------------------------------------------------------

--
-- Table structure for table `xc_measure_dumps`
--

DROP TABLE IF EXISTS `xc_measure_dumps`;
CREATE TABLE IF NOT EXISTS `xc_measure_dumps` (
  `id` int(10) UNSIGNED NOT NULL AUTO_INCREMENT,
  `data` varchar(255) COLLATE utf8_unicode_ci NOT NULL,
  `text` longtext COLLATE utf8_unicode_ci NOT NULL,
  PRIMARY KEY (`id`)
) ENGINE=InnoDB DEFAULT CHARSET=utf8 COLLATE=utf8_unicode_ci;

-- --------------------------------------------------------

--
-- Table structure for table `xc_memberships`
--

DROP TABLE IF EXISTS `xc_memberships`;
CREATE TABLE IF NOT EXISTS `xc_memberships` (
  `membership_id` int(10) UNSIGNED NOT NULL AUTO_INCREMENT,
  `position` int(11) NOT NULL,
  `enabled` tinyint(1) NOT NULL,
  PRIMARY KEY (`membership_id`)
) ENGINE=InnoDB AUTO_INCREMENT=2 DEFAULT CHARSET=utf8 COLLATE=utf8_unicode_ci;

--
-- Dumping data for table `xc_memberships`
--

INSERT INTO `xc_memberships` (`membership_id`, `position`, `enabled`) VALUES
(1, 10, 1);

-- --------------------------------------------------------

--
-- Table structure for table `xc_membership_coupons`
--

DROP TABLE IF EXISTS `xc_membership_coupons`;
CREATE TABLE IF NOT EXISTS `xc_membership_coupons` (
  `coupon_id` int(10) UNSIGNED NOT NULL,
  `membership_id` int(10) UNSIGNED NOT NULL,
  PRIMARY KEY (`coupon_id`,`membership_id`),
  KEY `IDX_1560DE2166C5951B` (`coupon_id`),
  KEY `IDX_1560DE211FB354CD` (`membership_id`)
) ENGINE=InnoDB DEFAULT CHARSET=utf8 COLLATE=utf8_unicode_ci;

-- --------------------------------------------------------

--
-- Table structure for table `xc_membership_translations`
--

DROP TABLE IF EXISTS `xc_membership_translations`;
CREATE TABLE IF NOT EXISTS `xc_membership_translations` (
  `label_id` int(11) NOT NULL AUTO_INCREMENT,
  `id` int(10) UNSIGNED DEFAULT NULL,
  `name` varchar(128) COLLATE utf8_unicode_ci NOT NULL,
  `code` char(2) COLLATE utf8_unicode_ci NOT NULL,
  PRIMARY KEY (`label_id`),
  KEY `ci` (`code`,`id`),
  KEY `id` (`id`)
) ENGINE=InnoDB AUTO_INCREMENT=3 DEFAULT CHARSET=utf8 COLLATE=utf8_unicode_ci;

--
-- Dumping data for table `xc_membership_translations`
--

INSERT INTO `xc_membership_translations` (`label_id`, `id`, `name`, `code`) VALUES
(1, 1, 'Wholesaler', 'en'),
(2, 1, 'Оптовый покупатель', 'ru');

-- --------------------------------------------------------

--
-- Table structure for table `xc_menus`
--

DROP TABLE IF EXISTS `xc_menus`;
CREATE TABLE IF NOT EXISTS `xc_menus` (
  `id` int(10) UNSIGNED NOT NULL AUTO_INCREMENT,
  `parent_id` int(10) UNSIGNED DEFAULT NULL,
  `link` varchar(255) COLLATE utf8_unicode_ci DEFAULT NULL,
  `lpos` int(11) NOT NULL,
  `rpos` int(11) NOT NULL,
  `depth` int(11) NOT NULL,
  `type` varchar(1) COLLATE utf8_unicode_ci NOT NULL,
  `position` int(11) NOT NULL,
  `enabled` tinyint(1) NOT NULL,
  `visibleFor` varchar(2) COLLATE utf8_unicode_ci NOT NULL,
  PRIMARY KEY (`id`),
  KEY `IDX_1AC666883727ACA70` (`parent_id`),
  KEY `enabled` (`enabled`,`type`),
  KEY `position` (`position`)
) ENGINE=InnoDB AUTO_INCREMENT=33 DEFAULT CHARSET=utf8 COLLATE=utf8_unicode_ci;

--
-- Dumping data for table `xc_menus`
--

INSERT INTO `xc_menus` (`id`, `parent_id`, `link`, `lpos`, `rpos`, `depth`, `type`, `position`, `enabled`, `visibleFor`) VALUES
(1, 2, '{home}', 2, 3, 0, 'P', 100, 1, 'AL'),
(2, NULL, 'link', 1, 64, -1, 'P', 0, 1, 'AL'),
(3, 2, '{my account}', 4, 9, 0, 'P', 600, 1, 'L'),
(4, 3, '?target=order_list', 5, 6, 1, 'P', 100, 1, 'L'),
(5, 3, '?target=address_book', 7, 8, 1, 'P', 200, 1, 'L'),
(6, 2, 'shipping.html', 10, 11, 0, 'P', 200, 1, 'AL'),
(7, 2, '{new arrivals}', 12, 13, 0, 'P', 400, 1, 'AL'),
(8, 2, '{coming soon}', 14, 15, 0, 'P', 500, 1, 'AL'),
(9, 2, NULL, 16, 23, 0, 'P', 150, 1, 'AL'),
(10, 9, '{sale}', 17, 18, 1, 'P', 100, 1, 'AL'),
(11, 9, '{bestsellers}', 19, 20, 1, 'P', 200, 1, 'AL'),
(12, 9, '{special offers}', 21, 22, 1, 'P', 300, 0, 'AL'),
(13, 2, '{contact us}', 24, 25, 0, 'P', 700, 1, 'AL'),
(14, 2, NULL, 26, 33, 0, 'F', 100, 1, 'AL'),
(15, 14, 'apparel', 27, 28, 1, 'F', 100, 1, 'AL'),
(16, 14, 'igoods', 29, 30, 1, 'F', 200, 1, 'AL'),
(17, 14, 'toys', 31, 32, 1, 'F', 300, 1, 'AL'),
(18, 2, NULL, 34, 41, 0, 'F', 200, 1, 'AL'),
(19, 18, '{sale}', 35, 36, 1, 'F', 100, 1, 'AL'),
(20, 18, '{coming soon}', 37, 38, 1, 'F', 200, 1, 'AL'),
(21, 18, '{new arrivals}', 39, 40, 1, 'F', 300, 1, 'AL'),
(22, 2, NULL, 42, 49, 0, 'F', 300, 1, 'AL'),
(23, 22, 'shipping.html', 43, 44, 1, 'F', 100, 1, 'AL'),
(24, 22, '?target=map', 45, 46, 1, 'F', 200, 1, 'AL'),
(25, 22, 'terms-and-conditions.html', 47, 48, 1, 'F', 300, 1, 'AL'),
(26, 2, NULL, 50, 55, 0, 'F', 400, 1, 'AL'),
(27, 26, 'shipping.html', 51, 52, 1, 'F', 100, 1, 'AL'),
(28, 26, '{contact us}', 53, 54, 1, 'F', 200, 1, 'AL'),
(29, 2, NULL, 56, 63, 0, 'F', 500, 1, 'L'),
(30, 29, '?target=address_book', 57, 58, 1, 'F', 100, 1, 'L'),
(31, 29, '?target=order_list', 59, 60, 1, 'F', 200, 1, 'L'),
(32, 29, '?target=profile', 61, 62, 1, 'F', 300, 1, 'L');

-- --------------------------------------------------------

--
-- Table structure for table `xc_menu_quick_flags`
--

DROP TABLE IF EXISTS `xc_menu_quick_flags`;
CREATE TABLE IF NOT EXISTS `xc_menu_quick_flags` (
  `id` int(11) NOT NULL AUTO_INCREMENT,
  `menu_id` int(10) UNSIGNED DEFAULT NULL,
  `submenus_count_all` int(11) NOT NULL,
  `submenus_count_enabled` int(11) NOT NULL,
  PRIMARY KEY (`id`),
  UNIQUE KEY `UNIQ_B0327DB0CCD7E912` (`menu_id`)
) ENGINE=InnoDB AUTO_INCREMENT=35 DEFAULT CHARSET=utf8 COLLATE=utf8_unicode_ci;

--
-- Dumping data for table `xc_menu_quick_flags`
--

INSERT INTO `xc_menu_quick_flags` (`id`, `menu_id`, `submenus_count_all`, `submenus_count_enabled`) VALUES
(1, 3, 2, 2),
(3, 1, 0, 0),
(4, 2, 12, 12),
(5, 4, 0, 0),
(6, 5, 0, 0),
(8, 6, 0, 0),
(9, 7, 0, 0),
(10, 8, 0, 0),
(11, 9, 3, 2),
(12, 10, 0, 0),
(13, 11, 0, 0),
(14, 12, 0, 0),
(15, 14, 3, 3),
(16, 13, 0, 0),
(17, 15, 0, 0),
(18, 16, 0, 0),
(19, 17, 0, 0),
(20, 18, 3, 3),
(21, 19, 0, 0),
(22, 20, 0, 0),
(23, 21, 0, 0),
(24, 22, 3, 3),
(25, 23, 0, 0),
(26, 24, 0, 0),
(27, 25, 0, 0),
(28, 26, 2, 2),
(29, 27, 0, 0),
(30, 28, 0, 0),
(31, 29, 3, 3),
(32, 30, 0, 0),
(33, 31, 0, 0),
(34, 32, 0, 0);

-- --------------------------------------------------------

--
-- Table structure for table `xc_menu_translations`
--

DROP TABLE IF EXISTS `xc_menu_translations`;
CREATE TABLE IF NOT EXISTS `xc_menu_translations` (
  `label_id` int(11) NOT NULL AUTO_INCREMENT,
  `id` int(10) UNSIGNED DEFAULT NULL,
  `name` varchar(255) COLLATE utf8_unicode_ci NOT NULL,
  `code` char(2) COLLATE utf8_unicode_ci NOT NULL,
  PRIMARY KEY (`label_id`),
  KEY `ci` (`code`,`id`),
  KEY `id` (`id`)
) ENGINE=InnoDB AUTO_INCREMENT=63 DEFAULT CHARSET=utf8 COLLATE=utf8_unicode_ci;

--
-- Dumping data for table `xc_menu_translations`
--

INSERT INTO `xc_menu_translations` (`label_id`, `id`, `name`, `code`) VALUES
(1, 1, 'Home', 'en'),
(2, 1, 'Главная', 'ru'),
(3, 3, 'My Account', 'en'),
(4, 3, 'Мой профиль', 'ru'),
(5, 4, 'My orders', 'en'),
(6, 4, 'Мои заказы', 'ru'),
(7, 5, 'My address book', 'en'),
(8, 5, 'Мои адреса', 'ru'),
(9, 6, 'Shipping', 'en'),
(10, 6, 'Доставка', 'ru'),
(11, 7, 'New!', 'en'),
(12, 7, 'Новинки', 'ru'),
(13, 8, 'Coming soon', 'en'),
(14, 8, 'Скоро в продаже', 'ru'),
(15, 9, 'Hot deals', 'en'),
(16, 9, 'Акции', 'ru'),
(17, 10, 'Sale', 'en'),
(18, 10, 'Распродажа', 'ru'),
(19, 11, 'Bestsellers', 'en'),
(20, 11, 'Бестселлеры', 'ru'),
(21, 12, 'Special offers', 'en'),
(22, 12, 'Специальные предложения', 'ru'),
(23, 13, 'Contact us', 'en'),
(24, 13, 'Напишите нам', 'ru'),
(25, 14, 'Categories', 'en'),
(26, 14, 'Товары', 'ru'),
(27, 15, 'Apparel', 'en'),
(28, 15, 'Одежда', 'ru'),
(29, 16, 'iGoods', 'en'),
(30, 16, 'Электроника', 'ru'),
(31, 17, 'Toys', 'en'),
(32, 17, 'Игрушки', 'ru'),
(33, 18, 'Offers', 'en'),
(34, 18, 'Акции', 'ru'),
(35, 19, 'Sale', 'en'),
(36, 19, 'Распродажа', 'ru'),
(37, 20, 'Coming soon', 'en'),
(38, 20, 'Скоро в продаже', 'ru'),
(39, 21, 'New!', 'en'),
(40, 21, 'Новинки', 'ru'),
(41, 22, 'Info links', 'en'),
(42, 22, 'Информация', 'ru'),
(43, 23, 'Shipping', 'en'),
(44, 23, 'Правила доставки', 'ru'),
(45, 24, 'Sitemap', 'en'),
(46, 24, 'Карта сайта', 'ru'),
(47, 25, 'Terms & Conditions', 'en'),
(48, 25, 'Условия использования', 'ru'),
(49, 26, 'Services', 'en'),
(50, 26, 'Сервисы', 'ru'),
(51, 27, 'Shipping info', 'en'),
(52, 27, 'Доставка', 'ru'),
(53, 28, 'Contact us', 'en'),
(54, 28, 'Напишите нам', 'ru'),
(55, 29, 'My X-Cart', 'en'),
(56, 29, 'Мой X-Cart', 'ru'),
(57, 30, 'Address book', 'en'),
(58, 30, 'Мои адреса', 'ru'),
(59, 31, 'Order list', 'en'),
(60, 31, 'Мои заказы', 'ru'),
(61, 32, 'Account details', 'en'),
(62, 32, 'Личный кабинет', 'ru');

-- --------------------------------------------------------

--
-- Table structure for table `xc_modules`
--

DROP TABLE IF EXISTS `xc_modules`;
CREATE TABLE IF NOT EXISTS `xc_modules` (
  `moduleID` int(11) NOT NULL AUTO_INCREMENT,
  `name` varchar(64) COLLATE utf8_unicode_ci NOT NULL,
  `author` varchar(64) COLLATE utf8_unicode_ci NOT NULL,
  `authorEmail` varchar(255) COLLATE utf8_unicode_ci NOT NULL,
  `enabled` tinyint(1) NOT NULL,
  `installed` tinyint(1) NOT NULL,
  `yamlLoaded` tinyint(1) NOT NULL,
  `date` int(11) NOT NULL,
  `rating` decimal(14,4) NOT NULL,
  `votes` int(11) NOT NULL,
  `downloads` int(11) NOT NULL,
  `price` decimal(14,2) NOT NULL,
  `currency` varchar(3) COLLATE utf8_unicode_ci NOT NULL,
  `majorVersion` varchar(8) COLLATE utf8_unicode_ci NOT NULL,
  `minorVersion` int(11) NOT NULL,
  `build` int(11) NOT NULL,
  `minorRequiredCoreVersion` int(11) NOT NULL,
  `revisionDate` int(11) NOT NULL,
  `packSize` bigint(20) NOT NULL,
  `xcnPlan` bigint(20) NOT NULL,
  `moduleName` varchar(255) COLLATE utf8_unicode_ci NOT NULL,
  `authorName` varchar(255) COLLATE utf8_unicode_ci NOT NULL,
  `description` longtext COLLATE utf8_unicode_ci NOT NULL,
  `iconURL` varchar(255) COLLATE utf8_unicode_ci DEFAULT NULL,
  `pageURL` varchar(255) COLLATE utf8_unicode_ci NOT NULL,
  `authorPageURL` varchar(255) COLLATE utf8_unicode_ci NOT NULL,
  `dependencies` longtext COLLATE utf8_unicode_ci NOT NULL COMMENT '(DC2Type:array)',
  `tags` longtext COLLATE utf8_unicode_ci NOT NULL COMMENT '(DC2Type:array)',
  `fromMarketplace` tinyint(1) NOT NULL,
  `isLanding` tinyint(1) NOT NULL,
  `landingPosition` int(11) NOT NULL,
  `isSystem` tinyint(1) NOT NULL,
  `hasLicense` tinyint(1) NOT NULL,
  `editionState` int(11) NOT NULL,
  `editions` longtext COLLATE utf8_unicode_ci NOT NULL COMMENT '(DC2Type:array)',
  `xbProductId` int(11) NOT NULL,
  `isSkin` tinyint(1) NOT NULL,
  PRIMARY KEY (`moduleID`),
  UNIQUE KEY `moduleVersion` (`author`,`name`,`majorVersion`,`minorVersion`,`fromMarketplace`),
  KEY `enabled` (`enabled`),
  KEY `date` (`date`),
  KEY `downloads` (`downloads`),
  KEY `rating` (`rating`),
  KEY `ani` (`author`,`name`,`installed`),
  KEY `anmm` (`author`,`name`,`majorVersion`,`minorVersion`),
  KEY `anf` (`author`,`name`,`fromMarketplace`)
) ENGINE=InnoDB AUTO_INCREMENT=434 DEFAULT CHARSET=utf8 COLLATE=utf8_unicode_ci;

--
-- Dumping data for table `xc_modules`
--

INSERT INTO `xc_modules` (`moduleID`, `name`, `author`, `authorEmail`, `enabled`, `installed`, `yamlLoaded`, `date`, `rating`, `votes`, `downloads`, `price`, `currency`, `majorVersion`, `minorVersion`, `build`, `minorRequiredCoreVersion`, `revisionDate`, `packSize`, `xcnPlan`, `moduleName`, `authorName`, `description`, `iconURL`, `pageURL`, `authorPageURL`, `dependencies`, `tags`, `fromMarketplace`, `isLanding`, `landingPosition`, `isSystem`, `hasLicense`, `editionState`, `editions`, `xbProductId`, `isSkin`) VALUES
(1, 'PayWithAmazon', 'Amazon', '', 1, 1, 1, 1476370203, '0.0000', 0, 0, '0.00', 'USD', '5.3', 2, 0, 0, 0, 0, 0, 'Pay with Amazon', 'Amazon Payments', 'This module enables Pay with Amazon functionality', NULL, '', '', 'a:0:{}', 'a:0:{}', 0, 0, 0, 0, 0, 0, 'a:0:{}', 0, 0),
(2, 'ESelectHPP', 'XC', '', 1, 1, 1, 1476370203, '0.0000', 0, 0, '0.00', 'USD', '5.3', 1, 0, 0, 0, 0, 0, 'Moneris (eSELECTplus- Hosted Pay Page)', 'X-Cart team', 'Accept credit and debit cards via an online transaction processing engine. USA and Canada', NULL, '', '', 'a:0:{}', 'a:0:{}', 0, 0, 0, 0, 0, 0, 'a:0:{}', 0, 0),
(3, 'AuctionInc', 'XC', '', 1, 1, 1, 1476370203, '0.0000', 0, 0, '0.00', 'USD', '5.3', 1, 2, 0, 0, 0, 0, 'AuctionInc ShippingCalc', 'X-Cart team', 'Provide your customers with accurate "real-time" comparative domestic or international shipping rates from\nyour choice of services from Fedex, UPS, USPS and DHL. No carrier accounts required. Full support for your\nitem dimensions and dimensional rates. Shipping origins from any country supported. A host of advanced\nfeatures include: shipping promotions, bundled handling fees, drop-shipping from multiple origins, and a\npackaging engine that accurately predicts appropriate packaging for multiple items and quantities. Free\nmonth-long trial, then subscription to AuctionInc required.', NULL, '', '', 'a:0:{}', 'a:0:{}', 0, 0, 0, 0, 0, 0, 'a:0:{}', 0, 0),
(4, 'CustomProductTabs', 'XC', '', 1, 1, 1, 1476370203, '0.0000', 0, 0, '0.00', 'USD', '5.3', 1, 0, 0, 0, 0, 0, 'Custom product tabs', 'X-Cart team', 'Add additional tabs on the product page. Custom name, custom content - html text or product videos, whatever describes your product best.', NULL, '', '', 'a:0:{}', 'a:0:{}', 0, 0, 0, 0, 0, 0, 'a:0:{}', 0, 0),
(5, 'UPS', 'XC', '', 1, 1, 1, 1476370203, '0.0000', 0, 0, '0.00', 'USD', '5.3', 1, 0, 0, 0, 0, 0, 'UPS', 'X-Cart team', 'Gets shipping quotes for UPS delivery methods.', NULL, '', '', 'a:0:{}', 'a:0:{}', 0, 0, 0, 0, 0, 0, 'a:0:{}', 0, 0),
(6, 'WebmasterKit', 'XC', '', 0, 1, 0, 1476370203, '0.0000', 0, 0, '0.00', 'USD', '5.3', 1, 1, 0, 0, 0, 0, 'Webmaster Kit', 'X-Cart team', 'This module helps web developers. It is used to find specific templates (the same as Webmaster mode functionality in X-Cart 4), SQL logging, benchmarking.', NULL, '', '', 'a:0:{}', 'a:0:{}', 0, 0, 0, 0, 0, 0, 'a:0:{}', 0, 0),
(7, 'NextPreviousProduct', 'XC', '', 1, 1, 1, 1476370203, '0.0000', 0, 0, '0.00', 'USD', '5.3', 1, 0, 0, 0, 0, 0, 'Previous and Next product', 'X-Cart team', 'Display "Previous" and "Next product" links on your product sheets, be it a category page, a search results page or products of a particular brand.', NULL, '', '', 'a:0:{}', 'a:0:{}', 0, 0, 0, 0, 0, 0, 'a:0:{}', 0, 0),
(8, 'Pilibaba', 'XC', '', 0, 1, 0, 1476370203, '0.0000', 0, 0, '0.00', 'USD', '5.3', 1, 0, 0, 0, 0, 0, 'Pilibaba Chinese Checkout', 'X-Cart team', 'Start accepting CNY payment and take orders from 1.3 Billion shoppers in China. Support all Chinese debit/credit cards and give merchants the flexibility to convert CNY payment into either USD,EUR or 12 supported currencies.', NULL, '', '', 'a:0:{}', 'a:0:{}', 0, 0, 0, 0, 0, 0, 'a:0:{}', 0, 0),
(9, 'SagePay', 'XC', '', 1, 1, 1, 1476370203, '0.0000', 0, 0, '0.00', 'USD', '5.3', 1, 0, 0, 0, 0, 0, 'Sage Pay (Form)', 'X-Cart team', 'Enables taking credit card payments for your online store via SagePay payment gateway (Form protocol method).', NULL, '', '', 'a:0:{}', 'a:0:{}', 0, 0, 0, 0, 0, 0, 'a:0:{}', 0, 0),
(10, 'MultiCurrency', 'XC', '', 0, 1, 0, 1476370203, '0.0000', 0, 0, '0.00', 'USD', '5.3', 1, 0, 1, 0, 0, 0, 'Multicurrency', 'X-Cart team', 'Show product prices in multiple currencies for your customers around the world.', NULL, '', '', 'a:0:{}', 'a:0:{}', 0, 0, 0, 0, 0, 0, 'a:0:{}', 0, 0),
(11, 'Geolocation', 'XC', '', 0, 1, 0, 1476370203, '0.0000', 0, 0, '0.00', 'USD', '5.3', 1, 0, 0, 0, 0, 0, 'Geolocation', 'X-Cart team', 'Use free IP geolocation database GeoLite by Maxmind to improve the user experience of non-logged in customers - "guess" their country and address for more precise pre-login shipping cost estimation', NULL, '', '', 'a:0:{}', 'a:0:{}', 0, 0, 0, 0, 0, 0, 'a:0:{}', 0, 0),
(12, 'News', 'XC', '', 1, 1, 1, 1476370203, '0.0000', 0, 0, '0.00', 'USD', '5.3', 1, 0, 0, 0, 0, 0, 'News', 'X-Cart team', 'Share the company and products news and updates with your community.', NULL, '', '', 'a:0:{}', 'a:0:{}', 0, 0, 0, 0, 0, 0, 'a:0:{}', 0, 0),
(13, 'OgoneEcommerce', 'XC', '', 1, 1, 1, 1476370203, '0.0000', 0, 0, '0.00', 'USD', '5.3', 1, 0, 0, 0, 0, 0, 'Ingenico Payment Services (Ogone)', 'X-Cart team', 'Enable online payment processing with a level-1 PCI DSS compliant provider based in Europe.', NULL, '', '', 'a:0:{}', 'a:0:{}', 0, 0, 0, 0, 0, 0, 'a:0:{}', 0, 0),
(14, 'ThemeTweaker', 'XC', '', 1, 1, 1, 1476370203, '0.0000', 0, 0, '0.00', 'USD', '5.3', 1, 2, 0, 0, 0, 0, 'Theme tweaker', 'X-Cart team', 'This extension allows you to tweak your store design by adding and editing custom CSS styles and JavaScript code directly in the store back end. Also you can upload images to link them from your CSS styles.', NULL, '', '', 'a:0:{}', 'a:0:{}', 0, 0, 0, 0, 0, 0, 'a:0:{}', 0, 0),
(15, 'ProductVariants', 'XC', '', 0, 1, 0, 1476370203, '0.0000', 0, 0, '0.00', 'USD', '5.3', 1, 3, 0, 0, 0, 0, 'Product Variants', 'X-Cart team', 'Allows to manage products variants.', NULL, '', '', 'a:0:{}', 'a:0:{}', 0, 0, 0, 0, 0, 0, 'a:0:{}', 0, 0),
(16, 'Upselling', 'XC', '', 1, 1, 1, 1476370203, '0.0000', 0, 0, '0.00', 'USD', '5.3', 1, 0, 0, 0, 0, 0, 'Related Products', 'X-Cart team', 'This module gives you the ability to add a list of products which will be offered along with the product being viewed. You may use this feature to promote products, e.g. making them related or recommended.', NULL, '', '', 'a:0:{}', 'a:0:{}', 0, 0, 0, 0, 0, 0, 'a:0:{}', 0, 0),
(17, 'NewsletterSubscriptions', 'XC', '', 1, 1, 1, 1476370203, '0.0000', 0, 0, '0.00', 'USD', '5.3', 1, 1, 0, 0, 0, 0, 'Newsletter subscriptions', 'X-Cart team', 'The module adds a sign up form into your site footer inviting your customers to subscribe for your company newsletters. The list of subscribers is stored in the admin back-end and can also be forwarded to Mailchimp.', NULL, '', '', 'a:0:{}', 'a:0:{}', 0, 0, 0, 0, 0, 0, 'a:0:{}', 0, 0),
(18, 'CrispWhiteSkin', 'XC', '', 1, 1, 1, 1476370203, '0.0000', 0, 0, '0.00', 'USD', '5.3', 1, 4, 0, 0, 0, 0, 'Crisp White skin', 'X-Cart team', 'Light and clean skin developed in minimalist style and combining flat and material design will make your store look clean and modern.', NULL, '', '', 'a:0:{}', 'a:0:{}', 0, 0, 0, 0, 0, 0, 'a:0:{}', 0, 1),
(19, 'Add2CartPopup', 'XC', '', 0, 1, 0, 1476370203, '0.0000', 0, 0, '0.00', 'USD', '5.3', 1, 2, 0, 0, 0, 0, 'Add to Cart Popup', 'X-Cart team', 'Adds a promotional popup dialog that is displayed after a customer adds a product to cart.', NULL, '', '', 'a:0:{}', 'a:0:{}', 0, 0, 0, 0, 0, 0, 'a:0:{}', 0, 0),
(20, 'Sitemap', 'XC', '', 1, 1, 1, 1476370203, '0.0000', 0, 0, '0.00', 'USD', '5.3', 1, 0, 0, 0, 0, 0, 'Site Map', 'X-Cart team', 'Enable a sitemap on your site for easier customers'' navigation.The sitemap can include categories and static pages.', NULL, '', '', 'a:0:{}', 'a:0:{}', 0, 0, 0, 0, 0, 0, 'a:0:{}', 0, 0),
(21, 'EPDQ', 'XC', '', 1, 1, 1, 1476370203, '0.0000', 0, 0, '0.00', 'USD', '5.3', 1, 0, 0, 0, 0, 0, 'Barclaycard ePDQ e-Commerce', 'X-Cart team', 'Enables taking payments for your online store via Barclaycard ePDQ e-Commerce payment system (Basic e-Commerce integration).', NULL, '', '', 'a:0:{}', 'a:0:{}', 0, 0, 0, 0, 0, 0, 'a:0:{}', 0, 0),
(22, 'BulkEditing', 'XC', '', 1, 1, 1, 1476370203, '0.0000', 0, 0, '0.00', 'USD', '5.3', 1, 1, 0, 0, 0, 0, 'Bulk Editing', 'X-Cart team', 'The module allows to edit products in bulk. Choose products for editing and select the parameter that needs to be updated for them.', NULL, '', '', 'a:0:{}', 'a:0:{}', 0, 0, 0, 0, 0, 0, 'a:0:{}', 0, 0),
(23, 'FastLaneCheckout', 'XC', '', 1, 1, 1, 1476370203, '0.0000', 0, 0, '0.00', 'USD', '5.3', 1, 2, 0, 0, 0, 0, 'Fast Lane Checkout', 'X-Cart team', 'Modern multi-step checkout asks for a separate piece of information at a separate step. As a result, it looks looks clean for customers and seems secure and easy to fill in.', NULL, '', '', 'a:0:{}', 'a:0:{}', 0, 0, 0, 0, 0, 0, 'a:0:{}', 0, 0),
(24, 'IdealPayments', 'XC', '', 1, 1, 1, 1476370203, '0.0000', 0, 0, '0.00', 'USD', '5.3', 1, 0, 0, 0, 0, 0, 'iDEAL Payments', 'X-Cart team', 'Enables taking credit card payments for your online store via iDEAL payment system.', NULL, '', '', 'a:0:{}', 'a:0:{}', 0, 0, 0, 0, 0, 0, 'a:0:{}', 0, 0),
(25, 'UpdateInventory', 'XC', '', 1, 1, 1, 1476370203, '0.0000', 0, 0, '0.00', 'USD', '5.3', 1, 0, 0, 0, 0, 0, 'Update Inventory', 'X-Cart team', 'Allows to update products quantity via CSV simple file.', NULL, '', '', 'a:0:{}', 'a:0:{}', 0, 0, 0, 0, 0, 0, 'a:0:{}', 0, 0),
(26, 'FreeShipping', 'XC', '', 1, 1, 1, 1476370203, '0.0000', 0, 0, '0.00', 'USD', '5.3', 1, 1, 0, 0, 0, 0, 'Free Shipping and Shipping freights', 'X-Cart team', 'Attract more customers by offering Free Shipping. Mark the products that are shipped for free. Add a possibility to specify shipping freight to products.', NULL, '', '', 'a:0:{}', 'a:0:{}', 0, 0, 0, 0, 0, 0, 'a:0:{}', 0, 0),
(27, 'ColorSchemes', 'XC', '', 0, 1, 0, 1476370203, '0.0000', 0, 0, '0.00', 'USD', '5.3', 1, 2, 0, 0, 0, 0, 'Color Schemes', 'X-Cart team', 'This module adds three new color schemes to the base X-Cart design theme.', NULL, '', '', 'a:0:{}', 'a:0:{}', 0, 0, 0, 0, 0, 0, 'a:0:{}', 0, 1),
(28, 'ProductFilter', 'XC', '', 1, 1, 1, 1476370203, '0.0000', 0, 0, '0.00', 'USD', '5.3', 1, 0, 0, 0, 0, 0, 'Product Filter', 'X-Cart team', 'Allows customers to filter products.', NULL, '', '', 'a:0:{}', 'a:0:{}', 0, 0, 0, 0, 0, 0, 'a:0:{}', 0, 0),
(29, 'Stripe', 'XC', '', 1, 1, 1, 1476370203, '0.0000', 0, 0, '0.00', 'USD', '5.3', 1, 0, 0, 0, 0, 0, 'Stripe', 'X-Cart team', 'Enables taking credit card payments for your online store via Stripe', NULL, '', '', 'a:0:{}', 'a:0:{}', 0, 0, 0, 0, 0, 0, 'a:0:{}', 0, 0),
(30, 'Reviews', 'XC', '', 1, 1, 1, 1476370203, '0.0000', 0, 0, '0.00', 'USD', '5.3', 1, 1, 0, 0, 0, 0, 'Product reviews', 'X-Cart team', 'Adds an ability to add products reviews and manage them in admin area', NULL, '', '', 'a:0:{}', 'a:0:{}', 0, 0, 0, 0, 0, 0, 'a:0:{}', 0, 0),
(31, 'CanadaPost', 'XC', '', 1, 1, 1, 1476370203, '0.0000', 0, 0, '0.00', 'USD', '5.3', 1, 0, 0, 0, 0, 0, 'Canada Post', 'X-Cart team', 'Gets shipping quotes for Canada Post delivery methods.', NULL, '', '', 'a:0:{}', 'a:0:{}', 0, 0, 0, 0, 0, 0, 'a:0:{}', 0, 0),
(32, 'Paypal', 'CDev', '', 1, 1, 1, 1476370203, '0.0000', 0, 0, '0.00', 'USD', '5.3', 2, 0, 0, 0, 0, 0, 'PayPal', 'X-Cart team', 'Enables taking payments for your online store via PayPal services.', NULL, '', '', 'a:0:{}', 'a:0:{}', 0, 0, 0, 0, 0, 0, 'a:0:{}', 0, 0),
(33, 'Bestsellers', 'CDev', '', 1, 1, 1, 1476370203, '0.0000', 0, 0, '0.00', 'USD', '5.3', 1, 2, 0, 0, 0, 0, 'Bestsellers', 'X-Cart team', 'Lists best-selling products at any place of the customer interface.', NULL, '', '', 'a:0:{}', 'a:0:{}', 0, 0, 0, 0, 0, 0, 'a:0:{}', 0, 0),
(34, 'Wholesale', 'CDev', '', 0, 1, 0, 1476370203, '0.0000', 0, 0, '0.00', 'USD', '5.3', 1, 0, 0, 0, 0, 0, 'Wholesale', 'X-Cart team', 'Enables wholesale pricing depending on product quantity and customer membership level. Also the module allows you to set the minimum purchase quantity per membership level.', NULL, '', '', 'a:0:{}', 'a:0:{}', 0, 0, 0, 0, 0, 0, 'a:0:{}', 0, 0),
(35, 'USPS', 'CDev', '', 1, 1, 1, 1476370203, '0.0000', 0, 0, '0.00', 'USD', '5.3', 1, 0, 0, 0, 0, 0, 'U.S.P.S.', 'X-Cart team', 'Gets shipping quotes for USPS delivery methods.', NULL, '', '', 'a:0:{}', 'a:0:{}', 0, 0, 0, 0, 0, 0, 'a:0:{}', 0, 0),
(36, 'UserPermissions', 'CDev', '', 1, 1, 1, 1476370203, '0.0000', 0, 0, '0.00', 'USD', '5.3', 1, 0, 0, 0, 0, 0, 'User permissions', 'X-Cart team', 'Allows you to restrict access to backend functions to only those employees who need them. You can define administrator roles and configure which groups of back-end functions are available to users having these roles.', NULL, '', '', 'a:0:{}', 'a:0:{}', 0, 0, 0, 0, 0, 0, 'a:0:{}', 0, 0),
(37, 'Egoods', 'CDev', '', 0, 1, 0, 1476370203, '0.0000', 0, 0, '0.00', 'USD', '5.3', 1, 1, 0, 0, 0, 0, 'E-goods', 'X-Cart team', 'Allows to sell files that customers can download after the purchase. Requires to have the FileAttachments module priorly installed and enabled.', NULL, '', '', 'a:1:{i:0;s:20:"CDev\\FileAttachments";}', 'a:0:{}', 0, 0, 0, 0, 0, 0, 'a:0:{}', 0, 0),
(38, 'GoogleAnalytics', 'CDev', '', 1, 1, 1, 1476370203, '0.0000', 0, 0, '0.00', 'USD', '5.3', 1, 0, 0, 0, 0, 0, 'Google Analytics', 'X-Cart team', 'Enables tracking and analyzing your website e-commerce statistics with Google Analytics.', NULL, '', '', 'a:0:{}', 'a:0:{}', 0, 0, 0, 0, 0, 0, 'a:0:{}', 0, 0),
(39, 'SocialLogin', 'CDev', '', 1, 1, 1, 1476370203, '0.0000', 0, 0, '0.00', 'USD', '5.3', 1, 0, 0, 0, 0, 0, 'Social Login', 'X-Cart team', 'Enables authentication via OAuth 2.0 providers (Google & Facebook).', NULL, '', '', 'a:0:{}', 'a:0:{}', 0, 0, 0, 0, 0, 0, 'a:0:{}', 0, 0),
(40, 'XPaymentsConnector', 'CDev', '', 1, 1, 1, 1476370203, '0.0000', 0, 0, '0.00', 'USD', '5.3', 1, 0, 0, 0, 0, 0, 'X-Payments connector', 'X-Cart team', 'PCI compliant credit card processing through major payment gateways without redirects that allows PCI compliant credit card storing for re-using and subscriptions. X-Payments integrates with over 40 payment providers including but not limited to: PayPal, BrainTree, Authorize.Net AIM/CIM, Chase Paymentech, CyberSource, Elavon, Moneris (former eSelect), First Data, Intuit Quickbooks, Ogone, Sage Pay, Realex, WorldPay and many others.', NULL, '', '', 'a:0:{}', 'a:0:{}', 0, 0, 0, 0, 0, 0, 'a:0:{}', 0, 0),
(41, 'Quantum', 'CDev', '', 1, 1, 1, 1476370203, '0.0000', 0, 0, '0.00', 'USD', '5.3', 1, 0, 0, 0, 0, 0, 'QuantumGateway', 'X-Cart team', 'Enables taking credit card payments for your online store via QuantumGateway (QGWdatabase Engine API).', NULL, '', '', 'a:0:{}', 'a:0:{}', 0, 0, 0, 0, 0, 0, 'a:0:{}', 0, 0),
(42, 'XMLSitemap', 'CDev', '', 1, 1, 1, 1476370203, '0.0000', 0, 0, '0.00', 'USD', '5.3', 1, 1, 0, 0, 0, 0, 'XML sitemap', 'X-Cart team', 'Module generates an XML file with information for search engines.', NULL, '', '', 'a:0:{}', 'a:0:{}', 0, 0, 0, 0, 0, 0, 'a:0:{}', 0, 0),
(43, 'Moneybookers', 'CDev', '', 1, 1, 1, 1476370203, '0.0000', 0, 0, '0.00', 'USD', '5.3', 1, 1, 0, 0, 0, 0, 'Skrill', 'X-Cart team', 'The module allows you to accept payments using cards, over 20 local payment methods and more than 80 banks (iframe integration method)', NULL, '', '', 'a:0:{}', 'a:0:{}', 0, 0, 0, 0, 0, 0, 'a:0:{}', 0, 0),
(44, 'SimpleCMS', 'CDev', '', 1, 1, 1, 1476370203, '0.0000', 0, 0, '0.00', 'USD', '5.3', 1, 2, 0, 0, 0, 0, 'Simple CMS', 'X-Cart team', 'Allows you to add custom website pages and modify the primary website menu and the footer links. After installing additional TinyMCE and Go Social modules you can configure OpenGraph tags for your pages and edit their contents in the WYSIWYG mode. This module is incompatible with modules integrating your store with third-party CMS solutions.', NULL, '', '', 'a:0:{}', 'a:0:{}', 0, 0, 0, 0, 0, 0, 'a:0:{}', 0, 0),
(45, 'ContactUs', 'CDev', '', 1, 1, 1, 1476370203, '0.0000', 0, 0, '0.00', 'USD', '5.3', 1, 0, 0, 0, 0, 0, 'Contact us', 'X-Cart team', 'Enables "Contact us" page', NULL, '', '', 'a:0:{}', 'a:0:{}', 0, 0, 0, 0, 0, 0, 'a:0:{}', 0, 0),
(46, 'SalesTax', 'CDev', '', 1, 1, 1, 1476370203, '0.0000', 0, 0, '0.00', 'USD', '5.3', 1, 1, 0, 0, 0, 0, 'Sales Tax', 'X-Cart team', 'Setup the rules for calculating sales tax. The rates can depend on product classes, customer''s membership levels and address. When several tax rates are applicable to one product, you can specify the priority of their application.', NULL, '', '', 'a:0:{}', 'a:0:{}', 0, 0, 0, 0, 0, 0, 'a:0:{}', 0, 0),
(47, 'VolumeDiscounts', 'CDev', '', 1, 1, 1, 1476370203, '0.0000', 0, 0, '0.00', 'USD', '5.3', 1, 0, 0, 0, 0, 0, 'Volume Discounts', 'X-Cart team', 'Enables discounts depending on the total price of ordered products and the customer membership level.', NULL, '', '', 'a:0:{}', 'a:0:{}', 0, 0, 0, 0, 0, 0, 'a:0:{}', 0, 0),
(48, 'TwoCheckout', 'CDev', '', 1, 1, 1, 1476370203, '0.0000', 0, 0, '0.00', 'USD', '5.3', 1, 0, 0, 0, 0, 0, '2Checkout.com', 'X-Cart team', 'Enables taking credit card payments for your online store via 2Checkout.com payment gateway.', NULL, '', '', 'a:0:{}', 'a:0:{}', 0, 0, 0, 0, 0, 0, 'a:0:{}', 0, 0),
(49, 'ProductAdvisor', 'CDev', '', 1, 1, 1, 1476370203, '0.0000', 0, 0, '0.00', 'USD', '5.3', 1, 1, 0, 0, 0, 0, 'Product Advisor', 'X-Cart team', 'Adds specific products lists to the catalog: new arrivals, coming soon, recently viewed etc.', NULL, '', '', 'a:0:{}', 'a:0:{}', 0, 0, 0, 0, 0, 0, 'a:0:{}', 0, 0),
(50, 'PINCodes', 'CDev', '', 0, 1, 0, 1476370203, '0.0000', 0, 0, '0.00', 'USD', '5.3', 1, 0, 0, 0, 0, 0, 'PIN Codes', 'X-Cart team', 'Allows to sell PIN codes attached to products.', NULL, '', '', 'a:0:{}', 'a:0:{}', 0, 0, 0, 0, 0, 0, 'a:0:{}', 0, 0),
(51, 'Sale', 'CDev', '', 1, 1, 1, 1476370203, '0.0000', 0, 0, '0.00', 'USD', '5.3', 1, 1, 0, 0, 0, 0, 'Sale', 'X-Cart team', 'Module allows you set special sale prices for certain products.', NULL, '', '', 'a:0:{}', 'a:0:{}', 0, 0, 0, 0, 0, 0, 'a:0:{}', 0, 0),
(52, 'FeaturedProducts', 'CDev', '', 1, 1, 1, 1476370203, '0.0000', 0, 0, '0.00', 'USD', '5.3', 1, 0, 0, 0, 0, 0, 'Featured Products', 'X-Cart team', 'Shows your best and most profitable products to customers.', NULL, '', '', 'a:0:{}', 'a:0:{}', 0, 0, 0, 0, 0, 0, 'a:0:{}', 0, 0),
(53, 'FedEx', 'CDev', '', 1, 1, 1, 1476370203, '0.0000', 0, 0, '0.00', 'USD', '5.3', 1, 0, 0, 0, 0, 0, 'FedEx', 'X-Cart team', 'Gets shipping quotes for FedEx delivery methods.', NULL, '', '', 'a:0:{}', 'a:0:{}', 0, 0, 0, 0, 0, 0, 'a:0:{}', 0, 0),
(54, 'GoSocial', 'CDev', '', 1, 1, 1, 1476370203, '0.0000', 0, 0, '0.00', 'USD', '5.3', 1, 0, 0, 0, 0, 0, 'Go Social', 'X-Cart team', 'Adds social media sharing functions like Facebook comments, OpenGraph meta tags and share buttons for product pages.', NULL, '', '', 'a:0:{}', 'a:0:{}', 0, 0, 0, 0, 0, 0, 'a:0:{}', 0, 0),
(55, 'AustraliaPost', 'CDev', '', 1, 1, 1, 1476370203, '0.0000', 0, 0, '0.00', 'USD', '5.3', 1, 0, 0, 0, 0, 0, 'Australia Post', 'X-Cart team', 'Gets shipping quotes for Australia Post delivery methods.', NULL, '', '', 'a:0:{}', 'a:0:{}', 0, 0, 0, 0, 0, 0, 'a:0:{}', 0, 0),
(56, 'AuthorizeNet', 'CDev', '', 1, 1, 1, 1476370203, '0.0000', 0, 0, '0.00', 'USD', '5.3', 1, 0, 0, 0, 0, 0, 'Authorize.Net SIM', 'X-Cart team', 'Enables taking credit card payments for your online store via AuthorizeNet payment gateway (Server Integration Method).', NULL, '', '', 'a:0:{}', 'a:0:{}', 0, 0, 0, 0, 0, 0, 'a:0:{}', 0, 0),
(57, 'Coupons', 'CDev', '', 1, 1, 1, 1476370203, '0.0000', 0, 0, '0.00', 'USD', '5.3', 1, 0, 0, 0, 0, 0, 'Coupons', 'X-Cart team', 'Allows to configure discounts which customers can activate in your shop with a coupon code', NULL, '', '', 'a:0:{}', 'a:0:{}', 0, 0, 0, 0, 0, 0, 'a:0:{}', 0, 0),
(58, 'FileAttachments', 'CDev', '', 0, 1, 0, 1476370203, '0.0000', 0, 0, '0.00', 'USD', '5.3', 1, 0, 0, 0, 0, 0, 'File attachments', 'X-Cart team', 'Allows you to attach files to goods that can be downloaded from the detailed pages of this product by visitors.', NULL, '', '', 'a:0:{}', 'a:0:{}', 0, 0, 0, 0, 0, 0, 'a:0:{}', 0, 0),
(59, 'TinyMCE', 'CDev', '', 1, 1, 1, 1476370203, '0.0000', 0, 0, '0.00', 'USD', '5.3', 1, 2, 0, 0, 0, 0, 'TinyMCE integration', 'X-Cart team', 'Enables TinyMCE WYSIWYG editor for editing product and category descriptions.', NULL, '', '', 'a:0:{}', 'a:0:{}', 0, 0, 0, 0, 0, 0, 'a:0:{}', 0, 0),
(60, 'FlyoutCategoriesMenu', 'QSL', '', 1, 1, 1, 1476370203, '0.0000', 0, 0, '0.00', 'USD', '5.3', 1, 1, 0, 0, 0, 0, 'Flyout Categories Menu', 'Qualiteam Software', 'The module changes the default categories menu in the Customer area by introducing a flyout expanding menu style', NULL, '', '', 'a:0:{}', 'a:0:{}', 0, 0, 0, 0, 0, 0, 'a:0:{}', 0, 0),
(61, 'CloudSearch', 'QSL', '', 1, 1, 1, 1476370203, '0.0000', 0, 0, '0.00', 'USD', '5.3', 2, 0, 0, 0, 0, 0, 'CloudSearch', 'Qualiteam', 'CloudSearch is a SaaS solution that integrates with X-Cart 5 to enable dynamic, real-time product search with highly relevant search results. Power up your store with enterprise-class search technologies for better conversion!', NULL, 'http://www.x-cart.com/extensions/addons/cloudsearch.html?sl=en', '', 'a:0:{}', 'a:0:{}', 0, 0, 0, 0, 0, 0, 'a:0:{}', 0, 0),
(62, 'SpecialOffersBase', 'QSL', '', 1, 1, 1, 1476370203, '0.0000', 0, 0, '0.00', 'USD', '5.3', 2, 0, 0, 0, 0, 0, 'Special Offers (base)', 'Qualiteam Software', 'This is the base module that allows other modules to add different types of special offers.', NULL, '', '', 'a:0:{}', 'a:0:{}', 0, 0, 0, 0, 0, 0, 'a:0:{}', 0, 0),
(63, 'AmazonS3Images', 'CDev', 'helpdesk@x-cart.com', 0, 0, 0, 0, '0.0000', 0, 903, '0.00', 'USD', '5.3', 1, 1, 0, 1397073600, 13168640, 1, 'Amazon S3 images', 'X-Cart team', 'Gives you the ability to move all your category and product images over to the "cloud" storage services offered by Amazon. This reduces your website''s bandwidth and allows you to use your Amazon CloudFront CDN account to get your images loaded in customers'' browsers really fast.', 'http://my.x-cart.com/sites/default/files/addons/CDev/AmazonS3Images/iconAlt.png', 'https://market.x-cart.com/addons/amazon-s3-images.html', '', 'a:0:{}', 'a:2:{i:0;s:15:"User experience";i:1;s:14:"Administration";}', 1, 0, 0, 0, 0, 2, 'a:3:{i:0;s:12:"391_Business";i:1;s:18:"20598_Multi-vendor";i:2;s:18:"536881125_Ultimate";}', 0, 0),
(64, 'AustraliaPost', 'CDev', 'helpdesk@x-cart.com', 0, 0, 0, 0, '0.0000', 0, 8707, '0.00', 'USD', '5.3', 1, 0, 0, 1398693926, 102400, 0, 'Australia Post', 'X-Cart team', 'Gets shipping quotes for Australia Post delivery methods.', 'http://my.x-cart.com/sites/default/files/addons/CDev/AustraliaPost/iconAlt.png', 'https://market.x-cart.com/addons/australia-post.html', '', 'a:0:{}', 'a:2:{i:0;s:11:"Fulfillment";i:1;s:8:"Shipping";}', 1, 0, 0, 0, 0, 0, 'a:0:{}', 0, 0),
(65, 'AuthorizeNet', 'CDev', 'helpdesk@x-cart.com', 0, 0, 0, 0, '0.0000', 0, 10224, '0.00', 'USD', '5.3', 1, 0, 0, 1397141922, 61440, 0, 'Authorize.Net SIM', 'X-Cart team', 'Enables taking credit card payments for your online store via AuthorizeNet payment gateway (Server Integration Method).', 'http://my.x-cart.com/sites/default/files/addons/CDev/AuthorizeNet/icon.png', 'https://market.x-cart.com/addons/authorize-net-sim.html', '', 'a:0:{}', 'a:1:{i:0;s:18:"Payment processing";}', 1, 0, 0, 0, 0, 0, 'a:0:{}', 0, 0),
(66, 'Bestsellers', 'CDev', 'helpdesk@x-cart.com', 0, 0, 0, 0, '0.0000', 0, 10770, '0.00', 'USD', '5.3', 1, 2, 0, 1397141922, 71680, 0, 'Bestsellers', 'X-Cart team', 'Lists best-selling products at any place of the customer interface.', 'http://my.x-cart.com/sites/default/files/addons/CDev/Bestsellers/icon.png', 'https://market.x-cart.com/addons/bestsellers.html', '', 'a:0:{}', 'a:1:{i:0;s:9:"Marketing";}', 1, 0, 0, 0, 0, 0, 'a:0:{}', 0, 0),
(67, 'Catalog', 'CDev', 'helpdesk@x-cart.com', 0, 0, 0, 0, '0.0000', 0, 7290, '0.00', 'USD', '5.3', 1, 0, 0, 1397073600, 61440, 0, 'Catalog', 'X-Cart team', 'Disables checkout and makes your website a plain catalog of products which customers can browse but can''t buy online.', 'http://my.x-cart.com/sites/default/files/addons/CDev/Catalog/iconAlt.png', 'https://market.x-cart.com/addons/catalog.html', '', 'a:0:{}', 'a:1:{i:0;s:18:"Catalog Management";}', 1, 0, 0, 0, 0, 0, 'a:0:{}', 0, 0),
(68, 'ContactUs', 'CDev', 'helpdesk@x-cart.com', 0, 0, 0, 0, '0.0000', 0, 8970, '0.00', 'USD', '5.3', 1, 0, 0, 1400529600, 71680, 0, 'Contact us', 'X-Cart team', 'Enables "Contact us" page', 'http://my.x-cart.com/sites/default/files/addons/CDev/ContactUs/iconAlt.png', 'https://market.x-cart.com/addons/contact-us.html', '', 'a:0:{}', 'a:2:{i:0;s:15:"User experience";i:1;s:14:"Administration";}', 1, 0, 0, 0, 0, 0, 'a:0:{}', 0, 0),
(69, 'Coupons', 'CDev', 'helpdesk@x-cart.com', 0, 0, 0, 0, '0.0000', 0, 9349, '0.00', 'USD', '5.3', 1, 0, 0, 1400529600, 256000, 1, 'Coupons', 'X-Cart team', 'Allows to configure discounts which customers can activate in your shop with a coupon code', 'http://my.x-cart.com/sites/default/files/addons/CDev/Coupons/iconAlt.png', 'https://market.x-cart.com/addons/discount-coupons.html', '', 'a:0:{}', 'a:1:{i:0;s:9:"Marketing";}', 1, 0, 0, 0, 0, 2, 'a:3:{i:0;s:12:"391_Business";i:1;s:18:"20598_Multi-vendor";i:2;s:18:"536881125_Ultimate";}', 0, 0),
(70, 'DeTranslation', 'CDev', 'helpdesk@x-cart.com', 0, 0, 0, 0, '0.0000', 0, 3404, '0.00', 'USD', '5.3', 1, 0, 0, 1398628800, 235520, 0, 'Translation: German', 'X-Cart team', 'German translation pack. This translation is a contribution of X-Cart community. Kindly shared by one of X-Cart merchants for free, this translation may contain some non-translated labels which appeared in later versions of X-Cart 5 or which were added by custom modules you installed.', 'http://my.x-cart.com/sites/default/files/addons/CDev/DeTranslation/iconAlt.png', 'https://market.x-cart.com/addons/german-translation.html', '', 'a:0:{}', 'a:1:{i:0;s:11:"Translation";}', 1, 0, 0, 0, 0, 0, 'a:0:{}', 0, 0),
(71, 'DrupalConnector', 'CDev', 'helpdesk@x-cart.com', 0, 0, 0, 0, '0.0000', 0, 1575, '0.00', 'USD', '5.2', 6, 0, 0, 1398693927, 337920, 0, 'Drupal Connector [DEPRECATED]', 'X-Cart team', 'Exports X-Cart widgets and pages to Drupal.', 'http://my.x-cart.com/sites/default/files/addons/CDev/DrupalConnector/iconAlt.png', 'https://market.x-cart.com/addons/drupal-connector.html', '', 'a:0:{}', 'a:1:{i:0;s:14:"Administration";}', 1, 0, 0, 0, 0, 0, 'a:0:{}', 0, 0),
(72, 'Egoods', 'CDev', 'helpdesk@x-cart.com', 0, 0, 0, 0, '0.0000', 0, 5158, '0.00', 'USD', '5.3', 1, 1, 0, 1398628800, 153600, 1, 'E-goods', 'X-Cart team', 'Allows to sell files that customers can download after the purchase. Requires to have the FileAttachments module priorly installed and enabled.', 'http://my.x-cart.com/sites/default/files/addons/CDev/Egoods/icon.png', 'https://market.x-cart.com/addons/e-goods.html', '', 'a:1:{i:0;s:20:"CDev\\FileAttachments";}', 'a:3:{i:0;s:11:"Fulfillment";i:1;s:8:"Shipping";i:2;s:18:"Catalog Management";}', 1, 0, 0, 0, 0, 2, 'a:3:{i:0;s:12:"391_Business";i:1;s:18:"20598_Multi-vendor";i:2;s:18:"536881125_Ultimate";}', 0, 0),
(73, 'FeaturedProducts', 'CDev', 'helpdesk@x-cart.com', 0, 0, 0, 0, '0.0000', 0, 9247, '0.00', 'USD', '5.3', 1, 0, 0, 1400529600, 143360, 0, 'Featured Products', 'X-Cart team', 'Shows your best and most profitable products to customers.', 'http://my.x-cart.com/sites/default/files/addons/CDev/FeaturedProducts/iconAlt.png', 'https://market.x-cart.com/addons/featured-products.html', '', 'a:0:{}', 'a:2:{i:0;s:9:"Marketing";i:1;s:21:"Search and Navigation";}', 1, 0, 0, 0, 0, 0, 'a:0:{}', 0, 0),
(74, 'FileAttachments', 'CDev', 'helpdesk@x-cart.com', 0, 0, 0, 0, '0.0000', 0, 7015, '0.00', 'USD', '5.3', 1, 0, 0, 1400529600, 133120, 1, 'File attachments', 'X-Cart team', 'Allows you to attach files to goods that can be downloaded from the detailed pages of this product by visitors.', 'http://my.x-cart.com/sites/default/files/addons/CDev/FileAttachments/iconAlt.png', 'https://market.x-cart.com/addons/file-attachments.html', '', 'a:0:{}', 'a:1:{i:0;s:18:"Catalog Management";}', 1, 0, 0, 0, 0, 2, 'a:3:{i:0;s:12:"391_Business";i:1;s:18:"20598_Multi-vendor";i:2;s:18:"536881125_Ultimate";}', 0, 0),
(75, 'FrTranslation', 'CDev', 'helpdesk@x-cart.com', 0, 0, 0, 0, '0.0000', 0, 3912, '0.00', 'USD', '5.3', 1, 0, 0, 1398628800, 225280, 0, 'Translation: French', 'X-Cart team', 'French translation pack. This translation is a contribution of X-Cart community. Kindly shared by one of X-Cart merchants for free, this translation may contain some non-translated labels which appeared in later versions of X-Cart 5 or which were added by custom modules you installed.', 'http://my.x-cart.com/sites/default/files/addons/CDev/FrTranslation/iconAlt.png', 'https://market.x-cart.com/addons/french-translation.html', '', 'a:0:{}', 'a:1:{i:0;s:11:"Translation";}', 1, 0, 0, 0, 0, 0, 'a:0:{}', 0, 0),
(76, 'GoogleAnalytics', 'CDev', 'helpdesk@x-cart.com', 0, 0, 0, 0, '0.0000', 0, 8977, '0.00', 'USD', '5.3', 1, 0, 0, 1397073600, 102400, 0, 'Google Analytics', 'X-Cart team', 'Enables tracking and analyzing your website e-commerce statistics with Google Analytics.', 'http://my.x-cart.com/sites/default/files/addons/CDev/GoogleAnalytics/iconAlt.png', 'https://market.x-cart.com/addons/google-analytics.html', '', 'a:0:{}', 'a:2:{i:0;s:10:"Statistics";i:1;s:3:"SEO";}', 1, 0, 0, 0, 0, 0, 'a:0:{}', 0, 0),
(77, 'GoSocial', 'CDev', 'helpdesk@x-cart.com', 0, 0, 0, 0, '0.0000', 0, 11788, '0.00', 'USD', '5.3', 1, 0, 0, 1400529600, 163840, 0, 'Go Social', 'X-Cart team', 'Adds social media sharing functions like Facebook comments, OpenGraph meta tags and share buttons for product pages.', 'http://my.x-cart.com/sites/default/files/addons/CDev/GoSocial/iconAlt.png', 'https://market.x-cart.com/addons/go-social.html', '', 'a:0:{}', 'a:2:{i:0;s:9:"Marketing";i:1;s:6:"Social";}', 1, 0, 0, 0, 0, 0, 'a:0:{}', 0, 0),
(78, 'MarketPrice', 'CDev', 'helpdesk@x-cart.com', 0, 0, 0, 0, '0.0000', 0, 7864, '0.00', 'USD', '5.3', 1, 1, 0, 1398628800, 71680, 0, 'Market price', 'X-Cart team', 'Adds support for the product market price.', 'http://my.x-cart.com/sites/default/files/addons/CDev/MarketPrice/icon.png', 'https://market.x-cart.com/addons/market-price.html', '', 'a:0:{}', 'a:2:{i:0;s:9:"Marketing";i:1;s:18:"Catalog Management";}', 1, 0, 0, 0, 0, 0, 'a:0:{}', 0, 0),
(79, 'Moneybookers', 'CDev', 'helpdesk@x-cart.com', 0, 0, 0, 0, '0.0000', 0, 8154, '0.00', 'USD', '5.3', 1, 1, 0, 1398685587, 368640, 0, 'Skrill', 'X-Cart team', 'The module allows you to accept payments using cards, over 20 local payment methods and more than 80 banks (iframe integration method)', 'http://my.x-cart.com/sites/default/files/addons/CDev/Moneybookers/icon.png', 'https://market.x-cart.com/addons/skrill.html', '', 'a:0:{}', 'a:1:{i:0;s:18:"Payment processing";}', 1, 0, 0, 0, 0, 0, 'a:0:{}', 0, 0),
(80, 'PaypalWPS', 'CDev', 'helpdesk@x-cart.com', 0, 0, 0, 0, '0.0000', 0, 2076, '0.00', 'USD', '5.1', 4, 0, 0, 1400583771, 81920, 0, 'PayPal (outside of the US) [DEPRECATED]', 'X-Cart team', 'Enables taking credit card payments for your online store via PayPal (Website Payments Standard).', 'http://my.x-cart.com/sites/default/files/addons/CDev/PaypalWPS/iconAlt.png', 'http://www.x-cart.com/extensions/addons/paypal-standard.html', '', 'a:0:{}', 'a:1:{i:0;s:18:"Payment processing";}', 1, 0, 0, 0, 0, 0, 'a:0:{}', 0, 0),
(81, 'ProductAdvisor', 'CDev', 'helpdesk@x-cart.com', 0, 0, 0, 0, '0.0000', 0, 7832, '0.00', 'USD', '5.3', 1, 1, 0, 1398628800, 184320, 1, 'Product Advisor', 'X-Cart team', 'Adds specific products lists to the catalog: new arrivals, coming soon, recently viewed etc.', 'http://my.x-cart.com/sites/default/files/addons/CDev/ProductAdvisor/icon.png', 'https://market.x-cart.com/addons/product-advisor.html', '', 'a:0:{}', 'a:2:{i:0;s:9:"Marketing";i:1;s:21:"Search and Navigation";}', 1, 0, 0, 0, 0, 2, 'a:3:{i:0;s:12:"391_Business";i:1;s:18:"20598_Multi-vendor";i:2;s:18:"536881125_Ultimate";}', 0, 0),
(82, 'ProductOptions', 'CDev', 'helpdesk@x-cart.com', 0, 0, 0, 0, '0.0000', 0, 485, '0.00', 'USD', '5.0', 2, 0, 0, 1397073600, 317440, 0, 'Product Options [DEPRECATED]', 'X-Cart team', 'In the earlier versions of X-Cart the module used to allow a customer to choose options when buying a product. Since version 5.0 it is recommended to use built-in interface for attributes configuration and the "Product Variants" module for this purpose.', 'http://my.x-cart.com/sites/default/files/addons/CDev/ProductOptions/iconAlt.png', '', '', 'a:0:{}', 'a:1:{i:0;s:18:"Catalog Management";}', 1, 0, 0, 0, 0, 0, 'a:0:{}', 0, 0),
(83, 'Quantum', 'CDev', 'helpdesk@x-cart.com', 0, 0, 0, 0, '0.0000', 0, 4775, '0.00', 'USD', '5.3', 1, 0, 0, 1397141931, 40960, 0, 'QuantumGateway', 'X-Cart team', 'Enables taking credit card payments for your online store via QuantumGateway (QGWdatabase Engine API).', 'http://my.x-cart.com/sites/default/files/addons/CDev/Quantum/iconAlt.png', 'https://market.x-cart.com/addons/quantum-gateway.html', '', 'a:0:{}', 'a:1:{i:0;s:18:"Payment processing";}', 1, 0, 0, 0, 0, 0, 'a:0:{}', 0, 0),
(84, 'RuTranslation', 'CDev', 'helpdesk@x-cart.com', 0, 0, 0, 0, '0.0000', 0, 4139, '0.00', 'USD', '5.3', 1, 1, 0, 1400529600, 716800, 0, 'Translation: Russian', 'X-Cart team', 'Russian translation pack', 'http://my.x-cart.com/sites/default/files/addons/CDev/RuTranslation/icon.png', 'https://market.x-cart.com/addons/russian-translation.html', '', 'a:0:{}', 'a:1:{i:0;s:11:"Translation";}', 1, 0, 0, 0, 0, 0, 'a:0:{}', 0, 0),
(85, 'SalesTax', 'CDev', 'helpdesk@x-cart.com', 0, 0, 0, 0, '0.0000', 0, 10943, '0.00', 'USD', '5.3', 1, 1, 0, 1400529600, 133120, 0, 'Sales Tax', 'X-Cart team', 'Setup the rules for calculating sales tax. The rates can depend on product classes, customer''s membership levels and address. When several tax rates are applicable to one product, you can specify the priority of their application.', 'http://my.x-cart.com/sites/default/files/addons/CDev/SalesTax/icon.png', 'https://market.x-cart.com/addons/sales-tax.html', '', 'a:0:{}', 'a:1:{i:0;s:5:"Taxes";}', 1, 0, 0, 0, 0, 0, 'a:0:{}', 0, 0),
(86, 'Sale', 'CDev', 'helpdesk@x-cart.com', 0, 0, 0, 0, '0.0000', 0, 8789, '0.00', 'USD', '5.3', 1, 1, 0, 1400529600, 204800, 1, 'Sale', 'X-Cart team', 'Module allows you set special sale prices for certain products.', 'http://my.x-cart.com/sites/default/files/addons/CDev/Sale/icon.png', 'https://market.x-cart.com/addons/sale.html', '', 'a:0:{}', 'a:1:{i:0;s:9:"Marketing";}', 1, 0, 0, 0, 0, 2, 'a:3:{i:0;s:12:"391_Business";i:1;s:18:"20598_Multi-vendor";i:2;s:18:"536881125_Ultimate";}', 0, 0),
(87, 'SimpleCMS', 'CDev', 'helpdesk@x-cart.com', 0, 0, 0, 0, '0.0000', 0, 17474, '0.00', 'USD', '5.3', 1, 2, 0, 1400583253, 296960, 0, 'Simple CMS', 'X-Cart team', 'Allows you to add custom website pages and modify the primary website menu and the footer links. After installing additional TinyMCE and Go Social modules you can configure OpenGraph tags for your pages and edit their contents in the WYSIWYG mode. This module is incompatible with modules integrating your store with third-party CMS solutions.', 'http://my.x-cart.com/sites/default/files/addons/CDev/SimpleCMS/icon.png', 'https://market.x-cart.com/addons/simple-cms.html', '', 'a:0:{}', 'a:3:{i:0;s:9:"Marketing";i:1;s:15:"User experience";i:2;s:14:"Administration";}', 1, 0, 0, 0, 0, 0, 'a:0:{}', 0, 0),
(88, 'SocialLogin', 'CDev', 'helpdesk@x-cart.com', 0, 0, 0, 0, '0.0000', 0, 6358, '0.00', 'USD', '5.3', 1, 0, 0, 1398628800, 122880, 1, 'Social Login', 'X-Cart team', 'Enables authentication via OAuth 2.0 providers (Google & Facebook).', 'http://my.x-cart.com/sites/default/files/addons/CDev/SocialLogin/iconAlt.png', 'https://market.x-cart.com/addons/social-login', '', 'a:0:{}', 'a:2:{i:0;s:15:"User experience";i:1;s:6:"Social";}', 1, 0, 0, 0, 0, 2, 'a:3:{i:0;s:12:"391_Business";i:1;s:18:"20598_Multi-vendor";i:2;s:18:"536881125_Ultimate";}', 0, 0),
(89, 'System', 'CDev', '', 0, 0, 0, 0, '0.0000', 0, 326, '0.00', 'USD', '5.1', 7, 0, 0, 1398694670, 337920, -1, 'System', 'X-Cart team', 'System module', 'http://my.x-cart.com/sites/default/files/addons/CDev/System/icon.png', '', '', 'a:0:{}', 'a:0:{}', 1, 0, 0, 1, 0, 0, 'a:0:{}', 0, 0),
(90, 'TinyMCE', 'CDev', 'helpdesk@x-cart.com', 0, 0, 0, 0, '0.0000', 0, 16683, '0.00', 'USD', '5.3', 1, 2, 0, 1397073600, 2590720, 0, 'TinyMCE integration', 'X-Cart team', 'Enables TinyMCE WYSIWYG editor for editing product and category descriptions.', 'http://my.x-cart.com/sites/default/files/addons/CDev/TinyMCE/icon.png', 'https://market.x-cart.com/addons/tinymce.html', '', 'a:0:{}', 'a:2:{i:0;s:14:"Administration";i:1;s:18:"Catalog Management";}', 1, 0, 0, 0, 0, 0, 'a:0:{}', 0, 0),
(91, 'TwoCheckout', 'CDev', 'helpdesk@x-cart.com', 0, 0, 0, 0, '0.0000', 0, 5998, '0.00', 'USD', '5.3', 1, 0, 0, 1397074545, 51200, 0, '2Checkout.com', 'X-Cart team', 'Enables taking credit card payments for your online store via 2Checkout.com payment gateway.', 'http://my.x-cart.com/sites/default/files/addons/CDev/TwoCheckout/iconAlt.png', 'https://market.x-cart.com/addons/2checkout.html', '', 'a:0:{}', 'a:1:{i:0;s:18:"Payment processing";}', 1, 0, 0, 0, 0, 0, 'a:0:{}', 0, 0),
(92, 'UserPermissions', 'CDev', 'helpdesk@x-cart.com', 0, 0, 0, 0, '0.0000', 0, 4592, '0.00', 'USD', '5.3', 1, 0, 0, 1397073600, 81920, 1, 'User permissions', 'X-Cart team', 'Allows you to restrict access to backend functions to only those employees who need them. You can define administrator roles and configure which groups of back-end functions are available to users having these roles.', 'http://my.x-cart.com/sites/default/files/addons/CDev/UserPermissions/iconAlt.png', 'https://market.x-cart.com/addons/user-permissions.html', '', 'a:0:{}', 'a:3:{i:0;s:14:"Administration";i:1;s:11:"Fulfillment";i:2;s:18:"Catalog Management";}', 1, 0, 0, 0, 0, 2, 'a:3:{i:0;s:12:"391_Business";i:1;s:18:"20598_Multi-vendor";i:2;s:18:"536881125_Ultimate";}', 0, 0),
(93, 'USPS', 'CDev', 'helpdesk@x-cart.com', 0, 0, 0, 0, '0.0000', 0, 12656, '0.00', 'USD', '5.3', 1, 0, 0, 1398693931, 153600, 0, 'U.S.P.S.', 'X-Cart team', 'Gets shipping quotes for USPS delivery methods.', 'http://my.x-cart.com/sites/default/files/addons/CDev/USPS/iconAlt.png', 'https://market.x-cart.com/addons/usps.html', '', 'a:0:{}', 'a:2:{i:0;s:11:"Fulfillment";i:1;s:8:"Shipping";}', 1, 0, 0, 0, 0, 0, 'a:0:{}', 0, 0),
(94, 'VAT', 'CDev', 'helpdesk@x-cart.com', 0, 0, 0, 0, '0.0000', 0, 5058, '0.00', 'USD', '5.3', 1, 1, 0, 1400583259, 256000, 0, 'EU and UK VAT / GST', 'X-Cart team', 'Define the value added tax rates for customers (VAT, GST). Set up different rates based on customer''s membership level and address. Tax exemption based on customer''s VAT ID is supported.', 'http://my.x-cart.com/sites/default/files/addons/CDev/VAT/icon.png', 'https://market.x-cart.com/addons/uk-vat.html', '', 'a:0:{}', 'a:1:{i:0;s:5:"Taxes";}', 1, 0, 0, 0, 0, 0, 'a:0:{}', 0, 0),
(95, 'VolumeDiscounts', 'CDev', 'helpdesk@x-cart.com', 0, 0, 0, 0, '0.0000', 0, 5470, '0.00', 'USD', '5.3', 1, 0, 0, 1400529600, 122880, 1, 'Volume Discounts', 'X-Cart team', 'Enables discounts depending on the total price of ordered products and the customer membership level.', 'http://my.x-cart.com/sites/default/files/addons/CDev/VolumeDiscounts/iconAlt.png', 'https://market.x-cart.com/addons/volume-discounts.html', '', 'a:0:{}', 'a:1:{i:0;s:9:"Marketing";}', 1, 0, 0, 0, 0, 2, 'a:3:{i:0;s:12:"391_Business";i:1;s:18:"20598_Multi-vendor";i:2;s:18:"536881125_Ultimate";}', 0, 0),
(96, 'Wholesale', 'CDev', 'helpdesk@x-cart.com', 0, 0, 0, 0, '0.0000', 0, 9327, '0.00', 'USD', '5.3', 1, 0, 0, 1400529600, 276480, 1, 'Wholesale', 'X-Cart team', 'Enables wholesale pricing depending on product quantity and customer membership level. Also the module allows you to set the minimum purchase quantity per membership level.', 'http://my.x-cart.com/sites/default/files/addons/CDev/Wholesale/iconAlt.png', 'https://market.x-cart.com/addons/wholesale.html', '', 'a:0:{}', 'a:2:{i:0;s:9:"Marketing";i:1;s:18:"Catalog Management";}', 1, 0, 0, 0, 0, 2, 'a:3:{i:0;s:12:"391_Business";i:1;s:18:"20598_Multi-vendor";i:2;s:18:"536881125_Ultimate";}', 0, 0),
(97, 'XMLSitemap', 'CDev', 'helpdesk@x-cart.com', 0, 0, 0, 0, '0.0000', 0, 11176, '0.00', 'USD', '5.3', 1, 1, 0, 1400529600, 92160, 0, 'XML sitemap', 'X-Cart team', 'Module generates an XML file with information for search engines.', 'http://my.x-cart.com/sites/default/files/addons/CDev/XMLSitemap/icon.png', 'https://market.x-cart.com/addons/xml-sitemap.html', '', 'a:0:{}', 'a:1:{i:0;s:3:"SEO";}', 1, 0, 0, 0, 0, 0, 'a:0:{}', 0, 0),
(98, 'XMLSitemapDrupal', 'CDev', 'helpdesk@x-cart.com', 0, 0, 0, 0, '0.0000', 0, 1211, '0.00', 'USD', '5.2', 1, 0, 0, 1397141926, 51200, 0, 'XML sitemap for Drupal [DEPRECATED]', 'X-Cart team', 'Module generates an XML file with information for search engines.', 'http://my.x-cart.com/sites/default/files/addons/CDev/XMLSitemapDrupal/iconAlt.png', 'http://www.x-cart.com/extensions/addons/xml-sitemap-drupal.html', '', 'a:2:{i:0;s:20:"CDev\\DrupalConnector";i:1;s:15:"CDev\\XMLSitemap";}', 'a:2:{i:0;s:9:"Marketing";i:1;s:14:"Administration";}', 1, 0, 0, 0, 0, 0, 'a:0:{}', 0, 0),
(99, 'Paypal', 'CDev', 'helpdesk@x-cart.com', 0, 0, 0, 0, '0.0000', 0, 18961, '0.00', 'USD', '5.3', 2, 0, 0, 1400529600, 849920, 0, 'PayPal', 'X-Cart team', 'Enables taking payments for your online store via PayPal services.', 'http://my.x-cart.com/sites/default/files/addons/CDev/Paypal/icon.png', 'https://market.x-cart.com/addons/paypal.html', '', 'a:0:{}', 'a:1:{i:0;s:18:"Payment processing";}', 1, 0, 0, 0, 0, 0, 'a:0:{}', 0, 0),
(100, 'XPaymentsConnector', 'CDev', 'helpdesk@x-cart.com', 0, 0, 0, 0, '0.0000', 0, 14544, '0.00', 'USD', '5.3', 1, 0, 0, 1398685801, 1413632, 0, 'X-Payments connector', 'X-Cart team', 'PCI compliant credit card processing through major payment gateways without redirects that allows PCI compliant credit card storing for re-using and subscriptions. X-Payments integrates with over 40 payment providers including but not limited to: PayPal, BrainTree, Authorize.Net AIM/CIM, Chase Paymentech, CyberSource, Elavon, Moneris (former eSelect), First Data, Intuit Quickbooks, Ogone, Sage Pay, Realex, WorldPay and many others.', 'http://my.x-cart.com/sites/default/files/addons/CDev/XPaymentsConnector/iconAlt.png', 'https://market.x-cart.com/addons/xpayments-connector.html', '', 'a:0:{}', 'a:2:{i:0;s:14:"Administration";i:1;s:18:"Payment processing";}', 1, 0, 0, 0, 0, 0, 'a:0:{}', 0, 0),
(101, 'ThemeTweaker', 'XC', 'helpdesk@x-cart.com', 0, 0, 0, 0, '0.0000', 0, 12755, '0.00', 'USD', '5.3', 1, 2, 0, 1400583254, 3921920, 0, 'Theme tweaker', 'X-Cart team', 'This extension allows you to tweak your store design by adding and editing custom CSS styles and JavaScript code directly in the store back end. Also you can upload images to link them from your CSS styles.', 'http://my.x-cart.com/sites/default/files/addons/XC/ThemeTweaker/icon.png', 'https://market.x-cart.com/addons/theme-tweaker.html', '', 'a:0:{}', 'a:2:{i:0;s:13:"Design tweaks";i:1;s:14:"Administration";}', 1, 0, 0, 0, 0, 0, 'a:0:{}', 0, 0),
(102, 'InstantSearch', 'CDev', 'helpdesk@x-cart.com', 0, 0, 0, 0, '0.0000', 0, 1383, '0.00', 'USD', '5.1', 2, 0, 0, 1398628800, 81920, 1, 'Instant Search [DEPRECATED]', 'X-Cart team', 'Starting from v.5.2 the module won''t be supported. Consider the "Cloud Search" instead. More details: http://blog.x-cart.com/cloud-search-goes-free-to-replace-instant-search.html', 'http://my.x-cart.com/sites/default/files/addons/CDev/InstantSearch/iconAlt.png', 'http://www.x-cart.com/extensions/addons/instant-search.html', '', 'a:0:{}', 'a:1:{i:0;s:21:"Search and Navigation";}', 1, 0, 0, 0, 0, 2, 'a:3:{i:0;s:12:"391_Business";i:1;s:18:"20598_Multi-vendor";i:2;s:18:"536881125_Ultimate";}', 0, 0),
(103, 'ProductComparison', 'XC', 'helpdesk@x-cart.com', 0, 0, 0, 0, '0.0000', 0, 5439, '0.00', 'USD', '5.3', 1, 0, 0, 1400529600, 143360, 1, 'Product Comparison', 'X-Cart team', 'Allows customers to compare products.', 'http://my.x-cart.com/sites/default/files/addons/XC/ProductComparison/iconAlt.png', 'https://market.x-cart.com/addons/product-comparison.html', '', 'a:0:{}', 'a:2:{i:0;s:15:"User experience";i:1;s:21:"Search and Navigation";}', 1, 0, 0, 0, 0, 2, 'a:3:{i:0;s:12:"391_Business";i:1;s:18:"20598_Multi-vendor";i:2;s:18:"536881125_Ultimate";}', 0, 0),
(104, 'ProductFilter', 'XC', 'helpdesk@x-cart.com', 0, 0, 0, 0, '0.0000', 0, 8841, '0.00', 'USD', '5.3', 1, 0, 0, 1398691782, 235520, 1, 'Product Filter', 'X-Cart team', 'Allows customers to filter products.', 'http://my.x-cart.com/sites/default/files/addons/XC/ProductFilter/iconAlt.png', 'https://market.x-cart.com/addons/product-filter.html', '', 'a:0:{}', 'a:2:{i:0;s:21:"Search and Navigation";i:1;s:15:"User experience";}', 1, 0, 0, 0, 0, 2, 'a:3:{i:0;s:12:"391_Business";i:1;s:18:"20598_Multi-vendor";i:2;s:18:"536881125_Ultimate";}', 0, 0),
(105, 'RESTAPI', 'XC', 'helpdesk@x-cart.com', 0, 0, 0, 0, '0.0000', 0, 7374, '0.00', 'USD', '5.3', 2, 0, 0, 1397141927, 163840, 0, 'REST API', 'X-Cart team', 'Allows external applications to work with your store data via REST API.', 'http://my.x-cart.com/sites/default/files/addons/XC/RESTAPI/icon.png', 'https://market.x-cart.com/addons/rest-api.html', '', 'a:0:{}', 'a:1:{i:0;s:11:"Development";}', 1, 0, 0, 0, 0, 0, 'a:0:{}', 0, 0),
(106, 'FedEx', 'CDev', 'helpdesk@x-cart.com', 0, 0, 0, 0, '0.0000', 0, 9947, '0.00', 'USD', '5.3', 1, 0, 0, 1398693928, 133120, 0, 'FedEx', 'X-Cart team', 'Gets shipping quotes for FedEx delivery methods.', 'http://my.x-cart.com/sites/default/files/addons/CDev/FedEx/iconAlt.png', 'https://market.x-cart.com/addons/fedex.html', '', 'a:0:{}', 'a:2:{i:0;s:11:"Fulfillment";i:1;s:8:"Shipping";}', 1, 0, 0, 0, 0, 0, 'a:0:{}', 0, 0),
(107, 'CanadaPost', 'XC', 'helpdesk@x-cart.com', 0, 0, 0, 0, '0.0000', 0, 8273, '0.00', 'USD', '5.3', 1, 0, 0, 1400605539, 849920, 0, 'Canada Post', 'X-Cart team', 'Gets shipping quotes for Canada Post delivery methods.', 'http://my.x-cart.com/sites/default/files/addons/XC/CanadaPost/iconAlt.png', 'https://market.x-cart.com/addons/canadapost.html', '', 'a:0:{}', 'a:2:{i:0;s:11:"Fulfillment";i:1;s:8:"Shipping";}', 1, 0, 0, 0, 0, 0, 'a:0:{}', 0, 0),
(108, 'ColorSchemes', 'XC', 'helpdesk@x-cart.com', 0, 0, 0, 0, '0.0000', 0, 11712, '0.00', 'USD', '5.3', 1, 2, 0, 1400529600, 1464320, 0, 'Color Schemes', 'X-Cart team', 'This module adds three new color schemes to the base X-Cart design theme.', 'http://my.x-cart.com/sites/default/files/addons/XC/ColorSchemes/icon.png', 'https://market.x-cart.com/addons/color-schemes.html', '', 'a:0:{}', 'a:1:{i:0;s:9:"Templates";}', 1, 0, 0, 0, 0, 0, 'a:0:{}', 0, 0),
(109, 'UPS', 'XC', 'helpdesk@x-cart.com', 0, 0, 0, 0, '0.0000', 0, 10666, '0.00', 'USD', '5.3', 1, 0, 0, 1398693934, 143360, 0, 'UPS', 'X-Cart team', 'Gets shipping quotes for UPS delivery methods.', 'http://my.x-cart.com/sites/default/files/addons/XC/UPS/iconAlt.png', 'https://market.x-cart.com/addons/ups.html', '', 'a:0:{}', 'a:2:{i:0;s:11:"Fulfillment";i:1;s:8:"Shipping";}', 1, 0, 0, 0, 0, 0, 'a:0:{}', 0, 0),
(110, 'GiftCertificates', 'RedSqui', 'redsqui@gmail.com', 0, 0, 0, 0, '0.0000', 0, 758, '60.00', 'USD', '5.3', 1, 0, 0, 1395259200, 676352, 0, 'GiftCertificates', 'Vladimir Serov', 'Enables customers to buy and use gift certificates.', 'http://my.x-cart.com/sites/default/files/addons/RedSqui/GiftCertificates/iconAlt.png', 'https://market.x-cart.com/addons/gift-certificates.html', '', 'a:0:{}', 'a:1:{i:0;s:18:"Payment processing";}', 1, 0, 0, 0, 0, 0, 'a:0:{}', 536881108, 0),
(111, 'Justuno', 'Justuno', 'help@justuno.com', 0, 0, 0, 0, '0.0000', 0, 37, '0.00', 'USD', '5.1', 0, 0, 0, 1378713159, 44544, 0, 'Justuno', 'Justuno', 'The Social Incentive Platform', 'http://my.x-cart.com/sites/default/files/addons/Justuno/Justuno/iconAlt.png', 'https://market.x-cart.com/addons/justuno-for-xcart.html', '', 'a:0:{}', 'a:2:{i:0;s:9:"Marketing";i:1;s:6:"Social";}', 1, 0, 0, 0, 0, 0, 'a:0:{}', 0, 0),
(112, 'PINCodes', 'CDev', 'helpdesk@x-cart.com', 0, 0, 0, 0, '0.0000', 0, 5880, '0.00', 'USD', '5.3', 1, 0, 0, 1400529600, 215040, 1, 'PIN Codes', 'X-Cart team', 'Allows to sell PIN codes attached to products.', 'http://my.x-cart.com/sites/default/files/addons/CDev/PINCodes/iconAlt.png', 'https://market.x-cart.com/addons/pin-codes.html', '', 'a:0:{}', 'a:2:{i:0;s:11:"Fulfillment";i:1;s:18:"Catalog Management";}', 1, 0, 0, 0, 0, 2, 'a:3:{i:0;s:12:"391_Business";i:1;s:18:"20598_Multi-vendor";i:2;s:18:"536881125_Ultimate";}', 0, 0),
(113, 'Mobile', 'XC', 'helpdesk@x-cart.com', 0, 0, 0, 0, '0.0000', 0, 2429, '249.00', 'USD', '5.2', 20, 0, 10, 1400529600, 2503680, 0, 'Mobile skin', 'X-Cart team', 'This module enables the mobile view for your store.', 'http://my.x-cart.com/sites/default/files/addons/XC/Mobile/iconAlt.png', 'https://market.x-cart.com/addons/mobile.html', '', 'a:0:{}', 'a:2:{i:0;s:15:"Mobile Commerce";i:1;s:9:"Templates";}', 1, 0, 0, 0, 0, 0, 'a:0:{}', 536881124, 0),
(114, 'ProductVariants', 'XC', 'helpdesk@x-cart.com', 0, 0, 0, 0, '0.0000', 0, 11840, '0.00', 'USD', '5.3', 1, 3, 0, 1400529600, 368640, 1, 'Product Variants', 'X-Cart team', 'Allows to manage products variants.', 'http://my.x-cart.com/sites/default/files/addons/XC/ProductVariants/icon.png', 'https://market.x-cart.com/addons/product-variants.html', '', 'a:0:{}', 'a:2:{i:0;s:11:"Fulfillment";i:1;s:18:"Catalog Management";}', 1, 0, 0, 0, 0, 2, 'a:3:{i:0;s:12:"391_Business";i:1;s:18:"20598_Multi-vendor";i:2;s:18:"536881125_Ultimate";}', 0, 0),
(115, 'YandexMetrika', 'STaM', 'support@buyyy.ru', 0, 0, 0, 0, '0.0000', 0, 110, '8.00', 'USD', '5.2', 1, 0, 0, 1393617600, 41472, 0, 'Yandex Metrika', 'STaM LLC', 'Enables tracking and analyzing your X-Cart website e-commerce statistics with Yandex Metrika.', 'http://my.x-cart.com/sites/default/files/addons/STaM/YandexMetrika/icon.png', 'https://market.x-cart.com/addons/yandex-metrics-by-stamllc.html', '', 'a:0:{}', 'a:2:{i:0;s:10:"Statistics";i:1;s:3:"SEO";}', 1, 0, 0, 0, 0, 0, 'a:0:{}', 20604, 0);
INSERT INTO `xc_modules` (`moduleID`, `name`, `author`, `authorEmail`, `enabled`, `installed`, `yamlLoaded`, `date`, `rating`, `votes`, `downloads`, `price`, `currency`, `majorVersion`, `minorVersion`, `build`, `minorRequiredCoreVersion`, `revisionDate`, `packSize`, `xcnPlan`, `moduleName`, `authorName`, `description`, `iconURL`, `pageURL`, `authorPageURL`, `dependencies`, `tags`, `fromMarketplace`, `isLanding`, `landingPosition`, `isSystem`, `hasLicense`, `editionState`, `editions`, `xbProductId`, `isSkin`) VALUES
(116, 'Pay2Pay', 'STaM', 'support@buyyy.ru', 0, 0, 0, 0, '0.0000', 0, 5, '63.20', 'USD', '5.2', 2, 0, 0, 1393617600, 52224, 0, 'Pay2Pay', 'STaM LLC', 'Enables taking credit card payments for your online store via Pay2Pay payment gateway.', 'http://my.x-cart.com/sites/default/files/addons/STaM/Pay2Pay/icon.png', 'https://market.x-cart.com/addons/pay2pay-payment-module-by-stamllc.html', '', 'a:0:{}', 'a:1:{i:0;s:18:"Payment processing";}', 1, 0, 0, 0, 0, 0, 'a:0:{}', 536881120, 0),
(117, 'PartnerProgram', 'STaM', 'support@buyyy.ru', 0, 0, 0, 0, '0.0000', 0, 46, '192.00', 'USD', '5.2', 6, 0, 0, 1412798400, 835584, 0, 'Partner Program', 'STaM LLC', 'Module allows you to add an Affiliate program to your store.', 'http://my.x-cart.com/sites/default/files/addons/STaM/PartnerProgram/icon.png', 'https://market.x-cart.com/addons/partner-program-by-stamllc.html', '', 'a:0:{}', 'a:1:{i:0;s:9:"Marketing";}', 1, 0, 2, 0, 0, 0, 'a:0:{}', 20588, 0),
(118, 'GoogleExperiments', 'STaM', 'support@buyyy.ru', 0, 0, 0, 0, '0.0000', 0, 4, '39.92', 'USD', '5.2', 1, 0, 0, 1393617600, 27136, 0, 'Google Experiments', 'STaM LLC', 'Enables content experiments support with Google Analytics.', 'http://my.x-cart.com/sites/default/files/addons/STaM/GoogleExperiments/icon.png', 'https://market.x-cart.com/addons/google-experiment-module-by-stamllc.html', '', 'a:2:{i:0;s:20:"CDev\\GoogleAnalytics";i:1;s:14:"CDev\\SimpleCMS";}', 'a:2:{i:0;s:9:"Marketing";i:1;s:3:"SEO";}', 1, 0, 0, 0, 0, 0, 'a:0:{}', 536881119, 0),
(119, 'Qiwi', 'XC', 'helpdesk@x-cart.com', 0, 0, 0, 0, '0.0000', 0, 785, '0.00', 'USD', '5.3', 1, 0, 0, 1397073600, 71680, 0, 'Qiwi', 'X-Cart team', 'Enables receiving payments for your online store via Qiwi payment system.', 'http://my.x-cart.com/sites/default/files/addons/XC/Qiwi/iconAlt.png', 'https://market.x-cart.com/addons/qiwi-payment-module.html', '', 'a:0:{}', 'a:1:{i:0;s:18:"Payment processing";}', 1, 0, 0, 0, 0, 0, 'a:0:{}', 0, 0),
(120, 'Webmoney', 'XC', 'helpdesk@x-cart.com', 0, 0, 0, 0, '0.0000', 0, 463, '0.00', 'USD', '5.3', 1, 0, 0, 1397073600, 61440, 0, 'WebMoney', 'X-Cart team', 'Enables receiving payments for your online store via WebMoney payment system', 'http://my.x-cart.com/sites/default/files/addons/XC/Webmoney/iconAlt.png', 'https://market.x-cart.com/addons/webmoney-payment-module.html', '', 'a:0:{}', 'a:1:{i:0;s:18:"Payment processing";}', 1, 0, 0, 0, 0, 0, 'a:0:{}', 0, 0),
(121, 'Cart2cart', 'MagneticOne', 'marketing@magneticone.com', 0, 0, 0, 0, '0.0000', 0, 156, '0.00', 'USD', '5.3', 0, 2, 0, 1390248000, 133632, 0, 'Migrate Data to X-Cart', 'MagneticOne', 'Allows you to use the Cart2Cart service right out of your store admin panel and install Connection Bridge to transfer your products, orders, customers information and other data from your current shopping cart to X-Cart.', 'http://my.x-cart.com/sites/default/files/addons/MagneticOne/Cart2cart/iconAlt.png', 'https://market.x-cart.com/addons/migrate-data-to-x-cart.html', '', 'a:0:{}', 'a:0:{}', 1, 0, 0, 0, 1, 0, 'a:0:{}', 0, 0),
(122, 'AbandonedCartReminder', 'QSL', 'helpdesk@x-cart.com', 0, 0, 0, 0, '0.0000', 0, 1170, '132.00', 'USD', '5.3', 1, 0, 0, 1401048000, 393216, 0, 'Abandoned Cart Reminder', 'Qualiteam', 'This module gives unfinished orders a second chance and allows you to remind customers of their abandoned carts by sending an e-mail notification manually or automatically.', 'http://my.x-cart.com/sites/default/files/addons/QSL/AbandonedCartReminder/icon.png', 'https://market.x-cart.com/addons/abandoned-cart-reminder.html', '', 'a:0:{}', 'a:1:{i:0;s:9:"Marketing";}', 1, 0, 3, 0, 1, 0, 'a:0:{}', 536881107, 0),
(123, 'Banner', 'QSL', 'helpdesk@x-cart.com', 0, 0, 0, 0, '0.0000', 0, 3270, '39.20', 'USD', '5.3', 2, 0, 0, 1401048000, 226816, 0, 'Banner System', 'Qualiteam', 'It allows admin to place both images and HTML-code banners anywhere in X-Cart via the special interface in admin area. This module is useful for promoting products, events, offers, etc.', 'http://my.x-cart.com/sites/default/files/addons/QSL/Banner/icon.png', 'https://market.x-cart.com/addons/banner-system.html', '', 'a:0:{}', 'a:2:{i:0;s:9:"Marketing";i:1;s:13:"Design tweaks";}', 1, 0, 0, 0, 1, 0, 'a:0:{}', 536881105, 0),
(124, 'ProductFeeds', 'QSL', 'helpdesk@x-cart.com', 0, 0, 0, 0, '0.0000', 0, 841, '79.20', 'USD', '5.3', 1, 0, 0, 1400616000, 1433088, 0, 'Product Feeds', 'Qualiteam', 'Product Feeds module allows you to export your products into popular comparison shopping websites: Nextag, Pricegrabber, Shopzilla, eBay Commerce Network (shopping.com) and Google Shopping.', 'http://my.x-cart.com/sites/default/files/addons/QSL/ProductFeeds/icon.png', 'https://market.x-cart.com/addons/product-feeds.html', '', 'a:0:{}', 'a:2:{i:0;s:9:"Marketing";i:1;s:18:"Catalog Management";}', 1, 0, 0, 0, 1, 0, 'a:0:{}', 536881106, 0),
(125, 'FreshGreenTheme', 'PerceptionSystemPvtLtd', 'xcart@perceptionsystem.com', 0, 0, 0, 0, '0.0000', 0, 418, '0.00', 'USD', '5.2', 0, 0, 0, 1401307200, 1229824, 0, 'Fresh Green', 'Perception System Pvt. Ltd.', 'Fresh-Green theme suitable for every type of store. This theme utilizes the power of x-cart next simplicity.', 'http://my.x-cart.com/sites/default/files/addons/PerceptionSystemPvtLtd/FreshGreenTheme/iconAlt.png', 'https://market.x-cart.com/addons/fresh-green-theme.html', '', 'a:0:{}', 'a:1:{i:0;s:9:"Templates";}', 1, 0, 0, 0, 0, 0, 'a:0:{}', 0, 0),
(126, 'Add2CartPopup', 'XC', 'helpdesk@x-cart.com', 0, 0, 0, 0, '0.0000', 0, 12223, '0.00', 'USD', '5.3', 1, 2, 0, 1400529600, 122880, 0, 'Add to Cart Popup', 'X-Cart team', 'Adds a promotional popup dialog that is displayed after a customer adds a product to cart.', 'http://my.x-cart.com/sites/default/files/addons/XC/Add2CartPopup/icon.png', 'https://market.x-cart.com/addons/add-to-cart-popup.html', '', 'a:0:{}', 'a:2:{i:0;s:9:"Marketing";i:1;s:18:"Catalog Management";}', 1, 0, 2, 0, 0, 0, 'a:0:{}', 0, 0),
(127, 'Reviews', 'XC', 'helpdesk@x-cart.com', 0, 0, 0, 0, '0.0000', 0, 9591, '0.00', 'USD', '5.3', 1, 1, 0, 1400529600, 501760, 1, 'Product reviews', 'X-Cart team', 'Adds an ability to add products reviews and manage them in admin area', 'http://my.x-cart.com/sites/default/files/addons/XC/Reviews/icon.png', 'https://market.x-cart.com/addons/product-reviews.html', '', 'a:0:{}', 'a:2:{i:0;s:15:"User experience";i:1;s:6:"Social";}', 1, 0, 0, 0, 0, 2, 'a:3:{i:0;s:12:"391_Business";i:1;s:18:"20598_Multi-vendor";i:2;s:18:"536881125_Ultimate";}', 0, 0),
(128, 'SagePay', 'XC', 'helpdesk@x-cart.com', 0, 0, 0, 0, '0.0000', 0, 10077, '0.00', 'USD', '5.3', 1, 0, 0, 1397159237, 61440, 0, 'Sage Pay (Form)', 'X-Cart team', 'Enables taking credit card payments for your online store via SagePay payment gateway (Form protocol method).', 'http://my.x-cart.com/sites/default/files/addons/XC/SagePay/iconAlt.png', 'https://market.x-cart.com/addons/sagepay-payment-module.html', '', 'a:0:{}', 'a:1:{i:0;s:18:"Payment processing";}', 1, 0, 0, 0, 0, 0, 'a:0:{}', 0, 0),
(129, 'Stripe', 'XC', 'helpdesk@x-cart.com', 0, 0, 0, 0, '0.0000', 0, 9491, '0.00', 'USD', '5.3', 1, 0, 0, 1400583259, 471040, 0, 'Stripe', 'X-Cart team', 'Enables taking credit card payments for your online store via Stripe', 'http://my.x-cart.com/sites/default/files/addons/XC/Stripe/iconAlt.png', 'https://market.x-cart.com/addons/stripe-payment-module.html', '', 'a:0:{}', 'a:1:{i:0;s:18:"Payment processing";}', 1, 0, 0, 0, 0, 0, 'a:0:{}', 0, 0),
(130, 'Upselling', 'XC', 'helpdesk@x-cart.com', 0, 0, 0, 0, '0.0000', 0, 5605, '0.00', 'USD', '5.3', 1, 0, 0, 1397073600, 122880, 1, 'Related Products', 'X-Cart team', 'This module gives you the ability to add a list of products which will be offered along with the product being viewed. You may use this feature to promote products, e.g. making them related or recommended.', 'http://my.x-cart.com/sites/default/files/addons/XC/Upselling/iconAlt.png', 'https://market.x-cart.com/addons/related-products.html', '', 'a:0:{}', 'a:3:{i:0;s:9:"Marketing";i:1;s:15:"User experience";i:2;s:21:"Search and Navigation";}', 1, 0, 0, 0, 0, 2, 'a:3:{i:0;s:12:"391_Business";i:1;s:18:"20598_Multi-vendor";i:2;s:18:"536881125_Ultimate";}', 0, 0),
(131, 'Wishlist', 'SpurIT', 'contact@spur-i-t.com', 0, 0, 0, 0, '0.0000', 0, 229, '79.20', 'USD', '5.2', 1, 0, 0, 1401307200, 244736, 0, 'Wishlist', 'SpurIT', 'The Wishlist module allows your customers to create a list of products which they want to purchase. All products for convenience can be placed to various categories lists. It is a great tool for your customers to plan their shopping.', 'http://my.x-cart.com/sites/default/files/addons/SpurIT/Wishlist/icon.png', 'https://market.x-cart.com/addons/wishlist-by-spurit.html', '', 'a:0:{}', 'a:2:{i:0;s:9:"Marketing";i:1;s:15:"User experience";}', 1, 0, 0, 0, 0, 0, 'a:0:{}', 536881118, 0),
(132, 'WhoPurchased', 'SpurIT', 'contact@spur-i-t.com', 0, 0, 0, 0, '0.0000', 0, 123, '39.20', 'USD', '5.2', 3, 0, 0, 1401307200, 49664, 0, 'Customers Who Purchased', 'SpurIT', 'This plugin shows a list of products which were purchased by other buyers along with the product being viewed. The administrator has an ability to disable the plugin, limit the list to current category of products and products in stock only, limit a number of products in the list. This solution is widely used on other eCommerce platforms and has been acknowledged by significant increase of sales.', 'http://my.x-cart.com/sites/default/files/addons/SpurIT/WhoPurchased/icon.png', 'https://market.x-cart.com/addons/customers-who-purchased-by-spurit.html', '', 'a:0:{}', 'a:1:{i:0;s:9:"Marketing";}', 1, 0, 0, 0, 0, 0, 'a:0:{}', 536881117, 0),
(133, 'StockChart', 'SpurIT', 'contact@spur-i-t.com', 0, 0, 0, 0, '0.0000', 0, 2, '39.20', 'USD', '5.2', 1, 0, 0, 1400788800, 65536, 0, 'Stock Chart', 'SpurIT', 'This extension indicates the availability of your product variations. It displays your current inventory available for customers.', 'http://my.x-cart.com/sites/default/files/addons/SpurIT/StockChart/icon.png', 'https://market.x-cart.com/addons/stock-chart-by-spurit.html', '', 'a:0:{}', 'a:1:{i:0;s:18:"Catalog Management";}', 1, 0, 0, 0, 0, 0, 'a:0:{}', 536881116, 0),
(134, 'AbandonedOrdersRecovering', 'SpurIT', 'contact@spur-i-t.com', 0, 0, 0, 0, '0.0000', 0, 8, '160.00', 'USD', '5.2', 1, 0, 0, 1401307200, 408064, 0, 'Abandoned Orders Recovering', 'SpurIT', 'This extension recoups lost revenue by reminding customers about their abandoned cart and offering a deal or promotion to encourage them to complete their orders.', 'http://my.x-cart.com/sites/default/files/addons/SpurIT/AbandonedOrdersRecovering/icon.png', 'https://market.x-cart.com/addons/abandoned-orders-recovering-by-spurit.html', '', 'a:0:{}', 'a:1:{i:0;s:9:"Marketing";}', 1, 0, 0, 0, 0, 0, 'a:0:{}', 536881114, 0),
(135, 'SEConnector', 'SpurIT', 'contact@spur-i-t.com', 0, 0, 0, 0, '0.0000', 0, 2, '119.20', 'USD', '5.2', 0, 0, 0, 1400788800, 49664, 0, 'Socialengine Connector', 'SpurIT', 'Integration with the SocialEngine community CMS.', 'http://my.x-cart.com/sites/default/files/addons/SpurIT/SEConnector/icon.png', 'https://market.x-cart.com/addons/social-engine-connector-by-spurit.html', '', 'a:0:{}', 'a:1:{i:0;s:6:"Social";}', 1, 0, 0, 0, 0, 0, 'a:0:{}', 536881115, 0),
(136, 'ProductVideo', 'PerceptionSystemPvtLtd', 'xcart@perceptionsystem.com', 0, 0, 0, 0, '0.0000', 0, 506, '4.00', 'USD', '5.3', 1, 0, 0, 1400702400, 37888, 0, 'Product Video', 'Perception System Pvt. Ltd.', 'Allows you to add youtube video to your product on product-details page.', 'http://my.x-cart.com/sites/default/files/addons/PerceptionSystemPvtLtd/ProductVideo/icon.png', 'https://market.x-cart.com/addons/product-video.html', '', 'a:0:{}', 'a:1:{i:0;s:18:"Catalog Management";}', 1, 0, 0, 0, 0, 0, 'a:0:{}', 20615, 0),
(137, 'BannerPro', 'PerceptionSystemPvtLtd', 'xcart@perceptionsystem.com', 0, 0, 0, 0, '0.0000', 0, 191, '23.20', 'USD', '5.3', 1, 0, 0, 1401544882, 290304, 0, 'Banner Pro', 'Perception System Pvt. Ltd.', 'Banner Pro x-cart Module allows to upload picture banners to display on store front-end with amazing animated jQuery effects.', 'http://my.x-cart.com/sites/default/files/addons/PerceptionSystemPvtLtd/BannerPro/icon.png', 'https://market.x-cart.com/addons/banner-pro-by-perception-system.html', '', 'a:0:{}', 'a:2:{i:0;s:9:"Marketing";i:1;s:13:"Design tweaks";}', 1, 0, 0, 0, 0, 0, 'a:0:{}', 536881126, 0),
(138, 'Ecc', 'Webgility', 'sales@webgility.com', 0, 0, 0, 0, '0.0000', 0, 1102, '0.00', 'USD', '5.3', 1, 0, 0, 1401393600, 244224, 0, 'Unify for Quickbooks', 'Webgility', 'Unify for QuickBooks - Simplify your e-commerce business by integrating X-Cart with QuickBooks.  Works with QuickBooks Online, Pro, Premier, Enterprise and Point of Sale.', 'http://my.x-cart.com/sites/default/files/addons/Webgility/Ecc/iconAlt.png', 'https://market.x-cart.com/addons/unify-for-quickbooks-by-webgility.html', '', 'a:0:{}', 'a:1:{i:0;s:10:"Accounting";}', 1, 0, 4, 0, 0, 0, 'a:0:{}', 0, 0),
(139, 'Robokassa', 'XC', 'helpdesk@x-cart.com', 0, 0, 0, 0, '0.0000', 0, 735, '0.00', 'USD', '5.3', 1, 0, 0, 1400583771, 51200, 0, 'Robokassa', 'X-Cart team', 'Robokassa allows all types of payments "in the single window": Credit Cards, SMS payments aka "Mobile Commerce", e-currencies (WebMoney, Yandex.Money), Instant payment terminals, Internet-Banking, iPhone application payments. Coupon decreasing the processing fee from 5% down to 2.9% within first 3 months is available. Contact us to get your promo-code!', 'http://my.x-cart.com/sites/default/files/addons/XC/Robokassa/iconAlt.png', 'https://market.x-cart.com/addons/robokassa-payment-module.html', '', 'a:0:{}', 'a:1:{i:0;s:18:"Payment processing";}', 1, 0, 0, 0, 0, 0, 'a:0:{}', 0, 0),
(140, 'LoyaltyProgram', 'QSL', 'helpdesk@x-cart.com', 0, 0, 0, 0, '0.0000', 0, 709, '79.20', 'USD', '5.3', 2, 0, 0, 1401652800, 451072, 0, 'Loyalty Program', 'Qualiteam', 'Increase customer loyalty and turn your visitors into returning customers by giving them reward points for purchases made in your store and letting them cash the points in for discounts on future orders.', 'http://my.x-cart.com/sites/default/files/addons/QSL/LoyaltyProgram/icon.png', 'https://market.x-cart.com/addons/loyalty-program.html', '', 'a:0:{}', 'a:1:{i:0;s:9:"Marketing";}', 1, 0, 0, 0, 1, 0, 'a:0:{}', 536881111, 0),
(141, 'MyBestDressSkin', 'QSL', 'qualiteam-modules@x-cart.com', 0, 0, 0, 0, '0.0000', 0, 110, '79.20', 'USD', '5.3', 0, 0, 0, 1396468800, 818688, 0, 'Template #38 "My Best Dress"', 'Qualiteam', 'The "My Best Dress" X-Cart Design Template (#38). This template is good for the following themes: Accessories, Beauty, Clothing, Jewelry, Medical, Wedding.', 'http://my.x-cart.com/sites/default/files/addons/QSL/MyBestDressSkin/icon.png', 'http://www.x-cart.com/extensions/xcart-templates/mybestdress.html', '', 'a:0:{}', 'a:1:{i:0;s:9:"Templates";}', 1, 0, 0, 0, 1, 0, 'a:0:{}', 442, 0),
(142, 'CustomSkin', 'XC', 'helpdesk@x-cart.com', 0, 0, 0, 0, '0.0000', 0, 5933, '0.00', 'USD', '5.3', 1, 0, 0, 1397141928, 30720, 0, 'Custom skin', 'X-Cart team', 'Development module that simplifies the process of implementing design changes.', 'http://my.x-cart.com/sites/default/files/addons/XC/CustomSkin/iconAlt.png', 'https://market.x-cart.com/addons/custom-skin.html', '', 'a:0:{}', 'a:1:{i:0;s:11:"Development";}', 1, 0, 0, 0, 0, 0, 'a:0:{}', 0, 0),
(143, 'DisqusComments', 'XC', 'helpdesk@x-cart.com', 0, 0, 0, 0, '0.0000', 0, 756, '0.00', 'USD', '5.3', 1, 0, 0, 1400529600, 40960, 0, 'Disqus comments', 'X-Cart team', 'Make commenting easier and more interactive with Disqus. Replies, subscriptions and email notifications. Sharing in Twitter and Facebook. Moderation of posts within Disqus admin area. Simple yet powerful.', 'http://my.x-cart.com/sites/default/files/addons/XC/DisqusComments/iconAlt.png', 'https://market.x-cart.com/addons/disqus-comments.html', '', 'a:0:{}', 'a:1:{i:0;s:6:"Social";}', 1, 0, 0, 0, 0, 0, 'a:0:{}', 0, 0),
(144, 'EMS', 'XC', 'helpdesk@x-cart.com', 0, 0, 0, 0, '0.0000', 0, 599, '0.00', 'USD', '5.3', 1, 0, 0, 1400529600, 92160, 0, 'EMS Russian Post', 'X-Cart team', 'Gets shipping quotes for EMS delivery methods.', 'http://my.x-cart.com/sites/default/files/addons/XC/EMS/iconAlt.png', 'https://market.x-cart.com/addons/ems-russian-post.html', '', 'a:0:{}', 'a:2:{i:0;s:11:"Fulfillment";i:1;s:8:"Shipping";}', 1, 0, 0, 0, 0, 0, 'a:0:{}', 0, 0),
(145, 'Olark', 'XC', 'helpdesk@x-cart.com', 0, 0, 0, 0, '0.0000', 0, 1936, '0.00', 'USD', '5.3', 1, 0, 0, 1398628800, 40960, 0, 'Livechat - Olark', 'X-Cart team', 'The module adds Olark Live Chat to your website: neat in customer area, powerful and informative in admin back-end. Understand who''s on your website, see where your customers are and co-browse with them, chat with the visitors proactively, help them solve the concerns and see how your sales grow.', 'http://my.x-cart.com/sites/default/files/addons/XC/Olark/iconAlt.png', 'https://market.x-cart.com/addons/olark-live-chat.html', '', 'a:0:{}', 'a:2:{i:0;s:15:"User experience";i:1;s:14:"Administration";}', 1, 0, 0, 0, 0, 0, 'a:0:{}', 0, 0),
(146, 'WebmasterKit', 'XC', 'helpdesk@x-cart.com', 0, 0, 0, 0, '0.0000', 0, 9260, '0.00', 'USD', '5.3', 1, 1, 0, 1398628800, 3440640, 0, 'Webmaster Kit', 'X-Cart team', 'This module helps web developers. It is used to find specific templates (the same as Webmaster mode functionality in X-Cart 4), SQL logging, benchmarking.', 'http://my.x-cart.com/sites/default/files/addons/XC/WebmasterKit/iconAlt.png', 'https://market.x-cart.com/addons/webmaster-kit.html', '', 'a:0:{}', 'a:1:{i:0;s:11:"Development";}', 1, 0, 0, 0, 0, 0, 'a:0:{}', 0, 0),
(147, 'Napoleon', 'Edessertnet', 'x-cart@edessert.net', 0, 0, 0, 0, '0.0000', 0, 229, '0.00', 'USD', '5.1', 4, 0, 0, 1400268422, 93184, 0, 'Napoleon Recommendation Service', 'Edessertnet', 'Amazon quality product recommender. It boosts sales, increases average order value, conversion and loyalty. Suggest products that will get your visitors to respond!', 'http://my.x-cart.com/sites/default/files/addons/Edessertnet/Napoleon/iconAlt.png', 'https://market.x-cart.com/addons/edessertnet-product-recommendations.html', '', 'a:0:{}', 'a:2:{i:0;s:9:"Marketing";i:1;s:21:"Search and Navigation";}', 1, 0, 0, 0, 0, 0, 'a:0:{}', 0, 0),
(148, 'ShopGate', 'QSL', 'helpdesk@x-cart.com', 0, 0, 0, 0, '0.0000', 0, 667, '0.00', 'USD', '5.3', 1, 0, 0, 1400702400, 2048000, 0, 'Shopgate - Mobile Commerce', 'Qualiteam', 'Boost your mobile sales with your individual mobile website or native Shopping app for iPhone, iPad and Android!\nSign up URL: http://www.shopgate.com/en/partner/x-cart/'';', 'http://my.x-cart.com/sites/default/files/addons/QSL/ShopGate/iconAlt.png', 'https://market.x-cart.com/addons/shopgate-mobile-commerce.html', '', 'a:0:{}', 'a:3:{i:0;s:9:"Marketing";i:1;s:15:"User experience";i:2;s:15:"Mobile Commerce";}', 1, 0, 5, 0, 1, 0, 'a:0:{}', 0, 0),
(149, 'Shiplark', 'Webgility', 'sales@webgility.com', 0, 0, 0, 0, '0.0000', 0, 298, '0.00', 'USD', '5.2', 2, 0, 0, 1401393600, 222208, 0, 'Shiplark', 'Webgility', 'Ship your X-Cart orders faster and smarter! Print FedEx, UPS and USPS labels in one click.', 'http://my.x-cart.com/sites/default/files/addons/Webgility/Shiplark/iconAlt.png', 'https://market.x-cart.com/addons/shiplark-by-webgility.html', '', 'a:0:{}', 'a:4:{i:0;s:14:"Administration";i:1;s:11:"Fulfillment";i:2;s:8:"Shipping";i:3;s:10:"Accounting";}', 1, 0, 0, 0, 0, 0, 'a:0:{}', 0, 0),
(150, 'ShopByBrand', 'QSL', 'helpdesk@x-cart.com', 0, 0, 0, 0, '0.0000', 0, 1771, '39.20', 'USD', '5.3', 3, 0, 0, 1400568778, 310272, 0, 'Shop By Brand', 'Qualiteam', 'Allows customers to navigate and search products by brands / manufacturers / vendors.', 'http://my.x-cart.com/sites/default/files/addons/QSL/ShopByBrand/iconAlt.png', 'https://market.x-cart.com/addons/shop-by-brand.html', '', 'a:0:{}', 'a:2:{i:0;s:21:"Search and Navigation";i:1;s:18:"Catalog Management";}', 1, 0, 0, 0, 1, 0, 'a:0:{}', 536881121, 0),
(151, 'OneCIntegration', 'XC', 'helpdesk@x-cart.com', 0, 0, 0, 0, '0.0000', 0, 34, '319.20', 'USD', '5.3', 1, 0, 0, 1400529600, 163840, 0, '1C integration', 'X-Cart team', 'Upload the products from "1C" database and publish them in your online store. Import categories, products (inlcuding images and properties) and product variants. Upload orders from your online store into "1C". Update the order statuses in the online store, based on order statuses changes in "1C".', 'http://my.x-cart.com/sites/default/files/addons/XC/OneCIntegration/icon.png', 'https://market.x-cart.com/addons/1c-integraciya.html', '', 'a:0:{}', 'a:2:{i:0;s:11:"Fulfillment";i:1;s:10:"Accounting";}', 1, 0, 0, 0, 0, 0, 'a:0:{}', 20603, 0),
(152, 'PosSystem', 'XC', 'helpdesk@x-cart.com', 0, 0, 0, 0, '0.0000', 0, 170, '399.20', 'USD', '5.3', 2, 0, 0, 1400702400, 708096, 0, 'POS System', 'X-Cart team', 'Turn your X-cart store into a retail Point of Sale. Note: a java virtual machine is required to use "jZebra" applet.', 'http://my.x-cart.com/sites/default/files/addons/XC/PosSystem/iconAlt.png', 'https://market.x-cart.com/addons/point-of-sale.html', '', 'a:1:{i:0;s:15:"XC\\SystemFields";}', 'a:2:{i:0;s:14:"Administration";i:1;s:18:"Payment processing";}', 1, 0, 0, 0, 0, 0, 'a:0:{}', 536881104, 0),
(153, 'SystemFields', 'XC', 'helpdesk@x-cart.com', 0, 0, 0, 0, '0.0000', 0, 2346, '0.00', 'USD', '5.3', 1, 0, 0, 1400702400, 153600, 0, 'UPC/ISBN and Mnf#/Vendor# fields', 'X-Cart team', 'The module adds 2 system fields - UPC/ISBN and Manufacturer/Vendor to products and variants. Admin selects whether to display the fields nowhere, in admin area only or both in admin and customer area.', 'http://my.x-cart.com/sites/default/files/addons/XC/SystemFields/iconAlt.png', 'https://market.x-cart.com/addons/system-fields.html', '', 'a:0:{}', 'a:2:{i:0;s:14:"Administration";i:1;s:18:"Catalog Management";}', 1, 0, 0, 0, 0, 0, 'a:0:{}', 0, 0),
(154, 'Ecccloud', 'Webgility', 'sales@webgility.com', 0, 0, 0, 0, '0.0000', 0, 407, '0.00', 'USD', '5.2', 4, 0, 0, 1401443680, 220672, 0, 'QuickBooks Online Integration', 'Webgility', 'Unify syncs your X-Cart store with QuickBooks Online so you don''t have to!', 'http://my.x-cart.com/sites/default/files/addons/Webgility/Ecccloud/iconAlt.png', 'https://market.x-cart.com/addons/ecc-cloud-quickbooks-and-xero-integration-by-webgility.html', '', 'a:0:{}', 'a:2:{i:0;s:14:"Administration";i:1;s:10:"Accounting";}', 1, 0, 0, 0, 0, 0, 'a:0:{}', 0, 0),
(155, 'RichGoogleSearchResults', 'QSL', 'helpdesk@x-cart.com', 0, 0, 0, 0, '0.0000', 0, 566, '63.20', 'USD', '5.3', 2, 0, 0, 1401134400, 35328, 0, 'Rich google search results', 'Qualiteam', 'This module allows search engines to display information about yourproducts and reviews in well-structured format', 'http://my.x-cart.com/sites/default/files/addons/QSL/RichGoogleSearchResults/iconAlt.png', 'https://market.x-cart.com/addons/rich-google-search-results.html', '', 'a:0:{}', 'a:2:{i:0;s:3:"SEO";i:1;s:9:"Marketing";}', 1, 0, 0, 0, 0, 0, 'a:0:{}', 536881127, 0),
(156, 'PayWithAmazon', 'Amazon', 'vendor+Amazon@x-cart.com', 0, 0, 0, 0, '0.0000', 0, 5856, '0.00', 'USD', '5.3', 2, 1, 0, 1401742368, 204800, 0, 'Pay with Amazon', 'Amazon Payments', 'This module enables Pay with Amazon functionality', 'http://my.x-cart.com/sites/default/files/addons/Amazon/PayWithAmazon/icon.png', 'https://market.x-cart.com/addons/pay-with-amazon-payment-module.html', '', 'a:0:{}', 'a:1:{i:0;s:18:"Payment processing";}', 1, 0, 0, 0, 0, 0, 'a:0:{}', 0, 0),
(157, 'CustomerSatisfaction', 'QSL', 'helpdesk@x-cart.com', 0, 0, 0, 0, '0.0000', 0, 234, '79.20', 'USD', '5.3', 2, 0, 0, 1401912000, 331776, 0, 'Customer Satisfaction', 'Qualiteam', 'Module allows store administrator to know as soon as possible if customer is satisfied with the purchase and to prevent any negative customer reviews by resolving their issues.', 'http://my.x-cart.com/sites/default/files/addons/QSL/CustomerSatisfaction/icon.png', 'https://market.x-cart.com/addons/customer-satisfaction.html', '', 'a:0:{}', 'a:2:{i:0;s:15:"User experience";i:1;s:10:"Statistics";}', 1, 0, 5, 0, 0, 0, 'a:0:{}', 536881131, 0),
(158, 'Eccxero', 'Webgility', 'sales@webgility.com', 0, 0, 0, 0, '0.0000', 0, 170, '0.00', 'USD', '5.3', 1, 0, 0, -10800, 274944, 0, 'Unify for Xero', 'Webgility', 'Unfiy for Xero - Automate your e-commerce accounting by integrating X-Cart with Xero.', 'http://my.x-cart.com/sites/default/files/addons/Webgility/Eccxero/iconAlt.png', 'https://market.x-cart.com/addons/unify-for-xero-by-webgility.html', '', 'a:0:{}', 'a:2:{i:0;s:14:"Administration";i:1;s:10:"Accounting";}', 1, 0, 4, 0, 0, 0, 'a:0:{}', 0, 0),
(159, 'Eccpos', 'Webgility', 'brajkishors@webgility.com', 0, 0, 0, 0, '0.0000', 0, 175, '0.00', 'USD', '5.2', 4, 0, 0, -10800, 244224, 0, 'Highlight', 'Webgility', 'Highlight connects your X-Cart store. The easy-to-use business intelligence tool designed specifically for online retailers.', 'http://my.x-cart.com/sites/default/files/addons/Webgility/Eccpos/iconAlt.png', 'https://www.x-cart.com/extensions/addons/quickBooks-pos-integration-by-webgility.html', '', 'a:0:{}', 'a:3:{i:0;s:14:"Administration";i:1;s:11:"Fulfillment";i:2;s:10:"Accounting";}', 1, 0, 0, 0, 0, 0, 'a:0:{}', 0, 0),
(160, 'SportLifeSkin', 'QSL', 'qualiteam-modules@x-cart.com', 0, 0, 0, 0, '0.0000', 0, 160, '79.20', 'USD', '5.3', 0, 0, 0, -10800, 1749504, 0, 'Template #39 "Sport Life"', 'Qualiteam', 'The "Sport Life" X-Cart Design Template (#39). This template is good for the following themes: Clothing, Entertainment, Jewelry, Sport, Tools & Equipment.', 'http://my.x-cart.com/sites/default/files/addons/QSL/SportLifeSkin/icon.png', 'http://www.x-cart.com/extensions/xcart-templates/sport-life.html', '', 'a:0:{}', 'a:1:{i:0;s:9:"Templates";}', 1, 0, 0, 0, 1, 0, 'a:0:{}', 441, 0),
(161, 'CallForPrice', 'QSL', 'helpdesk@x-cart.com', 0, 0, 0, 0, '0.0000', 0, 574, '28.00', 'USD', '5.3', 1, 0, 0, -10800, 136704, 0, 'Call For Price', 'Qualiteam', 'With this module you can hide price and "Add to cart" button for particular products and show a "Call For Price" message instead.', 'http://my.x-cart.com/sites/default/files/addons/QSL/CallForPrice/icon.png', 'https://market.x-cart.com/addons/call-for-price.html', '', 'a:0:{}', 'a:1:{i:0;s:18:"Catalog Management";}', 1, 0, 6, 0, 0, 0, 'a:0:{}', 536881132, 0),
(162, 'AppleShop', 'QSL', 'qualiteam-modules@x-cart.com', 0, 0, 0, 0, '0.0000', 0, 175, '79.20', 'USD', '5.3', 0, 0, 1, 1404158400, 580608, 0, 'Apple Shop', 'Qualiteam', 'The "Apple Shop" X-Cart Design Template (#37). This template is good for the following themes:  Business, Computers, Electronics, Tools & Equipment', 'http://my.x-cart.com/sites/default/files/addons/QSL/AppleShop/icon.png', 'http://www.x-cart.com/extensions/xcart-templates/apple-shop.html', '', 'a:0:{}', 'a:1:{i:0;s:9:"Templates";}', 1, 0, 0, 0, 1, 0, 'a:0:{}', 443, 0),
(163, 'HiTech_14', 'QSL', 'qualiteam-modules@x-cart.com', 0, 0, 0, 0, '0.0000', 0, 78, '79.20', 'USD', '5.3', 0, 0, 1, -10800, 369664, 0, 'Template #14 "Hi-tech"', 'Qualiteam', 'The "Hi-tech" X-Cart Design Template (#14). This template is good for the following themes: Computers, Electronics, Tools & Equipment', 'http://my.x-cart.com/sites/default/files/addons/QSL/HiTech_14/icon.png', 'http://www.x-cart.com/extensions/xcart-templates/hi-tech.html', '', 'a:0:{}', 'a:1:{i:0;s:9:"Templates";}', 1, 0, 0, 0, 1, 0, 'a:0:{}', 536881072, 0),
(164, 'CloudSearch', 'QSL', 'helpdesk@x-cart.com', 0, 0, 0, 0, '0.0000', 0, 10785, '0.00', 'USD', '5.3', 2, 0, 0, -10800, 158208, 0, 'CloudSearch', 'Qualiteam', 'CloudSearch is a SaaS solution that integrates with X-Cart 5 to enable dynamic, real-time product search with highly relevant search results. Power up your store with enterprise-class search technologies for better conversion!', 'http://my.x-cart.com/sites/default/files/addons/QSL/CloudSearch/iconAlt.png', 'https://market.x-cart.com/addons/cloudsearch.html', '', 'a:0:{}', 'a:3:{i:0;s:9:"Marketing";i:1;s:21:"Search and Navigation";i:2;s:15:"User experience";}', 1, 0, 5, 0, 1, 0, 'a:0:{}', 0, 0),
(165, 'Magic360', 'MagicToolbox', 'support@magictoolbox.com', 0, 0, 0, 0, '0.0000', 0, 404, '159.00', 'USD', '5.2', 5, 0, 0, 1473282000, 453120, 0, 'Magic 360 for XC 5', 'Magic Toolbox', 'Spin products round in 360 degrees and zoom them.', 'http://my.x-cart.com/sites/default/files/addons/MagicToolbox/Magic360/icon.png', 'https://market.x-cart.com/addons/magic-360-for-xc-5.html', '', 'a:0:{}', 'a:4:{i:0;s:15:"User experience";i:1;s:13:"Design tweaks";i:2;s:11:"Development";i:3;s:8:"Products";}', 1, 0, 5, 0, 0, 0, 'a:0:{}', 21087, 0),
(166, 'MagicScroll', 'MagicToolbox', 'support@magictoolbox.com', 0, 0, 0, 0, '0.0000', 0, 393, '0.00', 'USD', '5.2', 5, 0, 0, -10800, 495104, 0, 'Magic Scroll for XC 5', 'Magic Toolbox', 'Effortlessly scroll through images and/or text on your web pages.', 'http://my.x-cart.com/sites/default/files/addons/MagicToolbox/MagicScroll/iconAlt.png', 'https://market.x-cart.com/magic-scroll-for-xc-5.html', '', 'a:0:{}', 'a:3:{i:0;s:15:"User experience";i:1;s:13:"Design tweaks";i:2;s:11:"Development";}', 1, 0, 0, 0, 0, 0, 'a:0:{}', 21056, 0),
(167, 'MagicSlideshow', 'MagicToolbox', 'support@magictoolbox.com', 0, 0, 0, 0, '0.0000', 0, 835, '0.00', 'USD', '5.2', 5, 0, 0, -10800, 395264, 0, 'Magic Slideshow for XC 5', 'Magic Toolbox', 'Display one image after another. Fade or slide, fast or slow, text or just images. It''s your choice!', 'http://my.x-cart.com/sites/default/files/addons/MagicToolbox/MagicSlideshow/iconAlt.png', 'https://market.x-cart.com/magic-slideshow-for-xc-5.html', '', 'a:0:{}', 'a:3:{i:0;s:15:"User experience";i:1;s:13:"Design tweaks";i:2;s:11:"Development";}', 1, 0, 0, 0, 0, 0, 'a:0:{}', 21058, 0),
(168, 'MagicThumb', 'MagicToolbox', 'support@magictoolbox.com', 0, 0, 0, 0, '0.0000', 0, 461, '0.00', 'USD', '5.3', 0, 0, 0, 1412798400, 671232, 0, 'ARCHIVED - Magic Thumb for XC 5', 'Magic Toolbox', 'Enlarge your small images to full screen upon click with this popular tool.', 'http://my.x-cart.com/sites/default/files/addons/MagicToolbox/MagicThumb/iconAlt.png', 'https://market.x-cart.com/magic-thumb-for-xc-5.html', '', 'a:0:{}', 'a:3:{i:0;s:15:"User experience";i:1;s:13:"Design tweaks";i:2;s:11:"Development";}', 1, 0, 0, 0, 0, 0, 'a:0:{}', 21059, 0),
(169, 'MagicZoom', 'MagicToolbox', 'support@magictoolbox.com', 0, 0, 0, 0, '0.0000', 0, 394, '0.00', 'USD', '5.2', 6, 0, 0, 1412798400, 636928, 0, 'Magic Zoom for XC 5', 'Magic Toolbox', 'Zoom into images when you hover over an image. A beautiful effect.', 'http://my.x-cart.com/sites/default/files/addons/MagicToolbox/MagicZoom/iconAlt.png', 'https://market.x-cart.com/magic-zoom-for-xc-5.html', '', 'a:0:{}', 'a:3:{i:0;s:15:"User experience";i:1;s:13:"Design tweaks";i:2;s:11:"Development";}', 1, 0, 0, 0, 0, 0, 'a:0:{}', 21055, 0),
(170, 'MagicZoomPlus', 'MagicToolbox', 'support@magictoolbox.com', 0, 0, 0, 0, '0.0000', 0, 819, '0.00', 'USD', '5.3', 0, 0, 0, 1412798400, 688640, 0, 'ARCHIVED - Magic Zoom Plus for XC 5', 'Magic Toolbox', 'Beautiful zoom and enlarge effect for your product images.', 'http://my.x-cart.com/sites/default/files/addons/MagicToolbox/MagicZoomPlus/iconAlt.png', 'https://market.x-cart.com/magic-zoom-plus-for-xc-5.html', '', 'a:0:{}', 'a:3:{i:0;s:15:"User experience";i:1;s:13:"Design tweaks";i:2;s:11:"Development";}', 1, 0, 6, 0, 0, 0, 'a:0:{}', 21054, 0),
(171, 'FbWall', 'Webkulsoftware', 'prakash.sahu@webkul.com', 0, 0, 0, 0, '0.0000', 0, 27, '23.20', 'USD', '5.3', 0, 0, 0, 1407700800, 158720, 0, 'Facebook Wall Feed', 'Webkul Software Pvt. Ltd.', 'Facebook Wall Feed will grab your Facebook wall post automatically in your website as a module, You can display feed of the posts on your Facebook page or profile or group on your website by just put your Facebook Account ID or Facebook account name with access token. Requires to have the Facebook Wall Feed module properly installed and enabled.', 'http://my.x-cart.com/sites/default/files/addons/Webkulsoftware/FbWall/icon.png', 'https://market.x-cart.com/addons/facebook-wall-by-webkulsoftware.html', '', 'a:0:{}', 'a:1:{i:0;s:6:"Social";}', 1, 0, 0, 0, 0, 0, 'a:0:{}', 536881135, 0),
(172, 'FifthDimension', 'FiveDimLog', 'support@x-cart.com', 0, 0, 0, 0, '0.0000', 0, 61, '0.00', 'USD', '5.2', 1, 0, 0, 1404417600, 67072, 0, '5th Dimension', '5th Dimension Logistics ', 'Enables taking payments for your online store via 5th Dimension payment gateway (Payment Redirect Method).', 'http://my.x-cart.com/sites/default/files/addons/FiveDimLog/FifthDimension/iconAlt.png', 'https://market.x-cart.com/addons/5th-dimension-logistics-payment-module.html', '', 'a:0:{}', 'a:1:{i:0;s:18:"Payment processing";}', 1, 0, 0, 0, 0, 0, 'a:0:{}', 0, 0),
(173, 'AudioBooks', 'QSL', 'qualiteam-modules@x-cart.com', 0, 0, 0, 0, '0.0000', 0, 24, '79.20', 'USD', '5.3', 0, 0, 1, -10800, 969216, 0, 'AudioBooks', 'Qualiteam', 'This template is good for the following themes: Books, Education, Gifts, Media, Music', 'http://my.x-cart.com/sites/default/files/addons/QSL/AudioBooks/icon.png', 'https://www.x-cart.com/extensions/xcart-templates/audiobooks.html', '', 'a:0:{}', 'a:1:{i:0;s:9:"Templates";}', 1, 0, 0, 0, 1, 0, 'a:0:{}', 449, 0),
(174, 'WordPress', 'QSL', 'helpdesk@x-cart.com', 0, 0, 0, 0, '0.0000', 0, 621, '199.20', 'USD', '5.3', 2, 0, 0, 1404849600, 1016320, 0, 'Blog System in X-Cart 5', 'Qualiteam', 'This module extends your X-Cart store with a fully functional blog using the most popular blogging software in the world. It allows you to add WordPress features to your existing X-Cart store.', 'http://my.x-cart.com/sites/default/files/addons/QSL/WordPress/icon.png', 'https://market.x-cart.com/addons/blog-system-in-xcart-5.html', '', 'a:0:{}', 'a:3:{i:0;s:9:"Marketing";i:1;s:13:"Design tweaks";i:2;s:4:"Blog";}', 1, 0, 0, 0, 1, 0, 'a:0:{}', 536881133, 0),
(175, 'VitalitySkin', 'QSL', 'helpdesk@x-cart.com', 0, 0, 0, 0, '0.0000', 0, 14, '79.20', 'USD', '5.3', 1, 0, 0, 1404849600, 431616, 0, 'Vitality', 'Qualiteam', 'The "Vitality" X-Cart Design Template (#13). This template is good for the following themes: Exterior design, Medical, Nature, Nutritional supplements.', 'http://my.x-cart.com/sites/default/files/addons/QSL/VitalitySkin/icon.png', 'https://market.x-cart.com/xcart-templates/vitality.html', '', 'a:0:{}', 'a:1:{i:0;s:9:"Templates";}', 1, 0, 0, 0, 1, 0, 'a:0:{}', 536881073, 0),
(176, 'IGmodule', 'Ingroove', 'support@diib.com', 0, 0, 0, 0, '0.0000', 0, 40, '0.00', 'USD', '5.1', 1, 0, 0, 1414440000, 738816, 0, 'Diib Analytics', 'InGroove Inc.', 'Effortlessly add easy to use predictive analytics to your X-Cart store.', 'http://my.x-cart.com/sites/default/files/addons/Ingroove/IGmodule/iconAlt.png', 'https://market.x-cart.com/addons/diib-analytics-by-diib.html', '', 'a:0:{}', 'a:2:{i:0;s:14:"Administration";i:1;s:10:"Statistics";}', 1, 0, 0, 0, 0, 0, 'a:0:{}', 0, 0),
(177, 'MeritusPayment', 'MPS', 'support@x-cart.com', 0, 0, 0, 0, '0.0000', 0, 64, '0.00', 'USD', '5.3', 0, 0, 0, 1405540800, 40960, 0, 'Meritus: Payment XP', 'MPS', 'Developed with card-not-present transactions in mind, Payment XP provides merchants with the ability to process credit and debit card, all in a PCI compliant solution loaded with tools to manage fraud and fight chargebacks.', 'http://my.x-cart.com/sites/default/files/addons/MPS/MeritusPayment/icon.png', 'https://market.x-cart.com/addons/meritus-XP-payment-module.html', '', 'a:0:{}', 'a:1:{i:0;s:18:"Payment processing";}', 1, 0, 0, 0, 0, 0, 'a:0:{}', 0, 0),
(178, 'WatchWorld', 'QSL', 'qualiteam-modules@x-cart.com', 0, 0, 0, 0, '0.0000', 0, 41, '79.20', 'USD', '5.3', 0, 0, 1, 1406059200, 658432, 0, 'Template #40 "WatchWorld"', 'Qualiteam', 'The "Watch world" X-Cart Design Template (#40). This template is good for the following themes:  Accessories, Clothing, Gifts, Hotels, Jewelry, Watches', 'http://my.x-cart.com/sites/default/files/addons/QSL/WatchWorld/icon.png', 'https://www.x-cart.com/extensions/xcart-templates/watch-world.html', '', 'a:0:{}', 'a:1:{i:0;s:9:"Templates";}', 1, 0, 0, 0, 1, 0, 'a:0:{}', 411, 0),
(179, 'CustomProductTabs', 'XC', 'helpdesk@x-cart.com', 0, 0, 0, 0, '0.0000', 0, 2640, '0.00', 'USD', '5.3', 1, 0, 0, 1472540197, 102400, 1, 'Custom product tabs', 'X-Cart team', 'Add additional tabs on the product page. Custom name, custom content - html text or product videos, whatever describes your product best.', 'http://my.x-cart.com/sites/default/files/addons/XC/CustomProductTabs/iconAlt.png', 'https://market.x-cart.com/addons/custom-product-tabs.html', '', 'a:0:{}', 'a:2:{i:0;s:13:"Design tweaks";i:1;s:18:"Catalog Management";}', 1, 0, 0, 0, 0, 2, 'a:3:{i:0;s:12:"391_Business";i:1;s:18:"20598_Multi-vendor";i:2;s:18:"536881125_Ultimate";}', 0, 0),
(180, 'EPDQ', 'XC', 'helpdesk@x-cart.com', 0, 0, 0, 0, '0.0000', 0, 3300, '0.00', 'USD', '5.3', 1, 0, 0, -10800, 61440, 0, 'Barclaycard ePDQ e-Commerce', 'X-Cart team', 'Enables taking payments for your online store via Barclaycard ePDQ e-Commerce payment system (Basic e-Commerce integration).', 'http://my.x-cart.com/sites/default/files/addons/XC/EPDQ/iconAlt.png', 'https://market.x-cart.com/addons/barclays-epdq-payment-module.html', '', 'a:0:{}', 'a:1:{i:0;s:18:"Payment processing";}', 1, 0, 0, 0, 0, 0, 'a:0:{}', 0, 0),
(181, 'IdealPayments', 'XC', 'helpdesk@x-cart.com', 0, 0, 0, 0, '0.0000', 0, 4236, '0.00', 'USD', '5.3', 1, 0, 0, -10800, 102400, 0, 'iDEAL Payments', 'X-Cart team', 'Enables taking credit card payments for your online store via iDEAL payment system.', 'http://my.x-cart.com/sites/default/files/addons/XC/IdealPayments/iconAlt.png', 'https://market.x-cart.com/addons/iDEAL-payment-module.html', '', 'a:0:{}', 'a:1:{i:0;s:18:"Payment processing";}', 1, 0, 0, 0, 0, 0, 'a:0:{}', 0, 0),
(182, 'XPaymentsSubscriptions', 'QSL', 'helpdesk@x-cart.com', 0, 0, 0, 0, '0.0000', 0, 483, '0.00', 'USD', '5.3', 0, 0, 0, 1406059200, 347648, 0, 'X-Payments subscriptions', 'Qualiteam', 'This module allows to create product subscriptions and process them via X-Payments module.', 'http://my.x-cart.com/sites/default/files/addons/QSL/XPaymentsSubscriptions/iconAlt.png', 'https://market.x-cart.com/addons/x-payments-subscriptions-and-installements.html', '', 'a:1:{i:0;s:23:"CDev\\XPaymentsConnector";}', 'a:1:{i:0;s:18:"Payment processing";}', 1, 0, 0, 0, 0, 0, 'a:0:{}', 0, 0),
(183, 'CustomerRewards', 'BCSE', 'support@bcsengineering.com', 0, 0, 0, 0, '0.0000', 0, 33, '119.20', 'USD', '5.2', 1, 0, 0, 1408305600, 289792, 0, 'Customer Rewards', 'BCS Engineering', 'Allow customers to accrue points to receive discounts', 'http://my.x-cart.com/sites/default/files/addons/BCSE/CustomerRewards/icon.png', 'https://market.x-cart.com/addons/customer-rewards-by-bcse.html', '', 'a:0:{}', 'a:2:{i:0;s:9:"Marketing";i:1;s:15:"User experience";}', 1, 0, 2, 0, 0, 0, 'a:0:{}', 536881137, 0),
(184, 'FacebookProducts', 'BCSE', 'support@bcsengineering.com', 0, 0, 0, 0, '0.0000', 0, 22, '40.00', 'USD', '5.3', 0, 0, 0, 1408564800, 47104, 0, 'Facebook Products', 'BCS Engineering', 'Post your products to Facebook', 'http://my.x-cart.com/sites/default/files/addons/BCSE/FacebookProducts/icon.png', 'https://market.x-cart.com/addons/facebook-products-by-bcse.html', '', 'a:0:{}', 'a:1:{i:0;s:6:"Social";}', 1, 0, 0, 0, 0, 0, 'a:0:{}', 536881138, 0),
(185, 'CatalogOrderForm', 'BCSE', 'support@bcsengineering.com', 0, 0, 0, 0, '0.0000', 0, 31, '32.00', 'USD', '5.3', 2, 0, 0, 1408535363, 31744, 0, 'Catalog Order Form', 'BCS Engineering', 'New page for customers to enter in multiple skus to add to their cart.', 'http://my.x-cart.com/sites/default/files/addons/BCSE/CatalogOrderForm/icon.png', 'https://market.x-cart.com/addons/catalog-order-form-by-bcse.html', '', 'a:0:{}', 'a:3:{i:0;s:15:"User experience";i:1;s:21:"Search and Navigation";i:2;s:18:"Catalog Management";}', 1, 0, 0, 0, 0, 0, 'a:0:{}', 536881139, 0),
(186, 'BuyMac', 'QSL', 'qualiteam-modules@x-cart.com', 0, 0, 0, 0, '0.0000', 0, 104, '79.20', 'USD', '5.3', 0, 0, 1, 1406577600, 436224, 0, 'Buy Mac', 'Qualiteam', 'The "Buy Mac" X-Cart Design Template (#32). This template is good for the following themes:  Books, Cars, Computers, Electronics, Gifts, Music', 'http://my.x-cart.com/sites/default/files/addons/QSL/BuyMac/icon.png', 'https://www.x-cart.com/extensions/xcart-templates/buymac.html', '', 'a:0:{}', 'a:1:{i:0;s:9:"Templates";}', 1, 0, 0, 0, 1, 0, 'a:0:{}', 448, 0),
(187, 'ExitOffers', 'QSL', 'helpdesk@x-cart.com', 0, 0, 0, 0, '0.0000', 0, 199, '39.20', 'USD', '5.3', 0, 0, 0, -10800, 116736, 0, 'Exit Offers', 'Qualiteam', 'Allows you to recover orders by showing a special popup offer to customers before they leave your web site.', 'http://my.x-cart.com/sites/default/files/addons/QSL/ExitOffers/icon.png', 'https://market.x-cart.com/addons/exit-offers.html', '', 'a:0:{}', 'a:2:{i:0;s:9:"Marketing";i:1;s:15:"User experience";}', 1, 0, 4, 0, 0, 0, 'a:0:{}', 536881134, 0),
(188, 'Socialtab', 'Webkulsoftware', 'prakash.sahu@webkul.com', 0, 0, 0, 0, '0.0000', 0, 178, '23.20', 'USD', '5.3', 0, 0, 0, 1407700800, 186368, 0, 'Social Tab', 'Webkul Software Pvt. Ltd.', 'Social Tabs is a brilliant sliding social media tab module and super useful for your social media feeds and it is very slick in design. Purpose of this addon to embed the social media post like Facebook, Twitter, LinkedIn etc on your website. This module can be applied at both side of web page (right and left)', 'http://my.x-cart.com/sites/default/files/addons/Webkulsoftware/Socialtab/icon.png', 'https://market.x-cart.com/addons/social-tab-by-webkulsoftware.html', '', 'a:0:{}', 'a:1:{i:0;s:6:"Social";}', 1, 0, 0, 0, 0, 0, 'a:0:{}', 536881136, 0),
(189, 'Fitness', 'QSL', 'helpdesk@x-cart.com', 0, 0, 0, 0, '0.0000', 0, 48, '79.20', 'USD', '5.3', 0, 1, 1, 1407355200, 274944, 0, 'Fitness', 'Qualiteam', 'The "Fitness" X-Cart Design Template (#16). This template is good for the following themes: Cars, Fitness, Interior &amp; Furniture, Sport, Tools &amp; Equipment', 'http://my.x-cart.com/sites/default/files/addons/QSL/Fitness/icon.png', 'https://market.x-cart.com/xcart-templates/sport-fitness.html', '', 'a:0:{}', 'a:1:{i:0;s:9:"Templates";}', 1, 0, 0, 0, 1, 0, 'a:0:{}', 536881071, 0),
(190, 'FlyoutCategoriesMenu', 'QSL', 'helpdesk@x-cart.com', 0, 0, 0, 0, '0.0000', 0, 3423, '0.00', 'USD', '5.3', 1, 0, 0, 1407873600, 61440, 0, 'Flyout Categories Menu', 'Qualiteam', 'The module changes the default categories menu in the Customer area by introducing a flyout expanding menu style', 'http://my.x-cart.com/sites/default/files/addons/QSL/FlyoutCategoriesMenu/icon.png', 'https://market.x-cart.com/addons/flyout-categories-menu.html', '', 'a:0:{}', 'a:3:{i:0;s:15:"User experience";i:1;s:13:"Design tweaks";i:2;s:21:"Search and Navigation";}', 1, 0, 5, 0, 0, 0, 'a:0:{}', 536881140, 0),
(191, 'Integration', 'UnisenderInc', 'plugins@unisender.com', 0, 0, 0, 0, '0.0000', 0, 604, '0.00', 'USD', '5.2', 1, 0, 0, 1408910400, 79360, 0, 'Unisender Integration', 'Unisender Inc', 'Create and send professional newsletters! The module integrates your store with UniSender, a popular service for mailing and bulk SMS messaging.', 'http://my.x-cart.com/sites/default/files/addons/UnisenderInc/Integration/iconAlt.png', 'https://market.x-cart.com/addons/unisender-integration-by-unisender.html', '', 'a:0:{}', 'a:1:{i:0;s:9:"Marketing";}', 1, 0, 0, 0, 0, 0, 'a:0:{}', 0, 0),
(192, 'Storelocator', 'PerceptionSystemPvtLtd', 'xcart@perceptionsystem.com', 0, 0, 0, 0, '0.0000', 0, 107, '23.99', 'USD', '5.3', 2, 0, 0, 1412280000, 1348096, 0, 'Storelocator', 'Perception System Pvt. Ltd.', 'Fetch Your Store With Store Locator', 'http://my.x-cart.com/sites/default/files/addons/PerceptionSystemPvtLtd/Storelocator/icon.png', 'https://market.x-cart.com/addons/store-locator-by-perception-system.html', '', 'a:0:{}', 'a:1:{i:0;s:9:"Marketing";}', 1, 0, 2, 0, 0, 0, 'a:0:{}', 20582, 0),
(193, 'AutoParts', 'QSL', 'helpdesk@x-cart.com', 0, 0, 0, 0, '0.0000', 0, 174, '79.20', 'USD', '5.3', 0, 0, 1, 1409083200, 456192, 0, 'AutoParts', 'Qualiteam', 'This template is good for the following themes: Cars, Electronics, Tools & Equipment', 'http://my.x-cart.com/sites/default/files/addons/QSL/AutoParts/icon.png', 'https://market.x-cart.com/xcart-templates/autoparts.html', '', 'a:0:{}', 'a:1:{i:0;s:9:"Templates";}', 1, 0, 0, 0, 1, 0, 'a:0:{}', 447, 0),
(194, 'PayU', 'PayU', 'integration@payu.ru', 0, 0, 0, 0, '0.0000', 0, 516, '0.00', 'USD', '5.2', 1, 0, 0, 1409688000, 43008, 0, 'PayU Russia', 'PayU Russia', 'Enables taking payments for your online store via PayU system.', 'http://my.x-cart.com/sites/default/files/addons/PayU/PayU/iconAlt.png', 'https://market.x-cart.com/addons/payU-Russia-payment-module-by-PayU.html', '', 'a:0:{}', 'a:1:{i:0;s:18:"Payment processing";}', 1, 0, 0, 0, 0, 0, 'a:0:{}', 0, 0),
(195, 'BooksStoreSkin', 'QSL', 'helpdesk@x-cart.com', 0, 0, 0, 0, '0.0000', 0, 19, '79.20', 'USD', '5.3', 1, 0, 0, 1409601600, 312320, 0, 'Books Store', 'Qualiteam', 'The "Books Store" X-Cart Design Template (#30). This template is good for the following themes: Books, Clothing, Education, Flowers, Gifts, Hotels, Media.', 'http://my.x-cart.com/sites/default/files/addons/QSL/BooksStoreSkin/icon.png', 'https://market.x-cart.com/xcart-templates/books-store.html', '', 'a:0:{}', 'a:1:{i:0;s:9:"Templates";}', 1, 0, 0, 0, 1, 0, 'a:0:{}', 450, 0),
(196, 'FAQ', 'Guru', 'mike@babymonkeystudios.com', 0, 0, 0, 0, '0.0000', 0, 307, '12.00', 'USD', '5.3', 1, 0, 0, 1410120000, 87040, 0, 'FAQ', 'X-Cart Guru', 'Enables FAQ page', 'http://my.x-cart.com/sites/default/files/addons/Guru/FAQ/iconAlt.png', 'https://market.x-cart.com/addons/FAQ-module-by-XcartGuru.html', '', 'a:0:{}', 'a:3:{i:0;s:9:"Marketing";i:1;s:14:"Administration";i:2;s:15:"User experience";}', 1, 0, 3, 0, 0, 0, 'a:0:{}', 536881157, 0),
(197, 'InfiniteScroll', 'QSL', 'helpdesk@x-cart.com', 0, 0, 0, 0, '0.0000', 0, 678, '63.20', 'USD', '5.3', 0, 0, 0, -10800, 81920, 0, 'Infinite Scroll', 'Qualiteam', 'This module allows you to replace the pager in product lists with the infinite scroll that adds more results to the list when the customer scrolls the page down.', 'http://my.x-cart.com/sites/default/files/addons/QSL/InfiniteScroll/icon.png', 'https://market.x-cart.com/addons/infinite-scroll.html', '', 'a:0:{}', 'a:3:{i:0;s:15:"User experience";i:1;s:13:"Design tweaks";i:2;s:21:"Search and Navigation";}', 1, 0, 3, 0, 0, 0, 'a:0:{}', 536881159, 0),
(198, 'DetailedImagesSlider', 'Guru', 'mike@babymonkeystudios.com', 0, 0, 0, 0, '0.0000', 0, 137, '28.00', 'USD', '5.2', 1, 0, 0, 1411070400, 178176, 0, 'Detailed images slider', 'X-Cart Guru', 'Display your detailed product images in a responsive slider directly on the product page.', 'http://my.x-cart.com/sites/default/files/addons/Guru/DetailedImagesSlider/icon.png', 'https://market.x-cart.com/addons/detailed-images-slider-by-XcartGuru.html', '', 'a:0:{}', 'a:3:{i:0;s:9:"Marketing";i:1;s:15:"User experience";i:2;s:13:"Design tweaks";}', 1, 0, 4, 0, 0, 0, 'a:0:{}', 20578, 0),
(199, 'Mandrill', 'XC', 'helpdesk@x-cart.com', 0, 0, 0, 0, '0.0000', 0, 286, '0.00', 'USD', '5.3', 1, 0, 0, 1411416000, 296960, 0, 'Mandrill Integration (for transactional emails)', 'X-Cart team', 'Mandrill is a scalable and affordable email infrastructure service, with the powerful marketing-friendly analytics tools.', 'http://my.x-cart.com/sites/default/files/addons/XC/Mandrill/iconAlt.png', 'https://market.x-cart.com/addons/mandrill-transactional-emails-integration.html', '', 'a:0:{}', 'a:2:{i:0;s:14:"Administration";i:1;s:10:"Statistics";}', 1, 0, 0, 0, 0, 0, 'a:0:{}', 0, 0),
(200, 'MailChimp', 'XC', 'helpdesk@x-cart.com', 0, 0, 0, 0, '0.0000', 0, 2164, '0.00', 'USD', '5.3', 1, 0, 0, 1411418909, 501760, 0, 'MailChimp Integration with Ecommerce-360 support', 'X-Cart team', 'MailChimp is an email marketing service with powerful tools to manage your email campaigns and subscribers while gathering advanced analytics information on your campaign performance.', 'http://my.x-cart.com/sites/default/files/addons/XC/MailChimp/iconAlt.png', 'https://market.x-cart.com/addons/mailchimp-integration-with-e-commerce-360.html', '', 'a:0:{}', 'a:2:{i:0;s:9:"Marketing";i:1;s:10:"Statistics";}', 1, 0, 0, 0, 0, 0, 'a:0:{}', 0, 0),
(201, 'HorizontalCategoriesMenu', 'QSL', 'helpdesk@x-cart.com', 0, 0, 0, 0, '0.0000', 0, 827, '15.96', 'USD', '5.3', 1, 0, 0, 1411631989, 129024, 0, 'Horizontal Flyout Categories Menu', 'Qualiteam', 'The module changes the default categories menu to the horizontal flyout expanding menu', 'http://my.x-cart.com/sites/default/files/addons/QSL/HorizontalCategoriesMenu/icon.png', 'https://market.x-cart.com/addons/horizontal-flyout-categories-menu.html', '', 'a:0:{}', 'a:3:{i:0;s:21:"Search and Navigation";i:1;s:13:"Design tweaks";i:2;s:15:"User experience";}', 1, 0, 0, 0, 1, 0, 'a:0:{}', 20579, 0),
(202, 'YandexMoney', 'XC', 'helpdesk@x-cart.com', 0, 0, 0, 0, '0.0000', 0, 531, '0.00', 'USD', '5.3', 1, 0, 0, 1412020800, 92160, 0, 'Yandex Payment Solution', 'X-Cart team', 'The means of accepting all payment options popular in Russia - bank cards, Yandex Payment Solution and Webmoney, mobile payments and cash.', 'http://my.x-cart.com/sites/default/files/addons/XC/YandexMoney/iconAlt.png', 'https://market.x-cart.com/addons/yandex-money.html', '', 'a:0:{}', 'a:1:{i:0;s:18:"Payment processing";}', 1, 0, 0, 0, 0, 0, 'a:0:{}', 0, 0);
INSERT INTO `xc_modules` (`moduleID`, `name`, `author`, `authorEmail`, `enabled`, `installed`, `yamlLoaded`, `date`, `rating`, `votes`, `downloads`, `price`, `currency`, `majorVersion`, `minorVersion`, `build`, `minorRequiredCoreVersion`, `revisionDate`, `packSize`, `xcnPlan`, `moduleName`, `authorName`, `description`, `iconURL`, `pageURL`, `authorPageURL`, `dependencies`, `tags`, `fromMarketplace`, `isLanding`, `landingPosition`, `isSystem`, `hasLicense`, `editionState`, `editions`, `xbProductId`, `isSkin`) VALUES
(203, 'Electronics', 'QSL', 'qualiteam-modules@x-cart.com', 0, 0, 0, 0, '0.0000', 0, 13, '79.20', 'USD', '5.3', 0, 0, 1, 1413230400, 504320, 0, 'Template #19 "Electronics"', 'Qualiteam', 'The "Electronics" X-Cart Design Template (#19). This template is good for the following themes:  Books, Computers, Education, Electronics', 'http://my.x-cart.com/sites/default/files/addons/QSL/Electronics/icon.png', 'https://www.x-cart.com/extensions/xcart-templates/electronics.html', '', 'a:0:{}', 'a:1:{i:0;s:9:"Templates";}', 1, 0, 0, 0, 1, 0, 'a:0:{}', 536881069, 0),
(204, 'iGoods', 'QSL', 'qualiteam-modules@x-cart.com', 0, 0, 0, 0, '0.0000', 0, 80, '79.20', 'USD', '5.3', 0, 0, 0, 1413316800, 233984, 0, 'Template #28 "iGoods"', 'Qualiteam', 'The "iGoods" X-Cart Design Template (#28). This template is good for the following themes:  Business, Computers, Electronics, Tools & Equipment', 'http://my.x-cart.com/sites/default/files/addons/QSL/iGoods/icon.png', 'https://www.x-cart.com/extensions/xcart-templates/igoods.html', '', 'a:0:{}', 'a:1:{i:0;s:9:"Templates";}', 1, 0, 0, 0, 1, 0, 'a:0:{}', 452, 0),
(205, 'PaymentWall', 'Webkulsoftware', 'prakash.sahu@webkul.com', 0, 0, 0, 0, '0.0000', 0, 0, '39.20', 'USD', '5.2', 0, 0, 0, 1414616400, 97280, 0, 'PaymentWall Payment Gateway', 'Webkul Software Pvt. Ltd.', 'Paymentwall Payment Gateway is a payment addons work with checkout for payment in X-Cart X-Cart. It will work live as well as Debugging mode. It Accept global payments by integrating Paymentwall Gateway.', 'http://my.x-cart.com/sites/default/files/addons/Webkulsoftware/PaymentWall/icon.png', 'https://market.x-cart.com/addons/paymentwall-integration-by-webkulsoftware.html', '', 'a:0:{}', 'a:1:{i:0;s:18:"Payment processing";}', 1, 0, 0, 0, 0, 0, 'a:0:{}', 20596, 0),
(206, 'Health', 'QSL', 'qualiteam-modules@x-cart.com', 0, 0, 0, 0, '0.0000', 0, 36, '79.20', 'USD', '5.3', 0, 0, 1, 1413403200, 361984, 0, 'Template #9 "Health"', 'Qualiteam', 'This template is good for the following themes: Beauty, Garden, Interior & Furniture, Medical, Nutritional supplements', 'http://my.x-cart.com/sites/default/files/addons/QSL/Health/icon.png', 'https://www.x-cart.com/extensions/xcart-templates/health.html', '', 'a:0:{}', 'a:1:{i:0;s:9:"Templates";}', 1, 0, 0, 0, 1, 0, 'a:0:{}', 465, 0),
(207, 'Akismet', 'XC', 'helpdesk@x-cart.com', 0, 0, 0, 0, '0.0000', 0, 574, '0.00', 'USD', '5.3', 0, 0, 0, 1413748800, 40960, 0, 'Akismet - the Spam Filter', 'X-Cart team', 'Filter out the spam on the Contact Us form and in the Product Reviews. A hosted web service that saves you time by automatically detecting comment and trackback spam.', 'http://my.x-cart.com/sites/default/files/addons/XC/Akismet/iconAlt.png', 'https://market.x-cart.com/addons/akismet-the-spam-filter.html', '', 'a:0:{}', 'a:1:{i:0;s:14:"Administration";}', 1, 0, 0, 0, 0, 0, 'a:0:{}', 0, 0),
(208, 'ESelectHPP', 'XC', 'helpdesk@x-cart.com', 0, 0, 0, 0, '0.0000', 0, 2037, '0.00', 'USD', '5.3', 1, 0, 0, 1413748800, 51200, 0, 'Moneris (eSELECTplus- Hosted Pay Page)', 'X-Cart team', 'Accept credit and debit cards via an online transaction processing engine. USA and Canada', 'http://my.x-cart.com/sites/default/files/addons/XC/ESelectHPP/iconAlt.png', 'https://market.x-cart.com/addons/moneris-eselect-plus-hosted-pay-page.html', '', 'a:0:{}', 'a:1:{i:0;s:18:"Payment processing";}', 1, 0, 0, 0, 0, 0, 'a:0:{}', 0, 0),
(209, 'FreeShipping', 'XC', 'helpdesk@x-cart.com', 0, 0, 0, 0, '0.0000', 0, 5820, '0.00', 'USD', '5.3', 1, 1, 0, -10800, 133120, 1, 'Free Shipping and Shipping freights', 'X-Cart team', 'Attract more customers by offering Free Shipping. Mark the products that are shipped for free. Add a possibility to specify shipping freight to products.', 'http://my.x-cart.com/sites/default/files/addons/XC/FreeShipping/icon.png', 'https://market.x-cart.com/addons/free-shipping.html', '', 'a:0:{}', 'a:1:{i:0;s:8:"Shipping";}', 1, 0, 0, 0, 0, 2, 'a:3:{i:0;s:12:"391_Business";i:1;s:18:"20598_Multi-vendor";i:2;s:18:"536881125_Ultimate";}', 0, 0),
(210, 'InternetSecure', 'XC', 'helpdesk@x-cart.com', 0, 0, 0, 0, '0.0000', 0, 155, '0.00', 'USD', '5.3', 1, 0, 0, 1413748800, 40960, 0, 'InternetSecure', 'X-Cart team', 'The complete solution to accept credit cards, including Visa, MasterCard, American Express and Discover in two currencies (Canadian and US dollars).', 'http://my.x-cart.com/sites/default/files/addons/XC/InternetSecure/iconAlt.png', 'https://market.x-cart.com/addons/internet-secure-merchant-link-payment-module.html', '', 'a:0:{}', 'a:1:{i:0;s:18:"Payment processing";}', 1, 0, 0, 0, 0, 0, 'a:0:{}', 0, 0),
(211, 'MightyCallReact', 'XC', 'helpdesk@x-cart.com', 0, 0, 0, 0, '0.0000', 0, 971, '0.00', 'USD', '5.3', 1, 0, 0, 1413800433, 40960, 0, 'Contact Us Page by MightyCall', 'X-Cart team', 'Create a snazzy-looking Contact Us page in just minutes that you can customize to blend in with your current business website. Includes special features like ClickToCall, Contact Form, Business Hours and more. Allow customers to request a call back or e-mail from you with a click of a button.', 'http://my.x-cart.com/sites/default/files/addons/XC/MightyCallReact/iconAlt.png', 'https://market.x-cart.com/addons/contact-us-page-by-mightycall.html', '', 'a:1:{i:0;s:14:"CDev\\ContactUs";}', 'a:3:{i:0;s:14:"Administration";i:1;s:13:"Design tweaks";i:2;s:15:"User experience";}', 1, 0, 0, 0, 0, 0, 'a:0:{}', 0, 0),
(212, 'News', 'XC', 'helpdesk@x-cart.com', 0, 0, 0, 0, '0.0000', 0, 5346, '0.00', 'USD', '5.3', 1, 0, 0, 1413748800, 163840, 1, 'News', 'X-Cart team', 'Share the company and products news and updates with your community.', 'http://my.x-cart.com/sites/default/files/addons/XC/News/iconAlt.png', 'https://market.x-cart.com/addons/news-module.html', '', 'a:0:{}', 'a:2:{i:0;s:9:"Marketing";i:1;s:15:"User experience";}', 1, 0, 0, 0, 0, 2, 'a:3:{i:0;s:12:"391_Business";i:1;s:18:"20598_Multi-vendor";i:2;s:18:"536881125_Ultimate";}', 0, 0),
(213, 'NlTranslation', 'XC', 'helpdesk@x-cart.com', 0, 0, 0, 0, '0.0000', 0, 592, '0.00', 'USD', '5.3', 1, 0, 0, -10800, 348160, 0, 'Translation: Dutch', 'X-Cart team', 'Dutch translation pack. This translation is a contribution of X-Cart community. Kindly shared by one of X-Cart merchants for free, this translation may contain some non-translated labels which appeared in later versions of X-Cart 5 or which were added by custom modules you installed.', 'http://my.x-cart.com/sites/default/files/addons/XC/NlTranslation/iconAlt.png', 'https://market.x-cart.com/addons/dutch-translation-by-community-members.html', '', 'a:0:{}', 'a:1:{i:0;s:11:"Translation";}', 1, 0, 0, 0, 0, 0, 'a:0:{}', 0, 0),
(214, 'OgoneEcommerce', 'XC', 'helpdesk@x-cart.com', 0, 0, 0, 0, '0.0000', 0, 1182, '0.00', 'USD', '5.3', 1, 0, 0, 1413748800, 51200, 0, 'Ingenico Payment Services (Ogone)', 'X-Cart team', 'Enable online payment processing with a level-1 PCI DSS compliant provider based in Europe.', 'http://my.x-cart.com/sites/default/files/addons/XC/OgoneEcommerce/iconAlt.png', 'https://market.x-cart.com/addons/ogone-ingenico-payment-module.html', '', 'a:0:{}', 'a:1:{i:0;s:18:"Payment processing";}', 1, 0, 0, 0, 0, 0, 'a:0:{}', 0, 0),
(215, 'PayUIndia', 'XC', 'helpdesk@x-cart.com', 0, 0, 0, 0, '0.0000', 0, 372, '0.00', 'USD', '5.3', 1, 0, 0, -10800, 40960, 0, 'PayU India', 'X-Cart team', 'Accept Credit cards and Debit cards of Indian Banks, enable Net banking options. The customer is redirected to a payment page hosted by PayU. Mobile optimized, PCI compliant, with intelligent retry framework.', 'http://my.x-cart.com/sites/default/files/addons/XC/PayUIndia/iconAlt.png', 'https://market.x-cart.com/addons/payu-india-payment-module.html', '', 'a:0:{}', 'a:1:{i:0;s:18:"Payment processing";}', 1, 0, 0, 0, 0, 0, 'a:0:{}', 0, 0),
(216, 'TwoFactorAuthentication', 'XC', 'helpdesk@x-cart.com', 0, 0, 0, 0, '0.0000', 0, 1789, '0.00', 'USD', '5.3', 1, 0, 0, 1413748800, 153600, 1, 'Two factor authentication', 'X-Cart team', 'The module integrates your store with Authy.com to protect your accounts with Two-Factor Authentication system. You can enable it for each type of accounts: admin, supplier or customer.', 'http://my.x-cart.com/sites/default/files/addons/XC/TwoFactorAuthentication/iconAlt.png', 'https://market.x-cart.com/addons/two-factor-authorization.html', '', 'a:0:{}', 'a:2:{i:0;s:15:"User experience";i:1;s:14:"Administration";}', 1, 0, 0, 0, 0, 2, 'a:3:{i:0;s:12:"391_Business";i:1;s:18:"20598_Multi-vendor";i:2;s:18:"536881125_Ultimate";}', 0, 0),
(217, 'VKComments', 'XC', 'helpdesk@x-cart.com', 0, 0, 0, 0, '0.0000', 0, 242, '0.00', 'USD', '5.3', 1, 0, 0, -10800, 51200, 0, 'VKComments', 'X-Cart team', 'Enable comments for the users of popular social network Vkontakte.Each comment posted via the widget will be automatically transferred to the comment contributor''s page.The record includes a link to the product in your store. Posted on the contributor''s "wall",it will also appear in the Newsfeed of his/her Friends and followers.', 'http://my.x-cart.com/sites/default/files/addons/XC/VKComments/iconAlt.png', 'https://market.x-cart.com/addons/vk-comments.html', '', 'a:0:{}', 'a:1:{i:0;s:6:"Social";}', 1, 0, 0, 0, 0, 0, 'a:0:{}', 0, 0),
(218, 'AntiSpam', 'QSL', 'helpdesk@x-cart.com', 0, 0, 0, 0, '0.0000', 0, 283, '55.20', 'USD', '5.3', 1, 0, 0, -10800, 145408, 0, 'AntiSpam', 'Qualiteam', 'Uses Honeypot, reCaptcha and other methods to block SPAM bots creating fake user accounts and mass-submitting forms on your website.', 'http://my.x-cart.com/sites/default/files/addons/QSL/AntiSpam/icon.png', 'https://market.x-cart.com/addons/antispam.html', '', 'a:0:{}', 'a:1:{i:0;s:14:"Administration";}', 1, 0, 1, 0, 0, 0, 'a:0:{}', 20592, 0),
(219, 'ProductVideos', 'CSI', 'support@cflsystems.com', 0, 0, 0, 0, '0.0000', 0, 61, '52.00', 'USD', '5.3', 0, 0, 0, 1414050470, 116736, 0, 'Product Videos', 'CFL Systems, Inc.', 'Add unlimited number of videos to product details pages. Reference videos uploaded to Youtube, Metacafe, Vimeo, DailyMotion or self-hosted.', 'http://my.x-cart.com/sites/default/files/addons/CSI/ProductVideos/icon.png', 'https://market.x-cart.com/addons/product-videos-by-cfl-systems.html', '', 'a:0:{}', 'a:1:{i:0;s:15:"User experience";}', 1, 0, 7, 0, 0, 0, 'a:0:{}', 21108, 0),
(220, 'XCDN', 'CSI', 'support@cflsystems.com', 0, 0, 0, 0, '0.0000', 0, 39, '36.00', 'USD', '5.3', 0, 0, 0, 1414659837, 40960, 0, 'xCDN', 'CFL Systems, Inc.', 'This module allows you to setup your store to use CDN for images, css and js files.', 'http://my.x-cart.com/sites/default/files/addons/CSI/XCDN/icon.png', 'https://market.x-cart.com/addons/xcdn-by-cfl-systems.html', '', 'a:0:{}', 'a:3:{i:0;s:3:"SEO";i:1;s:18:"Catalog Management";i:2;s:15:"User experience";}', 1, 0, 0, 0, 0, 0, 'a:0:{}', 21098, 0),
(221, 'AntiFraud', 'QSL', 'helpdesk@x-cart.com', 0, 0, 0, 0, '0.0000', 0, 536, '0.00', 'USD', '5.3', 0, 0, 0, 1414935960, 184832, 0, 'AntiFraud Service Connector', 'Qualiteam', 'AntiFraud service reduces chargebacks by identifying online fraud using sophisticated checking algorithm. It is best for merchants selling e-goods with immediate electronic delivery (like software, music, content, etc.) and for merchants trading overseas.', 'http://my.x-cart.com/sites/default/files/addons/QSL/AntiFraud/iconAlt.png', 'https://market.x-cart.com/addons/antifraud.html', '', 'a:0:{}', 'a:2:{i:0;s:14:"Administration";i:1;s:18:"Payment processing";}', 1, 0, 0, 0, 0, 0, 'a:0:{}', 0, 0),
(222, 'Clothing', 'QSL', 'qualiteam-modules@x-cart.com', 0, 0, 0, 0, '0.0000', 0, 808, '119.20', 'USD', '5.3', 0, 0, 0, 1415739600, 1617920, 0, 'Template #42 "Clothing"', 'Qualiteam', 'The "Clothing" X-Cart Design Template (#42). This template is good for the following themes:  Accessories, Clothing, Jewelry, Watches, Wedding', 'http://my.x-cart.com/sites/default/files/addons/QSL/Clothing/icon.png', 'http://www.x-cart.com/extensions/xcart-templates/clothing.html', '', 'a:0:{}', 'a:1:{i:0;s:9:"Templates";}', 1, 0, 7, 0, 1, 0, 'a:0:{}', 20597, 0),
(223, 'ShippingEasy', 'Qualiteam', 'sarah@shippingeasy.com', 0, 0, 0, 0, '0.0000', 0, 515, '0.00', 'USD', '5.3', 0, 0, 0, 1415197885, 138240, 0, 'ShippingEasy', 'Qualiteam', 'Save time and money with the shipping solution built for eCommerce retailers! ShippingEasy downloads orders in real-time and automates your shipping based on carrier, service, package and more', 'http://my.x-cart.com/sites/default/files/addons/Qualiteam/ShippingEasy/iconAlt.png', 'https://market.x-cart.com/addons/shipping-easy-shipping-automation.html', '', 'a:0:{}', 'a:2:{i:0;s:11:"Fulfillment";i:1;s:8:"Shipping";}', 1, 0, 0, 0, 0, 0, 'a:0:{}', 0, 0),
(224, 'MultiVendor', 'XC', 'helpdesk@x-cart.com', 0, 0, 0, 0, '0.0000', 0, 1025, '0.00', 'USD', '5.3', 1, 3, 0, 1416862800, 1413120, 1, 'Multi-vendor', 'X-Cart team', 'Create an online mall where multiple vendors can sell their own products and manage their orders through a single marketplace.', 'http://my.x-cart.com/sites/default/files/addons/XC/MultiVendor/icon.png', 'https://market.x-cart.com/addons/suppliers-multivendors.html', '', 'a:0:{}', 'a:3:{i:0;s:14:"Administration";i:1;s:11:"Fulfillment";i:2;s:18:"Catalog Management";}', 1, 0, 4, 0, 0, 2, 'a:2:{i:0;s:18:"20598_Multi-vendor";i:1;s:18:"536881125_Ultimate";}', 0, 0),
(225, 'NextPreviousProduct', 'XC', 'helpdesk@x-cart.com', 0, 0, 0, 0, '0.0000', 0, 5566, '0.00', 'USD', '5.3', 1, 0, 0, 1416862800, 81920, 1, 'Previous and Next product', 'X-Cart team', 'Display "Previous" and "Next product" links on your product sheets, be it a category page, a search results page or products of a particular brand.', 'http://my.x-cart.com/sites/default/files/addons/XC/NextPreviousProduct/iconAlt.png', 'https://market.x-cart.com/addons/next-previous-product.html', '', 'a:0:{}', 'a:2:{i:0;s:15:"User experience";i:1;s:21:"Search and Navigation";}', 1, 0, 0, 0, 0, 2, 'a:3:{i:0;s:12:"391_Business";i:1;s:18:"20598_Multi-vendor";i:2;s:18:"536881125_Ultimate";}', 0, 0),
(226, 'SimplifyCommerce', 'XC', 'helpdesk@x-cart.com', 0, 0, 0, 0, '0.0000', 0, 477, '0.00', 'USD', '5.3', 1, 0, 0, 1416862800, 317440, 0, 'Simplify Commerce by MasterCard', 'X-Cart team', 'Accept all major card brands for payments in your store with Simplify Commerce by MasterCard. Easy set up with a low, flat rate; no monthly fees and no extra fees. Level 1 PCI certified.', 'http://my.x-cart.com/sites/default/files/addons/XC/SimplifyCommerce/iconAlt.png', 'https://market.x-cart.com/addons/simplify-commerce-by-mastercard-payment-module.html', '', 'a:0:{}', 'a:1:{i:0;s:18:"Payment processing";}', 1, 0, 0, 0, 0, 0, 'a:0:{}', 0, 0),
(227, 'VirtualMerchant', 'XC', 'helpdesk@x-cart.com', 0, 0, 0, 0, '0.0000', 0, 238, '0.00', 'USD', '5.3', 1, 0, 0, 1416862800, 51200, 0, 'Converge (formerly Virtual Merchant by Elavon)', 'X-Cart team', 'A secure server-based system. Accept Visa, JCB, MasterCard, American Express, Discover, Diners and UnionPay in the United States, Canada and Puerto Rico.', 'http://my.x-cart.com/sites/default/files/addons/XC/VirtualMerchant/iconAlt.png', 'https://market.x-cart.com/addons/converge-virtual-merchant-payment-module.html', '', 'a:0:{}', 'a:1:{i:0;s:18:"Payment processing";}', 1, 0, 0, 0, 0, 0, 'a:0:{}', 0, 0),
(228, 'AlternativeClothes', 'QSL', 'qualiteam-modules@x-cart.com', 0, 0, 0, 0, '0.0000', 0, 45, '79.20', 'USD', '5.3', 0, 0, 1, 1417035600, 1017856, 0, 'Template #43 "Alternative clothes"', 'Qualiteam', 'The "Alternative clothes" X-Cart Design Template (#43). This template is good for the following themes:  Accessories, Clothing, Jewelry, Watches', 'http://my.x-cart.com/sites/default/files/addons/QSL/AlternativeClothes/icon.png', 'http://www.x-cart.com/extensions/xcart-templates/alternative-clothes.html', '', 'a:0:{}', 'a:1:{i:0;s:9:"Templates";}', 1, 0, 0, 0, 1, 0, 'a:0:{}', 20605, 0),
(229, 'HouseholdSkin', 'QSL', 'qualiteam-modules@x-cart.com', 0, 0, 0, 0, '0.0000', 0, 17, '79.20', 'USD', '5.3', 0, 0, 1, 1417035600, 269312, 0, 'Household Equipment Skin', 'Qualiteam', 'The "Household Equipment" X-Cart Design Template (#11). This template is good for the following themes: Flowers, Food & Drink, Gifts, Hobbies & Crafts, Interior & Furniture', 'http://my.x-cart.com/sites/default/files/addons/QSL/HouseholdSkin/icon.png', 'https://www.x-cart.com/extensions/xcart-templates/household-equipment.html', '', 'a:0:{}', 'a:1:{i:0;s:9:"Templates";}', 1, 0, 0, 0, 1, 0, 'a:0:{}', 536881075, 0),
(230, 'HidePrices', 'QSL', 'helpdesk@x-cart.com', 0, 0, 0, 0, '0.0000', 0, 105, '28.00', 'USD', '5.3', 0, 0, 0, 1417593089, 88064, 0, 'Hide Prices', 'Qualiteam', 'This module hides prices and disables checkout for non-registered customers.', 'http://my.x-cart.com/sites/default/files/addons/QSL/HidePrices/icon.png', 'https://market.x-cart.com/addons/hide-prices.html', '', 'a:0:{}', 'a:1:{i:0;s:18:"Catalog Management";}', 1, 0, 3, 0, 0, 0, 'a:0:{}', 20606, 0),
(231, 'MobileAdmin', 'QSL', 'helpdesk@x-cart.com', 0, 0, 0, 0, '0.0000', 0, 1633, '0.00', 'USD', '5.3', 0, 0, 0, 1417986000, 897024, 0, 'X-Cart Mobile Admin', 'Qualiteam', 'Manage your X-Cart store easily right from your Android-based smartphone. Download and install FREE X-Cart Mobile Admin application from AppStore or Google play, connect it with your store and get a complete control over the store at your fingertips!', 'http://my.x-cart.com/sites/default/files/addons/QSL/MobileAdmin/iconAlt.png', 'https://market.x-cart.com/addons/mobile-admin.html', '', 'a:0:{}', 'a:3:{i:0;s:14:"Administration";i:1;s:18:"Catalog Management";i:2;s:15:"Mobile Commerce";}', 1, 0, 0, 0, 0, 0, 'a:0:{}', 0, 0),
(232, 'PayPalHere', 'QSL', 'helpdesk@x-cart.com', 0, 0, 0, 0, '0.0000', 0, 432, '0.00', 'USD', '5.3', 0, 0, 0, 1417986000, 192000, 0, 'PayPal Here', 'Qualiteam', 'The easiest way to accept any form of payment. Wherever your business goes, your sales can go too. Available on iOS and Android.', 'http://my.x-cart.com/sites/default/files/addons/QSL/PayPalHere/iconAlt.png', 'https://market.x-cart.com/addons/PayPal-Here-payment-module.html', '', 'a:0:{}', 'a:2:{i:0;s:18:"Payment processing";i:1;s:15:"Mobile Commerce";}', 1, 0, 0, 0, 0, 0, 'a:0:{}', 0, 0),
(233, 'ProductQuestions', 'QSL', 'helpdesk@x-cart.com', 0, 0, 0, 0, '0.0000', 0, 379, '55.20', 'USD', '5.3', 1, 0, 0, 1418072400, 274432, 0, 'Product Questions', 'Qualiteam', 'This module allows visitors to ask questions on your products and receive answers from your staff.', 'http://my.x-cart.com/sites/default/files/addons/QSL/ProductQuestions/icon.png', 'https://market.x-cart.com/addons/product-questions.html', '', 'a:0:{}', 'a:1:{i:0;s:15:"User experience";}', 1, 0, 3, 0, 0, 0, 'a:0:{}', 20608, 0),
(234, 'MultilevelMenu', 'QSL', 'helpdesk@x-cart.com', 0, 0, 0, 0, '0.0000', 0, 457, '31.20', 'USD', '5.3', 0, 2, 1, 1418158800, 92160, 0, 'Multilevel Primary Menu', 'Qualiteam', 'This module allow admin to add advanced multilevel top menu', 'http://my.x-cart.com/sites/default/files/addons/QSL/MultilevelMenu/iconAlt.png', 'https://market.x-cart.com/addons/multilevel-primary-menu.html', '', 'a:1:{i:0;s:14:"CDev\\SimpleCMS";}', 'a:3:{i:0;s:21:"Search and Navigation";i:1;s:13:"Design tweaks";i:2;s:15:"User experience";}', 1, 0, 6, 0, 1, 0, 'a:0:{}', 20609, 0),
(235, 'Auction', 'QSL', 'helpdesk@x-cart.com', 0, 0, 0, 0, '0.0000', 0, 96, '399.20', 'USD', '5.3', 0, 0, 0, 1418158800, 575488, 0, 'Auction in X-Cart 5', 'Qualiteam', 'Turn your X-Cart store into a classic auction site with contemporary design. Create auction listings based on regular products and have full control over each listing for the entire auction duration.', 'http://my.x-cart.com/sites/default/files/addons/QSL/Auction/icon.png', 'https://market.x-cart.com/addons/auction-in-xcart-5.html', '', 'a:0:{}', 'a:1:{i:0;s:7:"Auction";}', 1, 0, 5, 0, 1, 0, 'a:0:{}', 20610, 0),
(236, 'PDFInvoice', 'QSL', 'helpdesk@x-cart.com', 0, 0, 0, 0, '0.0000', 0, 169, '79.20', 'USD', '5.3', 0, 1, 0, 1418158800, 70144, 0, 'PDF Invoice', 'Qualiteam', 'Makes PDF invoice', 'http://my.x-cart.com/sites/default/files/addons/QSL/PDFInvoice/icon.png', 'https://market.x-cart.com/addons/PDF-Invoice.html', '', 'a:0:{}', 'a:2:{i:0;s:15:"User experience";i:1;s:10:"Accounting";}', 1, 0, 4, 0, 1, 0, 'a:0:{}', 20611, 0),
(237, 'Braintree', 'QSL', 'helpdesk@x-cart.com', 0, 0, 0, 0, '0.0000', 0, 245, '0.00', 'USD', '5.3', 0, 0, 0, 1418850000, 783360, 0, 'Braintree payment gateway', 'Qualiteam', 'Braintree is a full-stack payments platform that makes it easy to accept payments in your app or website. The service replaces the traditional model of sourcing a payment gateway and merchant account from different providers.', 'http://my.x-cart.com/sites/default/files/addons/QSL/Braintree/iconAlt.png', 'https://market.x-cart.com/addons/braintree-for-xcart5.html', '', 'a:0:{}', 'a:1:{i:0;s:18:"Payment processing";}', 1, 0, 2, 0, 0, 0, 'a:0:{}', 20614, 0),
(238, 'CustomerAttachments', 'XC', 'helpdesk@x-cart.com', 0, 0, 0, 0, '0.0000', 0, 433, '0.00', 'USD', '5.3', 1, 1, 0, 1421787600, 163840, 1, 'Customer Files Uploads & Product Attachments', 'X-Cart team', 'Allow your customers to attach files to a product before purchasing so that the store administrator could download those files when processing the order', 'http://my.x-cart.com/sites/default/files/addons/XC/CustomerAttachments/icon.png', 'https://market.x-cart.com/addons/files-uploads-product-attachments.html', '', 'a:0:{}', 'a:2:{i:0;s:15:"User experience";i:1;s:18:"Catalog Management";}', 1, 0, 1, 0, 0, 2, 'a:3:{i:0;s:12:"391_Business";i:1;s:18:"20598_Multi-vendor";i:2;s:18:"536881125_Ultimate";}', 0, 0),
(239, 'Parcels', 'VIPparcel', 'vendor+VIPparcel@x-cart.com', 0, 0, 0, 0, '0.0000', 0, 0, '8.00', 'USD', '5.2', 2, 0, 0, 1432715505, 3221504, 0, 'VIPparcel', 'VIPparcel', 'VIPparcel is a service designed to help businesses like yours save on both international and domestic shipping cost by using USPS.', 'http://my.x-cart.com/sites/default/files/addons/VIPparcel/Parcels/icon.png', 'https://market.x-cart.com/addons/vipparcel.html', '', 'a:0:{}', 'a:0:{}', 1, 0, 0, 0, 0, 0, 'a:0:{}', 20693, 0),
(240, 'VariantsTableView', 'QSL', 'helpdesk@x-cart.com', 0, 0, 0, 0, '0.0000', 0, 215, '28.00', 'USD', '5.3', 1, 0, 0, 1422565200, 58880, 0, 'Variants Table View', 'Qualiteam', 'Show all possible product variants as a table on the product page to enable bulk adding to cart of different variants', 'http://my.x-cart.com/sites/default/files/addons/QSL/VariantsTableView/iconAlt.png', 'https://market.x-cart.com/addons/variants-table-view.html', '', 'a:1:{i:0;s:18:"XC\\ProductVariants";}', 'a:3:{i:0;s:21:"Search and Navigation";i:1;s:13:"Design tweaks";i:2;s:15:"User experience";}', 1, 0, 0, 0, 0, 0, 'a:0:{}', 20624, 0),
(241, 'GTS', 'CSI', 'support@cflsystems.com', 0, 0, 0, 0, '0.0000', 0, 146, '44.00', 'USD', '5.3', 0, 0, 0, 1423774800, 55296, 0, 'Google Trusted Stores Integration', 'CFL Systems, Inc.', 'Integrate your store with Google Trusted Stores.', 'http://my.x-cart.com/sites/default/files/addons/CSI/GTS/icon.png', 'https://market.x-cart.com/addons/google-trusted-stores-integration-by-cfl-systems.html', '', 'a:0:{}', 'a:2:{i:0;s:9:"Marketing";i:1;s:15:"User experience";}', 1, 0, 4, 0, 0, 0, 'a:0:{}', 21100, 0),
(242, 'MultiCurrency', 'XC', 'helpdesk@x-cart.com', 0, 0, 0, 0, '0.0000', 0, 1703, '0.00', 'USD', '5.3', 1, 0, 1, 1423039914, 286720, 1, 'Multicurrency', 'X-Cart team', 'Show product prices in multiple currencies for your customers around the world.', 'http://my.x-cart.com/sites/default/files/addons/XC/MultiCurrency/iconAlt.png', 'https://market.x-cart.com/addons/multicurrency-for-xcart5.html', '', 'a:0:{}', 'a:2:{i:0;s:15:"User experience";i:1;s:11:"Translation";}', 1, 0, 0, 0, 0, 2, 'a:3:{i:0;s:12:"391_Business";i:1;s:18:"20598_Multi-vendor";i:2;s:18:"536881125_Ultimate";}', 0, 0),
(243, 'VePlatform', 'VeInteractive', 'xcart@veinteractive.com', 0, 0, 0, 0, '0.0000', 0, 116, '0.00', 'USD', '5.2', 2, 0, 0, -10800, 1899520, 0, 'VePlatform', 'Ve Interactive LTD', 'Instantly increase your sales by adding the VePlatform''s integrated remarketing and\r\n            re-engagement apps that convert customers who abandon your site.', 'http://my.x-cart.com/sites/default/files/addons/VeInteractive/VePlatform/iconAlt.png', 'https://market.x-cart.com/addons/VePlatform.html', '', 'a:0:{}', 'a:1:{i:0;s:9:"Marketing";}', 1, 0, 0, 0, 0, 0, 'a:0:{}', 0, 0),
(244, 'Banner', 'Get4click', 'info@get4click.com', 0, 0, 0, 0, '0.0000', 0, 115, '0.00', 'USD', '5.2', 0, 0, 0, 1424206800, 16896, 0, 'Get4click', 'Get4click LLC', 'Increase your sales through Get4click. Get4click brings additional customers to your store through our partner network of selected online merchants.', 'http://my.x-cart.com/sites/default/files/addons/Get4click/Banner/iconAlt.png', 'https://market.x-cart.com/addons/Get4click.html', '', 'a:0:{}', 'a:1:{i:0;s:9:"Marketing";}', 1, 0, 0, 0, 0, 0, 'a:0:{}', 0, 0),
(245, 'ProductsMapPricing', 'CSI', 'support@cflsystems.com', 0, 0, 0, 0, '0.0000', 0, 41, '36.00', 'USD', '5.3', 0, 0, 0, 1425545788, 66048, 0, 'Products MAP Pricing', 'CFL Systems, Inc.', 'Show MAP pricing to customers to satisfy manufacturer requirements while at the same time products can be purchased at a lower price.', 'http://my.x-cart.com/sites/default/files/addons/CSI/ProductsMapPricing/icon.png', 'https://market.x-cart.com/addons/products-map-pricing-by-cfl-systems.html', '', 'a:0:{}', 'a:1:{i:0;s:15:"User experience";}', 1, 0, 0, 0, 0, 0, 'a:0:{}', 21109, 0),
(246, 'EBay', 'QSL', 'helpdesk@x-cart.com', 0, 0, 0, 0, '0.0000', 0, 1198, '0.00', 'USD', '5.3', 1, 0, 0, 1422828646, 448512, 0, 'X-Cart eBay Integration', 'Qualiteam', 'Connect your store in minutes and manage your eBay listings in seconds. One by one or in bulk, manually or automatically: send and update products, variants, images, descriptions and prices. Import orders back to X-Cart and manage them in the X-Cart admin area.', 'http://my.x-cart.com/sites/default/files/addons/QSL/EBay/iconAlt.png', 'https://market.x-cart.com/addons/ebay-integration.html', '', 'a:0:{}', 'a:3:{i:0;s:9:"Marketing";i:1;s:14:"Administration";i:2;s:11:"Fulfillment";}', 1, 0, 0, 0, 0, 0, 'a:0:{}', 0, 0),
(247, 'Beanstream', 'XC', 'helpdesk@x-cart.com', 0, 0, 0, 0, '0.0000', 0, 153, '0.00', 'USD', '5.3', 1, 0, 0, 1425243600, 51200, 0, 'Beanstream / Digital River (Hosted Payment Form)', 'X-Cart team', 'When your customers enter their card number on the payment page, they are seamlessly transferred from your website domain and are temporarily "hosted" on Beanstream''s PCI level one compliant servers. For the merchants in Canada, the UK and the USA.', 'http://my.x-cart.com/sites/default/files/addons/XC/Beanstream/iconAlt.png', 'https://market.x-cart.com/addons/beanstream.html', '', 'a:0:{}', 'a:1:{i:0;s:18:"Payment processing";}', 1, 0, 0, 0, 0, 0, 'a:0:{}', 0, 0),
(248, 'NetbanxHostedPayment', 'XC', 'helpdesk@x-cart.com', 0, 0, 0, 0, '0.0000', 0, 112, '0.00', 'USD', '5.3', 1, 0, 0, 1425243600, 61440, 0, 'Netbanx (Optimal Payments)', 'X-Cart team', 'Available in the US, Canada, UK, Europe and many other countries.Process all major credit and debit cards including Visa, MasterCard, AMEX, Discover, JCB and Carta Si. PCI compliant, with the support of 3d secure and advanced fraud-screening tools.', 'http://my.x-cart.com/sites/default/files/addons/XC/NetbanxHostedPayment/iconAlt.png', 'https://market.x-cart.com/addons/netbanx-payment-module.html', '', 'a:0:{}', 'a:1:{i:0;s:18:"Payment processing";}', 1, 0, 0, 0, 0, 0, 'a:0:{}', 0, 0),
(249, 'ExtendedSimpleCMS', 'QSL', 'qualiteam-modules@x-cart.com', 0, 0, 0, 0, '0.0000', 0, 225, '0.00', 'USD', '5.2', 4, 0, 0, 1426578510, 124928, 0, 'Extended Simple CMS', 'Qualiteam', 'This module allows you to create awesome multilevel primary and footer menus.', 'http://my.x-cart.com/sites/default/files/addons/QSL/ExtendedSimpleCMS/iconAlt.png', 'http://www.x-cart.com/extensions/addons/extended-simple-cms.html', '', 'a:1:{i:0;s:14:"CDev\\SimpleCMS";}', 'a:3:{i:0;s:15:"User experience";i:1;s:13:"Design tweaks";i:2;s:21:"Search and Navigation";}', 1, 0, 4, 0, 1, 0, 'a:0:{}', 0, 0),
(250, 'MyWishlist', 'QSL', 'helpdesk@x-cart.com', 0, 0, 0, 0, '0.0000', 0, 702, '79.20', 'USD', '5.3', 0, 7, 0, 1425544139, 177664, 0, 'My Wishlist', 'Qualiteam', 'My Wishlist allows your customer to collect the favorited products into one wishlist in which the customer can buy them, track them in the catalog and send the list to friends as desired shopping list', 'http://my.x-cart.com/sites/default/files/addons/QSL/MyWishlist/iconAlt.png', 'https://market.x-cart.com/addons/my-wishlist.html', '', 'a:0:{}', 'a:1:{i:0;s:9:"Marketing";}', 1, 0, 0, 0, 1, 0, 'a:0:{}', 20650, 0),
(251, 'Api', 'ShipStation', 'Integrations@ShipStation.com', 0, 0, 0, 0, '0.0000', 0, 312, '0.00', 'USD', '5.3', 0, 0, 0, 1426582643, 32256, 0, 'ShipStation', 'ShipStation', 'Wherever you sell, however you ship, ShipStation helps you create shipping labels easily and efficiently.', 'http://my.x-cart.com/sites/default/files/addons/ShipStation/Api/iconAlt.png', 'https://market.x-cart.com/addons/ShipStation-app-for-xcart.html', '', 'a:0:{}', 'a:1:{i:0;s:8:"Shipping";}', 1, 0, 0, 0, 0, 0, 'a:0:{}', 0, 0),
(252, 'SeventyOnePounds', 'AutomatedShippingRefunds71LBS', 'support@71lbs.com', 0, 0, 0, 0, '0.0000', 0, 134, '0.00', 'USD', '5.3', 0, 0, 0, 1426540577, 21504, 0, '71Lbs Automated Shipping Refunds', '71 LBS', '71Lbs audits FedEx & UPS shipping accounts and automatically claims refunds for any\n                late deliveries - even by 60 seconds. It is a "Set it & Forget it" system.', 'http://my.x-cart.com/sites/default/files/addons/AutomatedShippingRefunds71LBS/SeventyOnePounds/iconAlt.png', 'https://market.x-cart.com/addons/71Lbs.html', '', 'a:0:{}', 'a:1:{i:0;s:8:"Shipping";}', 1, 0, 0, 0, 0, 0, 'a:0:{}', 0, 0),
(253, 'Arabic', 'XcartLanguagePacks', 'support@xcart-language-packs.com', 0, 0, 0, 0, '0.0000', 0, 25, '47.99', 'USD', '5.2', 1, 0, 0, 1427925357, 471040, 0, 'Translation: Arabic', 'Xcart Language Packs', 'Translates your shop interface to Arabic language. Includes the translation of both the Storefront and Administrator zone.', 'http://my.x-cart.com/sites/default/files/addons/XcartLanguagePacks/Arabic/icon.png', 'https://market.x-cart.com/addons/translation-arabic.html', '', 'a:0:{}', 'a:1:{i:0;s:11:"Translation";}', 1, 0, 0, 0, 0, 0, 'a:0:{}', 20656, 0),
(254, 'Urdu', 'XcartLanguagePacks', 'support@xcart-language-packs.com', 0, 0, 0, 0, '0.0000', 0, 1, '47.99', 'USD', '5.2', 1, 0, 0, 1427926166, 498176, 0, 'Translation: Urdu', 'Xcart Language Packs', 'Translate your X-Cart store interface to Urdu with this module. Both the Customer Storefront and the Administrator Area are covered.', 'http://my.x-cart.com/sites/default/files/addons/XcartLanguagePacks/Urdu/icon.png', 'https://market.x-cart.com/addons/translation-urdu.html', '', 'a:0:{}', 'a:1:{i:0;s:11:"Translation";}', 1, 0, 0, 0, 0, 0, 'a:0:{}', 20683, 0),
(255, 'Turkish', 'XcartLanguagePacks', 'support@xcart-language-packs.com', 0, 0, 0, 0, '0.0000', 0, 13, '47.99', 'USD', '5.2', 1, 0, 0, 1427926142, 415744, 0, 'Translation: Turkish', 'Xcart Language Packs', 'Use this language pack to translate your X-Cart online store (both Admin Area and Storefront) to Turkish.', 'http://my.x-cart.com/sites/default/files/addons/XcartLanguagePacks/Turkish/icon.png', 'https://market.x-cart.com/addons/translation-turkish.html', '', 'a:0:{}', 'a:1:{i:0;s:11:"Translation";}', 1, 0, 0, 0, 0, 0, 'a:0:{}', 20682, 0),
(256, 'Thai', 'XcartLanguagePacks', 'support@xcart-language-packs.com', 0, 0, 0, 0, '0.0000', 0, 1, '47.99', 'USD', '5.2', 1, 0, 0, 1427926124, 579072, 0, 'Translation: Thai', 'Xcart Language Packs', 'Translate your X-Cart shop Customer and Administrator Zones interface into the Thai language with the help of this module.', 'http://my.x-cart.com/sites/default/files/addons/XcartLanguagePacks/Thai/icon.png', 'https://market.x-cart.com/addons/translation-thai.html', '', 'a:0:{}', 'a:1:{i:0;s:11:"Translation";}', 1, 0, 0, 0, 0, 0, 'a:0:{}', 20681, 0),
(257, 'Swedish', 'XcartLanguagePacks', 'support@xcart-language-packs.com', 0, 0, 0, 0, '0.0000', 0, 2, '47.99', 'USD', '5.2', 1, 0, 0, 1427926099, 412672, 0, 'Translation: Swedish', 'Xcart Language Packs', 'This language pack translates your shop interface to Swedish. Both the customer area and the admin interface are translated.', 'http://my.x-cart.com/sites/default/files/addons/XcartLanguagePacks/Swedish/icon.png', 'https://market.x-cart.com/addons/translation-swedish.html', '', 'a:0:{}', 'a:1:{i:0;s:11:"Translation";}', 1, 0, 0, 0, 0, 0, 'a:0:{}', 20680, 0),
(258, 'Romanian', 'XcartLanguagePacks', 'support@xcart-language-packs.com', 0, 0, 0, 0, '0.0000', 0, 4, '47.99', 'USD', '5.2', 1, 0, 0, 1427926043, 423936, 0, 'Translation: Romanian', 'Xcart Language Packs', 'This language pack translates your store to Romanian. Includes both the Customer and Administrator area translation.', 'http://my.x-cart.com/sites/default/files/addons/XcartLanguagePacks/Romanian/icon.png', 'https://market.x-cart.com/addons/translation-romanian.html', '', 'a:0:{}', 'a:1:{i:0;s:11:"Translation";}', 1, 0, 0, 0, 0, 0, 'a:0:{}', 20679, 0),
(259, 'Portuguese', 'XcartLanguagePacks', 'support@xcart-language-packs.com', 0, 0, 0, 0, '0.0000', 0, 1, '47.99', 'USD', '5.2', 1, 0, 0, 1427926018, 424960, 0, 'Translation: Portuguese', 'Xcart Language Packs', 'The module translates your shop interface to the Portuguese language. It includes the translation of both the Customer front-end and Administrator back-end.', 'http://my.x-cart.com/sites/default/files/addons/XcartLanguagePacks/Portuguese/icon.png', 'https://market.x-cart.com/addons/translation-portuguese.html', '', 'a:0:{}', 'a:1:{i:0;s:11:"Translation";}', 1, 0, 0, 0, 0, 0, 'a:0:{}', 20678, 0),
(260, 'Polish', 'XcartLanguagePacks', 'support@xcart-language-packs.com', 0, 0, 0, 0, '0.0000', 0, 1, '47.99', 'USD', '5.2', 1, 0, 0, 1427925995, 415744, 0, 'Translation: Polish', 'Xcart Language Packs', 'Translate your shop interface to Polish with this module, which contains the translation for both the Front-end and Administrator area.', 'http://my.x-cart.com/sites/default/files/addons/XcartLanguagePacks/Polish/icon.png', 'https://market.x-cart.com/addons/translation-polish.html', '', 'a:0:{}', 'a:1:{i:0;s:11:"Translation";}', 1, 0, 0, 0, 0, 0, 'a:0:{}', 20677, 0),
(261, 'Persian', 'XcartLanguagePacks', 'support@xcart-language-packs.com', 0, 0, 0, 0, '0.0000', 0, 0, '47.99', 'USD', '5.2', 1, 0, 0, 1427925977, 481792, 0, 'Translation: Persian', 'Xcart Language Packs', 'Use this language pack to translate your X-Cart based store to Persian. Translation of both interfaces, the Customer Storefront and the Administrator Backend, are included in the module.', 'http://my.x-cart.com/sites/default/files/addons/XcartLanguagePacks/Persian/icon.png', 'https://market.x-cart.com/addons/translation-persian.html', '', 'a:0:{}', 'a:1:{i:0;s:11:"Translation";}', 1, 0, 0, 0, 0, 0, 'a:0:{}', 20676, 0),
(262, 'Norwegian', 'XcartLanguagePacks', 'support@xcart-language-packs.com', 0, 0, 0, 0, '0.0000', 0, 0, '47.99', 'USD', '5.2', 1, 0, 0, 1427925947, 407040, 0, 'Translation: Norwegian', 'Xcart Language Packs', 'The module translates your shop interface to the Norwegian language. It includes the translation of both the Customer Storefront and the Administrator Zone.', 'http://my.x-cart.com/sites/default/files/addons/XcartLanguagePacks/Norwegian/icon.png', 'https://market.x-cart.com/addons/translation-norwegian.html', '', 'a:0:{}', 'a:1:{i:0;s:11:"Translation";}', 1, 0, 0, 0, 0, 0, 'a:0:{}', 20675, 0),
(263, 'Malay', 'XcartLanguagePacks', 'support@xcart-language-packs.com', 0, 0, 0, 0, '0.0000', 0, 1, '47.99', 'USD', '5.2', 1, 0, 0, 1427925923, 418816, 0, 'Translation: Malay', 'Xcart Language Packs', 'The module translates your shop interface to Malay. It includes text entities for both the Customer Storefront and the Administrator Backend.', 'http://my.x-cart.com/sites/default/files/addons/XcartLanguagePacks/Malay/icon.png', 'https://market.x-cart.com/addons/translation-malay.html', '', 'a:0:{}', 'a:1:{i:0;s:11:"Translation";}', 1, 0, 0, 0, 0, 0, 'a:0:{}', 20674, 0),
(264, 'Korean', 'XcartLanguagePacks', 'support@xcart-language-packs.com', 0, 0, 0, 0, '0.0000', 0, 1, '47.99', 'USD', '5.2', 1, 0, 0, 1427925901, 430592, 0, 'Translation: Korean', 'Xcart Language Packs', 'Your X-Cart shop interface will be translated to Korean by this module. Both the customer area and the admin zone are modified.', 'http://my.x-cart.com/sites/default/files/addons/XcartLanguagePacks/Korean/icon.png', 'https://market.x-cart.com/addons/translation-korean.html', '', 'a:0:{}', 'a:1:{i:0;s:11:"Translation";}', 1, 0, 0, 0, 0, 0, 'a:0:{}', 20673, 0),
(265, 'Japanese', 'XcartLanguagePacks', 'support@xcart-language-packs.com', 0, 0, 0, 0, '0.0000', 0, 18, '47.99', 'USD', '5.2', 1, 0, 0, 1427925877, 453632, 0, 'Translation: Japanese', 'Xcart Language Packs', 'This language pack will translate your X-Cart store interface to Japanese. Both the Customer Storefront and the Administrator Backend are converted.', 'http://my.x-cart.com/sites/default/files/addons/XcartLanguagePacks/Japanese/icon.png', 'https://market.x-cart.com/addons/translation-japanese.html', '', 'a:0:{}', 'a:1:{i:0;s:11:"Translation";}', 1, 0, 0, 0, 0, 0, 'a:0:{}', 20672, 0),
(266, 'Italian', 'XcartLanguagePacks', 'support@xcart-language-packs.com', 0, 0, 0, 0, '0.0000', 0, 17, '47.99', 'USD', '5.2', 1, 0, 0, 1427925848, 424448, 0, 'Translation: Italian', 'Xcart Language Packs', 'Use this module to translate your online store (both Admin interface and Storefront) to the Italian language.', 'http://my.x-cart.com/sites/default/files/addons/XcartLanguagePacks/Italian/icon.png', 'https://market.x-cart.com/addons/translation-italian.html', '', 'a:0:{}', 'a:1:{i:0;s:11:"Translation";}', 1, 0, 0, 0, 0, 0, 'a:0:{}', 20671, 0),
(267, 'Indonesian', 'XcartLanguagePacks', 'support@xcart-language-packs.com', 0, 0, 0, 0, '0.0000', 0, 2, '47.99', 'USD', '5.2', 1, 0, 0, 1427925824, 411136, 0, 'Translation: Indonesian', 'Xcart Language Packs', 'This language module translates your X-Cart shop interface to Indonesian. The package includes translation of both the Storefront and the Administrator Area.', 'http://my.x-cart.com/sites/default/files/addons/XcartLanguagePacks/Indonesian/icon.png', 'https://market.x-cart.com/addons/translation-indonesian.html', '', 'a:0:{}', 'a:1:{i:0;s:11:"Translation";}', 1, 0, 0, 0, 0, 0, 'a:0:{}', 20670, 0),
(268, 'Icelandic', 'XcartLanguagePacks', 'support@xcart-language-packs.com', 0, 0, 0, 0, '0.0000', 0, 0, '47.99', 'USD', '5.2', 1, 0, 0, 1427925798, 416768, 0, 'Translation: Icelandic', 'Xcart Language Packs', 'Translate your shop interface to Icelandic with this module, which contains the translation for both the Front-end and the Administrator area.', 'http://my.x-cart.com/sites/default/files/addons/XcartLanguagePacks/Icelandic/icon.png', 'https://market.x-cart.com/addons/translation-icelandic.html', '', 'a:0:{}', 'a:1:{i:0;s:11:"Translation";}', 1, 0, 0, 0, 0, 0, 'a:0:{}', 20669, 0),
(269, 'Hungarian', 'XcartLanguagePacks', 'support@xcart-language-packs.com', 0, 0, 0, 0, '0.0000', 0, 0, '47.99', 'USD', '5.2', 1, 0, 0, 1427925766, 420352, 0, 'Translation: Hungarian', 'Xcart Language Packs', 'Translate your X-Cart Customer and Administrator Interface to Hungarian with this pack.', 'http://my.x-cart.com/sites/default/files/addons/XcartLanguagePacks/Hungarian/icon.png', 'https://market.x-cart.com/addons/translation-hungarian.html', '', 'a:0:{}', 'a:1:{i:0;s:11:"Translation";}', 1, 0, 0, 0, 0, 0, 'a:0:{}', 20668, 0),
(270, 'Hindi', 'XcartLanguagePacks', 'support@xcart-language-packs.com', 0, 0, 0, 0, '0.0000', 0, 1, '47.99', 'USD', '5.2', 1, 0, 0, 1427925722, 584704, 0, 'Translation: Hindi', 'Xcart Language Packs', 'This language pack translates your X-Cart online store to Hindi. Both the customer area and the admin interface are translated.', 'http://my.x-cart.com/sites/default/files/addons/XcartLanguagePacks/Hindi/icon.png', 'https://market.x-cart.com/addons/translation-hindi.html', '', 'a:0:{}', 'a:1:{i:0;s:11:"Translation";}', 1, 0, 0, 0, 0, 0, 'a:0:{}', 20667, 0),
(271, 'Hebrew', 'XcartLanguagePacks', 'support@xcart-language-packs.com', 0, 0, 0, 0, '0.0000', 0, 1, '47.99', 'USD', '5.2', 1, 0, 0, 1427925693, 443904, 0, 'Translation: Hebrew', 'Xcart Language Packs', 'Translates your X-Cart based store to Hebrew. It includes the translation of both the Customer and Administrator interfaces.', 'http://my.x-cart.com/sites/default/files/addons/XcartLanguagePacks/Hebrew/icon.png', 'https://market.x-cart.com/addons/translation-hebrew.html', '', 'a:0:{}', 'a:1:{i:0;s:11:"Translation";}', 1, 0, 0, 0, 0, 0, 'a:0:{}', 20666, 0),
(272, 'Greek', 'XcartLanguagePacks', 'support@xcart-language-packs.com', 0, 0, 0, 0, '0.0000', 0, 2, '47.99', 'USD', '5.2', 1, 0, 0, 1427922000, 542720, 0, 'Translation: Greek', 'Xcart Language Packs', 'Translates your shop interface to the Greek language. The pack translates both the Customer front-end and Administrator area.', 'http://my.x-cart.com/sites/default/files/addons/XcartLanguagePacks/Greek/icon.png', 'https://market.x-cart.com/addons/translation-greek.html', '', 'a:0:{}', 'a:1:{i:0;s:11:"Translation";}', 1, 0, 0, 0, 0, 0, 'a:0:{}', 20665, 0),
(273, 'German', 'XcartLanguagePacks', 'support@xcart-language-packs.com', 0, 0, 0, 0, '0.0000', 0, 9, '47.99', 'USD', '5.2', 1, 0, 0, 1427922000, 422400, 0, 'Translation: German', 'Xcart Language Packs', 'Translates your shop interface to German. Includes the translation of both the Storefront and Administrator back-end.', 'http://my.x-cart.com/sites/default/files/addons/XcartLanguagePacks/German/icon.png', 'https://market.x-cart.com/addons/translation-german.html', '', 'a:0:{}', 'a:1:{i:0;s:11:"Translation";}', 1, 0, 0, 0, 0, 0, 'a:0:{}', 20664, 0),
(274, 'French', 'XcartLanguagePacks', 'support@xcart-language-packs.com', 0, 0, 0, 0, '0.0000', 0, 13, '47.99', 'USD', '5.2', 1, 0, 0, 1427922000, 432640, 0, 'Translation: French', 'Xcart Language Packs', 'The module translates your shop interface to French. It includes the translation for both the Customer front-end and Administrator back-end.', 'http://my.x-cart.com/sites/default/files/addons/XcartLanguagePacks/French/icon.png', 'https://market.x-cart.com/addons/translation-french.html', '', 'a:0:{}', 'a:1:{i:0;s:11:"Translation";}', 1, 0, 0, 0, 0, 0, 'a:0:{}', 20663, 0),
(275, 'Finnish', 'XcartLanguagePacks', 'support@xcart-language-packs.com', 0, 0, 0, 0, '0.0000', 0, 4, '47.99', 'USD', '5.2', 1, 0, 0, 1427925626, 407552, 0, 'Translation: Finnish', 'Xcart Language Packs', 'Translates your X-Cart store interface to Finnish. Both the Customer front-end and Administrator back-end are covered.', 'http://my.x-cart.com/sites/default/files/addons/XcartLanguagePacks/Finnish/icon.png', 'https://market.x-cart.com/addons/translation-finnish.html', '', 'a:0:{}', 'a:1:{i:0;s:11:"Translation";}', 1, 0, 0, 0, 0, 0, 'a:0:{}', 20662, 0),
(276, 'Danish', 'XcartLanguagePacks', 'support@xcart-language-packs.com', 0, 0, 0, 0, '0.0000', 0, 10, '47.99', 'USD', '5.2', 1, 0, 0, 1427925523, 410112, 0, 'Translation: Danish', 'Xcart Language Packs', 'The module translates your X-Cart store interface to Danish. The package includes both the Customer and Administrator areas translation.', 'http://my.x-cart.com/sites/default/files/addons/XcartLanguagePacks/Danish/icon.png', 'https://market.x-cart.com/addons/translation-danish.html', '', 'a:0:{}', 'a:1:{i:0;s:11:"Translation";}', 1, 0, 0, 0, 0, 0, 'a:0:{}', 20660, 0),
(277, 'Czech', 'XcartLanguagePacks', 'support@xcart-language-packs.com', 0, 0, 0, 0, '0.0000', 0, 0, '47.99', 'USD', '5.2', 1, 0, 0, 1427925493, 416768, 0, 'Translation: Czech', 'Xcart Language Packs', 'Translates your shop interface to Czech. Includes translation for both the Customer front-end and the Administrator back-end', 'http://my.x-cart.com/sites/default/files/addons/XcartLanguagePacks/Czech/icon.png', 'https://market.x-cart.com/addons/translation-czech.html', '', 'a:0:{}', 'a:1:{i:0;s:11:"Translation";}', 1, 0, 0, 0, 0, 0, 'a:0:{}', 20659, 0),
(278, 'Bulgarian', 'XcartLanguagePacks', 'support@xcart-language-packs.com', 0, 0, 0, 0, '0.0000', 0, 2, '47.99', 'USD', '5.2', 1, 0, 0, 1427925392, 509440, 0, 'Translation: Bulgarian', 'Xcart Language Packs', 'Translate your X-Cart interface to the Bulgarian language. The package includes the translation for both the Storefront and the Administrator zone.', 'http://my.x-cart.com/sites/default/files/addons/XcartLanguagePacks/Bulgarian/icon.png', 'https://market.x-cart.com/addons/translation-bulgarian.html', '', 'a:0:{}', 'a:1:{i:0;s:11:"Translation";}', 1, 0, 0, 0, 0, 0, 'a:0:{}', 20658, 0),
(279, 'Bengali', 'XcartLanguagePacks', 'support@xcart-language-packs.com', 0, 0, 0, 0, '0.0000', 0, 0, '47.99', 'USD', '5.2', 1, 0, 0, 1427922000, 580096, 0, 'Translation: Bengali', 'Xcart Language Packs', 'Translate your X-Cart shop interface to Bengali with this module. It contains the translation for both the Storefront and the Administrator Zone', 'http://my.x-cart.com/sites/default/files/addons/XcartLanguagePacks/Bengali/icon.png', 'https://market.x-cart.com/addons/translation-bengali.html', '', 'a:0:{}', 'a:1:{i:0;s:11:"Translation";}', 1, 0, 0, 0, 0, 0, 'a:0:{}', 20657, 0),
(280, 'Spanish', 'XcartLanguagePacks', 'support@xcart-language-packs.com', 0, 0, 0, 0, '0.0000', 0, 31, '47.99', 'USD', '5.2', 1, 0, 0, 1427926074, 430080, 0, 'Translation: Spanish', 'Xcart Language Packs', 'Translate your X-Cart based online store to Spanish. The package includes the translation for both the Customer front-end and Administrator back-end.', 'http://my.x-cart.com/sites/default/files/addons/XcartLanguagePacks/Spanish/icon.png', 'https://market.x-cart.com/addons/translation-spanish.html', '', 'a:0:{}', 'a:1:{i:0;s:11:"Translation";}', 1, 0, 0, 0, 0, 0, 'a:0:{}', 20651, 0),
(281, 'Dutch', 'XcartLanguagePacks', 'support@xcart-language-packs.com', 0, 0, 0, 0, '0.0000', 0, 0, '47.99', 'USD', '5.2', 1, 0, 0, 1427835600, 416256, 0, 'Translation: Dutch', 'Xcart Language Packs', 'This module translates your shop interface (Admin and Customer area) to Dutch.', 'http://my.x-cart.com/sites/default/files/addons/XcartLanguagePacks/Dutch/icon.png', 'https://market.x-cart.com/addons/translation-dutch.html', '', 'a:0:{}', 'a:1:{i:0;s:11:"Translation";}', 1, 0, 11, 0, 0, 0, 'a:0:{}', 20661, 0),
(282, 'Sitemap', 'XC', 'helpdesk@x-cart.com', 0, 0, 0, 0, '0.0000', 0, 2002, '0.00', 'USD', '5.3', 1, 0, 0, 1427144400, 61440, 1, 'Site Map', 'X-Cart team', 'Enable a sitemap on your site for easier customers'' navigation.The sitemap can include categories and static pages.', 'http://my.x-cart.com/sites/default/files/addons/XC/Sitemap/iconAlt.png', 'https://market.x-cart.com/addons/site_map.html', '', 'a:0:{}', 'a:2:{i:0;s:15:"User experience";i:1;s:21:"Search and Navigation";}', 1, 0, 0, 0, 0, 2, 'a:3:{i:0;s:12:"391_Business";i:1;s:18:"20598_Multi-vendor";i:2;s:18:"536881125_Ultimate";}', 0, 0),
(283, 'Curtains_n_Blinds', 'QSL', 'helpdesk@x-cart.com', 0, 0, 0, 0, '0.0000', 0, 80, '79.20', 'USD', '5.3', 0, 0, 1, 1427749200, 1064448, 0, 'Curtains &amp; Blinds', 'Qualiteam', 'The "Curtains & Blinds" X-Cart Design Template (#44). This template is good for the following themes: Interior & Furniture, Accessories, Books, Clothing, Fashion', 'http://my.x-cart.com/sites/default/files/addons/QSL/Curtains_n_Blinds/icon.png', 'https://market.x-cart.com/xcart-templates/curtains-n-blinds.html', '', 'a:0:{}', 'a:1:{i:0;s:9:"Templates";}', 1, 0, 0, 0, 1, 0, 'a:0:{}', 20655, 0),
(284, 'Bulk_Order', 'Ship200', 'support@ship200.com', 0, 0, 0, 0, '0.0000', 0, 38, '0.00', 'USD', '5.2', 2, 0, 0, 1442782800, 31744, 0, 'Ship200 Bulk Order', 'Ship200', 'This addon will integrate all shipping carriers: UPS, Fedex, USPS (Stamps.com and Endicia.com) into your backend/admin. It will connect your store to Ship200, and add the ability to download orders to Ship200 for creating shipping labels in bulk.', 'http://my.x-cart.com/sites/default/files/addons/Ship200/Bulk_Order/iconAlt.png', 'https://market.x-cart.com/addons/Ship200_Bulk_Order.html', '', 'a:0:{}', 'a:1:{i:0;s:8:"Shipping";}', 1, 0, 0, 0, 0, 0, 'a:0:{}', 0, 0),
(285, 'Onebyone', 'Ship200', 'support@ship200.com', 0, 0, 0, 0, '0.0000', 0, 56, '0.00', 'USD', '5.2', 2, 0, 0, 1442866735, 37888, 0, 'Ship200 OneByOne', 'Ship200', 'This addon will integrate all shipping carriers: UPS, Fedex, USPS (Stamps.com and Endicia.com) into your backed/admin. It will add "Create Shipping Label" and "Make Return Label" to order detail page.', 'http://my.x-cart.com/sites/default/files/addons/Ship200/Onebyone/iconAlt.png', 'https://market.x-cart.com/addons/Ship200_OneByOne.html', '', 'a:0:{}', 'a:1:{i:0;s:8:"Shipping";}', 1, 0, 0, 0, 0, 0, 'a:0:{}', 0, 0),
(286, 'Testimonial', 'PerceptionSystemPvtLtd', 'xcart@perceptionsystem.com', 0, 0, 0, 0, '0.0000', 0, 66, '23.99', 'USD', '5.3', 2, 0, 0, 1429563600, 713728, 0, 'Video and Content Testimonial', 'Perception System Pvt. Ltd.', 'Testimonial Module is a reliable and full-featured module that enables your clients to share their views about your products/services. This module supports text as well as video testimonials through which you can convince your visitors to become your customers.', 'http://my.x-cart.com/sites/default/files/addons/PerceptionSystemPvtLtd/Testimonial/icon.png', 'https://market.x-cart.com/addons/testimonial-module-by-perception-system.html', '', 'a:0:{}', 'a:2:{i:0;s:9:"Marketing";i:1;s:15:"User experience";}', 1, 0, 0, 0, 0, 0, 'a:0:{}', 20686, 0);
INSERT INTO `xc_modules` (`moduleID`, `name`, `author`, `authorEmail`, `enabled`, `installed`, `yamlLoaded`, `date`, `rating`, `votes`, `downloads`, `price`, `currency`, `majorVersion`, `minorVersion`, `build`, `minorRequiredCoreVersion`, `revisionDate`, `packSize`, `xcnPlan`, `moduleName`, `authorName`, `description`, `iconURL`, `pageURL`, `authorPageURL`, `dependencies`, `tags`, `fromMarketplace`, `isLanding`, `landingPosition`, `isSystem`, `hasLicense`, `editionState`, `editions`, `xbProductId`, `isSkin`) VALUES
(287, 'LinkedinGroupFeed', 'Webkulsoftware', 'prakash.sahu@webkul.com', 0, 0, 0, 0, '0.0000', 0, 0, '29.00', 'USD', '5.2', 0, 0, 0, 1430082000, 123392, 0, 'Linkedin Group Feed', 'Webkul Software Pvt. Ltd.', 'This is the best Linkedin group feed Plugin in Xcart. This brilliant module show your Linkedin group post in awesome manner. Xcart Linkedin Group Feed loads all your Linkedin group feed automatically by provide some required information.', 'http://my.x-cart.com/sites/default/files/addons/Webkulsoftware/LinkedinGroupFeed/iconAlt.png', 'https://market.x-cart.com/addons/Linkedin-Group-Feed-by-webkulsoftware.html', '', 'a:0:{}', 'a:2:{i:0;s:9:"Marketing";i:1;s:15:"User experience";}', 1, 0, 0, 0, 0, 0, 'a:0:{}', 20687, 0),
(288, 'AuctionInc', 'XC', 'helpdesk@x-cart.com', 0, 0, 0, 0, '0.0000', 0, 3885, '0.00', 'USD', '5.3', 1, 2, 0, 1430082000, 327680, 0, 'AuctionInc ShippingCalc', 'X-Cart team', 'Provide your customers with accurate "real-time" comparative domestic or international shipping rates from\nyour choice of services from Fedex, UPS, USPS and DHL. No carrier accounts required. Full support for your\nitem dimensions and dimensional rates. Shipping origins from any country supported. A host of advanced\nfeatures include: shipping promotions, bundled handling fees, drop-shipping from multiple origins, and a\npackaging engine that accurately predicts appropriate packaging for multiple items and quantities. Free\nmonth-long trial, then subscription to AuctionInc required.', 'http://my.x-cart.com/sites/default/files/addons/XC/AuctionInc/icon.png', 'https://market.x-cart.com/addons/shipping-calc-by-auction-inc.html', '', 'a:0:{}', 'a:3:{i:0;s:14:"Administration";i:1;s:11:"Fulfillment";i:2;s:8:"Shipping";}', 1, 0, 5, 0, 0, 0, 'a:0:{}', 0, 0),
(289, 'HiddenProducts', 'CSI', 'support@cflsystems.com', 0, 0, 0, 0, '0.0000', 0, 54, '32.00', 'USD', '5.3', 0, 0, 0, 1430344006, 58368, 0, 'Hidden Products', 'CFL Systems, Inc.', 'This module adds ''Hidden but available for sale'' functionality for products.', 'http://my.x-cart.com/sites/default/files/addons/CSI/HiddenProducts/icon.png', 'https://market.x-cart.com/addons/hidden-products-by-cfl-systems.html', '', 'a:0:{}', 'a:3:{i:0;s:9:"Marketing";i:1;s:15:"User experience";i:2;s:18:"Catalog Management";}', 1, 0, 0, 0, 0, 0, 'a:0:{}', 21103, 0),
(290, 'MinimumOrderFee', 'CSI', 'support@cflsystems.com', 0, 0, 0, 0, '0.0000', 0, 10, '36.00', 'USD', '5.3', 0, 0, 0, 1431035360, 61952, 0, 'Minimum Order Fee', 'CFL Systems, Inc.', 'The Minimum Order Fee module allows admin to set minimum purchase on orders and charge a fee if this limit is not reached. The fee can be set as percentage of the order subtotal or fixed amount and can be restricted to certain memberships only.', 'http://my.x-cart.com/sites/default/files/addons/CSI/MinimumOrderFee/icon.png', 'https://market.x-cart.com/addons/minimum-order-fee-by-cfl-systems.html', '', 'a:0:{}', 'a:1:{i:0;s:15:"User experience";}', 1, 0, 0, 0, 0, 0, 'a:0:{}', 21105, 0),
(291, 'Dresscode', 'QSL', 'helpdesk@x-cart.com', 0, 0, 0, 0, '0.0000', 0, 28, '79.20', 'USD', '5.3', 0, 0, 1, 1434229200, 601088, 0, 'DressCode with Xmas', 'Qualiteam', 'The "DressCode with Xmas" X-Cart Design Template (#27). This template is good for the following themes: Accessories, Clothing, Jewelry, Watches, Wedding', 'http://my.x-cart.com/sites/default/files/addons/QSL/Dresscode/icon.png', 'https://market.x-cart.com/xcart-templates/dresscode.html', '', 'a:0:{}', 'a:1:{i:0;s:9:"Templates";}', 1, 0, 0, 0, 1, 0, 'a:0:{}', 453, 0),
(292, 'OrderPrefixSuffix', 'CSI', 'support@cflsystems.com', 0, 0, 0, 0, '0.0000', 0, 25, '36.00', 'USD', '5.3', 0, 0, 0, 1431985877, 37888, 0, 'Order Prefix/Suffix', 'CFL Systems, Inc.', 'Add Prefix and/or Suffix to store''s orders numbers.', 'http://my.x-cart.com/sites/default/files/addons/CSI/OrderPrefixSuffix/icon.png', 'https://market.x-cart.com/addons/order-prefix-suffix-by-cfl-systems.html', '', 'a:0:{}', 'a:3:{i:0;s:15:"User experience";i:1;s:11:"Fulfillment";i:2;s:10:"Accounting";}', 1, 0, 0, 0, 0, 0, 'a:0:{}', 21106, 0),
(293, 'Chinese', 'XcartLanguagePacks', 'support@xcart-language-packs.com', 0, 0, 0, 0, '0.0000', 0, 16, '47.99', 'USD', '5.2', 0, 0, 0, 1432242000, 348672, 0, 'Translation: Chinese', 'Xcart Language Packs', 'Translates your shop interface to Chinese. Includes translation for both the Customer front-end and Administrator back-end.\r\nWarning! Installing this module will overwrite any existing label translations for this language.\r\n', 'http://my.x-cart.com/sites/default/files/addons/XcartLanguagePacks/Chinese/icon.png', 'https://market.x-cart.com/addons/translation-chinese-alternative.html', '', 'a:0:{}', 'a:1:{i:0;s:11:"Translation";}', 1, 0, 12, 0, 0, 0, 'a:0:{}', 20691, 0),
(294, 'FreshModernFlatTheme', 'PerceptionSystemPvtLtd', 'xcart@perceptionsystem.com', 0, 0, 0, 0, '0.0000', 0, 5, '39.20', 'USD', '5.2', 1, 0, 5, 1432501200, 4828160, 0, 'Fresh Modern Flat Theme', 'Perception System Pvt. Ltd.', 'Fresh Modern Flat is a unique and colorful theme that enables to make your store better among other eCommerce stores available on the web.', 'http://my.x-cart.com/sites/default/files/addons/PerceptionSystemPvtLtd/FreshModernFlatTheme/icon.png', 'https://market.x-cart.com/addons/Fresh-Modern-Flat-Theme.html', '', 'a:0:{}', 'a:1:{i:0;s:9:"Templates";}', 1, 0, 0, 0, 0, 0, 'a:0:{}', 20692, 0),
(295, 'Coinzone', 'Coinzone', 'redcarpet@coinzone.com', 0, 0, 0, 0, '0.0000', 0, 0, '0.00', 'USD', '5.1', 10, 0, 0, 1432674000, 29696, 0, 'Coinzone', 'Coinzone B.V.', 'Bitcoin Payments powered by Coinzone', 'http://my.x-cart.com/sites/default/files/addons/Coinzone/Coinzone/iconAlt.png', 'https://market.x-cart.com/addons/Bitcoin-Payments-by-Coinzone.html', '', 'a:0:{}', 'a:1:{i:0;s:18:"Payment processing";}', 1, 0, 0, 0, 0, 0, 'a:0:{}', 0, 0),
(296, 'EBSIndia', 'XC', 'helpdesk@x-cart.com', 0, 0, 0, 0, '0.0000', 0, 99, '0.00', 'USD', '5.3', 1, 0, 0, 1433106000, 92160, 0, 'EBS India', 'X-Cart team', 'Accept Visa, MasterCard, Maestro, AMEX, JCB, Diners. Offer international payments and multi-currency services. Payment processing provider in India with PCI DSS Level 1 since 2010.', 'http://my.x-cart.com/sites/default/files/addons/XC/EBSIndia/iconAlt.png', 'https://market.x-cart.com/addons/ebs-india-payment-method.html', '', 'a:0:{}', 'a:1:{i:0;s:18:"Payment processing";}', 1, 0, 0, 0, 0, 0, 'a:0:{}', 0, 0),
(297, 'PoliPayment', 'XC', 'helpdesk@x-cart.com', 0, 0, 0, 0, '0.0000', 0, 161, '0.00', 'USD', '5.3', 1, 0, 0, 1433106000, 51200, 0, 'Poli Payment', 'X-Cart team', 'Easy payments. POLi enables your customers to pay via their internet banking. Our software populates the payment details and tells you as soon as the payment is complete.', 'http://my.x-cart.com/sites/default/files/addons/XC/PoliPayment/iconAlt.png', 'https://market.x-cart.com/addons/poli-payment-method.html', '', 'a:0:{}', 'a:1:{i:0;s:18:"Payment processing";}', 1, 0, 0, 0, 0, 0, 'a:0:{}', 0, 0),
(298, 'SofortBanking', 'XC', 'helpdesk@x-cart.com', 0, 0, 0, 0, '0.0000', 0, 113, '0.00', 'USD', '5.3', 1, 0, 0, 1433106000, 174080, 0, 'SOFORT Banking', 'X-Cart team', 'Enables receiving payments for your online store via SOFORT Banking payment system.', 'http://my.x-cart.com/sites/default/files/addons/XC/SofortBanking/iconAlt.png', 'https://market.x-cart.com/addons/sofort-banking.html', '', 'a:0:{}', 'a:1:{i:0;s:18:"Payment processing";}', 1, 0, 0, 0, 0, 0, 'a:0:{}', 0, 0),
(299, 'Booking', 'QSL', 'helpdesk@x-cart.com', 0, 0, 0, 0, '0.0000', 0, 32, '396.00', 'USD', '5.2', 3, 0, 0, 1433970000, 265728, 0, 'Booking', 'Qualiteam', 'Allows your customers to book, rent or make reservations.', 'http://my.x-cart.com/sites/default/files/addons/QSL/Booking/icon.png', 'https://market.x-cart.com/addons/booking.html', '', 'a:0:{}', 'a:1:{i:0;s:7:"Booking";}', 1, 0, 1, 0, 0, 0, 'a:0:{}', 20698, 0),
(300, 'AvaTax', 'XC', 'helpdesk@x-cart.com', 0, 0, 0, 0, '0.0000', 0, 315, '0.00', 'USD', '5.3', 1, 1, 0, 1433797200, 133120, 0, 'AvaTax Sales Tax Automation', 'X-Cart team', 'The fastest, easiest, most accurate and affordable way to calculate sales tax, manage tax exemptions and file returns. Avalara determines the tax rates automatically based on 100,000+ taxability rules in 11,000+ taxing jurisdictions.', 'http://my.x-cart.com/sites/default/files/addons/XC/AvaTax/icon.png', 'https://market.x-cart.com/addons/avatax-sales-tax-automation.html', '', 'a:0:{}', 'a:1:{i:0;s:5:"Taxes";}', 1, 0, 0, 0, 0, 0, 'a:0:{}', 0, 0),
(301, 'HiddenCoupons', 'CSI', 'support@cflsystems.com', 0, 0, 0, 0, '0.0000', 0, 2, '32.00', 'USD', '5.3', 0, 0, 0, 1434318293, 38912, 0, 'Hidden Coupons', 'CFL Systems, Inc.', 'This module hides the coupon code on checkout, order confirmation and invoice pages.', 'http://my.x-cart.com/sites/default/files/addons/CSI/HiddenCoupons/icon.png', 'https://market.x-cart.com/addons/hidden-coupons-by-cfl-systems.html', '', 'a:1:{i:0;s:12:"CDev\\Coupons";}', 'a:2:{i:0;s:9:"Marketing";i:1;s:15:"User experience";}', 1, 0, 0, 0, 0, 0, 'a:0:{}', 21102, 0),
(302, 'TaxExempt', 'QSL', 'helpdesk@x-cart.com', 0, 0, 0, 0, '0.0000', 0, 33, '79.20', 'USD', '5.3', 1, 0, 0, 1435784400, 59904, 0, 'Tax Exempt', 'Qualiteam', 'Enable tax exemption for particular customers or for selected products.', 'http://my.x-cart.com/sites/default/files/addons/QSL/TaxExempt/icon.png', 'https://market.x-cart.com/addons/tax-exemption.html', '', 'a:0:{}', 'a:2:{i:0;s:5:"Taxes";i:1;s:10:"Accounting";}', 1, 0, 2, 0, 1, 0, 'a:0:{}', 20701, 0),
(303, 'Intimates', 'QSL', 'helpdesk@x-cart.com', 0, 0, 0, 0, '0.0000', 0, 148, '79.20', 'USD', '5.3', 0, 0, 1, 1435784400, 1133056, 0, 'Intimates', 'Qualiteam', 'The "Intimates" X-Cart Design Template (#45). This template is good for the following themes:  Accessories, Clothing, Jewelry, Watches, Wedding', 'http://my.x-cart.com/sites/default/files/addons/QSL/Intimates/iconAlt.png', 'https://market.x-cart.com/xcart-templates/intimates.html', '', 'a:0:{}', 'a:1:{i:0;s:9:"Templates";}', 1, 0, 0, 0, 1, 0, 'a:0:{}', 20702, 0),
(304, 'Genesis', 'EMerchantPay', 'vendor+EMerchantPay@x-cart.com', 0, 0, 0, 0, '0.0000', 0, 18, '0.00', 'USD', '5.3', 1, 0, 0, -10800, 925696, 0, 'eMerchantPay', 'eMerchantPay', 'Accept payments through eMerchantPay''s Payment Gateway - Genesis', 'http://my.x-cart.com/sites/default/files/addons/EMerchantPay/Genesis/iconAlt.png', 'https://market.x-cart.com/addons/emerchantpay.html', '', 'a:0:{}', 'a:1:{i:0;s:18:"Payment processing";}', 1, 0, 0, 0, 0, 0, 'a:0:{}', 0, 0),
(305, 'AccountNotes', 'CSI', 'support@cflsystems.com', 0, 0, 0, 0, '0.0000', 0, 19, '40.00', 'USD', '5.3', 1, 0, 0, 1437034313, 162304, 0, 'Account Notes', 'CFL Systems, Inc.', 'Account Notes module allows admin to add notes to profiles. Add records about phone calls, shopping behavior, restrictions, etc.', 'http://my.x-cart.com/sites/default/files/addons/CSI/AccountNotes/icon.png', 'https://market.x-cart.com/addons/account-notes-by-cfl-systems.html', '', 'a:0:{}', 'a:3:{i:0;s:11:"Fulfillment";i:1;s:14:"Administration";i:2;s:15:"User experience";}', 1, 0, 3, 0, 0, 0, 'a:0:{}', 21099, 0),
(306, 'PopupAnywhere', 'QSL', 'helpdesk@x-cart.com', 0, 0, 0, 0, '0.0000', 0, 146, '79.20', 'USD', '5.3', 2, 0, 0, 1439921783, 220672, 0, 'Pop-up Anywhere', 'Qualiteam', 'Create unlimited number of attractive and informative popup messages for your customers regardless of the page they land on when arriving on your site.', 'http://my.x-cart.com/sites/default/files/addons/QSL/PopupAnywhere/icon.png', 'https://market.x-cart.com/addons/popup-anywhere.html', '', 'a:0:{}', 'a:1:{i:0;s:9:"Marketing";}', 1, 0, 0, 0, 1, 0, 'a:0:{}', 20705, 0),
(307, 'GbTranslation', 'XC', 'helpdesk@x-cart.com', 0, 0, 0, 0, '0.0000', 0, 159, '0.00', 'USD', '5.3', 1, 0, 0, 0, 81920, 0, 'Translation: British English', 'X-Cart team', 'British english translation pack', 'http://my.x-cart.com/sites/default/files/addons/XC/GbTranslation/iconAlt.png', 'https://market.x-cart.com/addons/translation-british-english.html', '', 'a:0:{}', 'a:0:{}', 1, 0, 0, 0, 0, 0, 'a:0:{}', 0, 0),
(308, 'EProcessingNetwork', 'QSL', 'helpdesk@x-cart.com', 0, 0, 0, 0, '0.0000', 0, 5, '31.20', 'USD', '5.3', 0, 0, 0, 1440363600, 30208, 0, 'eProcessing Network - Database Engine', 'Qualiteam', 'Accepting credit and debit cards, checks, gift cards via an online secure real-time transaction processing engine. This payment extension uses the Database Engine Template (DBE).', 'http://my.x-cart.com/sites/default/files/addons/QSL/EProcessingNetwork/icon.png', 'https://market.x-cart.com/addons/eprocessing-network-database-engine.html', '', 'a:0:{}', 'a:1:{i:0;s:18:"Payment processing";}', 1, 0, 1, 0, 1, 0, 'a:0:{}', 20706, 0),
(309, 'CCBill', 'QSL', 'helpdesk@x-cart.com', 0, 0, 0, 0, '0.0000', 0, 4, '31.20', 'USD', '5.3', 0, 0, 0, 1440429545, 32768, 0, 'CCBill', 'Qualiteam', 'Accept payments online via CCBill in your X-Cart store.', 'http://my.x-cart.com/sites/default/files/addons/QSL/CCBill/icon.png', 'https://market.x-cart.com/addons/ccbill-payment-module.html', '', 'a:0:{}', 'a:1:{i:0;s:18:"Payment processing";}', 1, 0, 3, 0, 1, 0, 'a:0:{}', 20707, 0),
(310, 'FirstDataPayeezyGatewayHP', 'QSL', 'helpdesk@x-cart.com', 0, 0, 0, 0, '0.0000', 0, 35, '31.20', 'USD', '5.3', 0, 0, 0, 1440363600, 86016, 0, 'First Data Payeezy Gateway', 'Qualiteam', 'Accepting payments via First Data Payeezy Gateway - Hosted Payment Pages (formerly FirstData Global Gateway e4).', 'http://my.x-cart.com/sites/default/files/addons/QSL/FirstDataPayeezyGatewayHP/icon.png', 'https://market.x-cart.com/addons/payeeze-by-firstdata.html', '', 'a:0:{}', 'a:1:{i:0;s:18:"Payment processing";}', 1, 0, 5, 0, 1, 0, 'a:0:{}', 20708, 0),
(311, 'Dark', 'QSL', 'qualiteam-modules@x-cart.com', 0, 0, 0, 0, '0.0000', 0, 10, '39.20', 'USD', '5.2', 4, 0, 14, 1440536400, 522240, 0, 'Dark', 'Qualiteam', 'The "Dark" X-Cart Design Template (#46). This template is good for the following themes: Baby, Beauty, Books, Business, Clothing, Cars, Computers, Education, Electronics, Fashion, Hobbies & Crafts, Hotels, Interior & Furniture, Medical, Music, Nature, Nutritional supplements, Wedding, Wine, Winter.', 'http://my.x-cart.com/sites/default/files/addons/QSL/Dark/icon.png', 'https://www.x-cart.com/extensions/xcart-templates/dark.html', '', 'a:0:{}', 'a:1:{i:0;s:9:"Templates";}', 1, 0, 0, 0, 1, 0, 'a:0:{}', 20959, 0),
(312, 'Light', 'QSL', 'helpdesk@x-cart.com', 0, 0, 0, 0, '0.0000', 0, 20, '39.20', 'USD', '5.3', 0, 0, 1, 1440536400, 413184, 0, 'Light', 'Qualiteam', 'The "Light" X-Cart Design Template (#47). This template is good for the following themes: Baby, Beauty, Books, Business, Clothing, Computers, Education, Electronics, Fashion, Hobbies & Crafts, Hotels, Interior & Furniture, Medical, Music, Nature, Nutritional supplements, Wedding, Wine, Winter.', 'http://my.x-cart.com/sites/default/files/addons/QSL/Light/icon.png', 'https://market.x-cart.com/light.html', '', 'a:0:{}', 'a:1:{i:0;s:9:"Templates";}', 1, 0, 0, 0, 1, 0, 'a:0:{}', 20960, 0),
(313, 'GraphicStock', 'QSL', 'helpdesk@x-cart.com', 0, 0, 0, 0, '0.0000', 0, 87, '119.20', 'USD', '5.3', 1, 1, 1, 1440536400, 952832, 0, 'Graphic Stock', 'Qualiteam', 'The "Graphic Stock" X-Cart Design Template (#48). This template is good for the following themes: Graphics, cars, books, accessories, equipment', 'http://my.x-cart.com/sites/default/files/addons/QSL/GraphicStock/iconAlt.png', 'https://market.x-cart.com/xcart-templates/graphicstock.html', '', 'a:0:{}', 'a:1:{i:0;s:9:"Templates";}', 1, 0, 0, 0, 1, 0, 'a:0:{}', 20961, 0),
(314, 'CartIcons', 'QSL', 'helpdesk@x-cart.com', 0, 0, 0, 0, '0.0000', 0, 101, '11.96', 'USD', '5.3', 0, 0, 0, 1441573200, 111616, 0, 'Cart Icons', 'Qualiteam', 'Decorate cart buttons and icons in your online store.', 'http://my.x-cart.com/sites/default/files/addons/QSL/CartIcons/icon.png', 'https://market.x-cart.com/addons/cart-icons.html', '', 'a:0:{}', 'a:1:{i:0;s:13:"Design tweaks";}', 1, 0, 4, 0, 1, 0, 'a:0:{}', 20962, 0),
(315, 'WordPressIntegration', 'QSL', 'helpdesk@x-cart.com', 0, 0, 0, 0, '0.0000', 0, 239, '0.00', 'USD', '5.3', 0, 0, 0, 1439067600, 463360, 0, 'X-Cart 5 to WordPress Integration', 'Qualiteam', 'Sell and promote your products by embedding X-Cart products and categories directly in your WordPress blog posts', 'http://my.x-cart.com/sites/default/files/addons/QSL/WordPressIntegration/icon.png', 'https://market.x-cart.com/addons/xcart-in-wordpress.html', '', 'a:1:{i:0;s:10:"XC\\RESTAPI";}', 'a:3:{i:0;s:9:"Marketing";i:1;s:13:"Design tweaks";i:2;s:4:"Blog";}', 1, 0, 6, 0, 1, 0, 'a:0:{}', 0, 0),
(316, 'FashionAccessories', 'QSL', 'helpdesk@x-cart.com', 0, 0, 0, 0, '0.0000', 0, 12, '79.20', 'USD', '5.3', 0, 0, 1, 1442350800, 872448, 0, 'Fashion Accessories', 'Qualiteam', 'The "Fashion Accessories" X-Cart Design Template (#21). This template is good for the following themes: Accessories, Beauty, Clothing, Fashion, Jewelry, Wedding', 'http://my.x-cart.com/sites/default/files/addons/QSL/FashionAccessories/icon.png', 'https://market.x-cart.com/xcart-templates/fashion-accessories.html', '', 'a:0:{}', 'a:1:{i:0;s:9:"Templates";}', 1, 0, 0, 0, 1, 0, 'a:0:{}', 457, 0),
(317, 'EGateway', 'QSL', 'helpdesk@x-cart.com', 0, 0, 0, 0, '0.0000', 0, 0, '31.20', 'USD', '5.3', 0, 0, 0, 1443128400, 35840, 0, 'E-Gateway', 'Qualiteam', 'Accepting Visa, Amex, Mastercard, Diners Club and JCB in the Australia, US, Canada, Europe, Europe, UK and most other regions.', 'http://my.x-cart.com/sites/default/files/addons/QSL/EGateway/icon.png', 'https://market.x-cart.com/addons/e-gateway-payment-module.html', '', 'a:0:{}', 'a:1:{i:0;s:18:"Payment processing";}', 1, 0, 7, 0, 1, 0, 'a:0:{}', 20964, 0),
(318, 'GlobalTransport', 'QSL', 'helpdesk@x-cart.com', 0, 0, 0, 0, '0.0000', 0, 0, '31.20', 'USD', '5.3', 0, 0, 0, 1443128400, 62976, 0, 'Global Transport Secure eCommerce', 'Qualiteam', 'Accepting Visa, MasterCard, American Express, Discover, JCB, Diners Club, China Union Pay.', 'http://my.x-cart.com/sites/default/files/addons/QSL/GlobalTransport/icon.png', 'https://market.x-cart.com/addons/global-transport-secure-ecommerce-payment-module.html', '', 'a:0:{}', 'a:1:{i:0;s:18:"Payment processing";}', 1, 0, 0, 0, 1, 0, 'a:0:{}', 20965, 0),
(319, 'BackInStock', 'QSL', 'helpdesk@x-cart.com', 0, 0, 0, 0, '0.0000', 0, 194, '55.20', 'USD', '5.3', 0, 0, 1, 1443183084, 210944, 0, 'Back in Stock Notifications', 'Qualiteam', 'Drive more sales by making it easy for your customers to sign up for Back in Stock email notifications for the products they wanted to buy, but missed out. Send an automatic message once the product is available again!', 'http://my.x-cart.com/sites/default/files/addons/QSL/BackInStock/icon.png', 'https://market.x-cart.com/addons/back-in-stock-notifications.html', '', 'a:0:{}', 'a:3:{i:0;s:9:"Marketing";i:1;s:15:"User experience";i:2;s:18:"Catalog Management";}', 1, 0, 0, 0, 1, 0, 'a:0:{}', 20966, 0),
(320, 'MembershipProducts', 'QSL', 'helpdesk@x-cart.com', 0, 0, 0, 0, '0.0000', 0, 9, '55.20', 'USD', '5.3', 0, 0, 1, 1444078800, 68608, 0, 'Paid memberships', 'Qualiteam', 'Sell premium memberships in your store. The module expands the "Memberships" feature of X-Cart, enabling the ability to sell paid memberships as regular products.', 'http://my.x-cart.com/sites/default/files/addons/QSL/MembershipProducts/icon.png', 'https://market.x-cart.com/addons/paid-memberships.html', '', 'a:0:{}', 'a:2:{i:0;s:9:"Marketing";i:1;s:10:"Accounting";}', 1, 0, 0, 0, 1, 0, 'a:0:{}', 20967, 0),
(321, 'ChronoPay', 'XC', 'helpdesk@x-cart.com', 0, 0, 0, 0, '0.0000', 0, 1, '31.20', 'USD', '5.3', 1, 0, 0, 1444683600, 51200, 0, 'ChronoPay', 'X-Cart team', 'Accept payments for any goods and services in the internet by bank cards (VISA, MasterCard, Maestro, American Express, Diners, JCB) and the most popular payment systems (Yandex.Money, Qiwi, Webmoney) all over the world: in America, Russia, Europe and Asia', 'http://my.x-cart.com/sites/default/files/addons/XC/ChronoPay/icon.png', 'https://market.x-cart.com/addons/chronopay.html', '', 'a:0:{}', 'a:1:{i:0;s:18:"Payment processing";}', 1, 0, 0, 0, 1, 0, 'a:0:{}', 20971, 0),
(322, 'CustomOrderStatuses', 'XC', 'helpdesk@x-cart.com', 0, 0, 0, 0, '0.0000', 0, 309, '0.00', 'USD', '5.3', 1, 0, 0, -10800, 61440, 1, 'Custom Order Statuses', 'X-Cart team', 'This module allows you to edit the existing order statuses and add new statuses.', 'http://my.x-cart.com/sites/default/files/addons/XC/CustomOrderStatuses/iconAlt.png', 'https://market.x-cart.com/addons/custom-order-statuses.html', '', 'a:0:{}', 'a:2:{i:0;s:14:"Administration";i:1;s:11:"Fulfillment";}', 1, 0, 0, 0, 0, 2, 'a:3:{i:0;s:12:"391_Business";i:1;s:18:"20598_Multi-vendor";i:2;s:18:"536881125_Ultimate";}', 0, 0),
(323, 'DIBSFlexWin', 'XC', 'helpdesk@x-cart.com', 0, 0, 0, 0, '0.0000', 0, 0, '31.20', 'USD', '5.3', 1, 0, 0, 1444683600, 51200, 0, 'DIBS FlexWin', 'X-Cart team', 'FlexWin is the most frequently used payment window for DIBS, and is the most extended payment service provided. Released in 2007, the FlexWin layout is well known to shoppers all around Scandinavia.', 'http://my.x-cart.com/sites/default/files/addons/XC/DIBSFlexWin/icon.png', 'https://market.x-cart.com/addons/hosted-dibs-flexwin.html', '', 'a:0:{}', 'a:1:{i:0;s:18:"Payment processing";}', 1, 0, 0, 0, 1, 0, 'a:0:{}', 20972, 0),
(324, 'DatatransUPP', 'XC', 'helpdesk@x-cart.com', 0, 0, 0, 0, '0.0000', 0, 8, '31.20', 'USD', '5.3', 1, 1, 0, 1444683600, 51200, 0, 'Datatrans (Universal payment page)', 'X-Cart team', 'The leading Payment Service Provider in Switzerland. It works together with a large number of Swiss acquirers/finance companies. All finance companies and methods of payment are automatically open to Datatrans customers.', 'http://my.x-cart.com/sites/default/files/addons/XC/DatatransUPP/icon.png', 'https://market.x-cart.com/addons/datatrans-universal-payment-page.html', '', 'a:0:{}', 'a:1:{i:0;s:18:"Payment processing";}', 1, 0, 0, 0, 1, 0, 'a:0:{}', 20969, 0),
(325, 'DisableDragNDrop', 'XC', 'helpdesk@x-cart.com', 0, 0, 0, 0, '0.0000', 0, 330, '0.00', 'USD', '5.3', 0, 0, 0, 1445202000, 20480, 0, 'Disable drag''n''drop add to cart', 'X-Cart team', 'Disables the default drag-n-drop adding products to cart to replace it with the ''add to cart'' button on the product list pages (category, search results)', 'http://my.x-cart.com/sites/default/files/addons/XC/DisableDragNDrop/iconAlt.png', 'https://market.x-cart.com/addons/disable-drag-n-drop.html', '', 'a:0:{}', 'a:1:{i:0;s:15:"User experience";}', 1, 0, 0, 0, 0, 0, 'a:0:{}', 0, 0),
(326, 'EWAYStoredShared', 'XC', 'helpdesk@x-cart.com', 0, 0, 0, 0, '0.0000', 0, 96, '0.00', 'USD', '5.3', 1, 0, 0, 1444683600, 81920, 0, 'eWAY Responsive Shared Page', 'X-Cart team', 'Integration with eWAY using Responsive Shared Page method.  It also comes with the built-in integration with 3D Secure, PayPal, MasterPass and Visa Checkout. Once this payment method is selected on  checkout page, your customer is redirectedto a form hosted by eWay to enter payment information.', 'http://my.x-cart.com/sites/default/files/addons/XC/EWAYStoredShared/iconAlt.png', 'https://market.x-cart.com/addons/eway-responsive-shared-page.html', '', 'a:0:{}', 'a:1:{i:0;s:18:"Payment processing";}', 1, 0, 0, 0, 1, 0, 'a:0:{}', 0, 0),
(327, 'Geolocation', 'XC', 'helpdesk@x-cart.com', 0, 0, 0, 0, '0.0000', 0, 282, '0.00', 'USD', '5.3', 1, 0, 0, 1445202000, 2426880, 1, 'Geolocation', 'X-Cart team', 'Use free IP geolocation database GeoLite by Maxmind to improve the user experience of non-logged in customers - "guess" their country and address for more precise pre-login shipping cost estimation', 'http://my.x-cart.com/sites/default/files/addons/XC/Geolocation/iconAlt.png', 'https://market.x-cart.com/addons/geolocation.html', '', 'a:0:{}', 'a:1:{i:0;s:15:"User experience";}', 1, 0, 0, 0, 0, 2, 'a:3:{i:0;s:12:"391_Business";i:1;s:18:"20598_Multi-vendor";i:2;s:18:"536881125_Ultimate";}', 0, 0),
(328, 'PitneyBowes', 'XC', 'helpdesk@x-cart.com', 0, 0, 0, 0, '0.0000', 0, 1559, '0.00', 'USD', '5.3', 1, 1, 0, 1444683600, 1822720, 0, 'Pitney Bowes International', 'X-Cart team', 'PB''s International Shipping service provides: guaranteed fully landed costs (duties, taxes, & tariffs) in the checkout, simple international parcel fulfilment, prohibited goods screening & export compliance, end to end parcel tracking, and insurance.', 'http://my.x-cart.com/sites/default/files/addons/XC/PitneyBowes/icon.png', '', '', 'a:0:{}', 'a:2:{i:0;s:11:"Fulfillment";i:1;s:8:"Shipping";}', 1, 0, 0, 0, 0, 0, 'a:0:{}', 0, 0),
(329, 'ProductTags', 'XC', 'helpdesk@x-cart.com', 0, 0, 0, 0, '0.0000', 0, 628, '0.00', 'USD', '5.3', 1, 1, 0, 1445202000, 174080, 1, 'Product Tags', 'X-Cart team', 'Assign one or multiple tags to your products and improve the navigation for your customers, who can narrow the search results by tags in the Product Filters or, vice versa, see all products with the same tag.', 'http://my.x-cart.com/sites/default/files/addons/XC/ProductTags/icon.png', 'https://market.x-cart.com/addons/product-tags.html', '', 'a:0:{}', 'a:2:{i:0;s:15:"User experience";i:1;s:21:"Search and Navigation";}', 1, 0, 0, 0, 0, 2, 'a:3:{i:0;s:12:"391_Business";i:1;s:18:"20598_Multi-vendor";i:2;s:18:"536881125_Ultimate";}', 0, 0),
(330, 'WorldpayHPP', 'XC', 'helpdesk@x-cart.com', 0, 0, 0, 0, '0.0000', 0, 15, '31.20', 'USD', '5.3', 1, 0, 0, 1444683600, 51200, 0, 'Worldpay Pay Page', 'X-Cart team', 'The card payment processing is managed by Worldpay, so you and your customers can be confident that payment details are safe and secure. Some elements of the payment page are customizable to fit your brand', 'http://my.x-cart.com/sites/default/files/addons/XC/WorldpayHPP/icon.png', 'https://market.x-cart.com/addons/worldpay-hosted-payment-page.html', '', 'a:0:{}', 'a:1:{i:0;s:18:"Payment processing";}', 1, 0, 0, 0, 0, 0, 'a:0:{}', 20973, 0),
(331, 'ImageWatermark', 'CSI', 'support@cflsystems.com', 0, 0, 0, 0, '0.0000', 0, 29, '55.20', 'USD', '5.3', 0, 0, 0, 1444727108, 4054016, 0, 'Image Watermark', 'CFL Systems, Inc.', 'This module allows you to watermark products and categories images with text and/or image.', 'http://my.x-cart.com/sites/default/files/addons/CSI/ImageWatermark/icon.png', 'https://market.x-cart.com/addons/image-watermark-by-cfl-systems.html', '', 'a:0:{}', 'a:1:{i:0;s:18:"Catalog Management";}', 1, 0, 0, 0, 0, 0, 'a:0:{}', 21104, 0),
(332, 'PaymentMethodFees', 'QSL', 'helpdesk@x-cart.com', 0, 0, 0, 0, '0.0000', 0, 79, '39.20', 'USD', '5.3', 1, 0, 0, -10800, 95232, 0, 'Payment Method Fees', 'Qualiteam', 'This module allows you to configure discounts and extra fees for particular payment methods.', 'http://my.x-cart.com/sites/default/files/addons/QSL/PaymentMethodFees/icon.png', 'https://market.x-cart.com/addons/payment-method-fees.html', '', 'a:0:{}', 'a:1:{i:0;s:18:"Payment processing";}', 1, 0, 0, 0, 1, 0, 'a:0:{}', 20974, 0),
(333, 'Paysafecard', 'QSL', 'helpdesk@x-cart.com', 0, 0, 0, 0, '0.0000', 0, 1, '31.20', 'USD', '5.3', 0, 0, 1, 1444856400, 49152, 0, 'Paysafecard', 'Qualiteam', 'Europe''s leading prepaid solution for paying online, it enables your customers to pay online without a credit card. They purchase paysafecard at the nearest sales outlet ( $10, $25, $50, or $100) and pay with it at webshops by entering the 16-digit paysafecard PIN', 'http://my.x-cart.com/sites/default/files/addons/QSL/Paysafecard/icon.png', 'https://market.x-cart.com/addons/paysafecard.html', '', 'a:0:{}', 'a:1:{i:0;s:18:"Payment processing";}', 1, 0, 0, 0, 1, 0, 'a:0:{}', 20975, 0),
(334, 'TenPay', 'QSL', 'helpdesk@x-cart.com', 0, 0, 0, 0, '0.0000', 0, 0, '31.20', 'USD', '5.3', 0, 0, 1, 1444856400, 73216, 0, 'TenPay', 'Qualiteam', 'The extension integrates your store with a major Chinese payments solution enabling Chinese consumers to pay online and cross-border. Tenpay wallets can be topped up with cash, (e-)bank transfers and stored credit or debit cards.', 'http://my.x-cart.com/sites/default/files/addons/QSL/TenPay/icon.png', 'https://market.x-cart.com/addons/tenpay-china.html', '', 'a:0:{}', 'a:1:{i:0;s:18:"Payment processing";}', 1, 0, 0, 0, 1, 0, 'a:0:{}', 20976, 0),
(335, 'Pagseguro', 'QSL', 'helpdesk@x-cart.com', 0, 0, 0, 0, '0.0000', 0, 0, '31.20', 'USD', '5.3', 0, 0, 1, 1444856400, 599552, 0, 'PagSeguro - Padrao', 'Qualiteam', 'A Brazilian payment gateway supporting more than 25 payment methods with just one contract: credit and debit cards, bank deposits and more. To make payment, the customers are directed to PagSeguro page, and after that they''re returned back to your store', 'http://my.x-cart.com/sites/default/files/addons/QSL/Pagseguro/icon.png', 'https://market.x-cart.com/addons/pagseguro-padrao.html', '', 'a:0:{}', 'a:1:{i:0;s:18:"Payment processing";}', 1, 0, 0, 0, 1, 0, 'a:0:{}', 20977, 0),
(336, 'HiddenCategories', 'CSI', 'support@cflsystems.com', 0, 0, 0, 0, '0.0000', 0, 27, '40.00', 'USD', '5.3', 0, 0, 0, 1445204641, 51712, 0, 'Hidden Categories', 'CFL Systems, Inc.', 'This module adds ''Hidden but available for sale'' functionality for categories.', 'http://my.x-cart.com/sites/default/files/addons/CSI/HiddenCategories/icon.png', 'https://market.x-cart.com/addons/hidden-categories-by-cfl-systems.html', '', 'a:0:{}', 'a:3:{i:0;s:9:"Marketing";i:1;s:15:"User experience";i:2;s:18:"Catalog Management";}', 1, 0, 0, 0, 0, 0, 'a:0:{}', 21101, 0),
(337, 'Giropay', 'QSL', 'helpdesk@x-cart.com', 0, 0, 0, 0, '0.0000', 0, 0, '31.20', 'USD', '5.3', 0, 0, 1, 1445288400, 421376, 0, 'Giropay', 'Qualiteam', 'GiroCheckout is a simple, fast and secure solution for the integration of several payment methods - both national and international - in your online store. The highest safety standards and a transparent fee model distinguish GiroCheckout.', 'http://my.x-cart.com/sites/default/files/addons/QSL/Giropay/icon.png', 'https://market.x-cart.com/addons/giropay.html', '', 'a:0:{}', 'a:1:{i:0;s:18:"Payment processing";}', 1, 0, 0, 0, 1, 0, 'a:0:{}', 20979, 0),
(338, 'Candles', 'TemplateMonster', 'support@x-cart.com', 0, 0, 0, 0, '0.0000', 0, 91, '111.20', 'USD', '5.3', 2, 2, 1, 1445893200, 1993216, 0, 'Candles', 'TemplateMonster.com', 'Warm, cozy and relaxing - all the atmosphere the candles create. Banner carousel, built-in multilevel menu and other tools to attract customers attention. Fully responsive, SEO friendly and crossbrowser compatible.', 'http://my.x-cart.com/sites/default/files/addons/TemplateMonster/Candles/icon.png', 'https://market.x-cart.com/xcart-templates/candles.html', '', 'a:0:{}', 'a:1:{i:0;s:9:"Templates";}', 1, 0, 0, 0, 1, 0, 'a:0:{}', 20980, 0),
(339, 'CoffeeShop', 'TemplateMonster', 'n.prosto@templatemonster.com', 0, 0, 0, 0, '0.0000', 0, 4, '111.20', 'USD', '5.3', 1, 0, 1, 1445979600, 1529344, 0, 'CoffeeShop', 'TemplateMonster.com', 'Unique atmosphere of elegance, serenity and comfort. Animated banner, new tabs,  multilevel menu, optimized both for mobile navigation and desktops. Fully responsive, SEO friendly and crossbrowser compatible.', 'http://my.x-cart.com/sites/default/files/addons/TemplateMonster/CoffeeShop/icon.png', 'https://www.x-cart.com/extensions/xcart-templates/coffee-shop.html', '', 'a:0:{}', 'a:1:{i:0;s:9:"Templates";}', 1, 0, 0, 0, 1, 0, 'a:0:{}', 20981, 0),
(340, 'OrganicCosmetics', 'TemplateMonster', 'sales@x-cart.com', 0, 0, 0, 0, '0.0000', 0, 10, '139.00', 'USD', '5.3', 1, 0, 0, 1445979600, 1386496, 0, 'OrganicCosmetics', 'TemplateMonster.com', 'Green pastel colors and subtle paper background lay stress on the natural origin of the products you sell. Beautiful banners,  sticky multilevel categories menu, convenient navigation, etc. Fully responsive, SEO friendly and crossbrowser compatible.', 'http://my.x-cart.com/sites/default/files/addons/TemplateMonster/OrganicCosmetics/icon.png', 'https://www.x-cart.com/extensions/xcart-templates/organic-cosmetics.html', '', 'a:0:{}', 'a:1:{i:0;s:9:"Templates";}', 1, 0, 0, 0, 1, 0, 'a:0:{}', 20982, 0),
(341, 'Localizer', 'Localizer', 'support@localizer.co', 0, 0, 0, 0, '0.0000', 0, 161, '0.00', 'USD', '5.2', 0, 0, 0, 1450774394, 18944, 0, 'Localizer', 'Localizer', 'Localize your website in just 3 easy steps with Localizer!', 'http://my.x-cart.com/sites/default/files/addons/Localizer/Localizer/iconAlt.png', 'https://market.x-cart.com/addons/localizer-for-xcart.html', '', 'a:0:{}', 'a:4:{i:0;s:9:"Marketing";i:1;s:11:"Translation";i:2;s:3:"SEO";i:3;s:21:"Search and Navigation";}', 1, 0, 0, 0, 0, 0, 'a:0:{}', 0, 0),
(342, 'FastSpring', 'QSL', 'helpdesk@x-cart.com', 0, 0, 0, 0, '0.0000', 0, 7, '31.20', 'USD', '5.3', 0, 0, 1, 1446066000, 205824, 0, 'FastSpring - Popup Storefronts', 'Qualiteam', 'Integrate your website with FastSpring, using the "Popup Storefronts" method. It creates a pop up (a lightbox area) over the checkout page of your online store, allowing a customer to pay for the order quickly without going to a different web page', 'http://my.x-cart.com/sites/default/files/addons/QSL/FastSpring/icon.png', 'https://market.x-cart.com/addons/fastspring.html', '', 'a:0:{}', 'a:1:{i:0;s:18:"Payment processing";}', 1, 0, 0, 0, 1, 0, 'a:0:{}', 20983, 0),
(343, 'OrderStatus', 'CSI', 'support@cflsystems.com', 0, 0, 0, 0, '0.0000', 0, 89, '36.00', 'USD', '5.3', 1, 0, 0, 1446673934, 62976, 0, 'Order Status', 'CFL Systems, Inc.', 'Customers can check order status without being logged in or having an account.', 'http://my.x-cart.com/sites/default/files/addons/CSI/OrderStatus/icon.png', 'https://market.x-cart.com/addons/order-status-by-cfl-systems.html', '', 'a:0:{}', 'a:3:{i:0;s:15:"User experience";i:1;s:11:"Fulfillment";i:2;s:8:"Shipping";}', 1, 0, 0, 0, 0, 0, 'a:0:{}', 21107, 0),
(344, 'ProductStickers', 'QSL', 'helpdesk@x-cart.com', 0, 0, 0, 0, '0.0000', 0, 148, '39.20', 'USD', '5.3', 0, 0, 0, 1447275600, 91648, 0, 'Product stickers', 'Qualiteam', 'This module will allow you to add custom stickers to your products', 'http://my.x-cart.com/sites/default/files/addons/QSL/ProductStickers/icon.png', 'https://market.x-cart.com/addons/product-stickers.html', '', 'a:0:{}', 'a:2:{i:0;s:9:"Marketing";i:1;s:13:"Design tweaks";}', 1, 0, 8, 0, 1, 0, 'a:0:{}', 20985, 0),
(345, 'MobilePhones', 'TemplateMonster', 'support@x-cart.com', 0, 0, 0, 0, '0.0000', 0, 62, '111.20', 'USD', '5.3', 1, 0, 1, 1447275600, 1763328, 0, 'MobilePhones', 'TemplateMonster.com', 'Stylish minimalistic design in white, black and coral. Sticky multilevel categories menu, banners, info blocks, google map, convenient and clear navigation. Fully responsive, SEO friendly and crossbrowser compatible.', 'http://my.x-cart.com/sites/default/files/addons/TemplateMonster/MobilePhones/icon.png', 'https://market.x-cart.com/xcart-templates/mobile-phones.html', '', 'a:0:{}', 'a:1:{i:0;s:9:"Templates";}', 1, 0, 0, 0, 1, 0, 'a:0:{}', 20987, 0),
(346, 'ProductsCarousel', 'QSL', 'helpdesk@x-cart.com', 0, 0, 0, 0, '0.0000', 0, 107, '39.20', 'USD', '5.3', 1, 2, 0, 1447275600, 168448, 0, 'Products carousel', 'Qualiteam', 'Enable responsive and user-friendly product carousel for  Bestsellers, Featured Products, New Arrivals, Product Recommendations, Cooming Soon and Products on Sale.', 'http://my.x-cart.com/sites/default/files/addons/QSL/ProductsCarousel/icon.png', 'https://market.x-cart.com/addons/products-carousel.html', '', 'a:0:{}', 'a:3:{i:0;s:13:"Design tweaks";i:1;s:21:"Search and Navigation";i:2;s:18:"Catalog Management";}', 1, 0, 0, 0, 1, 0, 'a:0:{}', 20986, 0),
(347, 'WebmasterSiteVerification', 'CSI', 'support@cflsystems.com', 0, 0, 0, 0, '0.0000', 0, 14, '28.00', 'USD', '5.3', 0, 0, 0, 1447837545, 26112, 0, 'Webmaster Site Verification', 'CFL Systems, Inc.', 'Verify your site with 3rd party services including Google, Bing, Pinterest and Yandex.', 'http://my.x-cart.com/sites/default/files/addons/CSI/WebmasterSiteVerification/icon.png', 'https://market.x-cart.com/addons/webmaster-site-verification-by-cfl-systems.html', '', 'a:0:{}', 'a:4:{i:0;s:6:"Social";i:1;s:3:"SEO";i:2;s:9:"Marketing";i:3;s:15:"User experience";}', 1, 0, 0, 0, 0, 0, 'a:0:{}', 21111, 0),
(348, 'GroceryStore', 'TemplateMonster', 'n.prosto@templatemonster.com', 0, 0, 0, 0, '0.0000', 0, 11, '111.20', 'USD', '5.3', 1, 0, 1, 1447966800, 3250176, 0, 'GroceryStore', 'TemplateMonster.com', 'Basil green and grey colors arise sensation of naturality and healthy lifestyle. Full width slider, banners, info blocks, animated elements, google map, etc. Fully responsive, SEO friendly and crossbrowser compatible.', 'http://my.x-cart.com/sites/default/files/addons/TemplateMonster/GroceryStore/icon.png', 'http://www.x-cart.com/extensions/xcart-templates/grocery-store.html', '', 'a:0:{}', 'a:1:{i:0;s:9:"Templates";}', 1, 0, 0, 0, 1, 0, 'a:0:{}', 20989, 0),
(349, 'HolidayDecoration', 'QSL', 'helpdesk@x-cart.com', 0, 0, 0, 0, '0.0000', 0, 60, '31.20', 'USD', '5.3', 1, 0, 0, 1478266054, 267264, 0, 'Holiday Decoration', 'Qualiteam', 'The module adds holiday decoration to the store front.', 'http://my.x-cart.com/sites/default/files/addons/QSL/HolidayDecoration/icon.png', 'https://market.x-cart.com/addons/holiday-decoration.html', '', 'a:0:{}', 'a:1:{i:0;s:13:"Design tweaks";}', 1, 1, 1, 0, 0, 0, 'a:0:{}', 20990, 0),
(350, 'NaturalCosmetics', 'TemplateMonster', 'support@x-cart.com', 0, 0, 0, 0, '0.0000', 0, 156, '111.20', 'USD', '5.3', 3, 0, 1, -10800, 2685440, 0, 'Natural Cosmetics', 'TemplateMonster.com', 'The template is designed in white, green and black colors to lay emphasis on the idea of naturalness of your products. Animated elements, banners, dropdown categories menu, menu in the footer, etc. Responsive, SEO friendly and crossbrowser compatible.', 'http://my.x-cart.com/sites/default/files/addons/TemplateMonster/NaturalCosmetics/icon.png', 'https://market.x-cart.com/xcart-templates/natural-cosmetics.html', '', 'a:0:{}', 'a:1:{i:0;s:9:"Templates";}', 1, 0, 0, 0, 1, 0, 'a:0:{}', 20993, 0),
(351, 'AdvancedSecurity', 'QSL', 'helpdesk@x-cart.com', 0, 0, 0, 0, '0.0000', 0, 22, '159.20', 'USD', '5.3', 1, 0, 1, 1449176400, 8296448, 0, 'Block Users by IP / Country / User agent', 'Qualiteam', 'The module protects your store from bots and fraud customers, by limiting or restricting access to it with the help of flexible settings and filters, taking into account IP, address and user behaviour.', 'http://my.x-cart.com/sites/default/files/addons/QSL/AdvancedSecurity/icon.png', 'https://market.x-cart.com/addons/block-users-by-IP-country-user-agent.html', '', 'a:0:{}', 'a:1:{i:0;s:14:"Administration";}', 1, 0, 7, 0, 1, 0, 'a:0:{}', 20994, 0),
(352, 'DHL', 'XC', 'helpdesk@x-cart.com', 0, 0, 0, 0, '0.0000', 0, 337, '0.00', 'USD', '5.3', 1, 0, 0, 1449435600, 1105920, 0, 'DHL Shipping', 'X-Cart team', 'Get real-time shipping quotes for DHL delivery methods. The integration supports COD (cash on delivery) and insurance.', 'http://my.x-cart.com/sites/default/files/addons/XC/DHL/iconAlt.png', 'https://market.x-cart.com/addons/DHL-shipping.html', '', 'a:0:{}', 'a:1:{i:0;s:8:"Shipping";}', 1, 0, 9, 0, 0, 0, 'a:0:{}', 0, 0),
(353, 'SkuVault', 'SkuVault', 'danny@skuvault.com', 0, 0, 0, 0, '0.0000', 0, 31, '0.00', 'USD', '5.2', 0, 0, 0, 1450126800, 105472, 0, 'SkuVault', 'Danny Shaw', 'Integrates your store with SkuVault.', 'http://my.x-cart.com/sites/default/files/addons/SkuVault/SkuVault/icon.png', 'http://www.x-cart.com/extensions/addons/SkuVault.html', '', 'a:0:{}', 'a:2:{i:0;s:14:"Administration";i:1;s:11:"Fulfillment";}', 1, 0, 0, 0, 0, 0, 'a:0:{}', 0, 0),
(354, 'OutdoorFurniture', 'TemplateMonster', 'support@x-cart.com', 0, 0, 0, 0, '0.0000', 0, 59, '111.20', 'USD', '5.3', 1, 1, 1, -10800, 1472512, 0, 'Outdoor Furniture', 'TemplateMonster.com', 'Very clear and pleasant theme in white, black and spring green will enhance your store''s visitors experience. Big slider, banners, animated blocks, intuitive navigation, info blocks, etc. Responsive, SEO friendly and crossbrowser compatible.', 'http://my.x-cart.com/sites/default/files/addons/TemplateMonster/OutdoorFurniture/icon.png', 'https://market.x-cart.com/xcart-templates/outdoor-furniture.html', '', 'a:0:{}', 'a:1:{i:0;s:9:"Templates";}', 1, 0, 0, 0, 1, 0, 'a:0:{}', 20995, 0),
(355, 'Blog', 'PerceptionSystemPvtLtd', 'xcart@perceptionsystem.com', 0, 0, 0, 0, '0.0000', 0, 124, '23.20', 'USD', '5.3', 2, 0, 0, 1450040400, 706048, 0, 'Easy Blog in x-cart 5', 'Perception System Pvt. Ltd.', 'Blog Module for x-cart aimed to share engaging information related to your store products/services to enable business to get advantage like google SEO, Brand recognition, increase website traffic, better conversion, more leads and ultimately, sales.', 'http://my.x-cart.com/sites/default/files/addons/PerceptionSystemPvtLtd/Blog/icon.png', 'https://market.x-cart.com/addons/blog-by-perception-system.html', '', 'a:0:{}', 'a:2:{i:0;s:9:"Marketing";i:1;s:15:"User experience";}', 1, 0, 0, 0, 0, 0, 'a:0:{}', 21080, 0),
(356, 'AggregionIntegration', 'AggregionLtd', 'vendor+AggregionLtd@x-cart.com', 0, 0, 0, 0, '0.0000', 0, 22, '0.00', 'USD', '5.2', 1, 0, 0, 1450126800, 137216, 0, 'Aggregion integration', 'Aggregion Ltd.', 'Module for integration with Aggregion', 'http://my.x-cart.com/sites/default/files/addons/AggregionLtd/AggregionIntegration/iconAlt.png', 'https://market.x-cart.com/addons/Aggregion-Integration.html', '', 'a:0:{}', 'a:0:{}', 1, 0, 0, 0, 0, 0, 'a:0:{}', 0, 0),
(357, 'Segment', 'QSL', 'helpdesk@x-cart.com', 0, 0, 0, 0, '0.0000', 0, 65, '0.00', 'USD', '5.3', 1, 0, 1, 0, 164352, 0, 'Segment Integration', 'Qualiteam', 'Segment is a powerful data aggregator, it tracks e-commerce events and sends this info to such apps as Mixpanel, Google Analytics, Localytics, RJ Metrics, SalesForce, HubSpot, Optimizely, Clicky and other data processing tools.', 'http://my.x-cart.com/sites/default/files/addons/QSL/Segment/iconAlt.png', 'https://market.x-cart.com/addons/segment-integration.html', '', 'a:0:{}', 'a:0:{}', 1, 0, 0, 0, 0, 0, 'a:0:{}', 0, 0),
(358, 'FatouratiPayment', 'QSL', 'helpdesk@x-cart.com', 0, 0, 0, 0, '0.0000', 0, 0, '31.20', 'USD', '5.2', 0, 0, 0, 1451250000, 33792, 0, 'Fatourati Payments', 'Qualiteam', 'Enables taking credit card payments for your online store via FATOURATI payment gateway (Maroc Telecommerce).', 'http://my.x-cart.com/sites/default/files/addons/QSL/FatouratiPayment/icon.png', 'https://market.x-cart.com/addons/fatourati-payments.html', '', 'a:0:{}', 'a:1:{i:0;s:18:"Payment processing";}', 1, 0, 0, 0, 1, 0, 'a:0:{}', 20998, 0),
(359, 'MTCPayment', 'QSL', 'helpdesk@x-cart.com', 0, 0, 0, 0, '0.0000', 0, 0, '31.20', 'USD', '5.2', 0, 0, 0, -10800, 34816, 0, 'MTC Payments', 'Qualiteam', 'Enables taking credit card payments for your online store via MTCPayment payment gateway (Maroc Telecommerce).', 'http://my.x-cart.com/sites/default/files/addons/QSL/MTCPayment/icon.png', 'https://market.x-cart.com/addons/MTC-Payments.html', '', 'a:0:{}', 'a:1:{i:0;s:18:"Payment processing";}', 1, 0, 0, 0, 0, 0, 'a:0:{}', 20999, 0),
(360, 'SecurePay', 'QSL', 'helpdesk@x-cart.com', 0, 0, 0, 0, '0.0000', 0, 0, '31.20', 'USD', '5.3', 0, 0, 1, 1451250000, 40448, 0, 'SecurePay (SecureFrame)', 'Qualiteam', 'Secure Pay module integrates your store with SecurePay''s SecureFrame, a simple and flexible method of accepting payments in your store seamlessly via an iFrame.', 'http://my.x-cart.com/sites/default/files/addons/QSL/SecurePay/icon.png', 'https://market.x-cart.com/addons/secure-pay.html', '', 'a:0:{}', 'a:1:{i:0;s:18:"Payment processing";}', 1, 0, 0, 0, 0, 0, 'a:0:{}', 21000, 0),
(361, 'Dwolla', 'QSL', 'helpdesk@x-cart.com', 0, 0, 0, 0, '0.0000', 0, 2, '55.20', 'USD', '5.3', 0, 0, 1, -10800, 960000, 0, 'Dwolla', 'Qualiteam', 'Dwolla network connects with U.S. banks and credit unions to provide safe, fast, account-to-account transfers at low costs. The integration uses Dwolla Direct option.', 'http://my.x-cart.com/sites/default/files/addons/QSL/Dwolla/icon.png', 'https://market.x-cart.com/addons/dwolla.html', '', 'a:0:{}', 'a:1:{i:0;s:18:"Payment processing";}', 1, 0, 7, 0, 0, 0, 'a:0:{}', 21001, 0),
(362, 'RealexHostedPayment', 'QSL', 'helpdesk@x-cart.com', 0, 0, 0, 0, '0.0000', 0, 23, '31.20', 'USD', '5.3', 0, 0, 0, 1451336400, 32256, 0, 'Realex Hosted payments', 'Qualiteam', 'Integration with Global Iris/Realex payment gateway - Hosted Payment Page API', 'http://my.x-cart.com/sites/default/files/addons/QSL/RealexHostedPayment/icon.png', 'https://market.x-cart.com/addons/realex-hosted-payments.html', '', 'a:0:{}', 'a:1:{i:0;s:18:"Payment processing";}', 1, 0, 0, 0, 0, 0, 'a:0:{}', 21002, 0),
(363, 'ShippingPerProduct', 'BCSE', 'support@bcsengineering.com', 0, 0, 0, 0, '0.0000', 0, 7, '79.96', 'USD', '5.2', 0, 0, 0, 1460408400, 44032, 0, 'Shipping Per Product', 'BCS Engineering', 'Choose shipping per product.', 'http://my.x-cart.com/sites/default/files/addons/BCSE/ShippingPerProduct/icon.png', 'https://market.x-cart.com/addons/shipping-per-product.html', '', 'a:0:{}', 'a:1:{i:0;s:8:"Shipping";}', 1, 0, 0, 0, 0, 0, 'a:0:{}', 21030, 0),
(364, 'TwoCheckoutInline', 'QSL', 'helpdesk@x-cart.com', 0, 0, 0, 0, '0.0000', 0, 8, '31.20', 'USD', '5.3', 0, 0, 0, 1452080511, 81920, 0, '2Checkout - Inline Checkout', 'Qualiteam', 'Integration with 2Checkout payment gateway - Inline Checkout API. User stays on your site during the payment.', 'http://my.x-cart.com/sites/default/files/addons/QSL/TwoCheckoutInline/icon.png', 'https://market.x-cart.com/addons/2checkout-Inline-Checkout.html', '', 'a:0:{}', 'a:1:{i:0;s:18:"Payment processing";}', 1, 0, 0, 0, 1, 0, 'a:0:{}', 21003, 0),
(365, 'Redirects', 'NovaHorizons', 'xcart@novahorizons.io', 0, 0, 0, 0, '0.0000', 0, 87, '27.99', 'USD', '5.3', 1, 0, 0, 1471550400, 52736, 0, 'Redirects', 'Nova Horizons, LLC', 'This module allows you to easily set up redirects within your store.', 'http://my.x-cart.com/sites/default/files/addons/NovaHorizons/Redirects/icon.png', 'https://market.x-cart.com/addons/redirects-by-Nova-Horizons.html', '', 'a:0:{}', 'a:2:{i:0;s:14:"Administration";i:1;s:3:"SEO";}', 1, 0, 0, 0, 1, 0, 'a:0:{}', 21016, 0),
(366, 'FinpayPayment', 'QSL', 'helpdesk@x-cart.com', 0, 0, 0, 0, '0.0000', 0, 0, '31.20', 'USD', '5.3', 0, 0, 0, 1452718800, 34816, 0, 'Finpay', 'Qualiteam', 'The module integrates your website with indonesian payment gateway: Finpay.', 'http://my.x-cart.com/sites/default/files/addons/QSL/FinpayPayment/icon.png', 'https://market.x-cart.com/addons/finpay.html', '', 'a:0:{}', 'a:1:{i:0;s:18:"Payment processing";}', 1, 0, 0, 0, 1, 0, 'a:0:{}', 21007, 0),
(367, 'OrderReports', 'QSL', 'helpdesk@x-cart.com', 0, 0, 0, 0, '0.0000', 0, 30, '199.20', 'USD', '5.3', 0, 0, 0, 1453064400, 53760, 0, 'Order reports', 'Qualiteam', 'Get statistics about what are your bestselling products and categories, what countries and states you get the most orders from, what marketing campaign drove the most revenue to you.', 'http://my.x-cart.com/sites/default/files/addons/QSL/OrderReports/icon.png', 'https://market.x-cart.com/addons/order-reports.html', '', 'a:0:{}', 'a:3:{i:0;s:9:"Marketing";i:1;s:14:"Administration";i:2;s:10:"Statistics";}', 1, 0, 6, 0, 0, 0, 'a:0:{}', 21008, 0),
(368, 'NotFinishedOrders', 'XC', 'helpdesk@x-cart.com', 0, 0, 0, 0, '0.0000', 0, 508, '0.00', 'USD', '5.3', 1, 0, 0, 1471465327, 81920, 1, 'Not Finished Orders', 'X-Cart team', 'This addon allows you to track not finished orders and contact customers, who have failed to proceed through the payment process.', 'http://my.x-cart.com/sites/default/files/addons/XC/NotFinishedOrders/iconAlt.png', 'https://market.x-cart.com/addons/not-finished-orders.html', '', 'a:0:{}', 'a:1:{i:0;s:11:"Fulfillment";}', 1, 1, 10, 0, 0, 2, 'a:3:{i:0;s:12:"391_Business";i:1;s:18:"20598_Multi-vendor";i:2;s:18:"536881125_Ultimate";}', 0, 0),
(369, 'UpdateInventory', 'XC', 'helpdesk@x-cart.com', 0, 0, 0, 0, '0.0000', 0, 1125, '0.00', 'USD', '5.3', 1, 0, 0, 1474574400, 61440, 1, 'Update Inventory', 'X-Cart team', 'Allows to update products quantity via CSV simple file.', 'http://my.x-cart.com/sites/default/files/addons/XC/UpdateInventory/iconAlt.png', 'https://market.x-cart.com/addons/update-inventory.html', '', 'a:0:{}', 'a:1:{i:0;s:18:"Catalog Management";}', 1, 1, 12, 0, 0, 2, 'a:3:{i:0;s:12:"391_Business";i:1;s:18:"20598_Multi-vendor";i:2;s:18:"536881125_Ultimate";}', 0, 0),
(370, 'SiteStructuredData', 'CSI', 'support@cflsystems.com', 0, 0, 0, 0, '0.0000', 0, 18, '68.00', 'USD', '5.3', 0, 0, 0, -10800, 200704, 0, 'Site Structured Data', 'CFL Systems, Inc.', 'Site Structured Data module is an X-Cart 5 add-on which allows webmasters to easily add Structured Data Markup to the website - Logo, Company Info, Breadcrumbs, Rich Snippets, etc.', 'http://my.x-cart.com/sites/default/files/addons/CSI/SiteStructuredData/icon.png', 'https://market.x-cart.com/addons/site-structured-data-by-cfl-systems.html', '', 'a:0:{}', 'a:4:{i:0;s:9:"Marketing";i:1;s:15:"User experience";i:2;s:3:"SEO";i:3;s:6:"Social";}', 1, 0, 0, 0, 0, 0, 'a:0:{}', 21096, 0),
(371, 'AdvancedQuantity', 'QSL', 'helpdesk@x-cart.com', 0, 0, 0, 0, '0.0000', 0, 65, '63.20', 'USD', '5.3', 2, 0, 1, 1453755600, 281088, 0, 'Fractional and Fixed quantities', 'Qualiteam', 'Sell products with quantity represented in fractional numbers, products available in packages containing fixed quantity of items, and set allowed quantities to be added to cart at a time.', 'http://my.x-cart.com/sites/default/files/addons/QSL/AdvancedQuantity/icon.png', 'https://market.x-cart.com/addons/fractional-and-fixed-quantities.html', '', 'a:0:{}', 'a:2:{i:0;s:18:"Catalog Management";i:1;s:10:"Accounting";}', 1, 0, 5, 0, 0, 0, 'a:0:{}', 21010, 0);
INSERT INTO `xc_modules` (`moduleID`, `name`, `author`, `authorEmail`, `enabled`, `installed`, `yamlLoaded`, `date`, `rating`, `votes`, `downloads`, `price`, `currency`, `majorVersion`, `minorVersion`, `build`, `minorRequiredCoreVersion`, `revisionDate`, `packSize`, `xcnPlan`, `moduleName`, `authorName`, `description`, `iconURL`, `pageURL`, `authorPageURL`, `dependencies`, `tags`, `fromMarketplace`, `isLanding`, `landingPosition`, `isSystem`, `hasLicense`, `editionState`, `editions`, `xbProductId`, `isSkin`) VALUES
(372, 'ShoppingDaySkin', 'QSL', 'qualiteam-modules@x-cart.com', 0, 0, 0, 0, '0.0000', 0, 41, '79.20', 'USD', '5.2', 7, 0, 11, 1453842000, 948224, 0, 'Shopping Day', 'Qualiteam', 'The "Shopping Day" X-Cart Design Template (#23). This template is good for the following themes: Accessories, Books, Clothing, Food & Drink, Supermarket.', 'http://my.x-cart.com/sites/default/files/addons/QSL/ShoppingDaySkin/icon.png', 'http://www.x-cart.com/extensions/xcart-templates/shopping-day.html', '', 'a:0:{}', 'a:1:{i:0;s:9:"Templates";}', 1, 0, 0, 0, 1, 0, 'a:0:{}', 456, 0),
(373, 'ExridPayment', 'QSL', 'helpdesk@x-cart.com', 0, 0, 0, 0, '0.0000', 0, 0, '31.20', 'USD', '5.3', 0, 0, 0, 1453928400, 37376, 0, 'Exrid', 'Qualiteam', 'Enables taking credit card payments for your online store via EXRID payment gateway (Iran).', 'http://my.x-cart.com/sites/default/files/addons/QSL/ExridPayment/icon.png', 'https://market.x-cart.com/addons/exrid.html', '', 'a:0:{}', 'a:1:{i:0;s:18:"Payment processing";}', 1, 0, 0, 0, 1, 0, 'a:0:{}', 21011, 0),
(374, 'QuickPayLinkPayment', 'QSL', 'helpdesk@x-cart.com', 0, 0, 0, 0, '0.0000', 0, 0, '31.20', 'USD', '5.3', 0, 0, 0, 1453928400, 70656, 0, 'QuickPay Link', 'Qualiteam', 'Integration with QuickPay Link payment gateway.', 'http://my.x-cart.com/sites/default/files/addons/QSL/QuickPayLinkPayment/icon.png', 'https://market.x-cart.com/addons/quickpay-link.html', '', 'a:0:{}', 'a:1:{i:0;s:18:"Payment processing";}', 1, 0, 0, 0, 1, 0, 'a:0:{}', 21012, 0),
(375, 'PayWayPayment', 'QSL', 'helpdesk@x-cart.com', 0, 0, 0, 0, '0.0000', 0, 7, '31.20', 'USD', '5.3', 0, 0, 0, 1453928400, 47104, 0, 'PayWay Net', 'Qualiteam', 'Integration with PayWay Net payment gateway. PayWay Net is a secure, flexible online payment system. You can offer your customers credit card payments and PayPal payments.', 'http://my.x-cart.com/sites/default/files/addons/QSL/PayWayPayment/icon.png', 'https://market.x-cart.com/addons/payway-net.html', '', 'a:0:{}', 'a:1:{i:0;s:18:"Payment processing";}', 1, 0, 0, 0, 1, 0, 'a:0:{}', 21013, 0),
(376, 'AlipayPayment', 'QSL', 'helpdesk@x-cart.com', 0, 0, 0, 0, '0.0000', 0, 1, '31.20', 'USD', '5.3', 0, 0, 0, 1454014683, 35840, 0, 'Alipay', 'Qualiteam', 'Enables taking credit card payments for your online store via Alipay payment gateway (Alibaba Corporation).', 'http://my.x-cart.com/sites/default/files/addons/QSL/AlipayPayment/icon.png', 'https://market.x-cart.com/addons/alipay.html', '', 'a:0:{}', 'a:1:{i:0;s:18:"Payment processing";}', 1, 0, 0, 0, 1, 0, 'a:0:{}', 21014, 0),
(377, 'SpecialOffersBase', 'QSL', 'helpdesk@x-cart.com', 0, 0, 0, 0, '0.0000', 0, 769, '0.00', 'USD', '5.3', 2, 0, 0, 1454446800, 218112, 0, 'Special Offers (base)', 'Qualiteam', 'This is the base module that allows other modules to add different types of special offers.', 'http://my.x-cart.com/sites/default/files/addons/QSL/SpecialOffersBase/iconAlt.png', 'https://market.x-cart.com/addons/special-offers-base.html', '', 'a:0:{}', 'a:0:{}', 1, 0, 0, 0, 0, 0, 'a:0:{}', 0, 0),
(378, 'SpecialOffersBuyXGetY', 'QSL', 'helpdesk@x-cart.com', 0, 0, 0, 0, '0.0000', 0, 64, '79.20', 'USD', '5.3', 0, 0, 0, 1454446800, 76288, 0, 'Special Offers: Buy X Get Y', 'Qualiteam', 'This module adds variations of the "Buy X Get Y" special offer type. Requires the base Special Offers module.', 'http://my.x-cart.com/sites/default/files/addons/QSL/SpecialOffersBuyXGetY/icon.png', 'https://market.x-cart.com/addons/buy-x-get-y.html', '', 'a:1:{i:0;s:21:"QSL\\SpecialOffersBase";}', 'a:1:{i:0;s:9:"Marketing";}', 1, 0, 0, 0, 1, 0, 'a:0:{}', 21015, 0),
(379, 'FashionHouse', 'QSL', 'helpdesk@x-cart.com', 0, 0, 0, 0, '0.0000', 0, 165, '119.20', 'USD', '5.3', 1, 7, 1, 1454965200, 1051648, 0, 'Fashion House', 'Qualiteam', 'The "Fashion House" X-Cart Design Template (#49). Stylish and clear template in light pastel pallet and straight cornered modern flat design, presented in three color schemes: pink, blue and teal. Full-width slider, banners, product carousels, etc. Fully responsive, SEO friendly and cross-browser compatible.', 'http://my.x-cart.com/sites/default/files/addons/QSL/FashionHouse/iconAlt.png', 'https://market.x-cart.com/xcart-templates/fashion-house.html', '', 'a:0:{}', 'a:1:{i:0;s:9:"Templates";}', 1, 0, 0, 0, 1, 0, 'a:0:{}', 20997, 0),
(380, 'ToolsStore', 'QSL', 'helpdesk@x-cart.com', 0, 0, 0, 0, '0.0000', 0, 28, '79.20', 'USD', '5.3', 2, 0, 0, 1455570000, 372736, 0, 'Tools Store', 'Qualiteam', 'The "Tools Store" X-Cart Design Template (#50). This template is good for the following themes:  Tools, Industry', 'http://my.x-cart.com/sites/default/files/addons/QSL/ToolsStore/icon.png', 'https://market.x-cart.com/xcart-templates/tools-store.html', '', 'a:0:{}', 'a:1:{i:0;s:9:"Templates";}', 1, 0, 0, 0, 1, 0, 'a:0:{}', 21017, 0),
(381, 'PostAffiliatePro', 'QualityUnit', 'support@ladesk.com', 0, 0, 0, 0, '0.0000', 0, 22, '0.00', 'USD', '5.3', 1, 0, 0, 1475784000, 59904, 0, 'Post Affiliate Pro integration', 'QualityUnit', 'Track clicks and sales to your Post Affiliate Pro or Porst Affiliate Network easily! When configured, the module will automatically track all the needed data to your Post Affiliate Pro or Porst Affiliate Network. You can track total cost, order ID , product ID and lifetime commissions.', 'http://my.x-cart.com/sites/default/files/addons/QualityUnit/PostAffiliatePro/iconAlt.png', 'https://market.x-cart.com/addons/post-affiliate-pro-integration.html', '', 'a:0:{}', 'a:1:{i:0;s:9:"Marketing";}', 1, 0, 0, 0, 1, 0, 'a:0:{}', 0, 0),
(382, 'V12Payment', 'QSL', 'helpdesk@x-cart.com', 0, 0, 0, 0, '0.0000', 0, 1, '31.20', 'USD', '5.3', 0, 0, 0, 1457643600, 60416, 0, 'V12 Retail Finance - Take 5', 'Qualiteam', 'Integration with V12 Retail Finance payment gateway ("Take 5" payment method)', 'http://my.x-cart.com/sites/default/files/addons/QSL/V12Payment/icon.png', 'https://market.x-cart.com/addons/V12-retail-finance-take-5.html', '', 'a:0:{}', 'a:1:{i:0;s:18:"Payment processing";}', 1, 0, 0, 0, 1, 0, 'a:0:{}', 21022, 0),
(383, 'TwitterUserTimeline', 'Tienda', 'xcartpartner@firemouth.net', 0, 0, 0, 0, '0.0000', 0, 1, '8.00', 'USD', '5.2', 0, 0, 0, 1460408400, 19456, 0, 'Twitter User Timeline', 'Tienda', 'Show your Tweets in the left hand menu', 'http://my.x-cart.com/sites/default/files/addons/Tienda/TwitterUserTimeline/icon.png', 'https://market.x-cart.com/addons/twitter-user-timeline.html', '', 'a:0:{}', 'a:1:{i:0;s:6:"Social";}', 1, 0, 0, 0, 0, 0, 'a:0:{}', 21027, 0),
(384, 'PayProCloud', 'QSL', 'helpdesk@x-cart.com', 0, 0, 0, 0, '0.0000', 0, 8, '31.20', 'USD', '5.3', 1, 0, 1, 1459112400, 157184, 0, 'PayPro Cloud', 'Qualiteam', 'The module integrates your store with secure PayPro Global online payment processing method - PayPro Cloud.', 'http://my.x-cart.com/sites/default/files/addons/QSL/PayProCloud/iconAlt.png', 'https://market.x-cart.com/addons/paypro-cloud.html', '', 'a:0:{}', 'a:1:{i:0;s:18:"Payment processing";}', 1, 0, 0, 0, 1, 0, 'a:0:{}', 21023, 0),
(385, 'SpecialOffersSpendXGetY', 'QSL', 'helpdesk@x-cart.com', 0, 0, 0, 0, '0.0000', 0, 19, '79.20', 'USD', '5.3', 0, 0, 0, 1459198800, 77312, 0, 'Special Offers: Spend X Get Y', 'Qualiteam', 'This module adds variations of the "Spend X Get Y" special offer type. Requires the base Special Offers module.', 'http://my.x-cart.com/sites/default/files/addons/QSL/SpecialOffersSpendXGetY/icon.png', 'https://market.x-cart.com/addons/spend-x-get-y.html', '', 'a:1:{i:0;s:21:"QSL\\SpecialOffersBase";}', 'a:1:{i:0;s:9:"Marketing";}', 1, 0, 0, 0, 1, 0, 'a:0:{}', 21024, 0),
(386, 'NewRelic', 'QSL', 'helpdesk@x-cart.com', 0, 0, 0, 0, '0.0000', 0, 27, '0.00', 'USD', '5.2', 0, 0, 0, 1459922806, 23552, 0, 'New Relic', 'Qualiteam', 'This module provides an integration with New Relic. New Relic is an analytics tool suite that provides a deep visibility into how your applications are performing in development and production.', 'http://my.x-cart.com/sites/default/files/addons/QSL/NewRelic/iconAlt.png', 'https://market.x-cart.com/addons/new-relic.html', '', 'a:0:{}', 'a:2:{i:0;s:14:"Administration";i:1;s:10:"Statistics";}', 1, 0, 0, 0, 0, 0, 'a:0:{}', 0, 0),
(387, 'LiveAgent', 'QualityUnit', 'support@ladesk.com', 0, 0, 0, 0, '0.0000', 0, 61, '0.00', 'USD', '5.3', 1, 0, 0, 1475784000, 47616, 0, 'LiveAgent helpdesk setup', 'QualityUnit', 'Easily connect your LiveAgent account with your store and choose which chat button will be used for it. If you do not have an account yet, you can create one really quickly', 'http://my.x-cart.com/sites/default/files/addons/QualityUnit/LiveAgent/iconAlt.png', 'https://market.x-cart.com/addons/liveagent.html', '', 'a:0:{}', 'a:1:{i:0;s:6:"Social";}', 1, 0, 0, 0, 1, 0, 'a:0:{}', 0, 0),
(388, 'RegisterOnCheckout', 'QSL', 'helpdesk@x-cart.com', 0, 0, 0, 0, '0.0000', 0, 65, '20.00', 'USD', '5.3', 0, 0, 0, 1460322000, 38912, 0, 'Register on Checkout', 'Qualiteam', 'Disable checkout from not authorised customers and allows them to register on checkout', 'http://my.x-cart.com/sites/default/files/addons/QSL/RegisterOnCheckout/icon.png', 'https://market.x-cart.com/addons/register-on-checkout.html', '', 'a:0:{}', 'a:1:{i:0;s:15:"User experience";}', 1, 0, 0, 0, 0, 0, 'a:0:{}', 21026, 0),
(389, 'UltimateSkin', 'QSL', 'qualiteam-modules@x-cart.com', 0, 0, 0, 0, '0.0000', 0, 44, '119.20', 'USD', '5.3', 0, 0, 1, -10800, 1289216, 0, 'Template #51 "Ultimate skin"', 'Qualiteam', 'The "Ultimate skin" X-Cart Design Template (#51). This template is good for the following themes:  Accessories, Clothing, Jewelry, Watches, Wedding', 'http://my.x-cart.com/sites/default/files/addons/QSL/UltimateSkin/icon.png', 'http://www.x-cart.com/extensions/xcart-templates/ultimate-skin.html', '', 'a:0:{}', 'a:1:{i:0;s:9:"Templates";}', 1, 0, 0, 0, 1, 0, 'a:0:{}', 21025, 0),
(390, 'InternationalShipping', 'Swipezoom', 'vendor+Swipezoom@x-cart.com', 0, 0, 0, 0, '0.0000', 0, 0, '39.20', 'USD', '5.2', 2, 0, 0, 1461618000, 501248, 0, 'SwipeZoom Global Payments and Shipping', 'Swipezoom', 'Start to welcome international customers, accept their payment and ship to their doorstep...within minutes!', 'http://my.x-cart.com/sites/default/files/addons/Swipezoom/InternationalShipping/icon.png', 'https://market.x-cart.com/addons/swipezoom-global-payments-and-shipping.html', '', 'a:0:{}', 'a:2:{i:0;s:18:"Payment processing";i:1;s:8:"Shipping";}', 1, 0, 0, 0, 0, 0, 'a:0:{}', 21029, 0),
(391, 'ArambaIntegration', 'Vendosoft', 'vendor+Vendosoft@x-cart.com', 0, 0, 0, 0, '0.0000', 0, 1, '12.00', 'USD', '5.2', 0, 0, 0, 1461099600, 71168, 0, 'Aramba', 'Vendosoft LLC', 'Create and send professional newsletters! The module integrates your store with Aramba, a popular service for mailing and bulk SMS messaging.', 'http://my.x-cart.com/sites/default/files/addons/Vendosoft/ArambaIntegration/icon.png', 'https://market.x-cart.com/addons/Aramba.html', '', 'a:0:{}', 'a:1:{i:0;s:9:"Marketing";}', 1, 0, 0, 0, 0, 0, 'a:0:{}', 21028, 0),
(392, 'Shopify', 'MagneticOne', 'marketing@magneticone.com', 0, 0, 0, 0, '0.0000', 0, 7, '0.00', 'USD', '5.3', 0, 2, 0, -10800, 121856, 0, 'Migrate Data from Shopify to X-Cart', 'MagneticOne', 'Allows you to use the Cart2Cart service right out of your store admin panel and install Connection Bridge to transfer your products, orders, customers information and other data from your Shopify store to X-Cart.', 'http://my.x-cart.com/sites/default/files/addons/MagneticOne/Shopify/iconAlt.png', 'https://market.x-cart.com/addons/migrate-data-from-shopify-to-x-cart.html', '', 'a:0:{}', 'a:0:{}', 1, 0, 0, 0, 0, 0, 'a:0:{}', 0, 0),
(393, 'Interspire', 'MagneticOne', 'marketing@magneticone.com', 0, 0, 0, 0, '0.0000', 0, 3, '0.00', 'USD', '5.3', 0, 2, 0, -10800, 124416, 0, 'Migrate Data from Interspire to X-Cart', 'MagneticOne', 'Allows you to use the Cart2Cart service right out of your store admin panel and install Connection Bridge to transfer your products, orders, customers information and other data from your Interspire store to X-Cart.', 'http://my.x-cart.com/sites/default/files/addons/MagneticOne/Interspire/iconAlt.png', 'https://market.x-cart.com/addons/migrate-data-from-interspire-to-x-cart.html', '', 'a:0:{}', 'a:0:{}', 1, 0, 0, 0, 0, 0, 'a:0:{}', 0, 0),
(394, 'Bigcommerce', 'MagneticOne', 'marketing@magneticone.com', 0, 0, 0, 0, '0.0000', 0, 5, '0.00', 'USD', '5.3', 0, 2, 0, -10800, 122368, 0, 'Migrate Data from Bigcommerce to X-Cart', 'MagneticOne', 'Allows you to use the Cart2Cart service right out of your store admin panel to transfer your products, orders, customers information and other data from your Bigcommerce store to X-Cart.', 'http://my.x-cart.com/sites/default/files/addons/MagneticOne/Bigcommerce/iconAlt.png', 'https://market.x-cart.com/addons/migrate-data-from-Bigcommerce-to-X-Cart.html', '', 'a:0:{}', 'a:0:{}', 1, 0, 0, 0, 0, 0, 'a:0:{}', 0, 0),
(395, 'Zencart', 'MagneticOne', 'marketing@magneticone.com', 0, 0, 0, 0, '0.0000', 0, 4, '0.00', 'USD', '5.3', 0, 2, 0, -10800, 259072, 0, 'Migrate Data from Zen Cart to X-Cart', 'MagneticOne', 'Allows you to use the Cart2Cart service right out of your store admin panel and install Connection Bridge to transfer your products, orders, customers information and other data from your Zen Cart store to X-Cart.', 'http://my.x-cart.com/sites/default/files/addons/MagneticOne/Zencart/iconAlt.png', 'https://market.x-cart.com/addons/migrate-data-from-zencart-to-x-cart.html', '', 'a:0:{}', 'a:0:{}', 1, 0, 0, 0, 0, 0, 'a:0:{}', 0, 0),
(396, 'Oscommerce', 'MagneticOne', 'marketing@magneticone.com', 0, 0, 0, 0, '0.0000', 0, 4, '0.00', 'USD', '5.3', 0, 2, 0, -10800, 124416, 0, 'Migrate Data from osCommerce to X-Cart', 'MagneticOne', 'Allows you to use the Cart2Cart service right out of your store admin panel and install Connection Bridge to transfer your products, orders, customers information and other data from your osCommerce store to X-Cart.', 'http://my.x-cart.com/sites/default/files/addons/MagneticOne/Oscommerce/iconAlt.png', 'https://market.x-cart.com/addons/migrate-data-from-oscommerce-to-x-cart.html', '', 'a:0:{}', 'a:0:{}', 1, 0, 0, 0, 0, 0, 'a:0:{}', 0, 0),
(397, 'Woocommerce', 'MagneticOne', 'marketing@magneticone.com', 0, 0, 0, 0, '0.0000', 0, 6, '0.00', 'USD', '5.3', 0, 2, 0, -10800, 124416, 0, 'Migrate Data from WooCommerce to X-Cart', 'MagneticOne', 'Allows you to use the Cart2Cart service right out of your store admin panel to transfer your products, orders, customers information and other data from your WooCommerce store to X-Cart.', 'http://my.x-cart.com/sites/default/files/addons/MagneticOne/Woocommerce/iconAlt.png', 'https://market.x-cart.com/addons/migrate-data-from-WooCommerce-to-X-Cart.html', '', 'a:0:{}', 'a:0:{}', 1, 0, 0, 0, 0, 0, 'a:0:{}', 0, 0),
(398, 'Prestashop', 'MagneticOne', 'marketing@magneticone.com', 0, 0, 0, 0, '0.0000', 0, 10, '0.00', 'USD', '5.3', 0, 2, 0, -10800, 124416, 0, 'Migrate Data from PrestaShop to X-Cart', 'MagneticOne', 'Allows you to use the Cart2Cart service right out of your store admin panel and install Connection Bridge to transfer your products, orders, customers information and other data from your PrestaShop store to X-Cart.', 'http://my.x-cart.com/sites/default/files/addons/MagneticOne/Prestashop/iconAlt.png', 'https://market.x-cart.com/addons/migrate-data-from-prestashop-to-x-cart.html', '', 'a:0:{}', 'a:0:{}', 1, 0, 0, 0, 0, 0, 'a:0:{}', 0, 0),
(399, 'Magento', 'MagneticOne', 'marketing@magneticone.com', 0, 0, 0, 0, '0.0000', 0, 6, '0.00', 'USD', '5.3', 0, 2, 0, -10800, 123904, 0, 'Migrate Data from Magento to X-Cart', 'MagneticOne', 'Allows you to use the Cart2Cart service right out of your store admin panel and install Connection Bridge to transfer your products, orders, customers information and other data from your Magento store to X-Cart.', 'http://my.x-cart.com/sites/default/files/addons/MagneticOne/Magento/iconAlt.png', 'https://market.x-cart.com/addons/migrate-data-from-magento-to-x-cart.html', '', 'a:0:{}', 'a:0:{}', 1, 0, 0, 0, 0, 0, 'a:0:{}', 0, 0),
(400, 'Pilibaba', 'XC', 'helpdesk@x-cart.com', 0, 0, 0, 0, '0.0000', 0, 362, '0.00', 'USD', '5.3', 1, 0, 0, 1461531201, 235520, 0, 'Pilibaba Chinese Checkout', 'X-Cart team', 'Start accepting CNY payment and take orders from 1.3 Billion shoppers in China. Support all Chinese debit/credit cards and give merchants the flexibility to convert CNY payment into either USD,EUR or 12 supported currencies.', 'http://my.x-cart.com/sites/default/files/addons/XC/Pilibaba/iconAlt.png', 'https://market.x-cart.com/addons/pilibaba.html', '', 'a:0:{}', 'a:2:{i:0;s:18:"Payment processing";i:1;s:8:"Shipping";}', 1, 0, 0, 0, 0, 0, 'a:0:{}', 0, 0),
(401, 'VendorMessages', 'XC', 'helpdesk@x-cart.com', 0, 0, 0, 0, '0.0000', 0, 175, '0.00', 'USD', '5.3', 1, 0, 0, 1461531600, 399360, 1, 'Order messages (Beta)', 'X-Cart team', 'The module enhances communication system in your store providing an opportunity for customers, administrator and vendors to start conversation or dispute about an order right on the Order details page.', 'http://my.x-cart.com/sites/default/files/addons/XC/VendorMessages/iconAlt.png', 'https://market.x-cart.com/addons/order-messages.html', '', 'a:0:{}', 'a:2:{i:0;s:15:"User experience";i:1;s:14:"Administration";}', 1, 1, 11, 0, 0, 2, 'a:3:{i:0;s:12:"391_Business";i:1;s:18:"20598_Multi-vendor";i:2;s:18:"536881125_Ultimate";}', 0, 0),
(402, 'Netsuite', 'Webgility', 'sales@webgility.com', 0, 0, 0, 0, '0.0000', 0, 5, '0.00', 'USD', '5.3', 1, 0, 0, 1474574400, 296960, 0, 'Unify for NetSuite', 'Webgility', 'Unify for NetSuite - Manage your e-commerce business from one place.  Unify easily integrates X-Cart with NetSuite.', 'http://my.x-cart.com/sites/default/files/addons/Webgility/Netsuite/iconAlt.png', 'https://market.x-cart.com/addons/unify-for-netsuite.html', '', 'a:0:{}', 'a:0:{}', 1, 0, 0, 0, 0, 0, 'a:0:{}', 0, 0),
(403, 'AmazonFeeds', 'QSL', 'helpdesk@x-cart.com', 0, 0, 0, 0, '0.0000', 0, 17, '204.00', 'USD', '5.3', 0, 0, 1, 1461790800, 1269760, 0, 'Amazon Feeds', 'Qualiteam', 'The module allows to upload products from your X-Cart store to Amazon one-by-one or in bulk, exporting product details, inventory, pricing and images.', 'http://my.x-cart.com/sites/default/files/addons/QSL/AmazonFeeds/icon.png', 'https://market.x-cart.com/addons/amazon-feeds.html', '', 'a:0:{}', 'a:2:{i:0;s:14:"Administration";i:1;s:18:"Catalog Management";}', 1, 0, 0, 0, 1, 0, 'a:0:{}', 21033, 0),
(404, 'EPL', 'QSL', 'helpdesk@x-cart.com', 0, 0, 0, 0, '0.0000', 0, 7, '284.00', 'USD', '5.3', 0, 0, 1, 1461877200, 156672, 0, 'Lookup product details by UPC and name', 'Qualiteam', 'Get ready product data from external product libraries providing high quality product specifications, descriptions and images from official sources.', 'http://my.x-cart.com/sites/default/files/addons/QSL/EPL/icon.png', 'https://market.x-cart.com/addons/lookup-product-details-by-UPC-and-name.html', '', 'a:0:{}', 'a:1:{i:0;s:18:"Catalog Management";}', 1, 0, 0, 0, 1, 0, 'a:0:{}', 21032, 0),
(405, 'ZhTranslation', 'XC', 'helpdesk@x-cart.com', 0, 0, 0, 0, '0.0000', 0, 34, '0.00', 'USD', '5.3', 1, 0, 0, 0, 563200, 0, 'Translation: Chinese', 'X-Cart team', 'Chinese translation pack', 'http://my.x-cart.com/sites/default/files/addons/XC/ZhTranslation/iconAlt.png', 'https://market.x-cart.com/addons/translation-chinese.html', '', 'a:0:{}', 'a:0:{}', 1, 0, 0, 0, 0, 0, 'a:0:{}', 0, 0),
(406, 'Testimonials', 'CSI', 'support@cflsystems.com', 0, 0, 0, 0, '0.0000', 0, 65, '40.00', 'USD', '5.3', 0, 2, 0, 1462262780, 298496, 0, 'Testimonials', 'CFL Systems, Inc.', 'This easy to use and powerful module allows your customers to leave testimonials about your store, products and/or services.', 'http://my.x-cart.com/sites/default/files/addons/CSI/Testimonials/icon.png', 'https://market.x-cart.com/addons/testimonials-by-cfl-systems.html', '', 'a:0:{}', 'a:1:{i:0;s:15:"User experience";}', 1, 0, 0, 0, 0, 0, 'a:0:{}', 21110, 0),
(407, 'RaboOmniKassaPayment', 'QSL', 'helpdesk@x-cart.com', 0, 0, 0, 0, '0.0000', 0, 3, '31.20', 'USD', '5.3', 0, 0, 0, 1465246800, 59392, 0, 'Rabo OmniKassa', 'Qualiteam', 'Integration with Rabo OmniKassa payment gateway. Rabo OmniKassa is a secure, flexible online payment system. You can offer your customers various ways to pay for their orders.', 'http://my.x-cart.com/sites/default/files/addons/QSL/RaboOmniKassaPayment/icon.png', 'https://market.x-cart.com/addons/rabo-omnikassa.html', '', 'a:0:{}', 'a:1:{i:0;s:18:"Payment processing";}', 1, 0, 0, 0, 0, 0, 'a:0:{}', 21035, 0),
(408, 'Backup', 'QSL', 'helpdesk@x-cart.com', 0, 0, 0, 0, '0.0000', 0, 172, '39.20', 'USD', '5.3', 2, 0, 0, 1463554063, 326144, 0, 'Backup Master', 'Qualiteam', 'Allows you to create full backups of your X-Cart 5 store.', 'http://my.x-cart.com/sites/default/files/addons/QSL/Backup/icon.png', 'https://market.x-cart.com/addons/backup-master.html', '', 'a:0:{}', 'a:2:{i:0;s:14:"Administration";i:1;s:11:"Development";}', 1, 1, 8, 0, 1, 0, 'a:0:{}', 21036, 0),
(409, 'BackgroundVideo', 'PerceptionSystemPvtLtd', 'xcart@perceptionsystem.com', 0, 0, 0, 0, '0.0000', 0, 13, '15.20', 'USD', '5.3', 1, 0, 0, 1464183079, 1500160, 0, 'Background Video Banner', 'Perception System Pvt. Ltd.', 'New design trend to display Video at home page banner. Upload video or add You-tube Video as background with amazing Parallax effect. Best way to create trendy eCommerce Store.', 'http://my.x-cart.com/sites/default/files/addons/PerceptionSystemPvtLtd/BackgroundVideo/icon.png', 'https://market.x-cart.com/addons/background-video-banner-by-perception-system.html', '', 'a:0:{}', 'a:2:{i:0;s:15:"User experience";i:1;s:13:"Design tweaks";}', 1, 0, 0, 0, 0, 0, 'a:0:{}', 21044, 0),
(410, 'BulkEditing', 'XC', 'helpdesk@x-cart.com', 0, 0, 0, 0, '0.0000', 0, 220, '0.00', 'USD', '5.3', 1, 1, 0, 1464728400, 235520, 1, 'Bulk Editing', 'X-Cart team', 'The module allows to edit products in bulk. Choose products for editing and select the parameter that needs to be updated for them.', 'http://my.x-cart.com/sites/default/files/addons/XC/BulkEditing/icon.png', 'https://market.x-cart.com/addons/bulk-editing.html', '', 'a:0:{}', 'a:2:{i:0;s:14:"Administration";i:1;s:18:"Catalog Management";}', 1, 1, 9, 0, 0, 2, 'a:3:{i:0;s:12:"391_Business";i:1;s:18:"20598_Multi-vendor";i:2;s:18:"536881125_Ultimate";}', 0, 0),
(411, 'CrispWhiteSkin', 'XC', 'helpdesk@x-cart.com', 0, 0, 0, 0, '0.0000', 0, 669, '0.00', 'USD', '5.3', 1, 4, 0, 1464860315, 1617920, 0, 'Crisp White skin', 'X-Cart team', 'Light and clean skin developed in minimalist style and combining flat and material design will make your store look clean and modern.', 'http://my.x-cart.com/sites/default/files/addons/XC/CrispWhiteSkin/icon.png', 'https://market.x-cart.com/xcart-templates/crisp-white-skin.html', '', 'a:0:{}', 'a:1:{i:0;s:9:"Templates";}', 1, 0, 0, 0, 0, 0, 'a:0:{}', 0, 0),
(412, 'FastLaneCheckout', 'XC', 'helpdesk@x-cart.com', 0, 0, 0, 0, '0.0000', 0, 296, '0.00', 'USD', '5.3', 1, 2, 0, 1464814800, 276480, 0, 'Fast Lane Checkout', 'X-Cart team', 'Modern multi-step checkout asks for a separate piece of information at a separate step. As a result, it looks looks clean for customers and seems secure and easy to fill in.', 'http://my.x-cart.com/sites/default/files/addons/XC/FastLaneCheckout/iconAlt.png', 'https://market.x-cart.com/addons/fast-lane-checkout.html', '', 'a:0:{}', 'a:2:{i:0;s:15:"User experience";i:1;s:18:"Payment processing";}', 1, 0, 0, 0, 0, 0, 'a:0:{}', 0, 0),
(413, 'NewsletterSubscriptions', 'XC', 'helpdesk@x-cart.com', 0, 0, 0, 0, '0.0000', 0, 195, '0.00', 'USD', '5.3', 1, 1, 0, 1464814800, 102400, 0, 'Newsletter subscriptions', 'X-Cart team', 'The module adds a sign up form into your site footer inviting your customers to subscribe for your company newsletters. The list of subscribers is stored in the admin back-end and can also be forwarded to Mailchimp.', 'http://my.x-cart.com/sites/default/files/addons/XC/NewsletterSubscriptions/iconAlt.png', 'https://market.x-cart.com/addons/newsletter-subscriptions.html', '', 'a:0:{}', 'a:2:{i:0;s:9:"Marketing";i:1;s:15:"User experience";}', 1, 0, 0, 0, 0, 0, 'a:0:{}', 0, 0),
(414, 'TreeLikeCategoriesMenu', 'QSL', 'helpdesk@x-cart.com', 0, 0, 0, 0, '0.0000', 0, 21, '15.96', 'USD', '5.3', 0, 0, 0, 1465246800, 35840, 0, 'Tree-like Categories Menu', 'Qualiteam', 'The module changes the default flyout categories menu in the Customer area by introducing a tree-like menu style. Requires Flyout Categories Menu module to be enabled', 'http://my.x-cart.com/sites/default/files/addons/QSL/TreeLikeCategoriesMenu/icon.png', 'https://market.x-cart.com/addons/tree-like-categories-menu.html', '', 'a:1:{i:0;s:24:"QSL\\FlyoutCategoriesMenu";}', 'a:1:{i:0;s:13:"Design tweaks";}', 1, 0, 0, 0, 1, 0, 'a:0:{}', 21040, 0),
(415, 'Returns', 'QSL', 'helpdesk@x-cart.com', 0, 0, 0, 0, '0.0000', 0, 36, '119.20', 'USD', '5.3', 1, 0, 0, 1465542101, 326144, 0, 'Order returns', 'Qualiteam', 'Enable your customers to issue returns for their orders. Return requests are put into a queue, so they can be conveniently processed.', 'http://my.x-cart.com/sites/default/files/addons/QSL/Returns/iconAlt.png', 'https://market.x-cart.com/addons/order-returns.html', '', 'a:0:{}', 'a:2:{i:0;s:11:"Fulfillment";i:1;s:14:"Administration";}', 1, 1, 7, 0, 0, 0, 'a:0:{}', 21041, 0),
(416, 'ColorSwatches', 'QSL', 'helpdesk@x-cart.com', 0, 0, 0, 0, '0.0000', 0, 43, '100.00', 'USD', '5.3', 0, 0, 1, 1466021870, 172032, 0, 'Color swatches', 'Qualiteam', 'The module displays product options, such as color, fabric or design as clickable color swatches or small images on the product page.', 'http://my.x-cart.com/sites/default/files/addons/QSL/ColorSwatches/icon.png', 'https://market.x-cart.com/addons/color-swatches.html', '', 'a:0:{}', 'a:2:{i:0;s:18:"Catalog Management";i:1;s:13:"Design tweaks";}', 1, 1, 6, 0, 1, 0, 'a:0:{}', 21042, 0),
(417, 'PriceCountdown', 'QSL', 'helpdesk@x-cart.com', 0, 0, 0, 0, '0.0000', 0, 20, '68.00', 'USD', '5.3', 0, 0, 1, 1466370000, 132608, 0, 'Price countdown', 'Qualiteam', 'The module adds countdown widget to the product page, category page or cart page showing the number of days and hours/minutes/seconds left to the end of the offer.', 'http://my.x-cart.com/sites/default/files/addons/QSL/PriceCountdown/icon.png', 'https://market.x-cart.com/addons/price-countdown.html', '', 'a:0:{}', 'a:1:{i:0;s:9:"Marketing";}', 1, 0, 0, 0, 0, 0, 'a:0:{}', 21043, 0),
(418, 'XLSExportImport', 'QSL', 'helpdesk@x-cart.com', 0, 0, 0, 0, '0.0000', 0, 31, '68.00', 'USD', '5.3', 0, 0, 1, 1466021956, 4829696, 0, 'Excel export / import', 'Qualiteam', 'The module adds an opportunity to export and import data in .xls (Excel 5), .xlsx (Excel 2007), .ods (OpenDocument) formats.', 'http://my.x-cart.com/sites/default/files/addons/QSL/XLSExportImport/icon.png', 'https://market.x-cart.com/addons/excel-export-import.html', '', 'a:0:{}', 'a:1:{i:0;s:18:"Catalog Management";}', 1, 0, 0, 0, 1, 0, 'a:0:{}', 21045, 0),
(419, 'Wufoo', 'QSL', 'helpdesk@x-cart.com', 0, 0, 0, 0, '0.0000', 0, 7, '31.20', 'USD', '5.3', 1, 0, 1, 1466024400, 75776, 0, 'Wufoo', 'Qualiteam', 'Design forms in Wufoo and add them to your store static pages to collect various data from your customers.', 'http://my.x-cart.com/sites/default/files/addons/QSL/Wufoo/icon.png', 'https://market.x-cart.com/addons/wufoo.html', '', 'a:1:{i:0;s:14:"CDev\\SimpleCMS";}', 'a:1:{i:0;s:18:"Payment processing";}', 1, 0, 0, 0, 1, 0, 'a:0:{}', 21046, 0),
(420, 'MonkeyData', 'MonkeyData', 'partners@monkeydata.com', 0, 0, 0, 0, '0.0000', 0, 33, '0.00', 'USD', '5.3', 0, 0, 0, 1471208400, 304128, 0, 'MonkeyData', 'MonkeyData', 'MonkeyData is the best analytics solution for your online store. Get the statistics of all your sales channels in one place! Metrics from X-Cart, Adwords, Amazon, eBay, Facebook and more in clear dashboards. ', 'http://my.x-cart.com/sites/default/files/addons/MonkeyData/MonkeyData/icon.png', '', '', 'a:0:{}', 'a:0:{}', 1, 0, 0, 0, 1, 0, 'a:0:{}', 0, 0),
(421, 'Muut', 'QSL', 'helpdesk@x-cart.com', 0, 0, 0, 0, '0.0000', 0, 0, '31.20', 'USD', '5.3', 1, 0, 1, 1469566800, 44544, 0, 'Muut', 'Qualiteam', 'Add comment and forum widgets to your site product and static pages, build your community and gain more returning customers.', 'http://my.x-cart.com/sites/default/files/addons/QSL/Muut/icon.png', 'https://market.x-cart.com/addons/muut.html', '', 'a:1:{i:0;s:14:"CDev\\SimpleCMS";}', 'a:2:{i:0;s:15:"User experience";i:1;s:6:"Social";}', 1, 0, 0, 0, 1, 0, 'a:0:{}', 21053, 0),
(422, 'Pnyxe', 'QSL', 'helpdesk@x-cart.com', 0, 0, 0, 0, '0.0000', 0, 0, '31.20', 'USD', '5.3', 1, 0, 1, 1469566800, 47616, 0, 'Pnyxe', 'Qualiteam', 'Increase user engagement with Pnyxe which allows you to add forum widgets to static pages and comment widgets to product pages.', 'http://my.x-cart.com/sites/default/files/addons/QSL/Pnyxe/icon.png', 'https://market.x-cart.com/addons/pnyxe.html', '', 'a:1:{i:0;s:14:"CDev\\SimpleCMS";}', 'a:2:{i:0;s:15:"User experience";i:1;s:6:"Social";}', 1, 0, 0, 0, 1, 0, 'a:0:{}', 21052, 0),
(423, 'OneCategory', 'QSL', 'helpdesk@x-cart.com', 0, 0, 0, 0, '0.0000', 0, 1, '36.00', 'USD', '5.3', 0, 0, 1, 1469652645, 24576, 0, 'One category', 'Qualiteam', 'The module disables categories functionality in the storefront, and all products from the store catalog are displayed on the homepage.', 'http://my.x-cart.com/sites/default/files/addons/QSL/OneCategory/icon.png', 'https://market.x-cart.com/addons/one-category.html', '', 'a:0:{}', 'a:1:{i:0;s:18:"Catalog Management";}', 1, 0, 0, 0, 0, 0, 'a:0:{}', 21050, 0),
(424, 'OneProduct', 'QSL', 'helpdesk@x-cart.com', 0, 0, 0, 0, '0.0000', 0, 0, '36.00', 'USD', '5.3', 0, 0, 1, 1469653200, 47104, 0, 'One product', 'Qualiteam', 'This module changes the store to fit businesses selling one product only. It disables categories block, search block, breadcrumbs, and turns homepage into the product page.', 'http://my.x-cart.com/sites/default/files/addons/QSL/OneProduct/icon.png', 'https://market.x-cart.com/addons/one-product.html', '', 'a:0:{}', 'a:1:{i:0;s:18:"Catalog Management";}', 1, 0, 0, 0, 0, 0, 'a:0:{}', 21051, 0),
(425, 'MigrationWizard', 'XC', 'helpdesk@x-cart.com', 0, 0, 0, 0, '0.0000', 0, 181, '0.00', 'USD', '5.3', 4, 2, 1, 1469566800, 731136, 0, 'Migration wizard (Beta)', 'X-Cart team', 'The module guarantees trouble-free migration from X-Cart 4 to X-Cart 5. It transfers data and settings, and as a result, you get a working store on a new platform within a few minutes.', 'http://my.x-cart.com/sites/default/files/addons/XC/MigrationWizard/icon.png', 'https://market.x-cart.com/addons/migration-wizard.html', '', 'a:0:{}', 'a:2:{i:0;s:14:"Administration";i:1;s:18:"Catalog Management";}', 1, 1, 4, 0, 0, 0, 'a:0:{}', 0, 0),
(426, 'Highlight', 'Webgility', 'sales@webgility.com', 0, 0, 0, 0, '0.0000', 0, 18, '0.00', 'USD', '5.3', 1, 0, 0, 1471809600, 294400, 0, 'Highlight', 'Webgility', 'Highlight - Consolidate your multi-channel data and get a holistic view of your e-commerce business. See what matters to your business.', 'http://my.x-cart.com/sites/default/files/addons/Webgility/Highlight/iconAlt.png', 'https://market.x-cart.com/addons/quickBooks-pos-integration-by-webgility.html', '', 'a:0:{}', 'a:0:{}', 1, 0, 0, 0, 0, 0, 'a:0:{}', 0, 0),
(427, 'HoverImage', 'QSL', 'helpdesk@x-cart.com', 0, 0, 0, 0, '0.0000', 0, 7, '15.96', 'USD', '5.3', 0, 1, 1, 1471467600, 45056, 0, 'Hover Image', 'Qualiteam', 'This module shows next product image on hover in a product list', 'http://my.x-cart.com/sites/default/files/addons/QSL/HoverImage/icon.png', 'https://market.x-cart.com/addons/hover-image.html', '', 'a:0:{}', 'a:2:{i:0;s:15:"User experience";i:1;s:13:"Design tweaks";}', 1, 1, 5, 0, 0, 0, 'a:0:{}', 21070, 0),
(428, 'CategoryDescription', 'CSI', 'support@cflsystems.com', 0, 0, 0, 0, '0.0000', 0, 13, '28.00', 'USD', '5.3', 1, 0, 0, 1473627600, 47616, 0, 'Category Second Description', 'CFL Systems, Inc.', 'Category Second Description module adds an additional description field for categories.', 'http://my.x-cart.com/sites/default/files/addons/CSI/CategoryDescription/icon.png', 'https://market.x-cart.com/addons/category-second-description-by-cfl-systems.html', '', 'a:0:{}', 'a:0:{}', 1, 1, 3, 0, 0, 0, 'a:0:{}', 21088, 0),
(429, 'StandardRTLSkin', 'QSL', 'helpdesk@x-cart.com', 0, 0, 0, 0, '0.0000', 0, 25, '119.20', 'USD', '5.3', 0, 1, 0, 1473627600, 38912, 0, 'RTL languages support', 'Qualiteam', 'The module adds RTL-languages support into the standard X-Cart skin.', 'http://my.x-cart.com/sites/default/files/addons/QSL/StandardRTLSkin/icon.png', 'https://market.x-cart.com/addons/standard-rtl-skin.html', '', 'a:0:{}', 'a:1:{i:0;s:9:"Templates";}', 1, 1, 2, 0, 0, 0, 'a:0:{}', 21089, 0),
(430, 'G2APay', 'G2APay', 'pay@g2a.com', 0, 0, 0, 0, '0.0000', 0, 40, '0.00', 'USD', '5.3', 0, 0, 1, 1474578000, 53248, 0, 'G2A Pay', 'G2A Pay', 'G2A Pay is a global payment gateway providing a solution to accept 150+ payment methods to grow your sales. Your customers can use the checkout they trust and pay with the payment method they know. Connect to international customers by localizing their buying experience wherever they pay.', 'http://my.x-cart.com/sites/default/files/addons/G2APay/G2APay/icon.png', 'https://market.x-cart.com/addons/g2a-pay.html', '', 'a:0:{}', 'a:1:{i:0;s:18:"Payment processing";}', 1, 1, 1, 0, 0, 0, 'a:0:{}', 0, 0),
(431, 'Onehop', 'ScreenMagic', 'devinder@screen-magic.com', 0, 0, 0, 0, '0.0000', 0, 4, '0.00', 'USD', '5.3', 0, 0, 0, 1475179200, 2236928, 0, 'Onehop SMS', 'Screenmagic', 'Onehop SMS extension offers features to engage with your customers at the crucial stages of purchase cycle. Users can configure automated SMS-based notifications to their customers during every step of your e-commerce purchase and fulfillment processes. \n\nOnehop SMS gives users the ability to send best quality of SMS via world’s best and leading SMS service providers. User will be able to send SMS globally via multiple gateways with a single API.   \n', 'http://my.x-cart.com/sites/default/files/addons/ScreenMagic/Onehop/iconAlt.png', 'https://market.x-cart.com/addons/onehop-sms.html', '', 'a:0:{}', 'a:5:{i:0;s:11:"Fulfillment";i:1;s:9:"Marketing";i:2;s:14:"Administration";i:3;s:15:"Mobile Commerce";i:4;s:6:"Orders";}', 1, 0, 0, 0, 0, 0, 'a:0:{}', 0, 0),
(432, 'OkpayPayment', 'OKPAY', 'mikhail.yakovenko@okpay.com', 0, 0, 0, 0, '0.0000', 0, 7, '39.20', 'USD', '5.3', 2, 0, 0, 1476172005, 40960, 0, 'OKPAY Payment Gateway', 'OKPAY Dev team', 'OKPAY allows all types of payments "in the single window": Credit Cards, SMS payments aka "Mobile Commerce", e-currencies (WebMoney, Yandex.Money, WalletOne), Instant payment terminals, Internet-Banking, Cryptocurrencies.', 'http://my.x-cart.com/sites/default/files/addons/OKPAY/OkpayPayment/icon.png', 'https://market.x-cart.com/addons/okpay-payment-gateway.html', '', 'a:0:{}', 'a:1:{i:0;s:18:"Payment processing";}', 1, 0, 0, 0, 0, 0, 'a:0:{}', 0, 0),
(433, 'AuthorizenetAcceptjs', 'QSL', 'helpdesk@x-cart.com', 0, 0, 0, 0, '0.0000', 0, 10, '31.20', 'USD', '5.3', 0, 0, 0, 1476976103, 63488, 0, 'Authorize.Net Accept.js', 'Qualiteam', 'The module integrates your store with Authorize.Net Accept.js to accept payments in a PCI-DSS compliant way.', 'http://my.x-cart.com/sites/default/files/addons/QSL/AuthorizenetAcceptjs/icon.png', 'https://market.x-cart.com/addons/authorize-net-accept-js.html', '', 'a:0:{}', 'a:1:{i:0;s:18:"Payment processing";}', 1, 0, 0, 0, 0, 0, 'a:0:{}', 21120, 0);

-- --------------------------------------------------------

--
-- Table structure for table `xc_module_keys`
--

DROP TABLE IF EXISTS `xc_module_keys`;
CREATE TABLE IF NOT EXISTS `xc_module_keys` (
  `keyId` int(11) NOT NULL AUTO_INCREMENT,
  `name` varchar(64) COLLATE utf8_unicode_ci NOT NULL,
  `author` varchar(64) COLLATE utf8_unicode_ci NOT NULL,
  `keyValue` char(64) COLLATE utf8_unicode_ci NOT NULL,
  `keyType` int(11) NOT NULL,
  `xcnPlan` bigint(20) NOT NULL,
  `keyData` longtext COLLATE utf8_unicode_ci NOT NULL COMMENT '(DC2Type:array)',
  `active` tinyint(1) NOT NULL,
  PRIMARY KEY (`keyId`),
  UNIQUE KEY `an` (`author`,`name`,`xcnPlan`)
) ENGINE=InnoDB DEFAULT CHARSET=utf8 COLLATE=utf8_unicode_ci;

-- --------------------------------------------------------

--
-- Table structure for table `xc_money_modificators`
--

DROP TABLE IF EXISTS `xc_money_modificators`;
CREATE TABLE IF NOT EXISTS `xc_money_modificators` (
  `id` int(10) UNSIGNED NOT NULL AUTO_INCREMENT,
  `class` varchar(255) COLLATE utf8_unicode_ci NOT NULL,
  `modificator` varchar(64) COLLATE utf8_unicode_ci NOT NULL,
  `validator` varchar(64) COLLATE utf8_unicode_ci NOT NULL,
  `position` int(11) NOT NULL,
  `behavior` varchar(64) COLLATE utf8_unicode_ci NOT NULL,
  `purpose` varchar(64) COLLATE utf8_unicode_ci NOT NULL,
  PRIMARY KEY (`id`)
) ENGINE=InnoDB AUTO_INCREMENT=4 DEFAULT CHARSET=utf8 COLLATE=utf8_unicode_ci;

--
-- Dumping data for table `xc_money_modificators`
--

INSERT INTO `xc_money_modificators` (`id`, `class`, `modificator`, `validator`, `position`, `behavior`, `purpose`) VALUES
(1, 'XLite\\Logic\\AttributeSurcharge', 'modifyMoney', 'isApply', 10, '', 'net'),
(2, 'XLite\\Module\\CDev\\Sale\\Logic\\SalePrice', 'modifyMoney', 'isApply', 5, '', 'net'),
(3, 'XLite\\Module\\CDev\\Sale\\Logic\\PercentOff', 'modifyMoney', 'isApply', 500, '', 'net');

-- --------------------------------------------------------

--
-- Table structure for table `xc_news`
--

DROP TABLE IF EXISTS `xc_news`;
CREATE TABLE IF NOT EXISTS `xc_news` (
  `id` int(10) UNSIGNED NOT NULL AUTO_INCREMENT,
  `enabled` tinyint(1) NOT NULL,
  `date` int(11) NOT NULL,
  `metaDescType` varchar(1) COLLATE utf8_unicode_ci NOT NULL,
  PRIMARY KEY (`id`),
  KEY `enabled` (`enabled`)
) ENGINE=InnoDB DEFAULT CHARSET=utf8 COLLATE=utf8_unicode_ci;

-- --------------------------------------------------------

--
-- Table structure for table `xc_newsletter_subscriptions_subscribers`
--

DROP TABLE IF EXISTS `xc_newsletter_subscriptions_subscribers`;
CREATE TABLE IF NOT EXISTS `xc_newsletter_subscriptions_subscribers` (
  `id` int(10) UNSIGNED NOT NULL AUTO_INCREMENT,
  `profile_id` int(11) DEFAULT NULL,
  `email` varchar(255) COLLATE utf8_unicode_ci NOT NULL,
  PRIMARY KEY (`id`),
  UNIQUE KEY `email` (`email`),
  KEY `IDX_1D0911E5FCCFA12B8` (`profile_id`)
) ENGINE=InnoDB DEFAULT CHARSET=utf8 COLLATE=utf8_unicode_ci;

-- --------------------------------------------------------

--
-- Table structure for table `xc_news_message_translations`
--

DROP TABLE IF EXISTS `xc_news_message_translations`;
CREATE TABLE IF NOT EXISTS `xc_news_message_translations` (
  `label_id` int(11) NOT NULL AUTO_INCREMENT,
  `id` int(10) UNSIGNED DEFAULT NULL,
  `name` varchar(255) COLLATE utf8_unicode_ci NOT NULL,
  `body` longtext COLLATE utf8_unicode_ci NOT NULL,
  `brief_description` longtext COLLATE utf8_unicode_ci NOT NULL,
  `metaTags` varchar(255) COLLATE utf8_unicode_ci NOT NULL,
  `metaDesc` longtext COLLATE utf8_unicode_ci NOT NULL,
  `metaTitle` varchar(255) COLLATE utf8_unicode_ci NOT NULL,
  `code` char(2) COLLATE utf8_unicode_ci NOT NULL,
  PRIMARY KEY (`label_id`),
  KEY `ci` (`code`,`id`),
  KEY `id` (`id`)
) ENGINE=InnoDB DEFAULT CHARSET=utf8 COLLATE=utf8_unicode_ci;

-- --------------------------------------------------------

--
-- Table structure for table `xc_notifications`
--

DROP TABLE IF EXISTS `xc_notifications`;
CREATE TABLE IF NOT EXISTS `xc_notifications` (
  `templatesDirectory` varchar(255) COLLATE utf8_unicode_ci NOT NULL,
  `availableForAdmin` tinyint(1) NOT NULL,
  `availableForCustomer` tinyint(1) NOT NULL,
  `enabledForAdmin` tinyint(1) NOT NULL,
  `enabledForCustomer` tinyint(1) NOT NULL,
  `adminHeaderEnabled` tinyint(1) NOT NULL,
  `adminGreetingEnabled` tinyint(1) NOT NULL,
  `adminSignatureEnabled` tinyint(1) NOT NULL,
  `customerHeaderEnabled` tinyint(1) NOT NULL,
  `customerGreetingEnabled` tinyint(1) NOT NULL,
  `customerSignatureEnabled` tinyint(1) NOT NULL,
  PRIMARY KEY (`templatesDirectory`),
  UNIQUE KEY `UNIQ_26039A9958BB5391` (`templatesDirectory`)
) ENGINE=InnoDB DEFAULT CHARSET=utf8 COLLATE=utf8_unicode_ci;

--
-- Dumping data for table `xc_notifications`
--

INSERT INTO `xc_notifications` (`templatesDirectory`, `availableForAdmin`, `availableForCustomer`, `enabledForAdmin`, `enabledForCustomer`, `adminHeaderEnabled`, `adminGreetingEnabled`, `adminSignatureEnabled`, `customerHeaderEnabled`, `customerGreetingEnabled`, `customerSignatureEnabled`) VALUES
('failed_admin_login', 1, 0, 1, 0, 1, 0, 1, 1, 1, 1),
('failed_transaction', 1, 0, 1, 0, 1, 0, 1, 1, 1, 1),
('low_limit_warning', 0, 0, 1, 0, 1, 0, 1, 1, 1, 1),
('modules/CDev/ContactUs/message', 0, 0, 1, 0, 1, 0, 1, 1, 1, 1),
('modules/XC/CanadaPost/return_approved', 0, 1, 0, 1, 1, 0, 1, 1, 1, 1),
('modules/XC/CanadaPost/return_rejected', 0, 1, 0, 1, 1, 0, 1, 1, 1, 1),
('order_advanced_changed', 0, 1, 0, 1, 0, 0, 1, 0, 1, 1),
('order_canceled', 1, 1, 1, 1, 0, 0, 1, 0, 1, 1),
('order_changed', 1, 1, 1, 1, 0, 0, 1, 0, 1, 1),
('order_created', 1, 1, 0, 0, 0, 0, 1, 0, 1, 1),
('order_failed', 1, 1, 1, 1, 0, 0, 1, 0, 1, 1),
('order_processed', 1, 1, 1, 1, 0, 0, 1, 0, 1, 1),
('order_shipped', 0, 1, 0, 1, 0, 0, 1, 0, 1, 1),
('order_tracking_information', 0, 0, 0, 1, 0, 0, 1, 0, 1, 1),
('profile_created', 1, 1, 0, 1, 1, 0, 1, 1, 1, 1),
('profile_deleted', 1, 0, 0, 0, 1, 0, 1, 1, 1, 1),
('profile_modified', 1, 1, 0, 1, 1, 0, 1, 1, 1, 1),
('recover_password_request', 1, 1, 1, 1, 1, 0, 1, 1, 1, 1),
('register_anonymous', 0, 1, 0, 1, 1, 0, 1, 1, 1, 1);

-- --------------------------------------------------------

--
-- Table structure for table `xc_notification_translations`
--

DROP TABLE IF EXISTS `xc_notification_translations`;
CREATE TABLE IF NOT EXISTS `xc_notification_translations` (
  `label_id` int(11) NOT NULL AUTO_INCREMENT,
  `id` varchar(255) COLLATE utf8_unicode_ci DEFAULT NULL,
  `name` varchar(128) COLLATE utf8_unicode_ci NOT NULL,
  `description` longtext COLLATE utf8_unicode_ci NOT NULL,
  `customerSubject` varchar(255) COLLATE utf8_unicode_ci NOT NULL,
  `customerText` longtext COLLATE utf8_unicode_ci NOT NULL,
  `adminSubject` varchar(255) COLLATE utf8_unicode_ci NOT NULL,
  `adminText` longtext COLLATE utf8_unicode_ci NOT NULL,
  `code` char(2) COLLATE utf8_unicode_ci NOT NULL,
  PRIMARY KEY (`label_id`),
  KEY `ci` (`code`,`id`),
  KEY `id` (`id`)
) ENGINE=InnoDB AUTO_INCREMENT=23 DEFAULT CHARSET=utf8 COLLATE=utf8_unicode_ci;

--
-- Dumping data for table `xc_notification_translations`
--

INSERT INTO `xc_notification_translations` (`label_id`, `id`, `name`, `description`, `customerSubject`, `customerText`, `adminSubject`, `adminText`, `code`) VALUES
(1, 'failed_admin_login', 'Failed admin login', 'The notification is sent to the email address of the admin user for whose account failed login attempts have been detected several times in a row. A copy of the message is also sent to the store’s super admin user.', '', '', 'WARNING! Administrator login failure', 'Failed administrator login detected.', 'en'),
(2, 'low_limit_warning', 'Low limit warning', 'This message is used to notify the administrator when the stock level of a product reaches the low stock limit as specified in the product details.', '', '', 'Low stock warning', 'The inventory level of a product in your store has reached the low limit.', 'en'),
(3, 'order_advanced_changed', 'Order changed with advanced order management', 'This message is sent to notify the customer of any changes made to their order by an administrator using the advanced order management feature.', 'Your order has been changed', 'Your order has been changed by customer service. Here are the details of your order:', '', '', 'en'),
(4, 'order_canceled', 'Order canceled', 'This notification is sent to both the administrator and customer when an order gets the status Canceled.', 'Your order has been canceled', 'Your order has been canceled.', 'Order has been canceled', 'Order has been canceled.', 'en'),
(5, 'order_changed', 'Order changed', 'This notification is sent to both the administrator and customer when the status of an order is updated - in the event that no other type of notification is sent.', 'Your order has been changed', 'Your order has been changed. Here are the details of your order:', 'Order has been changed', 'Order has been changed.', 'en'),
(6, 'order_created', 'Order created', 'This notification is sent to both the administrator and customer when a new order is created (Disabled by default).', 'Order has been created', 'Thank you for shopping with us! We received your order.<br />You will receive an order confirmation once your order is processed.', 'Order has been created', 'Order has been created.', 'en'),
(7, 'order_failed', 'Order declined', 'This notification is sent to both the administrator and customer when an order gets the status Declined.', 'Your order has been declined', 'The status of your order has been changed to "Declined". This could be for one of the following reasons:<br />1) The order was declined by the store administrator.<br />2) The payment could not be processed at the time of order placement.<br />For more information, please contact the store administrator.', 'Order has been declined', 'Order has been declined.', 'en'),
(8, 'order_processed', 'Order processed', 'This notification is sent to both the administrator and customer when an order gets the status Paid.', 'Order confirmation', 'Your order has been processed. Thank you for your business.<br />We will notify you by email of any further order status updates.', 'Order has been processed', 'Order has been processed.', 'en'),
(9, 'order_shipped', 'Order shipped', 'This notification is sent to both the administrator and customer when an order gets the status Shipped.', 'Your order has been shipped', 'Your order has been shipped. Thank you for your business.<br />Please come back soon!', '', '', 'en'),
(10, 'order_tracking_information', 'Order tracking information', 'This notification is sent to the customer when an administrator clicks the "Send tracking information to customer" button.', 'Your order tracking information', 'Here are the tracking details for your order', '', '', 'en'),
(11, 'profile_created', 'User profile created', 'This notification is sent to both the administrator and customer when a new customer profile is created.', 'Welcome!', 'Thank you for registering with us.', 'New user registration', 'A new user profile has been registered:', 'en'),
(12, 'profile_deleted', 'User profile deleted', 'This notification is sent to the administrator when a customer profile is deleted.', '', '', 'User profile has been deleted', 'The following user profile has been deleted:', 'en'),
(13, 'profile_modified', 'User profile modified', 'This notification is sent to both the administrator and customer when a user profile is updated.', 'Your profile has been modified', 'Your profile has been modified. To view your profile information, log in at our site.', 'User profile has been modified', 'The user profile has been modified.', 'en'),
(14, 'recover_password_request', 'Password reset request', 'This notification is sent to the user when a password reset is requested for their account.', 'Confirm password reset request', '<p>You have received this message because you requested to reset your forgotten password.<br />If you did not submit such a request, it might mean that somebody was trying to gain access to your account.</p><p>To confirm that this request was submitted by you, click on the link below<br/>(If the link does not work, please copy and paste the entire URL into your browser''s address bar and press Enter).</p>', 'Confirm password reset request', '<p>You have received this message because you requested to reset your forgotten password.<br />If you did not submit such a request, it might mean that somebody was trying to gain access to your account.</p><p>To confirm that this request was submitted by you, click on the link below<br/>(If the link does not work, please copy and paste the entire URL into your browser''s address bar and press Enter).</p>', 'en'),
(15, 'register_anonymous', 'User account created for guest buyer based on order info', 'This notification is sent to the customer when a customer profile is created for them by the store administrator based on a previously created order.', 'User account created', '<p>Thank you for shopping with us! We noticed that one or more orders you made at our store were placed using guest checkout. We appreciate your business and look forward to continue serving you in the future. For your convenience, we created an account for you at our store. The account stores all the information about your previous orders with us.</p><p>To log in to your account, please use the following credentials:<br />(The password can be changed in your account profile.)</p>', '', '', 'en'),
(16, 'failed_transaction', 'Failed transaction', 'This notification is sent to the administrator if payment transaction was failed', '', '', 'Failed transaction', '', 'en'),
(17, 'modules/CDev/ContactUs/message', 'Contact us form submitted (Contact us module)', 'This notification is sent to the administrator when someone submits a request via the "Contact us" form.', '', '', 'Someone has used the Contact us form', '', 'en'),
(18, 'modules/CDev/ContactUs/message', 'Заполнена форма для связи с администрацией магазина (модуль Contact us)', 'Данное сообщение используется для оповещения администратора в случае поступления в адрес магазина обращения через форму для связи с администрацией.', '', '', 'Поступило обращение через форму для связи с администрацией магазина', '', 'ru'),
(19, 'modules/XC/CanadaPost/return_approved', 'Return request approved (Canada Post module)', 'This notification is sent to the customer if their request to return a product via Canada Post is approved by the administrator.', 'Your return request has been approved', 'Your return request has been approved', '', '', 'en'),
(20, 'modules/XC/CanadaPost/return_approved', 'Запрос на возврат товара одобрен (модуль Canada Post)', 'Данное сообщение отправляется покупателю в случае, если его запрос на возврат товара с пересылкой службой Canada Post получает одобрение администратора.', 'Ваш запрос на возврат товара одобрен', 'Ваш запрос на возврат товара одобрен', '', '', 'ru'),
(21, 'modules/XC/CanadaPost/return_rejected', 'Return request rejected (Canada Post module)', 'This notification is sent to the customer if their request to return a product via Canada Post is rejected by the administrator.', 'Your return request has been rejected', 'Your return request has been rejected', '', '', 'en'),
(22, 'modules/XC/CanadaPost/return_rejected', 'Запрос на возврат товара отклонен (модуль Canada Post)', 'Данное сообщение отправляется покупателю в случае, если его запрос на возврат товара с пересылкой службой Canada Post отклоняется администратором.', 'Ваш запрос на возврат товара отклонен', 'Ваш запрос на возврат товара отклонен', '', '', 'ru');

-- --------------------------------------------------------

--
-- Table structure for table `xc_orders`
--

DROP TABLE IF EXISTS `xc_orders`;
CREATE TABLE IF NOT EXISTS `xc_orders` (
  `order_id` int(11) NOT NULL AUTO_INCREMENT,
  `profile_id` int(11) DEFAULT NULL,
  `orig_profile_id` int(11) DEFAULT NULL,
  `payment_status_id` int(10) UNSIGNED DEFAULT NULL,
  `shipping_status_id` int(10) UNSIGNED DEFAULT NULL,
  `currency_id` int(10) UNSIGNED DEFAULT NULL,
  `auctionIncPackage` longtext COLLATE utf8_unicode_ci COMMENT '(DC2Type:array)',
  `fraud_status_xpc` varchar(255) COLLATE utf8_unicode_ci NOT NULL,
  `fraud_type_xpc` varchar(255) COLLATE utf8_unicode_ci NOT NULL,
  `fraud_check_transaction_id` int(11) NOT NULL,
  `shipping_id` int(11) NOT NULL,
  `shipping_method_name` varchar(255) COLLATE utf8_unicode_ci DEFAULT NULL,
  `payment_method_name` varchar(255) COLLATE utf8_unicode_ci DEFAULT NULL,
  `tracking` varchar(32) COLLATE utf8_unicode_ci NOT NULL,
  `date` int(11) NOT NULL,
  `lastRenewDate` int(11) NOT NULL,
  `notes` longtext COLLATE utf8_unicode_ci NOT NULL,
  `adminNotes` longtext COLLATE utf8_unicode_ci NOT NULL,
  `orderNumber` varchar(255) COLLATE utf8_unicode_ci DEFAULT NULL,
  `recent` tinyint(1) NOT NULL,
  `xcPendingExport` tinyint(1) NOT NULL,
  `total` decimal(14,4) NOT NULL,
  `subtotal` decimal(14,4) NOT NULL,
  `is_order` int(11) NOT NULL,
  PRIMARY KEY (`order_id`),
  KEY `IDX_19A9BE335CCFA12B8` (`profile_id`),
  KEY `IDX_19A9BE335DBFEF46C` (`orig_profile_id`),
  KEY `IDX_19A9BE33538248176` (`currency_id`),
  KEY `date` (`date`),
  KEY `total` (`total`),
  KEY `subtotal` (`subtotal`),
  KEY `tracking` (`tracking`),
  KEY `payment_status` (`payment_status_id`),
  KEY `shipping_status` (`shipping_status_id`),
  KEY `shipping_id` (`shipping_id`),
  KEY `lastRenewDate` (`lastRenewDate`),
  KEY `orderNumber` (`orderNumber`)
) ENGINE=InnoDB AUTO_INCREMENT=6 DEFAULT CHARSET=utf8 COLLATE=utf8_unicode_ci;

--
-- Dumping data for table `xc_orders`
--

INSERT INTO `xc_orders` (`order_id`, `profile_id`, `orig_profile_id`, `payment_status_id`, `shipping_status_id`, `currency_id`, `auctionIncPackage`, `fraud_status_xpc`, `fraud_type_xpc`, `fraud_check_transaction_id`, `shipping_id`, `shipping_method_name`, `payment_method_name`, `tracking`, `date`, `lastRenewDate`, `notes`, `adminNotes`, `orderNumber`, `recent`, `xcPendingExport`, `total`, `subtotal`, `is_order`) VALUES
(1, 2, 1, 4, 4, 840, 'a:0:{}', '', '', 0, 1, 'Courier', '', '', 1394005540, 1476370231, '', '', '1', 0, 0, '18.4900', '19.9900', 1),
(2, 3, 1, 4, 4, 840, 'a:0:{}', '', '', 0, 1, 'Courier', '', '', 1396005895, 1476370231, '', '', '2', 1, 0, '42.1300', '39.9800', 1),
(3, 4, 1, 4, 4, 840, 'a:0:{}', '', '', 0, 1, 'Courier', '', '', 1407005895, 1476370231, '', '', '3', 1, 0, '158.9400', '158.9400', 1),
(4, 5, 1, 5, 5, 840, 'a:0:{}', '', '', 0, 1, 'Courier', 'Simplify Commerce Hosted Payments', '', 1452604403, 1476370231, '', '', '4', 1, 0, '38.0100', '34.9900', 1),
(5, 6, 1, 4, 4, 840, 'a:0:{}', '', '', 0, 1, 'Courier', '', '', 1452604702, 1476370232, '', '', '5', 0, 0, '352.8100', '351.3100', 1);

-- --------------------------------------------------------

--
-- Table structure for table `xc_order_capost_office`
--

DROP TABLE IF EXISTS `xc_order_capost_office`;
CREATE TABLE IF NOT EXISTS `xc_order_capost_office` (
  `id` int(10) UNSIGNED NOT NULL AUTO_INCREMENT,
  `officeId` char(10) COLLATE utf8_unicode_ci NOT NULL,
  `name` varchar(40) COLLATE utf8_unicode_ci NOT NULL,
  `location` varchar(40) COLLATE utf8_unicode_ci NOT NULL,
  `distance` decimal(12,2) NOT NULL,
  `bilingualDesignation` tinyint(1) NOT NULL,
  `city` varchar(40) COLLATE utf8_unicode_ci NOT NULL,
  `latitude` decimal(15,5) NOT NULL,
  `longitude` decimal(15,5) NOT NULL,
  `postalCode` varchar(20) COLLATE utf8_unicode_ci NOT NULL,
  `province` varchar(64) COLLATE utf8_unicode_ci NOT NULL,
  `officeAddress` varchar(64) COLLATE utf8_unicode_ci NOT NULL,
  `workingHours` longtext COLLATE utf8_unicode_ci NOT NULL COMMENT '(DC2Type:array)',
  `orderId` int(11) DEFAULT NULL,
  PRIMARY KEY (`id`),
  UNIQUE KEY `UNIQ_CE3DE61FFA237437` (`orderId`)
) ENGINE=InnoDB DEFAULT CHARSET=utf8 COLLATE=utf8_unicode_ci;

-- --------------------------------------------------------

--
-- Table structure for table `xc_order_capost_parcels`
--

DROP TABLE IF EXISTS `xc_order_capost_parcels`;
CREATE TABLE IF NOT EXISTS `xc_order_capost_parcels` (
  `id` int(11) NOT NULL AUTO_INCREMENT,
  `order_id` int(11) DEFAULT NULL,
  `number` int(11) NOT NULL,
  `status` char(2) COLLATE utf8_unicode_ci NOT NULL,
  `quoteType` char(2) COLLATE utf8_unicode_ci NOT NULL,
  `boxWeight` decimal(14,4) NOT NULL,
  `boxWidth` decimal(14,4) NOT NULL,
  `boxLength` decimal(14,4) NOT NULL,
  `boxHeight` decimal(14,4) NOT NULL,
  `isDocument` tinyint(1) NOT NULL,
  `isUnpackaged` tinyint(1) NOT NULL,
  `isMailingTube` tinyint(1) NOT NULL,
  `isOversized` tinyint(1) NOT NULL,
  `notifyOnShipment` tinyint(1) NOT NULL,
  `notifyOnException` tinyint(1) NOT NULL,
  `notifyOnDelivery` tinyint(1) NOT NULL,
  `optSignature` tinyint(1) NOT NULL,
  `optCoverage` decimal(14,4) NOT NULL,
  `optAgeProof` varchar(4) COLLATE utf8_unicode_ci NOT NULL,
  `optWayToDeliver` varchar(3) COLLATE utf8_unicode_ci NOT NULL,
  `optNonDelivery` varchar(4) COLLATE utf8_unicode_ci NOT NULL,
  PRIMARY KEY (`id`),
  KEY `IDX_135C9355A8D9F6D38` (`order_id`),
  KEY `status` (`status`),
  KEY `number` (`number`)
) ENGINE=InnoDB DEFAULT CHARSET=utf8 COLLATE=utf8_unicode_ci;

-- --------------------------------------------------------

--
-- Table structure for table `xc_order_capost_parcel_items`
--

DROP TABLE IF EXISTS `xc_order_capost_parcel_items`;
CREATE TABLE IF NOT EXISTS `xc_order_capost_parcel_items` (
  `id` int(11) NOT NULL AUTO_INCREMENT,
  `amount` int(11) NOT NULL,
  `parcelId` int(11) DEFAULT NULL,
  `orderItemId` int(11) DEFAULT NULL,
  PRIMARY KEY (`id`),
  KEY `IDX_118699C805A9ACC87` (`parcelId`),
  KEY `IDX_118699C80BBF22A26` (`orderItemId`)
) ENGINE=InnoDB DEFAULT CHARSET=utf8 COLLATE=utf8_unicode_ci;

-- --------------------------------------------------------

--
-- Table structure for table `xc_order_capost_parcel_manifests`
--

DROP TABLE IF EXISTS `xc_order_capost_parcel_manifests`;
CREATE TABLE IF NOT EXISTS `xc_order_capost_parcel_manifests` (
  `id` int(11) NOT NULL AUTO_INCREMENT,
  `poNumber` varchar(255) COLLATE utf8_unicode_ci DEFAULT NULL,
  `rel` varchar(255) COLLATE utf8_unicode_ci NOT NULL,
  `href` varchar(255) COLLATE utf8_unicode_ci NOT NULL,
  `idx` int(11) DEFAULT NULL,
  `mediaType` varchar(255) COLLATE utf8_unicode_ci NOT NULL,
  PRIMARY KEY (`id`)
) ENGINE=InnoDB DEFAULT CHARSET=utf8 COLLATE=utf8_unicode_ci;

-- --------------------------------------------------------

--
-- Table structure for table `xc_order_capost_parcel_manifest_links`
--

DROP TABLE IF EXISTS `xc_order_capost_parcel_manifest_links`;
CREATE TABLE IF NOT EXISTS `xc_order_capost_parcel_manifest_links` (
  `id` int(11) NOT NULL AUTO_INCREMENT,
  `rel` varchar(255) COLLATE utf8_unicode_ci NOT NULL,
  `href` varchar(255) COLLATE utf8_unicode_ci NOT NULL,
  `idx` int(11) DEFAULT NULL,
  `mediaType` varchar(255) COLLATE utf8_unicode_ci NOT NULL,
  `manifestId` int(11) DEFAULT NULL,
  PRIMARY KEY (`id`),
  KEY `IDX_17FE471EA99AD4367` (`manifestId`)
) ENGINE=InnoDB DEFAULT CHARSET=utf8 COLLATE=utf8_unicode_ci;

-- --------------------------------------------------------

--
-- Table structure for table `xc_order_capost_parcel_manifest_link_storage`
--

DROP TABLE IF EXISTS `xc_order_capost_parcel_manifest_link_storage`;
CREATE TABLE IF NOT EXISTS `xc_order_capost_parcel_manifest_link_storage` (
  `id` int(10) UNSIGNED NOT NULL AUTO_INCREMENT,
  `path` varchar(512) COLLATE utf8_unicode_ci NOT NULL,
  `fileName` varchar(255) COLLATE utf8_unicode_ci NOT NULL,
  `mime` varchar(128) COLLATE utf8_unicode_ci NOT NULL,
  `storageType` varchar(1) COLLATE utf8_unicode_ci NOT NULL,
  `size` int(10) UNSIGNED NOT NULL,
  `date` int(10) UNSIGNED NOT NULL,
  `linkId` int(11) DEFAULT NULL,
  PRIMARY KEY (`id`),
  UNIQUE KEY `UNIQ_73059AC5AEC98E42` (`linkId`)
) ENGINE=InnoDB DEFAULT CHARSET=utf8 COLLATE=utf8_unicode_ci;

-- --------------------------------------------------------

--
-- Table structure for table `xc_order_capost_parcel_shipment`
--

DROP TABLE IF EXISTS `xc_order_capost_parcel_shipment`;
CREATE TABLE IF NOT EXISTS `xc_order_capost_parcel_shipment` (
  `id` int(11) NOT NULL AUTO_INCREMENT,
  `shipmentId` varchar(32) COLLATE utf8_unicode_ci NOT NULL,
  `shipmentStatus` varchar(14) COLLATE utf8_unicode_ci DEFAULT NULL,
  `trackingPin` varchar(16) COLLATE utf8_unicode_ci DEFAULT NULL,
  `returnTrackingPin` varchar(16) COLLATE utf8_unicode_ci DEFAULT NULL,
  `poNumber` varchar(32) COLLATE utf8_unicode_ci DEFAULT NULL,
  `parcelId` int(11) DEFAULT NULL,
  PRIMARY KEY (`id`),
  UNIQUE KEY `UNIQ_7954C1A5A9ACC87` (`parcelId`)
) ENGINE=InnoDB DEFAULT CHARSET=utf8 COLLATE=utf8_unicode_ci;

-- --------------------------------------------------------

--
-- Table structure for table `xc_order_capost_parcel_shipments_manifests`
--

DROP TABLE IF EXISTS `xc_order_capost_parcel_shipments_manifests`;
CREATE TABLE IF NOT EXISTS `xc_order_capost_parcel_shipments_manifests` (
  `manifest_id` int(11) NOT NULL,
  `shipment_id` int(11) NOT NULL,
  PRIMARY KEY (`manifest_id`,`shipment_id`),
  KEY `IDX_18D3D4D8FE697B2FB` (`manifest_id`),
  KEY `IDX_18D3D4D8F7BE036FC` (`shipment_id`)
) ENGINE=InnoDB DEFAULT CHARSET=utf8 COLLATE=utf8_unicode_ci;

-- --------------------------------------------------------

--
-- Table structure for table `xc_order_capost_parcel_shipment_links`
--

DROP TABLE IF EXISTS `xc_order_capost_parcel_shipment_links`;
CREATE TABLE IF NOT EXISTS `xc_order_capost_parcel_shipment_links` (
  `id` int(11) NOT NULL AUTO_INCREMENT,
  `rel` varchar(255) COLLATE utf8_unicode_ci NOT NULL,
  `href` varchar(255) COLLATE utf8_unicode_ci NOT NULL,
  `idx` int(11) DEFAULT NULL,
  `mediaType` varchar(255) COLLATE utf8_unicode_ci NOT NULL,
  `shipmentId` int(11) DEFAULT NULL,
  PRIMARY KEY (`id`),
  KEY `IDX_1EB25DE223C5EEBE2` (`shipmentId`)
) ENGINE=InnoDB DEFAULT CHARSET=utf8 COLLATE=utf8_unicode_ci;

-- --------------------------------------------------------

--
-- Table structure for table `xc_order_capost_parcel_shipment_link_storage`
--

DROP TABLE IF EXISTS `xc_order_capost_parcel_shipment_link_storage`;
CREATE TABLE IF NOT EXISTS `xc_order_capost_parcel_shipment_link_storage` (
  `id` int(10) UNSIGNED NOT NULL AUTO_INCREMENT,
  `path` varchar(512) COLLATE utf8_unicode_ci NOT NULL,
  `fileName` varchar(255) COLLATE utf8_unicode_ci NOT NULL,
  `mime` varchar(128) COLLATE utf8_unicode_ci NOT NULL,
  `storageType` varchar(1) COLLATE utf8_unicode_ci NOT NULL,
  `size` int(10) UNSIGNED NOT NULL,
  `date` int(10) UNSIGNED NOT NULL,
  `linkId` int(11) DEFAULT NULL,
  PRIMARY KEY (`id`),
  UNIQUE KEY `UNIQ_82EA5F8AAEC98E42` (`linkId`)
) ENGINE=InnoDB DEFAULT CHARSET=utf8 COLLATE=utf8_unicode_ci;

-- --------------------------------------------------------

--
-- Table structure for table `xc_order_capost_parcel_shipment_tracking`
--

DROP TABLE IF EXISTS `xc_order_capost_parcel_shipment_tracking`;
CREATE TABLE IF NOT EXISTS `xc_order_capost_parcel_shipment_tracking` (
  `id` int(11) NOT NULL AUTO_INCREMENT,
  `expiry` int(10) UNSIGNED NOT NULL,
  `pin` varchar(255) COLLATE utf8_unicode_ci DEFAULT NULL,
  `activeExists` tinyint(1) NOT NULL,
  `archiveExists` tinyint(1) NOT NULL,
  `destinationPostalId` varchar(255) COLLATE utf8_unicode_ci DEFAULT NULL,
  `expectedDeliveryDate` int(10) UNSIGNED DEFAULT NULL,
  `changedExpectedDate` int(10) UNSIGNED DEFAULT NULL,
  `changedExpectedDeliveryReason` varchar(255) COLLATE utf8_unicode_ci DEFAULT NULL,
  `mailedByCustomerNumber` varchar(255) COLLATE utf8_unicode_ci DEFAULT NULL,
  `mailedOnBehalfOfCustomerNumber` varchar(255) COLLATE utf8_unicode_ci DEFAULT NULL,
  `originalPin` varchar(255) COLLATE utf8_unicode_ci DEFAULT NULL,
  `serviceName` varchar(255) COLLATE utf8_unicode_ci DEFAULT NULL,
  `serviceName_2` varchar(255) COLLATE utf8_unicode_ci DEFAULT NULL,
  `customerRef_1` varchar(255) COLLATE utf8_unicode_ci DEFAULT NULL,
  `customerRef_2` varchar(255) COLLATE utf8_unicode_ci DEFAULT NULL,
  `returnPin` varchar(255) COLLATE utf8_unicode_ci DEFAULT NULL,
  `signatureImageExists` tinyint(1) NOT NULL,
  `suppressSignature` tinyint(1) NOT NULL,
  `shipmentId` int(11) DEFAULT NULL,
  PRIMARY KEY (`id`),
  UNIQUE KEY `UNIQ_619551123C5EEBE2` (`shipmentId`)
) ENGINE=InnoDB DEFAULT CHARSET=utf8 COLLATE=utf8_unicode_ci;

-- --------------------------------------------------------

--
-- Table structure for table `xc_order_capost_parcel_shipment_tracking_events`
--

DROP TABLE IF EXISTS `xc_order_capost_parcel_shipment_tracking_events`;
CREATE TABLE IF NOT EXISTS `xc_order_capost_parcel_shipment_tracking_events` (
  `id` int(11) NOT NULL AUTO_INCREMENT,
  `identifier` varchar(255) COLLATE utf8_unicode_ci NOT NULL,
  `date` char(10) COLLATE utf8_unicode_ci NOT NULL,
  `time` char(8) COLLATE utf8_unicode_ci NOT NULL,
  `timeZone` varchar(255) COLLATE utf8_unicode_ci NOT NULL,
  `description` varchar(255) COLLATE utf8_unicode_ci NOT NULL,
  `signatoryName` varchar(255) COLLATE utf8_unicode_ci NOT NULL,
  `site` varchar(255) COLLATE utf8_unicode_ci NOT NULL,
  `province` varchar(255) COLLATE utf8_unicode_ci NOT NULL,
  `retailLocationId` varchar(255) COLLATE utf8_unicode_ci NOT NULL,
  `retailName` varchar(255) COLLATE utf8_unicode_ci NOT NULL,
  `trackingId` int(11) DEFAULT NULL,
  PRIMARY KEY (`id`),
  KEY `IDX_175BDE7A6F76B6A7` (`trackingId`)
) ENGINE=InnoDB DEFAULT CHARSET=utf8 COLLATE=utf8_unicode_ci;

-- --------------------------------------------------------

--
-- Table structure for table `xc_order_capost_parcel_shipment_tracking_files`
--

DROP TABLE IF EXISTS `xc_order_capost_parcel_shipment_tracking_files`;
CREATE TABLE IF NOT EXISTS `xc_order_capost_parcel_shipment_tracking_files` (
  `id` int(10) UNSIGNED NOT NULL AUTO_INCREMENT,
  `docType` char(1) COLLATE utf8_unicode_ci NOT NULL,
  `path` varchar(512) COLLATE utf8_unicode_ci NOT NULL,
  `fileName` varchar(255) COLLATE utf8_unicode_ci NOT NULL,
  `mime` varchar(128) COLLATE utf8_unicode_ci NOT NULL,
  `storageType` varchar(1) COLLATE utf8_unicode_ci NOT NULL,
  `size` int(10) UNSIGNED NOT NULL,
  `date` int(10) UNSIGNED NOT NULL,
  `trackingId` int(11) DEFAULT NULL,
  PRIMARY KEY (`id`),
  KEY `IDX_14EB59AF6F76B6A7` (`trackingId`)
) ENGINE=InnoDB DEFAULT CHARSET=utf8 COLLATE=utf8_unicode_ci;

-- --------------------------------------------------------

--
-- Table structure for table `xc_order_capost_parcel_shipment_tracking_options`
--

DROP TABLE IF EXISTS `xc_order_capost_parcel_shipment_tracking_options`;
CREATE TABLE IF NOT EXISTS `xc_order_capost_parcel_shipment_tracking_options` (
  `id` int(11) NOT NULL AUTO_INCREMENT,
  `name` varchar(255) COLLATE utf8_unicode_ci NOT NULL,
  `description` varchar(255) COLLATE utf8_unicode_ci NOT NULL,
  `trackingId` int(11) DEFAULT NULL,
  PRIMARY KEY (`id`),
  KEY `IDX_1F6B816A26F76B6A7` (`trackingId`)
) ENGINE=InnoDB DEFAULT CHARSET=utf8 COLLATE=utf8_unicode_ci;

-- --------------------------------------------------------

--
-- Table structure for table `xc_order_coupons`
--

DROP TABLE IF EXISTS `xc_order_coupons`;
CREATE TABLE IF NOT EXISTS `xc_order_coupons` (
  `id` int(10) UNSIGNED NOT NULL AUTO_INCREMENT,
  `order_id` int(11) DEFAULT NULL,
  `coupon_id` int(10) UNSIGNED DEFAULT NULL,
  `code` char(16) COLLATE utf8_unicode_ci NOT NULL,
  `value` decimal(14,4) NOT NULL,
  PRIMARY KEY (`id`),
  KEY `IDX_1451D92198D9F6D38` (`order_id`),
  KEY `IDX_1451D921966C5951B` (`coupon_id`)
) ENGINE=InnoDB DEFAULT CHARSET=utf8 COLLATE=utf8_unicode_ci;

-- --------------------------------------------------------

--
-- Table structure for table `xc_order_details`
--

DROP TABLE IF EXISTS `xc_order_details`;
CREATE TABLE IF NOT EXISTS `xc_order_details` (
  `detail_id` int(11) NOT NULL AUTO_INCREMENT,
  `order_id` int(11) DEFAULT NULL,
  `name` varchar(255) COLLATE utf8_unicode_ci NOT NULL,
  `label` varchar(255) COLLATE utf8_unicode_ci DEFAULT NULL,
  `value` longtext COLLATE utf8_unicode_ci NOT NULL,
  PRIMARY KEY (`detail_id`),
  KEY `IDX_1C25F888B8D9F6D38` (`order_id`),
  KEY `oname` (`order_id`,`name`)
) ENGINE=InnoDB DEFAULT CHARSET=utf8 COLLATE=utf8_unicode_ci;

-- --------------------------------------------------------

--
-- Table structure for table `xc_order_history_events`
--

DROP TABLE IF EXISTS `xc_order_history_events`;
CREATE TABLE IF NOT EXISTS `xc_order_history_events` (
  `event_id` int(11) NOT NULL AUTO_INCREMENT,
  `order_id` int(11) DEFAULT NULL,
  `author_id` int(11) DEFAULT NULL,
  `date` int(11) NOT NULL,
  `code` varchar(255) COLLATE utf8_unicode_ci NOT NULL,
  `description` varchar(1024) COLLATE utf8_unicode_ci DEFAULT NULL,
  `data` longtext COLLATE utf8_unicode_ci NOT NULL COMMENT '(DC2Type:array)',
  `comment` longtext COLLATE utf8_unicode_ci NOT NULL,
  PRIMARY KEY (`event_id`),
  KEY `IDX_157EBBA5F8D9F6D38` (`order_id`),
  KEY `IDX_157EBBA5FF675F31B` (`author_id`)
) ENGINE=InnoDB AUTO_INCREMENT=21 DEFAULT CHARSET=utf8 COLLATE=utf8_unicode_ci;

--
-- Dumping data for table `xc_order_history_events`
--

INSERT INTO `xc_order_history_events` (`event_id`, `order_id`, `author_id`, `date`, `code`, `description`, `data`, `comment`) VALUES
(1, 1, 1, 1394005540, 'PLACE ORDER', 'Order placed', 'N;', ''),
(2, 1, 1, 1394005540, 'TRANSACTION', 'Payment transaction [method: Phone Ordering, type: sale, amount: 18.49, status: Pending]', 'N;', ''),
(3, 1, 1, 1394005540, 'EMAIL ADMIN SENT', 'Email sent to the admin', 'a:1:{s:7:"orderId";i:1;}', 'Order is initially created'),
(4, 2, 1, 1396005895, 'PLACE ORDER', 'Order placed', 'N;', ''),
(5, 2, 1, 1396005895, 'TRANSACTION', 'Payment transaction [method: Phone Ordering, type: sale, amount: 42.13, status: Pending]', 'N;', ''),
(6, 2, 1, 1396005895, 'EMAIL ADMIN SENT', 'Email sent to the admin', 'a:1:{s:7:"orderId";i:2;}', 'Order is initially created'),
(7, 3, 1, 1407005895, 'PLACE ORDER', 'Order placed', 'N;', ''),
(8, 3, 1, 1407005895, 'TRANSACTION', 'Payment transaction [method: Phone Ordering, type: sale, amount: 158.94, status: Pending]', 'N;', ''),
(9, 3, 1, 1407005895, 'EMAIL ADMIN SENT', 'Email sent to the admin', 'a:1:{s:7:"orderId";i:3;}', 'Order is initially created'),
(10, 4, 1, 1452604435, 'PLACE ORDER', 'Order placed', 'a:1:{s:7:"orderId";i:4;}', ''),
(11, 4, 1, 1452604436, 'TRANSACTION', 'Back end payment transaction [method: Simplify Commerce Hosted Payments, type: sale, amount: 38.01, status: Failed] [initial request]', 'N;', ''),
(12, 4, 1, 1452604436, 'TRANSACTION', 'Payment transaction [method: Simplify Commerce Hosted Payments, type: sale, amount: 38.01, status: Failed]', 'N;', ''),
(13, 4, 1, 1452604437, 'CHANGE PAYMENT STATUS ORDER', 'Order payment status changed from {{oldStatus}} to {{newStatus}}', 'a:3:{s:7:"orderId";i:4;s:9:"newStatus";s:8:"Declined";s:9:"oldStatus";s:16:"Awaiting payment";}', ''),
(14, 4, 1, 1452604501, 'CHANGE PAYMENT STATUS ORDER', 'Order payment status changed from {{oldStatus}} to {{newStatus}}', 'a:3:{s:7:"orderId";i:4;s:9:"newStatus";s:16:"Awaiting payment";s:9:"oldStatus";s:8:"Declined";}', ''),
(15, 4, 1, 1452604502, 'TRANSACTION', 'Back end payment transaction [method: Simplify Commerce Hosted Payments, type: sale, amount: 38.01, status: Failed] [initial request]', 'N;', ''),
(16, 4, 1, 1452604502, 'TRANSACTION', 'Payment transaction [method: Simplify Commerce Hosted Payments, type: sale, amount: 38.01, status: Failed]', 'N;', ''),
(17, 4, 1, 1452604502, 'CHANGE PAYMENT STATUS ORDER', 'Order payment status changed from {{oldStatus}} to {{newStatus}}', 'a:3:{s:7:"orderId";i:4;s:9:"newStatus";s:8:"Declined";s:9:"oldStatus";s:16:"Awaiting payment";}', ''),
(18, 5, 1, 1452604702, 'PLACE ORDER', 'Order placed', 'N;', ''),
(19, 5, 1, 1452604702, 'TRANSACTION', 'Payment transaction [method: Money Ordering, type: sale, amount: 352.81, status: Pending]', 'N;', ''),
(20, 5, 1, 1452604702, 'EMAIL ADMIN SENT', 'Email sent to the admin', 'a:1:{s:7:"orderId";i:5;}', 'Order is initially created');

-- --------------------------------------------------------

--
-- Table structure for table `xc_order_history_event_data`
--

DROP TABLE IF EXISTS `xc_order_history_event_data`;
CREATE TABLE IF NOT EXISTS `xc_order_history_event_data` (
  `id` int(11) NOT NULL AUTO_INCREMENT,
  `event_id` int(11) DEFAULT NULL,
  `name` varchar(128) COLLATE utf8_unicode_ci NOT NULL,
  `value` longtext COLLATE utf8_unicode_ci NOT NULL,
  PRIMARY KEY (`id`),
  KEY `IDX_1BAE0BB2471F7E88B` (`event_id`),
  KEY `en` (`event_id`,`name`)
) ENGINE=InnoDB DEFAULT CHARSET=utf8 COLLATE=utf8_unicode_ci;

-- --------------------------------------------------------

--
-- Table structure for table `xc_order_items`
--

DROP TABLE IF EXISTS `xc_order_items`;
CREATE TABLE IF NOT EXISTS `xc_order_items` (
  `item_id` int(11) NOT NULL AUTO_INCREMENT,
  `object_id` int(10) UNSIGNED DEFAULT NULL,
  `order_id` int(11) DEFAULT NULL,
  `xpcFakeItem` tinyint(1) NOT NULL,
  `name` varchar(255) COLLATE utf8_unicode_ci NOT NULL,
  `sku` varchar(32) COLLATE utf8_unicode_ci NOT NULL,
  `price` decimal(14,4) NOT NULL COMMENT '(DC2Type:money)',
  `itemNetPrice` decimal(14,4) NOT NULL,
  `discountedSubtotal` decimal(14,4) NOT NULL,
  `amount` int(11) NOT NULL,
  `total` decimal(14,4) NOT NULL,
  `subtotal` decimal(14,4) NOT NULL,
  `object_type` varchar(16) COLLATE utf8_unicode_ci NOT NULL,
  PRIMARY KEY (`item_id`),
  KEY `IDX_14693C0A18D9F6D38` (`order_id`),
  KEY `ooo` (`order_id`,`object_type`,`object_id`),
  KEY `object_id` (`object_id`),
  KEY `price` (`price`),
  KEY `amount` (`amount`)
) ENGINE=InnoDB AUTO_INCREMENT=8 DEFAULT CHARSET=utf8 COLLATE=utf8_unicode_ci;

--
-- Dumping data for table `xc_order_items`
--

INSERT INTO `xc_order_items` (`item_id`, `object_id`, `order_id`, `xpcFakeItem`, `name`, `sku`, `price`, `itemNetPrice`, `discountedSubtotal`, `amount`, `total`, `subtotal`, `object_type`) VALUES
(1, 13, 1, 0, 'Vinyl Idolz: Ghostbusters', '1204', '19.9900', '19.9900', '16.9900', 1, '19.9900', '19.9900', 'product'),
(2, 3, 2, 0, 'Spiderman Selfie Ladies'' Tee', '12030', '19.9900', '19.9900', '39.9800', 2, '39.9800', '39.9800', 'product'),
(3, 12, 3, 0, 'Minions Pop Vinyl Figures', '12022', '9.9900', '9.9900', '59.9400', 6, '59.9400', '59.9400', 'product'),
(4, 17, 3, 0, 'Ollie - The App Controlled Robot', '12026', '99.0000', '99.0000', '99.9900', 1, '99.0000', '99.0000', 'product'),
(5, 10, 4, 0, 'Ewok Ladies Hooded Tank Top', '100ewl', '34.9900', '34.9900', '34.9900', 1, '34.9900', '34.9900', 'product'),
(6, 15, 5, 0, 'Soft Kitty Singing Plush [Sale] [Reviews]', '12029', '29.9900', '25.4900', '305.8800', 12, '305.8800', '305.8800', 'product'),
(7, 27, 5, 0, 'Superhero Mom Mug', '12035', '12.9900', '6.4900', '45.4300', 7, '45.4300', '45.4300', 'product');

-- --------------------------------------------------------

--
-- Table structure for table `xc_order_item_attribute_values`
--

DROP TABLE IF EXISTS `xc_order_item_attribute_values`;
CREATE TABLE IF NOT EXISTS `xc_order_item_attribute_values` (
  `id` int(10) UNSIGNED NOT NULL AUTO_INCREMENT,
  `item_id` int(11) DEFAULT NULL,
  `attribute_value_checkbox_id` int(10) UNSIGNED DEFAULT NULL,
  `attribute_value_select_id` int(10) UNSIGNED DEFAULT NULL,
  `attribute_value_text_id` int(10) UNSIGNED DEFAULT NULL,
  `name` varchar(255) COLLATE utf8_unicode_ci NOT NULL,
  `value` varchar(255) COLLATE utf8_unicode_ci NOT NULL,
  `attributeId` int(10) UNSIGNED NOT NULL,
  PRIMARY KEY (`id`),
  KEY `IDX_146E30CEA126F525E` (`item_id`),
  KEY `IDX_146E30CEA571B5A02` (`attribute_value_checkbox_id`),
  KEY `IDX_146E30CEAA16D6CC9` (`attribute_value_select_id`),
  KEY `IDX_146E30CEA27A31B4D` (`attribute_value_text_id`)
) ENGINE=InnoDB DEFAULT CHARSET=utf8 COLLATE=utf8_unicode_ci;

-- --------------------------------------------------------

--
-- Table structure for table `xc_order_item_surcharges`
--

DROP TABLE IF EXISTS `xc_order_item_surcharges`;
CREATE TABLE IF NOT EXISTS `xc_order_item_surcharges` (
  `id` int(10) UNSIGNED NOT NULL AUTO_INCREMENT,
  `item_id` int(11) DEFAULT NULL,
  `type` char(8) COLLATE utf8_unicode_ci NOT NULL,
  `code` varchar(128) COLLATE utf8_unicode_ci NOT NULL,
  `class` varchar(255) COLLATE utf8_unicode_ci NOT NULL,
  `include` tinyint(1) NOT NULL,
  `available` tinyint(1) NOT NULL,
  `value` decimal(14,4) NOT NULL,
  `name` varchar(255) COLLATE utf8_unicode_ci NOT NULL,
  `weight` int(11) NOT NULL,
  PRIMARY KEY (`id`),
  KEY `IDX_1F9394518126F525E` (`item_id`)
) ENGINE=InnoDB DEFAULT CHARSET=utf8 COLLATE=utf8_unicode_ci;

-- --------------------------------------------------------

--
-- Table structure for table `xc_order_modifiers`
--

DROP TABLE IF EXISTS `xc_order_modifiers`;
CREATE TABLE IF NOT EXISTS `xc_order_modifiers` (
  `id` int(10) UNSIGNED NOT NULL AUTO_INCREMENT,
  `class` varchar(255) COLLATE utf8_unicode_ci NOT NULL,
  `weight` int(11) NOT NULL,
  PRIMARY KEY (`id`)
) ENGINE=InnoDB AUTO_INCREMENT=6 DEFAULT CHARSET=utf8 COLLATE=utf8_unicode_ci;

--
-- Dumping data for table `xc_order_modifiers`
--

INSERT INTO `xc_order_modifiers` (`id`, `class`, `weight`) VALUES
(1, '\\XLite\\Logic\\Order\\Modifier\\Shipping', 100),
(2, '\\XLite\\Module\\CDev\\Coupons\\Logic\\Order\\Modifier\\Discount', 200),
(3, '\\XLite\\Module\\CDev\\VolumeDiscounts\\Logic\\Order\\Modifier\\Discount', 100),
(4, '\\XLite\\Module\\QSL\\SpecialOffersBase\\Logic\\Order\\Modifier\\SpecialOffers', 90),
(5, '\\XLite\\Module\\CDev\\SalesTax\\Logic\\Order\\Modifier\\Tax', 1100);

-- --------------------------------------------------------

--
-- Table structure for table `xc_order_payment_statuses`
--

DROP TABLE IF EXISTS `xc_order_payment_statuses`;
CREATE TABLE IF NOT EXISTS `xc_order_payment_statuses` (
  `id` int(10) UNSIGNED NOT NULL AUTO_INCREMENT,
  `code` char(4) COLLATE utf8_unicode_ci DEFAULT NULL,
  `position` int(11) NOT NULL,
  PRIMARY KEY (`id`),
  UNIQUE KEY `UNIQ_A2C34C8E77153098` (`code`),
  KEY `code` (`code`)
) ENGINE=InnoDB AUTO_INCREMENT=8 DEFAULT CHARSET=utf8 COLLATE=utf8_unicode_ci;

--
-- Dumping data for table `xc_order_payment_statuses`
--

INSERT INTO `xc_order_payment_statuses` (`id`, `code`, `position`) VALUES
(1, 'Q', 10),
(2, 'A', 20),
(3, 'PP', 30),
(4, 'P', 40),
(5, 'D', 50),
(6, 'C', 60),
(7, 'R', 70);

-- --------------------------------------------------------

--
-- Table structure for table `xc_order_payment_status_translations`
--

DROP TABLE IF EXISTS `xc_order_payment_status_translations`;
CREATE TABLE IF NOT EXISTS `xc_order_payment_status_translations` (
  `label_id` int(11) NOT NULL AUTO_INCREMENT,
  `id` int(10) UNSIGNED DEFAULT NULL,
  `name` varchar(255) COLLATE utf8_unicode_ci NOT NULL,
  `customerName` varchar(255) COLLATE utf8_unicode_ci DEFAULT NULL,
  `code` char(2) COLLATE utf8_unicode_ci NOT NULL,
  PRIMARY KEY (`label_id`),
  KEY `ci` (`code`,`id`),
  KEY `id` (`id`)
) ENGINE=InnoDB AUTO_INCREMENT=8 DEFAULT CHARSET=utf8 COLLATE=utf8_unicode_ci;

--
-- Dumping data for table `xc_order_payment_status_translations`
--

INSERT INTO `xc_order_payment_status_translations` (`label_id`, `id`, `name`, `customerName`, `code`) VALUES
(1, 1, 'Awaiting payment', 'Awaiting payment', 'en'),
(2, 2, 'Authorized', 'Authorization hold', 'en'),
(3, 3, 'Partially Paid', 'Partially Paid', 'en'),
(4, 4, 'Paid', 'Paid', 'en'),
(5, 5, 'Declined', 'Declined', 'en'),
(6, 6, 'Cancelled', 'Cancelled', 'en'),
(7, 7, 'Refunded', 'Refunded', 'en');

-- --------------------------------------------------------

--
-- Table structure for table `xc_order_shipping_statuses`
--

DROP TABLE IF EXISTS `xc_order_shipping_statuses`;
CREATE TABLE IF NOT EXISTS `xc_order_shipping_statuses` (
  `id` int(10) UNSIGNED NOT NULL AUTO_INCREMENT,
  `code` char(4) COLLATE utf8_unicode_ci DEFAULT NULL,
  `position` int(11) NOT NULL,
  PRIMARY KEY (`id`),
  UNIQUE KEY `UNIQ_F46FC21177153098` (`code`),
  KEY `code` (`code`)
) ENGINE=InnoDB AUTO_INCREMENT=7 DEFAULT CHARSET=utf8 COLLATE=utf8_unicode_ci;

--
-- Dumping data for table `xc_order_shipping_statuses`
--

INSERT INTO `xc_order_shipping_statuses` (`id`, `code`, `position`) VALUES
(1, 'N', 10),
(2, 'P', 20),
(3, 'S', 30),
(4, 'D', 40),
(5, 'WND', 50),
(6, 'R', 60);

-- --------------------------------------------------------

--
-- Table structure for table `xc_order_shipping_status_translations`
--

DROP TABLE IF EXISTS `xc_order_shipping_status_translations`;
CREATE TABLE IF NOT EXISTS `xc_order_shipping_status_translations` (
  `label_id` int(11) NOT NULL AUTO_INCREMENT,
  `id` int(10) UNSIGNED DEFAULT NULL,
  `name` varchar(255) COLLATE utf8_unicode_ci NOT NULL,
  `customerName` varchar(255) COLLATE utf8_unicode_ci DEFAULT NULL,
  `code` char(2) COLLATE utf8_unicode_ci NOT NULL,
  PRIMARY KEY (`label_id`),
  KEY `ci` (`code`,`id`),
  KEY `id` (`id`)
) ENGINE=InnoDB AUTO_INCREMENT=7 DEFAULT CHARSET=utf8 COLLATE=utf8_unicode_ci;

--
-- Dumping data for table `xc_order_shipping_status_translations`
--

INSERT INTO `xc_order_shipping_status_translations` (`label_id`, `id`, `name`, `customerName`, `code`) VALUES
(1, 1, 'New', 'New', 'en'),
(2, 2, 'Processing', 'Processing', 'en'),
(3, 3, 'Shipped', 'Shipped', 'en'),
(4, 4, 'Delivered', 'Delivered', 'en'),
(5, 5, 'Will Not Deliver', 'Will Not Deliver', 'en'),
(6, 6, 'Returned', 'Returned', 'en');

-- --------------------------------------------------------

--
-- Table structure for table `xc_order_status_properties`
--

DROP TABLE IF EXISTS `xc_order_status_properties`;
CREATE TABLE IF NOT EXISTS `xc_order_status_properties` (
  `id` int(10) UNSIGNED NOT NULL AUTO_INCREMENT,
  `payment_status_id` int(10) UNSIGNED DEFAULT NULL,
  `shipping_status_id` int(10) UNSIGNED DEFAULT NULL,
  `incStock` tinyint(1) DEFAULT NULL,
  PRIMARY KEY (`id`),
  KEY `payment_status` (`payment_status_id`),
  KEY `shipping_status` (`shipping_status_id`)
) ENGINE=InnoDB AUTO_INCREMENT=43 DEFAULT CHARSET=utf8 COLLATE=utf8_unicode_ci;

--
-- Dumping data for table `xc_order_status_properties`
--

INSERT INTO `xc_order_status_properties` (`id`, `payment_status_id`, `shipping_status_id`, `incStock`) VALUES
(1, 2, 1, 0),
(2, 2, 2, 0),
(3, 2, 3, 0),
(4, 2, 4, 0),
(5, 2, 5, 0),
(6, 2, 6, 0),
(7, 3, 1, 0),
(8, 3, 2, 0),
(9, 3, 3, 0),
(10, 3, 4, 0),
(11, 3, 5, 0),
(12, 3, 6, 0),
(13, 4, 1, 0),
(14, 4, 2, 0),
(15, 4, 3, 0),
(16, 4, 4, 0),
(17, 4, 5, 0),
(18, 4, 6, 0),
(19, 5, 1, 1),
(20, 5, 2, 1),
(21, 5, 3, 1),
(22, 5, 4, 1),
(23, 5, 5, 1),
(24, 5, 6, 1),
(25, 6, 1, 1),
(26, 6, 2, 1),
(27, 6, 3, 1),
(28, 6, 4, 1),
(29, 6, 5, 1),
(30, 6, 6, 1),
(31, 1, 1, 0),
(32, 1, 2, 0),
(33, 1, 3, 0),
(34, 1, 4, 0),
(35, 1, 5, 0),
(36, 1, 6, 0),
(37, 7, 1, 1),
(38, 7, 2, 1),
(39, 7, 3, 0),
(40, 7, 4, 0),
(41, 7, 5, 1),
(42, 7, 6, 1);

-- --------------------------------------------------------

--
-- Table structure for table `xc_order_surcharges`
--

DROP TABLE IF EXISTS `xc_order_surcharges`;
CREATE TABLE IF NOT EXISTS `xc_order_surcharges` (
  `id` int(10) UNSIGNED NOT NULL AUTO_INCREMENT,
  `order_id` int(11) DEFAULT NULL,
  `type` char(8) COLLATE utf8_unicode_ci NOT NULL,
  `code` varchar(128) COLLATE utf8_unicode_ci NOT NULL,
  `class` varchar(255) COLLATE utf8_unicode_ci NOT NULL,
  `include` tinyint(1) NOT NULL,
  `available` tinyint(1) NOT NULL,
  `value` decimal(14,4) NOT NULL,
  `name` varchar(255) COLLATE utf8_unicode_ci NOT NULL,
  `weight` int(11) NOT NULL,
  PRIMARY KEY (`id`),
  KEY `IDX_13583A1698D9F6D38` (`order_id`)
) ENGINE=InnoDB AUTO_INCREMENT=7 DEFAULT CHARSET=utf8 COLLATE=utf8_unicode_ci;

--
-- Dumping data for table `xc_order_surcharges`
--

INSERT INTO `xc_order_surcharges` (`id`, `order_id`, `type`, `code`, `class`, `include`, `available`, `value`, `name`, `weight`) VALUES
(1, 1, 'shipping', 'SHIPPING', '\\XLite\\Logic\\Order\\Modifier\\Shipping', 0, 1, '1.5000', 'Shipping cost', 0),
(2, 1, 'discount', 'DISCOUNT', '\\XLite\\Module\\CDev\\VolumeDiscounts\\Logic\\Order\\Modifier\\Discount', 0, 1, '-3.0000', 'Discount', 0),
(3, 2, 'shipping', 'SHIPPING', '\\XLite\\Logic\\Order\\Modifier\\Shipping', 0, 1, '2.1500', 'Shipping cost', 0),
(4, 3, 'shipping', 'SHIPPING', '\\XLite\\Logic\\Order\\Modifier\\Shipping', 0, 1, '0.0000', 'Shipping cost', 0),
(5, 4, 'shipping', 'SHIPPING', '\\XLite\\Logic\\Order\\Modifier\\Shipping', 0, 1, '3.0200', 'Shipping cost', 0),
(6, 5, 'shipping', 'SHIPPING', '\\XLite\\Logic\\Order\\Modifier\\Shipping', 0, 1, '1.5000', 'Shipping cost', 0);

-- --------------------------------------------------------

--
-- Table structure for table `xc_order_tracking_number`
--

DROP TABLE IF EXISTS `xc_order_tracking_number`;
CREATE TABLE IF NOT EXISTS `xc_order_tracking_number` (
  `tracking_id` int(11) NOT NULL AUTO_INCREMENT,
  `order_id` int(11) DEFAULT NULL,
  `value` longtext COLLATE utf8_unicode_ci NOT NULL,
  PRIMARY KEY (`tracking_id`),
  KEY `IDX_177A238F48D9F6D38` (`order_id`)
) ENGINE=InnoDB DEFAULT CHARSET=utf8 COLLATE=utf8_unicode_ci;

-- --------------------------------------------------------

--
-- Table structure for table `xc_pages`
--

DROP TABLE IF EXISTS `xc_pages`;
CREATE TABLE IF NOT EXISTS `xc_pages` (
  `id` int(10) UNSIGNED NOT NULL AUTO_INCREMENT,
  `ogMeta` longtext COLLATE utf8_unicode_ci NOT NULL,
  `showSocialButtons` tinyint(1) NOT NULL,
  `enabled` tinyint(1) NOT NULL,
  `metaDescType` varchar(1) COLLATE utf8_unicode_ci NOT NULL,
  PRIMARY KEY (`id`),
  KEY `enabled` (`enabled`)
) ENGINE=InnoDB AUTO_INCREMENT=3 DEFAULT CHARSET=utf8 COLLATE=utf8_unicode_ci;

--
-- Dumping data for table `xc_pages`
--

INSERT INTO `xc_pages` (`id`, `ogMeta`, `showSocialButtons`, `enabled`, `metaDescType`) VALUES
(1, '', 0, 1, 'A'),
(2, '', 0, 1, 'A');

-- --------------------------------------------------------

--
-- Table structure for table `xc_page_images`
--

DROP TABLE IF EXISTS `xc_page_images`;
CREATE TABLE IF NOT EXISTS `xc_page_images` (
  `id` int(10) UNSIGNED NOT NULL AUTO_INCREMENT,
  `page_id` int(10) UNSIGNED DEFAULT NULL,
  `width` int(11) NOT NULL,
  `height` int(11) NOT NULL,
  `hash` char(32) COLLATE utf8_unicode_ci DEFAULT NULL,
  `needProcess` tinyint(1) NOT NULL,
  `path` varchar(512) COLLATE utf8_unicode_ci NOT NULL,
  `fileName` varchar(255) COLLATE utf8_unicode_ci NOT NULL,
  `mime` varchar(128) COLLATE utf8_unicode_ci NOT NULL,
  `storageType` varchar(1) COLLATE utf8_unicode_ci NOT NULL,
  `size` int(10) UNSIGNED NOT NULL,
  `date` int(10) UNSIGNED NOT NULL,
  PRIMARY KEY (`id`),
  UNIQUE KEY `UNIQ_ABDA1565C4663E4` (`page_id`)
) ENGINE=InnoDB DEFAULT CHARSET=utf8 COLLATE=utf8_unicode_ci;

-- --------------------------------------------------------

--
-- Table structure for table `xc_page_translations`
--

DROP TABLE IF EXISTS `xc_page_translations`;
CREATE TABLE IF NOT EXISTS `xc_page_translations` (
  `label_id` int(11) NOT NULL AUTO_INCREMENT,
  `id` int(10) UNSIGNED DEFAULT NULL,
  `name` varchar(255) COLLATE utf8_unicode_ci NOT NULL,
  `teaser` longtext COLLATE utf8_unicode_ci NOT NULL,
  `body` longtext COLLATE utf8_unicode_ci NOT NULL,
  `metaKeywords` longtext COLLATE utf8_unicode_ci NOT NULL,
  `metaTitle` varchar(255) COLLATE utf8_unicode_ci NOT NULL,
  `code` char(2) COLLATE utf8_unicode_ci NOT NULL,
  PRIMARY KEY (`label_id`),
  KEY `ci` (`code`,`id`),
  KEY `id` (`id`)
) ENGINE=InnoDB AUTO_INCREMENT=5 DEFAULT CHARSET=utf8 COLLATE=utf8_unicode_ci;

--
-- Dumping data for table `xc_page_translations`
--

INSERT INTO `xc_page_translations` (`label_id`, `id`, `name`, `teaser`, `body`, `metaKeywords`, `metaTitle`, `code`) VALUES
(1, 1, 'Terms and conditions', 'Terms and conditions', '<p>Terms and conditions text</p><p>To replace this text with the actual Terms and conditions, go to the "Content -> Pages" section, open the "Terms & Conditions" page and edit the "Content" field.</p>', '', '', 'en'),
(2, 1, 'Условия использования', 'Условия использования', '<p>Чтобы разместить на этой странице Ваш собственный текст "Условия использования", перейдите в раздел "Содержание -> Страницы", откройте для редактирования страницу "Условия использования" и добавьте требуемый текст в поле "Содержание".</p>', '', '', 'ru'),
(3, 2, 'Shipping', 'Shipping teaser', '<p>This page is intended for your store''s shipping policy.</p><p>Here you can provide general information about the available shipping options and rates, shipping turn-around times, size and weight limits for shipping, shipping restrictions, order tracking, and so on.</p><p></p><p>To replace this text with the actual delivery information, go to the "Content -> Pages" section, open the "Shipping" page and edit the "Content" field.</p>', '', '', 'en'),
(4, 2, 'Доставка', 'Доставка', '<p>Чтобы разместить на этой странице Ваш собственный текст "Доставка", перейдите в раздел "Содержание -> Страницы", откройте для редактирования страницу "Доставка" и добавьте требуемый текст в поле "Содержание".</p>', '', '', 'ru');

-- --------------------------------------------------------

--
-- Table structure for table `xc_payment_backend_transactions`
--

DROP TABLE IF EXISTS `xc_payment_backend_transactions`;
CREATE TABLE IF NOT EXISTS `xc_payment_backend_transactions` (
  `id` int(11) NOT NULL AUTO_INCREMENT,
  `transaction_id` int(11) DEFAULT NULL,
  `date` int(11) NOT NULL,
  `status` char(1) COLLATE utf8_unicode_ci NOT NULL,
  `value` decimal(14,4) NOT NULL,
  `type` varchar(20) COLLATE utf8_unicode_ci NOT NULL,
  PRIMARY KEY (`id`),
  KEY `IDX_1808A7FC32FC0CB0F` (`transaction_id`),
  KEY `td` (`transaction_id`,`date`)
) ENGINE=InnoDB DEFAULT CHARSET=utf8 COLLATE=utf8_unicode_ci;

-- --------------------------------------------------------

--
-- Table structure for table `xc_payment_backend_transaction_data`
--

DROP TABLE IF EXISTS `xc_payment_backend_transaction_data`;
CREATE TABLE IF NOT EXISTS `xc_payment_backend_transaction_data` (
  `data_id` int(11) NOT NULL AUTO_INCREMENT,
  `backend_transaction_id` int(11) DEFAULT NULL,
  `name` varchar(128) COLLATE utf8_unicode_ci NOT NULL,
  `label` varchar(255) COLLATE utf8_unicode_ci NOT NULL,
  `access_level` char(1) COLLATE utf8_unicode_ci NOT NULL,
  `value` longtext COLLATE utf8_unicode_ci NOT NULL,
  PRIMARY KEY (`data_id`),
  KEY `IDX_1BE43AC028167CC5C` (`backend_transaction_id`),
  KEY `tn` (`backend_transaction_id`,`name`)
) ENGINE=InnoDB DEFAULT CHARSET=utf8 COLLATE=utf8_unicode_ci;

-- --------------------------------------------------------

--
-- Table structure for table `xc_payment_methods`
--

DROP TABLE IF EXISTS `xc_payment_methods`;
CREATE TABLE IF NOT EXISTS `xc_payment_methods` (
  `method_id` int(11) NOT NULL AUTO_INCREMENT,
  `service_name` varchar(128) COLLATE utf8_unicode_ci NOT NULL,
  `class` varchar(255) COLLATE utf8_unicode_ci NOT NULL,
  `moduleName` varchar(255) COLLATE utf8_unicode_ci NOT NULL,
  `orderby` int(11) NOT NULL,
  `adminOrderby` int(11) NOT NULL,
  `enabled` tinyint(1) NOT NULL,
  `moduleEnabled` tinyint(1) NOT NULL,
  `added` tinyint(1) NOT NULL,
  `type` char(1) COLLATE utf8_unicode_ci NOT NULL,
  `fromMarketplace` tinyint(1) NOT NULL,
  `iconURL` varchar(255) COLLATE utf8_unicode_ci DEFAULT NULL,
  `countries` longtext COLLATE utf8_unicode_ci COMMENT '(DC2Type:array)',
  `exCountries` longtext COLLATE utf8_unicode_ci COMMENT '(DC2Type:array)',
  PRIMARY KEY (`method_id`),
  KEY `orderby` (`orderby`),
  KEY `class` (`class`,`enabled`),
  KEY `enabled` (`enabled`)
) ENGINE=InnoDB AUTO_INCREMENT=131 DEFAULT CHARSET=utf8 COLLATE=utf8_unicode_ci;

--
-- Dumping data for table `xc_payment_methods`
--

INSERT INTO `xc_payment_methods` (`method_id`, `service_name`, `class`, `moduleName`, `orderby`, `adminOrderby`, `enabled`, `moduleEnabled`, `added`, `type`, `fromMarketplace`, `iconURL`, `countries`, `exCountries`) VALUES
(1, 'PurchaseOrder', 'Model\\Payment\\Processor\\PurchaseOrder', '', 20, 0, 0, 1, 1, 'O', 0, NULL, 'N;', 'N;'),
(2, 'PhoneOrdering', 'Model\\Payment\\Processor\\PhoneOrdering', '', 30, 0, 1, 1, 1, 'O', 0, NULL, 'N;', 'N;'),
(3, 'FaxOrdering', 'Model\\Payment\\Processor\\Offline', '', 40, 0, 1, 1, 1, 'O', 0, NULL, 'N;', 'N;'),
(4, 'MoneyOrdering', 'Model\\Payment\\Processor\\Offline', '', 50, 0, 1, 1, 1, 'O', 0, NULL, 'N;', 'N;'),
(5, 'Echeck', 'Model\\Payment\\Processor\\Check', '', 60, 0, 0, 1, 1, 'O', 0, NULL, 'N;', 'N;'),
(6, 'COD', 'Model\\Payment\\Processor\\Offline', '', 70, 0, 1, 1, 1, 'O', 0, NULL, 'N;', 'N;'),
(7, 'COD_FEDEX', 'Module\\CDev\\FedEx\\Model\\Payment\\Processor\\COD', 'CDev_FedEx', 0, 0, 0, 1, 1, 'O', 0, NULL, 'a:2:{i:0;s:2:"CA";i:1;s:2:"US";}', 'N;'),
(8, 'PayflowLink', 'Module\\CDev\\Paypal\\Model\\Payment\\Processor\\PayflowLink', 'CDev_Paypal', -10600, -10600, 0, 1, 0, 'C', 0, NULL, 'a:4:{i:0;s:2:"US";i:1;s:2:"CA";i:2;s:2:"AU";i:3;s:2:"NZ";}', 'a:0:{}'),
(9, 'PayflowTransparentRedirect', 'Module\\CDev\\Paypal\\Model\\Payment\\Processor\\PayflowTransparentRedirect', 'CDev_Paypal', -10650, -10650, 0, 1, 0, 'C', 0, NULL, 'a:4:{i:0;s:2:"US";i:1;s:2:"CA";i:2;s:2:"AU";i:3;s:2:"NZ";}', 'a:0:{}'),
(10, 'PaypalAdvanced', 'Module\\CDev\\Paypal\\Model\\Payment\\Processor\\PaypalAdvanced', 'CDev_Paypal', -10700, -10700, 0, 1, 0, 'C', 0, NULL, 'a:2:{i:0;s:2:"US";i:1;s:2:"CA";}', 'a:0:{}'),
(11, 'PaypalWPS', 'Module\\CDev\\Paypal\\Model\\Payment\\Processor\\PaypalWPS', 'CDev_Paypal', -10800, -10800, 0, 1, 0, 'A', 0, NULL, 'a:24:{i:0;s:2:"US";i:1;s:2:"CA";i:2;s:2:"MX";i:3;s:2:"BE";i:4;s:2:"DK";i:5;s:2:"FR";i:6;s:2:"DE";i:7;s:2:"IE";i:8;s:2:"IT";i:9;s:2:"LU";i:10;s:2:"NL";i:11;s:2:"NO";i:12;s:2:"PL";i:13;s:2:"RU";i:14;s:2:"JP";i:15;s:2:"ES";i:16;s:2:"NZ";i:17;s:2:"BR";i:18;s:2:"SE";i:19;s:2:"GB";i:20;s:2:"AU";i:21;s:2:"CN";i:22;s:2:"IL";i:23;s:2:"SG";}', 'a:0:{}'),
(12, 'ExpressCheckout', 'Module\\CDev\\Paypal\\Model\\Payment\\Processor\\ExpressCheckout', 'CDev_Paypal', -102000, -102000, 1, 1, 1, 'C', 0, NULL, 'a:23:{i:0;s:2:"US";i:1;s:2:"MX";i:2;s:2:"BE";i:3;s:2:"DK";i:4;s:2:"FR";i:5;s:2:"DE";i:6;s:2:"IE";i:7;s:2:"IT";i:8;s:2:"LU";i:9;s:2:"NL";i:10;s:2:"NO";i:11;s:2:"PL";i:12;s:2:"RU";i:13;s:2:"JP";i:14;s:2:"ES";i:15;s:2:"NZ";i:16;s:2:"BR";i:17;s:2:"SE";i:18;s:2:"GB";i:19;s:2:"AU";i:20;s:2:"CN";i:21;s:2:"IL";i:22;s:2:"SG";}', 'a:0:{}'),
(13, 'PaypalCredit', 'Module\\CDev\\Paypal\\Model\\Payment\\Processor\\PaypalCredit', 'CDev_Paypal', -11000, -11000, 1, 1, 1, 'C', 0, NULL, 'a:2:{i:0;s:2:"US";i:1;s:2:"CA";}', 'a:0:{}'),
(14, 'PaypalAdaptive', 'Module\\CDev\\Paypal\\Model\\Payment\\Processor\\PaypalAdaptive', 'CDev_Paypal', -11100, -11100, 0, 1, 0, 'C', 0, NULL, 'a:0:{}', 'a:0:{}'),
(15, 'COD_UPS', 'Module\\XC\\UPS\\Model\\Payment\\Processor\\COD', 'XC_UPS', 0, 0, 0, 1, 1, 'O', 0, NULL, 'a:2:{i:0;s:2:"US";i:1;s:2:"PR";}', 'N;'),
(16, 'AuthorizeNet SIM', 'Module\\CDev\\AuthorizeNet\\Model\\Payment\\Processor\\AuthorizeNetSIM', 'CDev_AuthorizeNet', -101000, -101000, 0, 1, 0, 'C', 0, NULL, 'a:44:{i:0;s:2:"AD";i:1;s:2:"NL";i:2;s:2:"US";i:3;s:2:"AT";i:4;s:2:"AU";i:5;s:2:"BE";i:6;s:2:"BG";i:7;s:2:"CA";i:8;s:2:"CG";i:9;s:2:"CF";i:10;s:2:"CH";i:11;s:2:"CY";i:12;s:2:"CZ";i:13;s:2:"DE";i:14;s:2:"DK";i:15;s:2:"DO";i:16;s:2:"IR";i:17;s:2:"ES";i:18;s:2:"FI";i:19;s:2:"GB";i:20;s:2:"FR";i:21;s:2:"GR";i:22;s:2:"HU";i:23;s:2:"IE";i:24;s:2:"IT";i:25;s:2:"GI";i:26;s:2:"KR";i:27;s:2:"LI";i:28;s:2:"MC";i:29;s:2:"MD";i:30;s:2:"MT";i:31;s:2:"NL";i:32;s:2:"NO";i:33;s:2:"LU";i:34;s:2:"PL";i:35;s:2:"PT";i:36;s:2:"RO";i:37;s:2:"SE";i:38;s:2:"SI";i:39;s:2:"SK";i:40;s:2:"SM";i:41;s:2:"SY";i:42;s:2:"TZ";i:43;s:2:"VA";}', 'a:0:{}'),
(17, 'Moneybookers.WLT', 'Module\\CDev\\Moneybookers\\Model\\Payment\\Processor\\Moneybookers', 'CDev_Moneybookers', 1010, 1010, 0, 1, 0, 'N', 0, NULL, 'a:11:{i:0;s:2:"DE";i:1;s:2:"GB";i:2;s:2:"FR";i:3;s:2:"IT";i:4;s:2:"ES";i:5;s:2:"AT";i:6;s:2:"HU";i:7;s:2:"EE";i:8;s:2:"FI";i:9;s:2:"PL";i:10;s:2:"SE";}', 'a:0:{}'),
(18, 'Moneybookers.ACC', 'Module\\CDev\\Moneybookers\\Model\\Payment\\Processor\\Moneybookers', 'CDev_Moneybookers', 1020, 1020, 0, 1, 0, 'C', 0, NULL, 'a:10:{i:0;s:2:"DE";i:1;s:2:"GB";i:2;s:2:"FR";i:3;s:2:"IT";i:4;s:2:"ES";i:5;s:2:"AT";i:6;s:2:"HU";i:7;s:2:"EE";i:8;s:2:"FI";i:9;s:2:"PL";}', 'a:0:{}'),
(19, 'Moneybookers.VSA', 'Module\\CDev\\Moneybookers\\Model\\Payment\\Processor\\Moneybookers', 'CDev_Moneybookers', 1030, 1030, 0, 1, 0, 'C', 0, NULL, 'a:0:{}', 'a:0:{}'),
(20, 'Moneybookers.MSC', 'Module\\CDev\\Moneybookers\\Model\\Payment\\Processor\\Moneybookers', 'CDev_Moneybookers', 1040, 1040, 0, 1, 0, 'C', 0, NULL, 'a:0:{}', 'a:0:{}'),
(21, 'Moneybookers.VSD', 'Module\\CDev\\Moneybookers\\Model\\Payment\\Processor\\Moneybookers', 'CDev_Moneybookers', 1050, 1050, 0, 1, 0, 'C', 0, NULL, 'a:4:{i:0;s:2:"US";i:1;s:2:"CA";i:2;s:2:"GB";i:3;s:2:"DE";}', 'a:0:{}'),
(22, 'Moneybookers.VSE', 'Module\\CDev\\Moneybookers\\Model\\Payment\\Processor\\Moneybookers', 'CDev_Moneybookers', 1060, 1060, 0, 1, 0, 'C', 0, NULL, 'a:0:{}', 'a:4:{i:0;s:2:"US";i:1;s:2:"CA";i:2;s:2:"AU";i:3;s:2:"IE";}'),
(23, 'Moneybookers.MAE', 'Module\\CDev\\Moneybookers\\Model\\Payment\\Processor\\Moneybookers', 'CDev_Moneybookers', 1070, 1070, 0, 1, 0, 'C', 0, NULL, 'a:1:{i:0;s:2:"GB";}', 'a:0:{}'),
(24, 'Moneybookers.SLO', 'Module\\CDev\\Moneybookers\\Model\\Payment\\Processor\\Moneybookers', 'CDev_Moneybookers', 1080, 1080, 0, 1, 0, 'C', 0, NULL, 'a:1:{i:0;s:2:"GB";}', 'a:0:{}'),
(25, 'Moneybookers.AMX', 'Module\\CDev\\Moneybookers\\Model\\Payment\\Processor\\Moneybookers', 'CDev_Moneybookers', 1090, 1090, 0, 1, 0, 'C', 0, NULL, 'a:1:{i:0;s:2:"US";}', 'a:0:{}'),
(26, 'Moneybookers.LSR', 'Module\\CDev\\Moneybookers\\Model\\Payment\\Processor\\Moneybookers', 'CDev_Moneybookers', 1120, 1120, 0, 1, 0, 'C', 0, NULL, 'a:1:{i:0;s:2:"IE";}', 'a:0:{}'),
(27, 'Moneybookers.GCB', 'Module\\CDev\\Moneybookers\\Model\\Payment\\Processor\\Moneybookers', 'CDev_Moneybookers', 1130, 1130, 0, 1, 0, 'C', 0, NULL, 'a:1:{i:0;s:2:"FR";}', 'a:0:{}'),
(28, 'Moneybookers.DNK', 'Module\\CDev\\Moneybookers\\Model\\Payment\\Processor\\Moneybookers', 'CDev_Moneybookers', 1140, 1140, 0, 1, 0, 'C', 0, NULL, 'a:1:{i:0;s:2:"DK";}', 'a:0:{}'),
(29, 'Moneybookers.PSP', 'Module\\CDev\\Moneybookers\\Model\\Payment\\Processor\\Moneybookers', 'CDev_Moneybookers', 1150, 1150, 0, 1, 0, 'C', 0, NULL, 'a:1:{i:0;s:2:"IT";}', 'a:0:{}'),
(30, 'Moneybookers.CSI', 'Module\\CDev\\Moneybookers\\Model\\Payment\\Processor\\Moneybookers', 'CDev_Moneybookers', 1160, 1160, 0, 1, 0, 'C', 0, NULL, 'a:1:{i:0;s:2:"IT";}', 'a:0:{}'),
(31, 'Moneybookers.OBT', 'Module\\CDev\\Moneybookers\\Model\\Payment\\Processor\\Moneybookers', 'CDev_Moneybookers', 1170, 1170, 0, 1, 0, 'N', 0, NULL, 'a:6:{i:0;s:2:"GB";i:1;s:2:"FR";i:2;s:2:"IT";i:3;s:2:"DE";i:4;s:2:"AT";i:5;s:2:"ES";}', 'a:0:{}'),
(32, 'Moneybookers.GIR', 'Module\\CDev\\Moneybookers\\Model\\Payment\\Processor\\Moneybookers', 'CDev_Moneybookers', 1180, 1180, 0, 1, 0, 'N', 0, NULL, 'a:1:{i:0;s:2:"DE";}', 'a:0:{}'),
(33, 'Moneybookers.DID', 'Module\\CDev\\Moneybookers\\Model\\Payment\\Processor\\Moneybookers', 'CDev_Moneybookers', 1190, 1190, 0, 1, 0, 'N', 0, NULL, 'a:1:{i:0;s:2:"DE";}', 'a:0:{}'),
(34, 'Moneybookers.SFT', 'Module\\CDev\\Moneybookers\\Model\\Payment\\Processor\\Moneybookers', 'CDev_Moneybookers', 1200, 1200, 0, 1, 0, 'N', 0, NULL, 'a:1:{i:0;s:2:"DE";}', 'a:0:{}'),
(35, 'Moneybookers.EBT', 'Module\\CDev\\Moneybookers\\Model\\Payment\\Processor\\Moneybookers', 'CDev_Moneybookers', 1220, 1220, 0, 1, 0, 'N', 0, NULL, 'a:4:{i:0;s:2:"SE";i:1;s:2:"FI";i:2;s:2:"NO";i:3;s:2:"DK";}', 'a:0:{}'),
(36, 'Moneybookers.IDL', 'Module\\CDev\\Moneybookers\\Model\\Payment\\Processor\\Moneybookers', 'CDev_Moneybookers', 1240, 1240, 0, 1, 0, 'N', 0, NULL, 'a:28:{i:0;s:2:"NL";i:1;s:2:"BE";i:2;s:2:"BG";i:3;s:2:"CZ";i:4;s:2:"DK";i:5;s:2:"DE";i:6;s:2:"EE";i:7;s:2:"IE";i:8;s:2:"EL";i:9;s:2:"ES";i:10;s:2:"FR";i:11;s:2:"HR";i:12;s:2:"IT";i:13;s:2:"CY";i:14;s:2:"LV";i:15;s:2:"LT";i:16;s:2:"LU";i:17;s:2:"HU";i:18;s:2:"MT";i:19;s:2:"AT";i:20;s:2:"PL";i:21;s:2:"PT";i:22;s:2:"RO";i:23;s:2:"SI";i:24;s:2:"SK";i:25;s:2:"FI";i:26;s:2:"SE";i:27;s:2:"GB";}', 'a:0:{}'),
(37, 'Moneybookers.NPY', 'Module\\CDev\\Moneybookers\\Model\\Payment\\Processor\\Moneybookers', 'CDev_Moneybookers', 1250, 1250, 0, 1, 0, 'N', 0, NULL, 'a:2:{i:0;s:2:"GB";i:1;s:2:"IE";}', 'a:0:{}'),
(38, 'Moneybookers.PLI', 'Module\\CDev\\Moneybookers\\Model\\Payment\\Processor\\Moneybookers', 'CDev_Moneybookers', 1260, 1260, 0, 1, 0, 'N', 0, NULL, 'a:2:{i:0;s:2:"AU";i:1;s:2:"NZ";}', 'a:0:{}'),
(39, 'Moneybookers.PWY', 'Module\\CDev\\Moneybookers\\Model\\Payment\\Processor\\Moneybookers', 'CDev_Moneybookers', 1270, 1270, 0, 1, 0, 'N', 0, NULL, 'a:1:{i:0;s:2:"PL";}', 'a:0:{}'),
(40, 'Moneybookers.PWY5', 'Module\\CDev\\Moneybookers\\Model\\Payment\\Processor\\Moneybookers', 'CDev_Moneybookers', 1280, 1280, 0, 1, 0, 'N', 0, NULL, 'a:1:{i:0;s:2:"NL";}', 'a:0:{}'),
(41, 'Moneybookers.PWY6', 'Module\\CDev\\Moneybookers\\Model\\Payment\\Processor\\Moneybookers', 'CDev_Moneybookers', 1290, 1290, 0, 1, 0, 'N', 0, NULL, 'a:1:{i:0;s:2:"PL";}', 'a:0:{}'),
(42, 'Moneybookers.PWY7', 'Module\\CDev\\Moneybookers\\Model\\Payment\\Processor\\Moneybookers', 'CDev_Moneybookers', 1300, 1300, 0, 1, 0, 'N', 0, NULL, 'a:1:{i:0;s:2:"PL";}', 'a:0:{}'),
(43, 'Moneybookers.PWY14', 'Module\\CDev\\Moneybookers\\Model\\Payment\\Processor\\Moneybookers', 'CDev_Moneybookers', 1310, 1310, 0, 1, 0, 'N', 0, NULL, 'a:1:{i:0;s:2:"PL";}', 'a:0:{}'),
(44, 'Moneybookers.PWY15', 'Module\\CDev\\Moneybookers\\Model\\Payment\\Processor\\Moneybookers', 'CDev_Moneybookers', 1320, 1320, 0, 1, 0, 'N', 0, NULL, 'a:1:{i:0;s:2:"PL";}', 'a:0:{}'),
(45, 'Moneybookers.PWY17', 'Module\\CDev\\Moneybookers\\Model\\Payment\\Processor\\Moneybookers', 'CDev_Moneybookers', 1330, 1330, 0, 1, 0, 'N', 0, NULL, 'a:1:{i:0;s:2:"AE";}', 'a:0:{}'),
(46, 'Moneybookers.PWY18', 'Module\\CDev\\Moneybookers\\Model\\Payment\\Processor\\Moneybookers', 'CDev_Moneybookers', 1340, 1340, 0, 1, 0, 'N', 0, NULL, 'a:1:{i:0;s:2:"PL";}', 'a:0:{}'),
(47, 'Moneybookers.PWY19', 'Module\\CDev\\Moneybookers\\Model\\Payment\\Processor\\Moneybookers', 'CDev_Moneybookers', 1350, 1350, 0, 1, 0, 'N', 0, NULL, 'a:1:{i:0;s:2:"PL";}', 'a:0:{}'),
(48, 'Moneybookers.PWY20', 'Module\\CDev\\Moneybookers\\Model\\Payment\\Processor\\Moneybookers', 'CDev_Moneybookers', 1360, 1360, 0, 1, 0, 'N', 0, NULL, 'a:1:{i:0;s:2:"PL";}', 'a:0:{}'),
(49, 'Moneybookers.PWY21', 'Module\\CDev\\Moneybookers\\Model\\Payment\\Processor\\Moneybookers', 'CDev_Moneybookers', 1370, 1370, 0, 1, 0, 'N', 0, NULL, 'a:1:{i:0;s:2:"BG";}', 'a:0:{}'),
(50, 'Moneybookers.PWY22', 'Module\\CDev\\Moneybookers\\Model\\Payment\\Processor\\Moneybookers', 'CDev_Moneybookers', 1380, 1380, 0, 1, 0, 'N', 0, NULL, 'a:1:{i:0;s:2:"CA";}', 'a:0:{}'),
(51, 'Moneybookers.PWY25', 'Module\\CDev\\Moneybookers\\Model\\Payment\\Processor\\Moneybookers', 'CDev_Moneybookers', 1390, 1390, 0, 1, 0, 'N', 0, NULL, 'a:1:{i:0;s:2:"PL";}', 'a:0:{}'),
(52, 'Moneybookers.PWY26', 'Module\\CDev\\Moneybookers\\Model\\Payment\\Processor\\Moneybookers', 'CDev_Moneybookers', 1400, 1400, 0, 1, 0, 'C', 0, NULL, 'a:1:{i:0;s:2:"PL";}', 'a:0:{}'),
(53, 'Moneybookers.PWY28', 'Module\\CDev\\Moneybookers\\Model\\Payment\\Processor\\Moneybookers', 'CDev_Moneybookers', 1410, 1410, 0, 1, 0, 'N', 0, NULL, 'a:1:{i:0;s:2:"PL";}', 'a:0:{}'),
(54, 'Moneybookers.PWY32', 'Module\\CDev\\Moneybookers\\Model\\Payment\\Processor\\Moneybookers', 'CDev_Moneybookers', 1420, 1420, 0, 1, 0, 'N', 0, NULL, 'a:4:{i:0;s:2:"SE";i:1;s:2:"FI";i:2;s:2:"NO";i:3;s:2:"DK";}', 'a:0:{}'),
(55, 'Moneybookers.PWY33', 'Module\\CDev\\Moneybookers\\Model\\Payment\\Processor\\Moneybookers', 'CDev_Moneybookers', 1430, 1430, 0, 1, 0, 'N', 0, NULL, 'a:4:{i:0;s:2:"NL";i:1;s:2:"GB";i:2;s:2:"DE";i:3;s:2:"FR";}', 'a:0:{}'),
(56, 'Moneybookers.PWY36', 'Module\\CDev\\Moneybookers\\Model\\Payment\\Processor\\Moneybookers', 'CDev_Moneybookers', 1440, 1440, 0, 1, 0, 'N', 0, NULL, 'a:1:{i:0;s:2:"DE";}', 'a:0:{}'),
(57, 'Moneybookers.EPY', 'Module\\CDev\\Moneybookers\\Model\\Payment\\Processor\\Moneybookers', 'CDev_Moneybookers', 1450, 1450, 0, 1, 0, 'N', 0, NULL, 'a:1:{i:0;s:2:"BG";}', 'a:0:{}'),
(58, 'QuantumGateway', 'Module\\CDev\\Quantum\\Model\\Payment\\Processor\\Quantum', 'CDev_Quantum', -10000, -10000, 0, 1, 0, 'C', 0, NULL, 'a:1:{i:0;s:2:"US";}', 'a:0:{}'),
(59, '2Checkout.com', 'Module\\CDev\\TwoCheckout\\Model\\Payment\\Processor\\TwoCheckout', 'CDev_TwoCheckout', -10500, -10500, 0, 1, 0, 'C', 0, NULL, 'a:0:{}', 'a:6:{i:0;s:2:"KP";i:1;s:2:"CU";i:2;s:2:"IR";i:3;s:2:"SY";i:4;s:2:"SD";i:5;s:2:"MM";}'),
(60, 'COD_USPS', 'Module\\CDev\\USPS\\Model\\Payment\\Processor\\COD', 'CDev_USPS', 0, 0, 0, 1, 1, 'O', 0, NULL, 'a:1:{i:0;s:2:"US";}', 'N;'),
(61, 'ePDQ e-Commerce', 'Module\\XC\\EPDQ\\Model\\Payment\\Processor\\EPDQ', 'XC_EPDQ', -10200, -10200, 0, 1, 0, 'C', 0, NULL, 'a:1:{i:0;s:2:"GB";}', 'a:0:{}'),
(62, 'iDEAL Professional', 'Module\\XC\\IdealPayments\\Model\\Payment\\Processor\\IdealProfessional', 'XC_IdealPayments', -10100, -10100, 0, 1, 0, 'C', 0, NULL, 'a:28:{i:0;s:2:"NL";i:1;s:2:"BE";i:2;s:2:"BG";i:3;s:2:"CZ";i:4;s:2:"DK";i:5;s:2:"DE";i:6;s:2:"EE";i:7;s:2:"IE";i:8;s:2:"EL";i:9;s:2:"ES";i:10;s:2:"FR";i:11;s:2:"HR";i:12;s:2:"IT";i:13;s:2:"CY";i:14;s:2:"LV";i:15;s:2:"LT";i:16;s:2:"LU";i:17;s:2:"HU";i:18;s:2:"MT";i:19;s:2:"AT";i:20;s:2:"PL";i:21;s:2:"PT";i:22;s:2:"RO";i:23;s:2:"SI";i:24;s:2:"SK";i:25;s:2:"FI";i:26;s:2:"SE";i:27;s:2:"GB";}', 'a:0:{}'),
(63, 'SagePay form protocol', 'Module\\XC\\SagePay\\Model\\Payment\\Processor\\SagePayForm', 'XC_SagePay', -101500, -101500, 0, 1, 0, 'C', 0, NULL, 'a:2:{i:0;s:2:"GB";i:1;s:2:"IE";}', 'a:0:{}'),
(64, 'Stripe', 'Module\\XC\\Stripe\\Model\\Payment\\Stripe', 'XC_Stripe', -10300, -10300, 0, 1, 0, 'C', 0, NULL, 'a:20:{i:0;s:2:"AU";i:1;s:2:"CA";i:2;s:2:"DK";i:3;s:2:"US";i:4;s:2:"FI";i:5;s:2:"GB";i:6;s:2:"IE";i:7;s:2:"NO";i:8;s:2:"SE";i:9;s:2:"AT";i:10;s:2:"BE";i:11;s:2:"FR";i:12;s:2:"DE";i:13;s:2:"IT";i:14;s:2:"JP";i:15;s:2:"LU";i:16;s:2:"MX";i:17;s:2:"NL";i:18;s:2:"ES";i:19;s:2:"CH";}', 'a:0:{}'),
(65, 'Ingenico Payment Services (Ogone)', 'Module\\XC\\OgoneEcommerce\\Model\\Payment\\Processor\\OgoneEcommerce', 'XC_OgoneEcommerce', 0, 0, 0, 1, 0, 'C', 0, NULL, 'a:63:{i:0;s:2:"FR";i:1;s:2:"DE";i:2;s:2:"IT";i:3;s:2:"PT";i:4;s:2:"ES";i:5;s:2:"GB";i:6;s:2:"HU";i:7;s:2:"PL";i:8;s:2:"RU";i:9;s:2:"TR";i:10;s:2:"AI";i:11;s:2:"AG";i:12;s:2:"AR";i:13;s:2:"AW";i:14;s:2:"BS";i:15;s:2:"BB";i:16;s:2:"BZ";i:17;s:2:"BM";i:18;s:2:"BO";i:19;s:2:"BR";i:20;s:2:"VG";i:21;s:2:"KY";i:22;s:2:"CL";i:23;s:2:"CO";i:24;s:2:"CR";i:25;s:2:"CU";i:26;s:2:"DM";i:27;s:2:"DO";i:28;s:2:"EC";i:29;s:2:"SV";i:30;s:2:"FK";i:31;s:2:"GF";i:32;s:2:"GD";i:33;s:2:"GP";i:34;s:2:"GT";i:35;s:2:"GY";i:36;s:2:"HT";i:37;s:2:"HN";i:38;s:2:"JM";i:39;s:2:"MQ";i:40;s:2:"MX";i:41;s:2:"MS";i:42;s:2:"AN";i:43;s:2:"NI";i:44;s:2:"PA";i:45;s:2:"PY";i:46;s:2:"PE";i:47;s:2:"PR";i:48;s:2:"LC";i:49;s:2:"KN";i:50;s:2:"VC";i:51;s:2:"SR";i:52;s:2:"TT";i:53;s:2:"TC";i:54;s:2:"VI";i:55;s:2:"UY";i:56;s:2:"VE";i:57;s:2:"CA";i:58;s:2:"GL";i:59;s:2:"PM";i:60;s:2:"US";i:61;s:2:"BL";i:62;s:2:"MF";}', 'a:0:{}'),
(66, 'Moneris (eSELECTplus- Hosted Pay Page)', 'Module\\XC\\ESelectHPP\\Model\\Payment\\Processor\\ESelectHPP', 'XC_ESelectHPP', 0, 0, 0, 1, 0, 'C', 0, NULL, 'a:2:{i:0;s:2:"US";i:1;s:2:"CA";}', 'a:0:{}'),
(67, 'Moneybookers.DIN', 'Module\\CDev\\Moneybookers\\Model\\Payment\\Processor\\Moneybookers', 'CDev_Moneybookers', 0, 1100, 0, 0, 0, 'C', 1, '//my.x-cart.com/sites/default/files/addons/CDev/Moneybookers/method_icon.png', 'a:4:{i:0;s:2:"US";i:1;s:2:"CA";i:2;s:2:"GB";i:3;s:2:"IE";}', 'N;'),
(68, 'Moneybookers.JCB', 'Module\\CDev\\Moneybookers\\Model\\Payment\\Processor\\Moneybookers', 'CDev_Moneybookers', 0, 1110, 0, 0, 0, 'C', 1, '//my.x-cart.com/sites/default/files/addons/CDev/Moneybookers/method_icon.png', 'a:1:{i:0;s:2:"JP";}', 'N;'),
(69, 'EMerchantPayCheckout', 'Module\\EMerchantPay\\Genesis\\Model\\Payment\\Processor\\EMerchantPayCheckout', 'EMerchantPay_Genesis', 0, -10600, 0, 0, 0, 'C', 1, '//my.x-cart.com/sites/default/files/addons/EMerchantPay/Genesis/method_icon.png', 'a:0:{}', 'N;'),
(70, 'EMerchantPayDirect', 'Module\\EMerchantPay\\Genesis\\Model\\Payment\\Processor\\EMerchantPayDirect', 'EMerchantPay_Genesis', 0, -10650, 0, 0, 0, 'C', 1, '//my.x-cart.com/sites/default/files/addons/EMerchantPay/Genesis/method_icon.png', 'a:0:{}', 'N;'),
(71, '5thDimension', 'Module\\FiveDimLog\\FifthDimension\\Model\\Payment\\Processor\\FifthDimension', 'FiveDimLog_FifthDimension', 0, 0, 0, 0, 0, 'C', 1, '//my.x-cart.com/sites/default/files/addons/FiveDimLog/FifthDimension/method_icon.png', 'a:1:{i:0;s:2:"US";}', 'N;'),
(72, 'MPSWebHost', 'Module\\MPS\\MeritusPayment\\Model\\Payment\\Processor\\MeritusPayment', 'MPS_MeritusPayment', 0, 0, 0, 0, 0, 'C', 1, '//my.x-cart.com/sites/default/files/addons/MPS/MeritusPayment/method_icon.png', 'a:1:{i:0;s:2:"US";}', 'N;'),
(73, 'PayU', 'Module\\PayU\\PayU\\Model\\Payment\\Processor\\PayU', 'PayU_PayU', 0, 0, 0, 0, 0, 'C', 1, '//my.x-cart.com/sites/default/files/addons/PayU/PayU/method_icon.png', 'a:3:{i:0;s:2:"RU";i:1;s:2:"UA";i:2;s:2:"BY";}', 'N;'),
(74, 'Alipay', 'Module\\QSL\\AlipayPayment\\Model\\Payment\\Processor\\Alipay', 'QSL_AlipayPayment', 0, 0, 0, 0, 0, 'C', 1, '//my.x-cart.com/sites/default/files/addons/QSL/AlipayPayment/method_icon.png', 'a:0:{}', 'N;'),
(75, 'AuthorizenetAcceptjs', 'Module\\QSL\\AuthorizenetAcceptjs\\Model\\Payment\\Processor\\AuthorizenetAcceptjs', 'QSL_AuthorizenetAcceptjs', 0, 0, 0, 0, 0, 'C', 1, '//my.x-cart.com/sites/default/files/addons/QSL/AuthorizenetAcceptjs/method_icon.png', 'a:1:{i:0;s:2:"US";}', 'N;'),
(76, 'Braintree payments', 'Module\\QSL\\Braintree\\Model\\Payment\\Processor\\Braintree', 'QSL_Braintree', 0, -101900, 0, 0, 0, 'C', 1, '//my.x-cart.com/sites/default/files/addons/QSL/Braintree/method_icon.png', 'a:107:{i:0;s:2:"AD";i:1;s:2:"AE";i:2;s:2:"AF";i:3;s:2:"AL";i:4;s:2:"AM";i:5;s:2:"AT";i:6;s:2:"AU";i:7;s:2:"AX";i:8;s:2:"AZ";i:9;s:2:"BA";i:10;s:2:"BD";i:11;s:2:"BE";i:12;s:2:"BG";i:13;s:2:"BH";i:14;s:2:"BN";i:15;s:2:"BT";i:16;s:2:"BY";i:17;s:2:"CA";i:18;s:2:"CH";i:19;s:2:"CN";i:20;s:2:"CY";i:21;s:2:"CZ";i:22;s:2:"DE";i:23;s:2:"DK";i:24;s:2:"EE";i:25;s:2:"ES";i:26;s:2:"FI";i:27;s:2:"FO";i:28;s:2:"FR";i:29;s:2:"GB";i:30;s:2:"GE";i:31;s:2:"GG";i:32;s:2:"GI";i:33;s:2:"GR";i:34;s:2:"HK";i:35;s:2:"HR";i:36;s:2:"HU";i:37;s:2:"ID";i:38;s:2:"IE";i:39;s:2:"IL";i:40;s:2:"IM";i:41;s:2:"IN";i:42;s:2:"IO";i:43;s:2:"IQ";i:44;s:2:"IR";i:45;s:2:"IS";i:46;s:2:"IT";i:47;s:2:"JE";i:48;s:2:"JO";i:49;s:2:"JP";i:50;s:2:"KG";i:51;s:2:"KH";i:52;s:2:"KP";i:53;s:2:"KR";i:54;s:2:"KW";i:55;s:2:"KZ";i:56;s:2:"LA";i:57;s:2:"LB";i:58;s:2:"LI";i:59;s:2:"LK";i:60;s:2:"LT";i:61;s:2:"LU";i:62;s:2:"LV";i:63;s:2:"MC";i:64;s:2:"MD";i:65;s:2:"ME";i:66;s:2:"MK";i:67;s:2:"MM";i:68;s:2:"MN";i:69;s:2:"MO";i:70;s:2:"MT";i:71;s:2:"MV";i:72;s:2:"MY";i:73;s:2:"NL";i:74;s:2:"NO";i:75;s:2:"NP";i:76;s:2:"OM";i:77;s:2:"PG";i:78;s:2:"PH";i:79;s:2:"PK";i:80;s:2:"PL";i:81;s:2:"PS";i:82;s:2:"PT";i:83;s:2:"QA";i:84;s:2:"RO";i:85;s:2:"RS";i:86;s:2:"RU";i:87;s:2:"SA";i:88;s:2:"SE";i:89;s:2:"SG";i:90;s:2:"SI";i:91;s:2:"SJ";i:92;s:2:"SK";i:93;s:2:"SM";i:94;s:2:"SY";i:95;s:2:"TH";i:96;s:2:"TJ";i:97;s:2:"TL";i:98;s:2:"TM";i:99;s:2:"TR";i:100;s:2:"TW";i:101;s:2:"UA";i:102;s:2:"US";i:103;s:2:"UZ";i:104;s:2:"VA";i:105;s:2:"VN";i:106;s:2:"YE";}', 'N;'),
(77, 'CCBill', 'Module\\QSL\\CCBill\\Model\\Payment\\Processor\\CCBill', 'QSL_CCBill', 0, 0, 0, 0, 0, 'C', 1, '//my.x-cart.com/sites/default/files/addons/QSL/CCBill/method_icon.png', 'a:0:{}', 'N;'),
(78, 'Dwolla', 'Module\\QSL\\Dwolla\\Model\\Payment\\Processor\\Dwolla', 'QSL_Dwolla', 0, 0, 0, 0, 0, 'C', 1, '//my.x-cart.com/sites/default/files/addons/QSL/Dwolla/method_icon.png', 'a:1:{i:0;s:2:"US";}', 'N;'),
(79, 'E-Gateway', 'Module\\QSL\\EGateway\\Model\\Payment\\Processor\\EGateway', 'QSL_EGateway', 0, 0, 0, 0, 0, 'C', 1, '//my.x-cart.com/sites/default/files/addons/QSL/EGateway/method_icon.png', 'a:4:{i:0;s:2:"AU";i:1;s:2:"US";i:2;s:2:"CA";i:3;s:2:"GB";}', 'N;'),
(80, 'eProcessing Network - Database Engine', 'Module\\QSL\\EProcessingNetwork\\Model\\Payment\\Processor\\EProcessingNetwork', 'QSL_EProcessingNetwork', 0, 0, 0, 0, 0, 'C', 1, '//my.x-cart.com/sites/default/files/addons/QSL/EProcessingNetwork/method_icon.png', 'a:0:{}', 'N;'),
(81, 'Exrid', 'Module\\QSL\\ExridPayment\\Model\\Payment\\Processor\\Exrid', 'QSL_ExridPayment', 0, 501, 0, 0, 0, 'C', 1, '//my.x-cart.com/sites/default/files/addons/QSL/ExridPayment/method_icon.png', 'a:0:{}', 'N;'),
(82, 'FastSpring', 'Module\\QSL\\FastSpring\\Model\\Payment\\Processor\\FastSpring', 'QSL_FastSpring', 0, 0, 0, 0, 0, 'C', 1, '//my.x-cart.com/sites/default/files/addons/QSL/FastSpring/method_icon.png', 'a:1:{i:0;s:2:"US";}', 'N;'),
(83, 'Fatourati Payment', 'Module\\QSL\\FatouratiPayment\\Model\\Payment\\Processor\\Fatourati', 'QSL_FatouratiPayment', 0, 0, 0, 0, 0, 'C', 1, '//my.x-cart.com/sites/default/files/addons/QSL/FatouratiPayment/method_icon.png', 'a:1:{i:0;s:2:"MA";}', 'N;'),
(84, 'FinpayPayment', 'Module\\QSL\\FinpayPayment\\Model\\Payment\\Processor\\FinpayPayment', 'QSL_FinpayPayment', 0, 0, 0, 0, 0, 'C', 1, '//my.x-cart.com/sites/default/files/addons/QSL/FinpayPayment/method_icon.png', 'a:0:{}', 'N;'),
(85, 'FirstDataPayeezyGatewayHP', 'Module\\QSL\\FirstDataPayeezyGatewayHP\\Model\\Payment\\Processor\\FirstDataPayeezyGatewayHP', 'QSL_FirstDataPayeezyGatewayHP', 0, 0, 0, 0, 0, 'C', 1, '//my.x-cart.com/sites/default/files/addons/QSL/FirstDataPayeezyGatewayHP/method_icon.png', 'a:0:{}', 'N;'),
(86, 'Giropay', 'Module\\QSL\\Giropay\\Model\\Payment\\Processor\\Giropay', 'QSL_Giropay', 0, 0, 0, 0, 0, 'C', 1, '//my.x-cart.com/sites/default/files/addons/QSL/Giropay/method_icon.png', 'a:1:{i:0;s:2:"DE";}', 'N;'),
(87, 'Global Transport eCommerce processor', 'Module\\QSL\\GlobalTransport\\Model\\Payment\\Processor\\GlobalTransport', 'QSL_GlobalTransport', 0, 0, 0, 0, 0, 'C', 1, '//my.x-cart.com/sites/default/files/addons/QSL/GlobalTransport/method_icon.png', 'a:18:{i:0;s:2:"MV";i:1;s:2:"CN";i:2;s:2:"HK";i:3;s:2:"IN";i:4;s:2:"MY";i:5;s:2:"PH";i:6;s:2:"SG";i:7;s:2:"TW";i:8;s:2:"BR";i:9;s:2:"CA";i:10;s:2:"RU";i:11;s:2:"MT";i:12;s:2:"ES";i:13;s:2:"GB";i:14;s:2:"US";i:15;s:2:"GR";i:16;s:2:"HU";i:17;s:2:"SK";}', 'N;'),
(88, 'MTC Payment', 'Module\\QSL\\MTCPayment\\Model\\Payment\\Processor\\MTC', 'QSL_MTCPayment', 0, 0, 0, 0, 0, 'C', 1, '//my.x-cart.com/sites/default/files/addons/QSL/MTCPayment/method_icon.png', 'a:1:{i:0;s:2:"MA";}', 'N;'),
(89, 'Pagseguro', 'Module\\QSL\\Pagseguro\\Model\\Payment\\Processor\\Pagseguro', 'QSL_Pagseguro', 0, 0, 0, 0, 0, 'C', 1, '//my.x-cart.com/sites/default/files/addons/QSL/Pagseguro/method_icon.png', 'a:1:{i:0;s:2:"BR";}', 'N;'),
(90, 'PayPalHere', 'Module\\QSL\\PayPalHere\\Model\\Payment\\Processor\\PayPalHere', 'QSL_PayPalHere', 0, 0, 0, 0, 0, 'C', 1, '//my.x-cart.com/sites/default/files/addons/QSL/PayPalHere/method_icon.png', 'a:32:{i:0;s:2:"US";i:1;s:2:"CA";i:2;s:2:"AU";i:3;s:2:"NZ";i:4;s:2:"BE";i:5;s:2:"BG";i:6;s:2:"CZ";i:7;s:2:"DK";i:8;s:2:"DE";i:9;s:2:"EE";i:10;s:2:"IE";i:11;s:2:"EL";i:12;s:2:"ES";i:13;s:2:"FR";i:14;s:2:"HR";i:15;s:2:"IT";i:16;s:2:"CY";i:17;s:2:"LV";i:18;s:2:"LT";i:19;s:2:"LU";i:20;s:2:"HU";i:21;s:2:"MT";i:22;s:2:"NL";i:23;s:2:"AT";i:24;s:2:"PL";i:25;s:2:"PT";i:26;s:2:"RO";i:27;s:2:"SI";i:28;s:2:"SK";i:29;s:2:"FI";i:30;s:2:"SE";i:31;s:2:"GB";}', 'N;'),
(91, 'PayProCloud', 'Module\\QSL\\PayProCloud\\Model\\Payment\\Processor\\PayProCloud', 'QSL_PayProCloud', 0, 0, 0, 0, 0, 'C', 1, '//my.x-cart.com/sites/default/files/addons/QSL/PayProCloud/method_icon.png', 'a:166:{i:0;s:2:"DZ";i:1;s:2:"AR";i:2;s:2:"AM";i:3;s:2:"AU";i:4;s:2:"AT";i:5;s:2:"AZ";i:6;s:2:"BH";i:7;s:2:"BY";i:8;s:2:"BE";i:9;s:2:"BR";i:10;s:2:"BG";i:11;s:2:"CA";i:12;s:2:"CN";i:13;s:2:"CO";i:14;s:2:"HR";i:15;s:2:"CY";i:16;s:2:"CZ";i:17;s:2:"DK";i:18;s:2:"EC";i:19;s:2:"EG";i:20;s:2:"SV";i:21;s:2:"EE";i:22;s:2:"FI";i:23;s:2:"FR";i:24;s:2:"GE";i:25;s:2:"DE";i:26;s:2:"GH";i:27;s:2:"GR";i:28;s:2:"GT";i:29;s:2:"HN";i:30;s:2:"HU";i:31;s:2:"IN";i:32;s:2:"ID";i:33;s:2:"IQ";i:34;s:2:"IE";i:35;s:2:"IL";i:36;s:2:"IT";i:37;s:2:"JP";i:38;s:2:"JO";i:39;s:2:"KZ";i:40;s:2:"KW";i:41;s:2:"KG";i:42;s:2:"LV";i:43;s:2:"LB";i:44;s:2:"LT";i:45;s:2:"LU";i:46;s:2:"MK";i:47;s:2:"MY";i:48;s:2:"MT";i:49;s:2:"MX";i:50;s:2:"MA";i:51;s:2:"NL";i:52;s:2:"NZ";i:53;s:2:"NG";i:54;s:2:"NO";i:55;s:2:"OM";i:56;s:2:"PK";i:57;s:2:"PA";i:58;s:2:"PY";i:59;s:2:"PE";i:60;s:2:"PH";i:61;s:2:"PL";i:62;s:2:"PT";i:63;s:2:"QA";i:64;s:2:"RO";i:65;s:2:"RU";i:66;s:2:"SA";i:67;s:2:"SG";i:68;s:2:"SK";i:69;s:2:"SI";i:70;s:2:"ES";i:71;s:2:"SE";i:72;s:2:"CH";i:73;s:2:"TJ";i:74;s:2:"TH";i:75;s:2:"TN";i:76;s:2:"TR";i:77;s:2:"TM";i:78;s:2:"UA";i:79;s:2:"AE";i:80;s:2:"GB";i:81;s:2:"UY";i:82;s:2:"UZ";i:83;s:2:"AE";i:84;s:2:"AM";i:85;s:2:"AR";i:86;s:2:"AT";i:87;s:2:"AU";i:88;s:2:"AZ";i:89;s:2:"BE";i:90;s:2:"BG";i:91;s:2:"BH";i:92;s:2:"BR";i:93;s:2:"BY";i:94;s:2:"CA";i:95;s:2:"CH";i:96;s:2:"CN";i:97;s:2:"CO";i:98;s:2:"CY";i:99;s:2:"CZ";i:100;s:2:"DE";i:101;s:2:"DK";i:102;s:2:"DZ";i:103;s:2:"EC";i:104;s:2:"EE";i:105;s:2:"EG";i:106;s:2:"ES";i:107;s:2:"FI";i:108;s:2:"FR";i:109;s:2:"GB";i:110;s:2:"GE";i:111;s:2:"GH";i:112;s:2:"GR";i:113;s:2:"GT";i:114;s:2:"HN";i:115;s:2:"HR";i:116;s:2:"HU";i:117;s:2:"ID";i:118;s:2:"IE";i:119;s:2:"IL";i:120;s:2:"IN";i:121;s:2:"IQ";i:122;s:2:"IT";i:123;s:2:"JO";i:124;s:2:"JP";i:125;s:2:"KG";i:126;s:2:"KW";i:127;s:2:"KZ";i:128;s:2:"LB";i:129;s:2:"LT";i:130;s:2:"LU";i:131;s:2:"LV";i:132;s:2:"MA";i:133;s:2:"MK";i:134;s:2:"MT";i:135;s:2:"MX";i:136;s:2:"MY";i:137;s:2:"NG";i:138;s:2:"NL";i:139;s:2:"NO";i:140;s:2:"NZ";i:141;s:2:"OM";i:142;s:2:"PA";i:143;s:2:"PE";i:144;s:2:"PH";i:145;s:2:"PK";i:146;s:2:"PL";i:147;s:2:"PT";i:148;s:2:"PY";i:149;s:2:"QA";i:150;s:2:"RO";i:151;s:2:"RU";i:152;s:2:"SA";i:153;s:2:"SE";i:154;s:2:"SG";i:155;s:2:"SI";i:156;s:2:"SK";i:157;s:2:"SV";i:158;s:2:"TH";i:159;s:2:"TJ";i:160;s:2:"TM";i:161;s:2:"TN";i:162;s:2:"TR";i:163;s:2:"UA";i:164;s:2:"UY";i:165;s:2:"UZ";}', 'N;'),
(92, 'PayWay Net', 'Module\\QSL\\PayWayPayment\\Model\\Payment\\Processor\\PayWay', 'QSL_PayWayPayment', 0, 0, 0, 0, 0, 'C', 1, '//my.x-cart.com/sites/default/files/addons/QSL/PayWayPayment/method_icon.png', 'a:0:{}', 'N;'),
(93, 'Paysafecard', 'Module\\QSL\\Paysafecard\\Model\\Payment\\Processor\\Paysafecard', 'QSL_Paysafecard', 0, 0, 0, 0, 0, 'C', 1, '//my.x-cart.com/sites/default/files/addons/QSL/Paysafecard/method_icon.png', 'a:37:{i:0;s:2:"AR";i:1;s:2:"AU";i:2;s:2:"AT";i:3;s:2:"BE";i:4;s:2:"BG";i:5;s:2:"CA";i:6;s:2:"HR";i:7;s:2:"CY";i:8;s:2:"CZ";i:9;s:2:"DK";i:10;s:2:"FI";i:11;s:2:"FR";i:12;s:2:"DE";i:13;s:2:"GR";i:14;s:2:"HU";i:15;s:2:"IE";i:16;s:2:"IT";i:17;s:2:"LV";i:18;s:2:"LT";i:19;s:2:"LU";i:20;s:2:"MT";i:21;s:2:"MX";i:22;s:2:"NL";i:23;s:2:"NO";i:24;s:2:"PE";i:25;s:2:"PL";i:26;s:2:"PT";i:27;s:2:"RO";i:28;s:2:"SK";i:29;s:2:"SI";i:30;s:2:"ES";i:31;s:2:"SE";i:32;s:2:"CH";i:33;s:2:"TR";i:34;s:2:"GB";i:35;s:2:"UY";i:36;s:2:"US";}', 'N;'),
(94, 'QuickPay Link', 'Module\\QSL\\QuickPayLinkPayment\\Model\\Payment\\Processor\\QuickPayLink', 'QSL_QuickPayLinkPayment', 0, 0, 0, 0, 0, 'C', 1, '//my.x-cart.com/sites/default/files/addons/QSL/QuickPayLinkPayment/method_icon.png', 'a:12:{i:0;s:2:"DK";i:1;s:2:"NO";i:2;s:2:"SE";i:3;s:2:"FO";i:4;s:2:"UK";i:5;s:2:"DE";i:6;s:2:"AT";i:7;s:2:"NL";i:8;s:2:"EE";i:9;s:2:"LV";i:10;s:2:"LT";i:11;s:2:"HU";}', 'N;'),
(95, 'Rabo OmniKassa', 'Module\\QSL\\RaboOmniKassaPayment\\Model\\Payment\\Processor\\RaboOmniKassa', 'QSL_RaboOmniKassaPayment', 0, 0, 0, 0, 0, 'C', 1, '//my.x-cart.com/sites/default/files/addons/QSL/RaboOmniKassaPayment/method_icon.png', 'a:0:{}', 'N;'),
(96, 'RealexHosted', 'Module\\QSL\\RealexHostedPayment\\Model\\Payment\\Processor\\RealexHosted', 'QSL_RealexHostedPayment', 0, 501, 0, 0, 0, 'C', 1, '//my.x-cart.com/sites/default/files/addons/QSL/RealexHostedPayment/method_icon.png', 'a:0:{}', 'N;'),
(97, 'SecurePay SecureFrame', 'Module\\QSL\\SecurePay\\Model\\Payment\\Processor\\SecurePay', 'QSL_SecurePay', 0, 0, 0, 0, 0, 'C', 1, '//my.x-cart.com/sites/default/files/addons/QSL/SecurePay/method_icon.png', 'a:1:{i:0;s:2:"AU";}', 'N;'),
(98, 'TenPay', 'Module\\QSL\\TenPay\\Model\\Payment\\Processor\\TenPay', 'QSL_TenPay', 0, 0, 0, 0, 0, 'C', 1, '//my.x-cart.com/sites/default/files/addons/QSL/TenPay/method_icon.png', 'a:1:{i:0;s:2:"CN";}', 'N;'),
(99, '2Checkout - Inline Checkout', 'Module\\QSL\\TwoCheckoutInline\\Model\\Payment\\Processor\\TwoCheckout', 'QSL_TwoCheckoutInline', 0, -10500, 0, 0, 0, 'C', 1, '//my.x-cart.com/sites/default/files/addons/QSL/TwoCheckoutInline/method_icon.png', 'a:0:{}', 'a:6:{i:0;s:2:"KP";i:1;s:2:"CU";i:2;s:2:"IR";i:3;s:2:"SY";i:4;s:2:"SD";i:5;s:2:"MM";}'),
(100, 'V12 Retail Finance', 'Module\\QSL\\V12Payment\\Model\\Payment\\Processor\\V12', 'QSL_V12Payment', 0, 0, 0, 0, 0, 'C', 1, '//my.x-cart.com/sites/default/files/addons/QSL/V12Payment/method_icon.png', 'a:0:{}', 'N;'),
(101, 'Pay2Pay', 'Module\\STaM\\Pay2Pay\\Model\\Payment\\Processor\\Pay2Pay', 'STaM_Pay2Pay', 0, 0, 0, 0, 0, 'C', 1, '//my.x-cart.com/sites/default/files/addons/STaM/Pay2Pay/method_icon.png', 'a:4:{i:0;s:2:"RU";i:1;s:2:"BY";i:2;s:2:"KZ";i:3;s:2:"US";}', 'N;'),
(102, 'SwipezoomPayment', 'Module\\Swipezoom\\InternationalShipping\\Model\\Payment\\Processor\\SwipezoomPayment', 'Swipezoom_InternationalShipping', 0, 0, 0, 0, 0, 'C', 1, NULL, 'a:0:{}', 'N;'),
(103, 'paymentwall.com', 'Module\\Webkulsoftware\\PaymentWall\\Model\\Payment\\Processor\\PaymentWallForm', 'Webkulsoftware_PaymentWall', 0, 0, 0, 0, 0, 'C', 1, '//my.x-cart.com/sites/default/files/addons/Webkulsoftware/PaymentWall/method_icon.png', 'a:0:{}', 'N;'),
(104, 'Beanstream', 'Module\\XC\\Beanstream\\Model\\Payment\\Processor\\BeanstreamPaymentForm', 'XC_Beanstream', 0, 0, 0, 0, 0, 'C', 1, '//my.x-cart.com/sites/default/files/addons/XC/Beanstream/method_icon.png', 'a:28:{i:0;s:2:"NL";i:1;s:2:"BE";i:2;s:2:"BG";i:3;s:2:"CZ";i:4;s:2:"DK";i:5;s:2:"DE";i:6;s:2:"EE";i:7;s:2:"IE";i:8;s:2:"EL";i:9;s:2:"ES";i:10;s:2:"FR";i:11;s:2:"HR";i:12;s:2:"IT";i:13;s:2:"CY";i:14;s:2:"LV";i:15;s:2:"LT";i:16;s:2:"LU";i:17;s:2:"HU";i:18;s:2:"MT";i:19;s:2:"AT";i:20;s:2:"PL";i:21;s:2:"PT";i:22;s:2:"RO";i:23;s:2:"SI";i:24;s:2:"SK";i:25;s:2:"FI";i:26;s:2:"SE";i:27;s:2:"GB";}', 'N;'),
(105, 'ChronoPay', 'Module\\XC\\ChronoPay\\Model\\Payment\\Processor\\ChronoPay', 'XC_ChronoPay', 0, 0, 0, 0, 0, 'C', 1, '//my.x-cart.com/sites/default/files/addons/XC/ChronoPay/method_icon.png', 'a:1:{i:0;s:2:"NL";}', 'N;'),
(106, 'DIBSFlexWin', 'Module\\XC\\DIBSFlexWin\\Model\\Payment\\Processor\\DIBSFlexWin', 'XC_DIBSFlexWin', 0, 0, 0, 0, 0, 'C', 1, '//my.x-cart.com/sites/default/files/addons/XC/DIBSFlexWin/method_icon.png', 'a:2:{i:0;s:2:"UK";i:1;s:2:"US";}', 'N;'),
(107, 'DatatransUPP', 'Module\\XC\\DatatransUPP\\Model\\Payment\\Processor\\DatatransUPP', 'XC_DatatransUPP', 0, 0, 0, 0, 0, 'C', 1, '//my.x-cart.com/sites/default/files/addons/XC/DatatransUPP/method_icon.png', 'a:3:{i:0;s:2:"CH";i:1;s:2:"DE";i:2;s:2:"GB";}', 'N;'),
(108, 'EBS India', 'Module\\XC\\EBSIndia\\Model\\Payment\\Processor\\EBSIndia', 'XC_EBSIndia', 0, 0, 0, 0, 0, 'C', 1, '//my.x-cart.com/sites/default/files/addons/XC/EBSIndia/method_icon.png', 'a:1:{i:0;s:2:"IN";}', 'N;'),
(109, 'EWAYStoredShared', 'Module\\XC\\EWAYStoredShared\\Model\\Payment\\Processor\\EWAYStoredShared', 'XC_EWAYStoredShared', 0, 0, 0, 0, 0, 'C', 1, '//my.x-cart.com/sites/default/files/addons/XC/EWAYStoredShared/method_icon.png', 'a:6:{i:0;s:2:"AU";i:1;s:2:"GB";i:2;s:2:"NZ";i:3;s:2:"SG";i:4;s:2:"MY";i:5;s:2:"HK";}', 'N;'),
(110, 'InternetSecure', 'Module\\XC\\InternetSecure\\Model\\Payment\\Processor\\ISecMerchantLink', 'XC_InternetSecure', 0, 0, 0, 0, 0, 'C', 1, '//my.x-cart.com/sites/default/files/addons/XC/InternetSecure/method_icon.png', 'a:2:{i:0;s:2:"CA";i:1;s:2:"US";}', 'N;'),
(111, 'Netbanx Hosted Payment', 'Module\\XC\\NetbanxHostedPayment\\Model\\Payment\\Processor\\NetbanxHostedPayment', 'XC_NetbanxHostedPayment', 0, 0, 0, 0, 0, 'C', 1, '//my.x-cart.com/sites/default/files/addons/XC/NetbanxHostedPayment/method_icon.png', 'a:31:{i:0;s:2:"GB";i:1;s:2:"BE";i:2;s:2:"BG";i:3;s:2:"CZ";i:4;s:2:"DK";i:5;s:2:"DE";i:6;s:2:"EE";i:7;s:2:"IE";i:8;s:2:"EL";i:9;s:2:"ES";i:10;s:2:"FR";i:11;s:2:"HR";i:12;s:2:"IT";i:13;s:2:"CY";i:14;s:2:"LV";i:15;s:2:"LT";i:16;s:2:"LU";i:17;s:2:"HU";i:18;s:2:"MT";i:19;s:2:"NL";i:20;s:2:"AT";i:21;s:2:"PL";i:22;s:2:"PT";i:23;s:2:"RO";i:24;s:2:"SI";i:25;s:2:"SK";i:26;s:2:"FI";i:27;s:2:"SE";i:28;s:2:"GB";i:29;s:2:"CA";i:30;s:2:"US";}', 'N;'),
(112, 'PayUIndia', 'Module\\XC\\PayUIndia\\Model\\Payment\\Processor\\PayU', 'XC_PayUIndia', 0, 0, 0, 0, 0, 'C', 1, '//my.x-cart.com/sites/default/files/addons/XC/PayUIndia/method_icon.png', 'a:1:{i:0;s:2:"IN";}', 'N;'),
(113, 'Pilibaba', 'Module\\XC\\Pilibaba\\Model\\Payment\\Processor\\Pilibaba', 'XC_Pilibaba', 0, 0, 0, 0, 0, 'C', 1, '//my.x-cart.com/sites/default/files/addons/XC/Pilibaba/method_icon.png', 'a:0:{}', 'N;'),
(114, 'PoliPayment', 'Module\\XC\\PoliPayment\\Model\\Payment\\Processor\\PoliPayment', 'XC_PoliPayment', 0, 0, 0, 0, 0, 'C', 1, '//my.x-cart.com/sites/default/files/addons/XC/PoliPayment/method_icon.png', 'a:2:{i:0;s:2:"AU";i:1;s:2:"NZ";}', 'N;'),
(115, 'Visa QIWI Wallet', 'Module\\XC\\Qiwi\\Model\\Payment\\Processor\\Qiwi', 'XC_Qiwi', 0, -9900, 0, 0, 0, 'N', 1, '//my.x-cart.com/sites/default/files/addons/XC/Qiwi/method_icon.png', 'a:24:{i:0;s:2:"RU";i:1;s:2:"GE";i:2;s:2:"BY";i:3;s:2:"PA";i:4;s:2:"GB";i:5;s:2:"TJ";i:6;s:2:"LT";i:7;s:2:"IL";i:8;s:2:"KG";i:9;s:2:"TR";i:10;s:2:"UA";i:11;s:2:"VN";i:12;s:2:"AZ";i:13;s:2:"AM";i:14;s:2:"LV";i:15;s:2:"IN";i:16;s:2:"TH";i:17;s:2:"MD";i:18;s:2:"US";i:19;s:2:"EE";i:20;s:2:"JP";i:21;s:2:"UZ";i:22;s:2:"KR";i:23;s:2:"KZ";}', 'N;'),
(116, 'Robokassa', 'Module\\XC\\Robokassa\\Model\\Payment\\Processor\\Robokassa', 'XC_Robokassa', 0, -9800, 0, 0, 0, 'N', 1, '//my.x-cart.com/sites/default/files/addons/XC/Robokassa/method_icon.png', 'a:1:{i:0;s:2:"RU";}', 'N;'),
(117, 'SimplifyCommerce', 'Module\\XC\\SimplifyCommerce\\Model\\Payment\\Processor\\SimplifyCommerce', 'XC_SimplifyCommerce', 0, 0, 0, 0, 0, 'C', 1, '//my.x-cart.com/sites/default/files/addons/XC/SimplifyCommerce/method_icon.png', 'a:2:{i:0;s:2:"US";i:1;s:2:"IE";}', 'N;'),
(118, 'SimplifyCommerceHP', 'Module\\XC\\SimplifyCommerce\\Model\\Payment\\Processor\\SimplifyCommerceHP', 'XC_SimplifyCommerce', 0, 0, 0, 0, 0, 'C', 1, '//my.x-cart.com/sites/default/files/addons/XC/SimplifyCommerce/method_icon.png', 'a:2:{i:0;s:2:"US";i:1;s:2:"IE";}', 'N;'),
(119, 'SOFORT Banking', 'Module\\XC\\SofortBanking\\Model\\Payment\\Processor\\SofortBanking', 'XC_SofortBanking', 0, 0, 0, 0, 0, 'C', 1, '//my.x-cart.com/sites/default/files/addons/XC/SofortBanking/method_icon.png', 'a:11:{i:0;s:2:"DE";i:1;s:2:"AT";i:2;s:2:"CH";i:3;s:2:"NL";i:4;s:2:"GB";i:5;s:2:"BE";i:6;s:2:"CZ";i:7;s:2:"FR";i:8;s:2:"IT";i:9;s:2:"PL";i:10;s:2:"ES";}', 'N;'),
(120, 'VirtualMerchant', 'Module\\XC\\VirtualMerchant\\Model\\Payment\\Processor\\VirtualMerchant', 'XC_VirtualMerchant', 0, 0, 0, 0, 0, 'C', 1, '//my.x-cart.com/sites/default/files/addons/XC/VirtualMerchant/method_icon.png', 'a:1:{i:0;s:2:"US";}', 'N;'),
(121, 'WebMoney', 'Module\\XC\\Webmoney\\Model\\Payment\\Processor\\Webmoney', 'XC_Webmoney', 0, -9700, 0, 0, 0, 'N', 1, '//my.x-cart.com/sites/default/files/addons/XC/Webmoney/method_icon.png', 'a:1:{i:0;s:2:"RU";}', 'N;'),
(122, 'Worldpay', 'Module\\XC\\WorldpayHPP\\Model\\Payment\\Processor\\Worldpay', 'XC_WorldpayHPP', 0, 0, 0, 0, 0, 'C', 1, '//my.x-cart.com/sites/default/files/addons/XC/WorldpayHPP/method_icon.png', 'a:3:{i:0;s:2:"SE";i:1;s:2:"DK";i:2;s:2:"NO";}', 'N;'),
(123, 'YandexMoney.ac', 'Module\\XC\\YandexMoney\\Model\\Payment\\Processor\\YandexMoney', 'XC_YandexMoney', 0, 0, 0, 0, 0, 'C', 1, '//my.x-cart.com/sites/default/files/addons/XC/YandexMoney/method_icon.png', 'a:15:{i:0;s:2:"RU";i:1;s:2:"AM";i:2;s:2:"AZ";i:3;s:2:"BY";i:4;s:2:"EE";i:5;s:2:"GE";i:6;s:2:"KZ";i:7;s:2:"KG";i:8;s:2:"LV";i:9;s:2:"LT";i:10;s:2:"MD";i:11;s:2:"TJ";i:12;s:2:"TM";i:13;s:2:"UA";i:14;s:2:"UZ";}', 'N;'),
(124, 'YandexMoney.pc', 'Module\\XC\\YandexMoney\\Model\\Payment\\Processor\\YandexMoney', 'XC_YandexMoney', 0, 0, 0, 0, 0, 'C', 1, '//my.x-cart.com/sites/default/files/addons/XC/YandexMoney/method_icon.png', 'a:15:{i:0;s:2:"RU";i:1;s:2:"AM";i:2;s:2:"AZ";i:3;s:2:"BY";i:4;s:2:"EE";i:5;s:2:"GE";i:6;s:2:"KZ";i:7;s:2:"KG";i:8;s:2:"LV";i:9;s:2:"LT";i:10;s:2:"MD";i:11;s:2:"TJ";i:12;s:2:"TM";i:13;s:2:"UA";i:14;s:2:"UZ";}', 'N;'),
(125, 'YandexMoney.mc', 'Module\\XC\\YandexMoney\\Model\\Payment\\Processor\\YandexMoney', 'XC_YandexMoney', 0, 0, 0, 0, 0, 'C', 1, '//my.x-cart.com/sites/default/files/addons/XC/YandexMoney/method_icon.png', 'a:15:{i:0;s:2:"RU";i:1;s:2:"AM";i:2;s:2:"AZ";i:3;s:2:"BY";i:4;s:2:"EE";i:5;s:2:"GE";i:6;s:2:"KZ";i:7;s:2:"KG";i:8;s:2:"LV";i:9;s:2:"LT";i:10;s:2:"MD";i:11;s:2:"TJ";i:12;s:2:"TM";i:13;s:2:"UA";i:14;s:2:"UZ";}', 'N;'),
(126, 'YandexMoney.gp', 'Module\\XC\\YandexMoney\\Model\\Payment\\Processor\\YandexMoney', 'XC_YandexMoney', 0, 0, 0, 0, 0, 'C', 1, '//my.x-cart.com/sites/default/files/addons/XC/YandexMoney/method_icon.png', 'a:15:{i:0;s:2:"RU";i:1;s:2:"AM";i:2;s:2:"AZ";i:3;s:2:"BY";i:4;s:2:"EE";i:5;s:2:"GE";i:6;s:2:"KZ";i:7;s:2:"KG";i:8;s:2:"LV";i:9;s:2:"LT";i:10;s:2:"MD";i:11;s:2:"TJ";i:12;s:2:"TM";i:13;s:2:"UA";i:14;s:2:"UZ";}', 'N;'),
(127, 'YandexMoney.wm', 'Module\\XC\\YandexMoney\\Model\\Payment\\Processor\\YandexMoney', 'XC_YandexMoney', 0, 0, 0, 0, 0, 'C', 1, '//my.x-cart.com/sites/default/files/addons/XC/YandexMoney/method_icon.png', 'a:15:{i:0;s:2:"RU";i:1;s:2:"AM";i:2;s:2:"AZ";i:3;s:2:"BY";i:4;s:2:"EE";i:5;s:2:"GE";i:6;s:2:"KZ";i:7;s:2:"KG";i:8;s:2:"LV";i:9;s:2:"LT";i:10;s:2:"MD";i:11;s:2:"TJ";i:12;s:2:"TM";i:13;s:2:"UA";i:14;s:2:"UZ";}', 'N;'),
(128, 'YandexMoney.sb', 'Module\\XC\\YandexMoney\\Model\\Payment\\Processor\\YandexMoney', 'XC_YandexMoney', 0, 0, 0, 0, 0, 'C', 1, '//my.x-cart.com/sites/default/files/addons/XC/YandexMoney/method_icon.png', 'a:15:{i:0;s:2:"RU";i:1;s:2:"AM";i:2;s:2:"AZ";i:3;s:2:"BY";i:4;s:2:"EE";i:5;s:2:"GE";i:6;s:2:"KZ";i:7;s:2:"KG";i:8;s:2:"LV";i:9;s:2:"LT";i:10;s:2:"MD";i:11;s:2:"TJ";i:12;s:2:"TM";i:13;s:2:"UA";i:14;s:2:"UZ";}', 'N;'),
(129, 'G2A', 'Module\\G2APay\\G2APay\\Model\\Payment\\G2A', 'G2APay_G2APay', 0, 0, 0, 0, 0, 'C', 1, '//my.x-cart.com/sites/default/files/addons/G2APay/G2APay/method_icon.png', 'a:0:{}', 'N;'),
(130, 'OKPAY', 'Module\\OKPAY\\OkpayPayment\\Model\\Payment\\Processor\\OkpayCheckout', 'OKPAY_OkpayPayment', 0, -9900, 0, 0, 0, 'N', 1, '//my.x-cart.com/sites/default/files/addons/OKPAY/OkpayPayment/method_icon.png', 'a:0:{}', 'N;');

-- --------------------------------------------------------

--
-- Table structure for table `xc_payment_method_settings`
--

DROP TABLE IF EXISTS `xc_payment_method_settings`;
CREATE TABLE IF NOT EXISTS `xc_payment_method_settings` (
  `setting_id` int(11) NOT NULL AUTO_INCREMENT,
  `method_id` int(11) DEFAULT NULL,
  `name` varchar(128) COLLATE utf8_unicode_ci NOT NULL,
  `value` longtext COLLATE utf8_unicode_ci NOT NULL,
  PRIMARY KEY (`setting_id`),
  KEY `IDX_133B9DA0019883967` (`method_id`),
  KEY `mn` (`method_id`,`name`)
) ENGINE=InnoDB AUTO_INCREMENT=118 DEFAULT CHARSET=utf8 COLLATE=utf8_unicode_ci;

--
-- Dumping data for table `xc_payment_method_settings`
--

INSERT INTO `xc_payment_method_settings` (`setting_id`, `method_id`, `name`, `value`) VALUES
(1, 8, 'vendor', ''),
(2, 8, 'user', ''),
(3, 8, 'pwd', ''),
(4, 8, 'partner', 'PayPal'),
(5, 8, 'prefix', 'mystore_'),
(6, 8, 'transaction_type', 'S'),
(7, 8, 'mode', 'test'),
(8, 8, 'buyNowEnabled', '1'),
(9, 9, 'vendor', ''),
(10, 9, 'user', ''),
(11, 9, 'pwd', ''),
(12, 9, 'partner', 'PayPal'),
(13, 9, 'prefix', 'mystore_'),
(14, 9, 'transaction_type', 'S'),
(15, 9, 'mode', 'test'),
(16, 10, 'vendor', ''),
(17, 10, 'user', ''),
(18, 10, 'pwd', ''),
(19, 10, 'partner', 'PayPal'),
(20, 10, 'prefix', 'mystore_'),
(21, 10, 'transaction_type', 'S'),
(22, 10, 'mode', 'test'),
(23, 10, 'buyNowEnabled', '1'),
(24, 11, 'account', ''),
(25, 11, 'description', ''),
(26, 11, 'prefix', 'mystore_'),
(27, 11, 'mode', 'test'),
(28, 12, 'api_type', 'email'),
(29, 12, 'email', 'zshop.ecom@gmail.com'),
(30, 12, 'api_solution', 'paypal'),
(31, 12, 'vendor', ''),
(32, 12, 'user', ''),
(33, 12, 'pwd', ''),
(34, 12, 'partner', 'PayPal'),
(35, 12, 'api_username', ''),
(36, 12, 'api_password', ''),
(37, 12, 'auth_method', 'signature'),
(38, 12, 'signature', ''),
(39, 12, 'certificate', ''),
(40, 12, 'prefix', 'mystore_'),
(41, 12, 'transaction_type', 'S'),
(42, 12, 'mode', 'test'),
(43, 12, 'merchantId', ''),
(44, 12, 'buyNowEnabled', '1'),
(45, 13, 'enabled', '1'),
(46, 13, 'agreement', 'N'),
(47, 13, 'email', ''),
(48, 13, 'publisherId', ''),
(49, 13, 'bannerOnHomePage', 'D'),
(50, 13, 'bannerOnCategoryPages', 'D'),
(51, 13, 'bannerOnProductDetailsPages', 'A'),
(52, 13, 'bannerOnCartPage', 'C'),
(53, 14, 'app_id', ''),
(54, 14, 'api_username', ''),
(55, 14, 'api_password', ''),
(56, 14, 'signature', ''),
(57, 14, 'paypal_login', ''),
(58, 14, 'partner', 'PayPal'),
(59, 14, 'feesPayer', 'PRIMARYRECEIVER'),
(60, 14, 'matchCriteria', 'name'),
(61, 14, 'prefix', 'mystore_'),
(62, 14, 'transaction_type', 'S'),
(63, 14, 'mode', 'test'),
(64, 14, 'buyNowEnabled', '1'),
(65, 16, 'login', ''),
(66, 16, 'key', ''),
(67, 16, 'type', 'sale'),
(68, 16, 'test', '1'),
(69, 16, 'prefix', 'xcart'),
(70, 58, 'login', ''),
(71, 58, 'prefix', 'xcart'),
(72, 58, 'hash', ''),
(73, 58, 'include_response', 'N'),
(74, 59, 'account', ''),
(75, 59, 'secret', ''),
(76, 59, 'language', 'en'),
(77, 59, 'mode', 'test'),
(78, 59, 'prefix', 'xcart'),
(79, 59, 'currency', 'USD'),
(80, 61, 'pspid', ''),
(81, 61, 'sha_in', ''),
(82, 61, 'sha_out', ''),
(83, 61, 'currency', 'GBP'),
(84, 61, 'test', '1'),
(85, 61, 'prefix', 'xcart_'),
(86, 61, 'debug_enabled', '0'),
(87, 62, 'merchant_id', ''),
(88, 62, 'subid', '0'),
(89, 62, 'pub_cert', 'rabobank.cer'),
(90, 62, 'pub_key', ''),
(91, 62, 'private_key', ''),
(92, 62, 'private_key_pass', ''),
(93, 62, 'currency', 'EUR'),
(94, 62, 'test', 'Y'),
(95, 62, 'prefix', 'xcart_'),
(96, 62, 'debug_enabled', '0'),
(97, 63, 'vendorName', ''),
(98, 63, 'password', ''),
(99, 63, 'test', '1'),
(100, 63, 'prefix', 'xcart'),
(101, 64, 'publishKey', ''),
(102, 64, 'accessToken', ''),
(103, 64, 'publishKeyTest', ''),
(104, 64, 'accessTokenTest', ''),
(105, 64, 'mode', 'live'),
(106, 64, 'type', 'sale'),
(107, 64, 'prefix', 'xcart'),
(108, 65, 'pspid', ''),
(109, 65, 'shaIn', ''),
(110, 65, 'shaOut', ''),
(111, 65, 'prefix', 'xcart'),
(112, 65, 'mode', 'test'),
(113, 66, 'store_id', ''),
(114, 66, 'hpp_key', ''),
(115, 66, 'mode', 'test'),
(116, 66, 'prefix', 'xcart'),
(117, 66, 'currency', 'USD');

-- --------------------------------------------------------

--
-- Table structure for table `xc_payment_method_translations`
--

DROP TABLE IF EXISTS `xc_payment_method_translations`;
CREATE TABLE IF NOT EXISTS `xc_payment_method_translations` (
  `label_id` int(11) NOT NULL AUTO_INCREMENT,
  `id` int(11) DEFAULT NULL,
  `name` varchar(255) COLLATE utf8_unicode_ci NOT NULL,
  `title` varchar(255) COLLATE utf8_unicode_ci NOT NULL,
  `description` longtext COLLATE utf8_unicode_ci NOT NULL,
  `adminDescription` longtext COLLATE utf8_unicode_ci NOT NULL,
  `altAdminDescription` longtext COLLATE utf8_unicode_ci NOT NULL,
  `instruction` longtext COLLATE utf8_unicode_ci NOT NULL,
  `code` char(2) COLLATE utf8_unicode_ci NOT NULL,
  PRIMARY KEY (`label_id`),
  KEY `ci` (`code`,`id`),
  KEY `id` (`id`)
) ENGINE=InnoDB AUTO_INCREMENT=141 DEFAULT CHARSET=utf8 COLLATE=utf8_unicode_ci;

--
-- Dumping data for table `xc_payment_method_translations`
--

INSERT INTO `xc_payment_method_translations` (`label_id`, `id`, `name`, `title`, `description`, `adminDescription`, `altAdminDescription`, `instruction`, `code`) VALUES
(1, 1, 'Purchase Order', '', '', '', '', '', 'en'),
(2, 2, 'Phone Ordering', '', 'Phone: (555) 555-5555', '', '', '', 'en'),
(3, 2, 'Заказ по телефону', '', 'Тел. (555) 555-5555', '', '', '', 'ru'),
(4, 3, 'Fax Ordering', '', 'Fax: (555) 555-5555', '', '', '', 'en'),
(5, 4, 'Money Order', '', 'US Banks Only', '', '', '', 'en'),
(6, 5, 'Check', '', 'Check payment', '', '', '', 'en'),
(7, 6, 'COD', '', 'Cash On Delivery', '', '', '', 'en'),
(8, 7, 'Cash on Delivery (FedEx)', '', '', '', '', '', 'en'),
(9, 8, 'PayPal Payflow Link', 'Credit/Debit card or PayPal', '', '', 'Accept Visa, MasterCard®, American Express, Discover and PayPal payments on your site by connecting a PayPal-hosted checkout page with your own internet merchant account. Customize the page to look like the rest of your site and make sure customer transactions are secure.', '', 'en'),
(10, 9, 'Partner Hosted with PCI Compliance', 'Credit/Debit card', '', '', 'PCI compliant payments on your site with Visa, MasterCard, American Express and Discover - without PayPal-hosted pages. Maintain full control over your customers'' checkout experience by providing a credit card form that will post your customers'' payment details from your site''s native checkout page directly to the Gateway server.', '', 'en'),
(11, 10, 'PayPal Payments Advanced', 'Credit/Debit card or PayPal', '', '', 'Accept Visa, MasterCard®, American Express, Discover and PayPal payments securely. With this all-in-one option, customers stay on your site for the entire checkout process. It simplifies PCI compliance and opens the door to more than 100 million active PayPal customers. Requires credit approval (2-3 business days).', '', 'en'),
(12, 11, 'PayPal Payments Standard', 'PayPal', '', '', 'Add a PayPal payment button to your site to accept Visa, MasterCard®, American Express, Discover and PayPal payments securely. When your customers check out, they are redirected to PayPal to pay, then return to your site after they are finished.', '', 'en'),
(13, 12, 'PayPal Express Checkout', 'PayPal Express Checkout', '', '', 'Create a seamless checkout experience and increase your conversion rate by opening the door to over 100 million active PayPal customers who look for and use this fast, easy, and secure way to pay.', '', 'en'),
(14, 13, 'PayPal Credit', 'PayPal Credit', '', '', '', '', 'en'),
(15, 14, 'PayPal Adaptive payments', 'PayPal', '', '', 'This method provides automatic transfer of payments to vendor users (the type of users enabled by the Multi-vendor module). The method may not be activated unless the module <a href=''admin.php?target=addons_list_marketplace&moduleName=XC\\MultiVendor'' target=''_blank''>Multi-vendor</a> is installed and enabled. To use this method, store administrator is required to have an Application ID for PayPal Adaptive Payments API.', '', 'en'),
(16, 15, 'Cash on Delivery (UPS)', '', '', '', '', '', 'en'),
(17, 16, 'Authorize.Net SIM', '', '', '', '', '', 'en'),
(18, 17, 'Skrill Wallet', '', '', '', '', '', 'en'),
(19, 18, 'Skrill All Card Types', '', '', '', '', '', 'en'),
(20, 19, 'Skrill Visa', '', '', '', '', '', 'en'),
(21, 20, 'Skrill MasterCard', '', '', '', '', '', 'en'),
(22, 21, 'Skrill Visa Delta/Debit', '', '', '', '', '', 'en'),
(23, 22, 'Skrill Visa Electron', '', '', '', '', '', 'en'),
(24, 23, 'Skrill Maestro', '', '', '', '', '', 'en'),
(25, 24, 'Skrill Solo', '', '', '', '', '', 'en'),
(26, 25, 'Skrill American Express', '', '', '', '', '', 'en'),
(27, 26, 'Skrill Laser', '', '', '', '', '', 'en'),
(28, 27, 'Skrill Carte Bleue', '', '', '', '', '', 'en'),
(29, 28, 'Skrill Dankort', '', '', '', '', '', 'en'),
(30, 29, 'Skrill PostePay', '', '', '', '', '', 'en'),
(31, 30, 'Skrill CartaSi', '', '', '', '', '', 'en'),
(32, 31, 'Skrill Online Bank Transfer', '', '', '', '', '', 'en'),
(33, 32, 'Skrill Giropay', '', '', '', '', '', 'en'),
(34, 33, 'Skrill Direct Debit / ELV', '', '', '', '', '', 'en'),
(35, 34, 'Skrill Sofortueberweisung', '', '', '', '', '', 'en'),
(36, 35, 'Skrill Nordea Solo', '', '', '', '', '', 'en'),
(37, 36, 'Skrill iDEAL', '', '', '', '', '', 'en'),
(38, 37, 'Skrill EPS (Netpay)', '', '', '', '', '', 'en'),
(39, 38, 'Skrill POLi', '', '', '', '', '', 'en'),
(40, 39, 'Skrill All Polish Banks', '', '', '', '', '', 'en'),
(41, 40, 'Skrill ING Bank Śląski', '', '', '', '', '', 'en'),
(42, 41, 'Skrill PKO BP (PKO Inteligo)', '', '', '', '', '', 'en'),
(43, 42, 'Skrill Multibank (Multitransfer)', '', '', '', '', '', 'en'),
(44, 43, 'Skrill Lukas Bank', '', '', '', '', '', 'en'),
(45, 44, 'Skrill Bank BPH', '', '', '', '', '', 'en'),
(46, 45, 'Skrill InvestBank', '', '', '', '', '', 'en'),
(47, 46, 'Skrill PeKaO S.A.', '', '', '', '', '', 'en'),
(48, 47, 'Skrill Citibank handlowy', '', '', '', '', '', 'en'),
(49, 48, 'Skrill Bank Zachodni WBK (Przelew24)', '', '', '', '', '', 'en'),
(50, 49, 'Skrill BGŻ', '', '', '', '', '', 'en'),
(51, 50, 'Skrill Millenium', '', '', '', '', '', 'en'),
(52, 51, 'Skrill mBank (mTransfer)', '', '', '', '', '', 'en'),
(53, 52, 'Skrill Płacę z Inteligo', '', '', '', '', '', 'en'),
(54, 53, 'Skrill Bank Ochrony Środowiska', '', '', '', '', '', 'en'),
(55, 54, 'Skrill Nordea', '', '', '', '', '', 'en'),
(56, 55, 'Skrill Fortis Bank', '', '', '', '', '', 'en'),
(57, 56, 'Skrill Deutsche Bank PBC S.A.', '', '', '', '', '', 'en'),
(58, 57, 'Skrill ePay.bg', '', '', '', '', '', 'en'),
(59, 58, 'QuantumGateway', '', '', '', '', '', 'en'),
(60, 59, '2Checkout.com', '', '', '', '', '', 'en'),
(61, 60, 'Cash on Delivery (USPS)', '', '', '', '', '', 'en'),
(62, 61, 'Barclaycard ePDQ e-Commerce', '', '', '', '', '', 'en'),
(63, 62, 'iDEAL Professional (Rabobank)', '', '', '', '', '', 'en'),
(64, 63, 'Sage Pay form protocol', '', '', '', '', '', 'en'),
(65, 64, 'Stripe', '', '', '', '', '', 'en'),
(66, 65, 'Ingenico Payment Services (Ogone)', '', '', '', '', '', 'en'),
(67, 66, 'Moneris (eSELECTplus- Hosted Pay Page)', '', '', '', '', '', 'en'),
(68, 67, 'Skrill Diners', '', '', '', '', '', 'en'),
(69, 68, 'Skrill JCB', '', '', '', '', '', 'en'),
(70, 69, 'eMerchantPay Checkout', 'eMerchantPay Checkout', 'eMerchantPay offers a secure way to pay for your order, using Credit/Debit/Prepaid Card, e-Wallet or Vouchers.', '', 'Accept Credit/Debit Cards or Alternative Payments (e-Wallet, Prepaid-Cards, Vouchers etc.) via Payment Form on eMerchantPay PCI-certified servers.', '', 'en'),
(71, 70, 'eMerchantPay Direct', 'eMerchantPay Direct', 'eMerchantPay offers a secure way to pay for your order, using Credit/Debit Card', '', 'Direct API - allow customers to enter their CreditCard information on your website. Note: You need PCI-DSS certificate in order to enable this payment method.', '', 'en'),
(72, 71, '5th Dimension', '', '', '', '', '', 'en'),
(73, 72, 'Meritus Payment Solutions (“MPS”) WebHost', '', '', 'Accept transactions via Meritus Payment Solutions.', '', '', 'en'),
(74, 73, 'PayU Russia', '', '', '', '', '', 'en'),
(75, 74, 'Alipay payment gateway', '', '', '', '', '', 'en'),
(76, 75, 'Authorize.Net Accept.js', '', '', '', '', '', 'en'),
(77, 76, 'Braintree, a PayPal Company', '', '', '', '', '', 'en'),
(78, 77, 'CCBill', '', '', '', '', '', 'en'),
(79, 78, 'Dwolla', '', '', '', '', '', 'en'),
(80, 79, 'E-Gateway', '', '', '', '', '', 'en'),
(81, 80, 'eProcessing Network - Database Engine', '', '', '', '', '', 'en'),
(82, 81, 'EXRID Payment gateway', '', '', '', '', '', 'en'),
(83, 82, 'FastSpring - Popup Storefronts', '', '', '', '', '', 'en'),
(84, 83, 'Fatourati Payment', '', '', '', '', '', 'en'),
(85, 84, 'Finpay (PT. Finnet Indonesia)', '', '', '', '', '', 'en'),
(86, 85, 'First Data Payeezy Gateway - Hosted Payment Pages', '', '', '', '', '', 'en'),
(87, 86, 'Giropay', '', '', '', '', '', 'en'),
(88, 87, 'Global Transport eCommerce processor', '', '', '', '', '', 'en'),
(89, 88, 'MTC Payment', '', '', '', '', '', 'en'),
(90, 89, 'Pagseguro', '', '', '', '', '', 'en'),
(91, 90, 'PayPal Here', '', 'Pay in person with PayPal Here app and card reader. Pay with credit and debit cards or with your PayPal account.', '', '', '', 'en'),
(92, 90, 'PayPal Here', '', 'Платите лично с приложением и кардридером PayPalHere. Платите кредитной и дебетовой картами или с использованием вашего аккаунта PayPal.', '', '', '', 'ru'),
(93, 91, 'PayPro Cloud', '', '', '', '', '', 'en'),
(94, 92, 'PayWay Net', '', '', '', '', '', 'en'),
(95, 93, 'Paysafecard', '', '', '', '', '', 'en'),
(96, 94, 'QuickPay Link', '', '', '', '', '', 'en'),
(97, 95, 'Rabo OmniKassa', '', '', '', '', '', 'en'),
(98, 96, 'Global Iris/Realex Payments Hosted Payment Page', '', '', '', '', '', 'en'),
(99, 97, 'SecurePay (SecureFrame)', '', '', '', '', '', 'en'),
(100, 98, 'TenPay', '', '', '', '', '', 'en'),
(101, 99, '2Checkout - Inline Checkout', '', '', '', '', '', 'en'),
(102, 100, 'V12 Retail Finance', '', '', '', '', '', 'en'),
(103, 101, 'Pay2Pay', 'Credit/Debit card or Mobile', '', '', 'Accept Visa, MasterCard and mobile payments on your site by connecting a Pay2Pay payment system, to make sure customer transactions are secure.', '', 'en'),
(104, 101, 'Pay2Pay', 'Банковская карта / Мобильный', '', '', 'Принимайте карты Visa, MasterCard и Мобильные платежи на вашем сайте подключившись к Российской системе приема электронных платежей Pay2Pay. Сделайте оплату удобной и безопасной.', '', 'ru'),
(105, 102, 'Swipezoom Payment', '', '', '', '', '', 'en'),
(106, 103, 'paymentwall.com', '', '', '', '', '', 'en'),
(107, 104, 'Beanstream', '', '', '', '', '', 'en'),
(108, 105, 'ChronoPay', '', '', '', '', '', 'en'),
(109, 106, 'DIBS FlexWin', '', '', '', '', '', 'en'),
(110, 107, 'Datatrans (Universal payment page)', '', '', '', '', '', 'en'),
(111, 108, 'EBS India', '', '', '', '', '', 'en'),
(112, 109, 'eWAY Responsive Shared Page', '', '', '', '', '', 'en'),
(113, 110, 'InternetSecure', '', '', '', '', '', 'en'),
(114, 111, 'Netbanx Hosted Payment', '', '', '', '', '', 'en'),
(115, 112, 'PayU India', '', '', '', '', '', 'en'),
(116, 113, 'Pilibaba Chinese Checkout', '', '', '', '', '', 'en'),
(117, 114, 'Poli Payment', '', '', '', '', '', 'en'),
(118, 115, 'Visa QIWI Wallet', '', '', '', '', '', 'en'),
(119, 116, 'Robokassa', '', '', '', '', '', 'en'),
(120, 117, 'Simplify Commerce', '', '', '', '', '', 'en'),
(121, 118, 'Simplify Commerce Hosted Payments', '', '', '', '', '', 'en'),
(122, 119, 'SOFORT Banking', '', '', '', '', '', 'en'),
(123, 120, 'Converge (Virtual merchant)', '', '', '', '', '', 'en'),
(124, 121, 'WebMoney', '', '', '', '', '', 'en'),
(125, 122, 'WorldPay', '', '', '', '', '', 'en'),
(126, 123, 'Yandex Payment Solution all card types', '', '', '', '', '', 'en'),
(127, 123, 'Яндекс.Касса, оплата с произвольной карты', '', '', '', '', '', 'ru'),
(128, 124, 'Yandex Payment Solution wallet', '', '', '', '', '', 'en'),
(129, 124, 'Яндекс.Касса, оплата со счета Яндекс.Касса', '', '', '', '', '', 'ru'),
(130, 125, 'Yandex Payment Solution mobile phone', '', '', '', '', '', 'en'),
(131, 125, 'Яндекс.Касса, оплата с мобильного телефона', '', '', '', '', '', 'ru'),
(132, 126, 'Yandex Payment Solution terminals', '', '', '', '', '', 'en'),
(133, 126, 'Яндекс.Касса, оплата через терминал', '', '', '', '', '', 'ru'),
(134, 127, 'Yandex Payment Solution WebMoney wallet', '', '', '', '', '', 'en'),
(135, 127, 'Яндекс.Касса, оплата через кошелек WebMoney', '', '', '', '', '', 'ru'),
(136, 128, 'Yandex Payment Solution Sberbank Online', '', '', '', '', '', 'en'),
(137, 128, 'Яндекс.Касса, оплата через Сбербанк Онлайн', '', '', '', '', '', 'ru'),
(138, 129, 'G2A Pay', '', '', 'Accept transactions via 150+ payment methods. Connect with international customers. Grow worldwide.', '', '', 'en'),
(139, 130, 'OKPAY', 'OKPAY Checkout', '', '', '', '', 'en'),
(140, 130, 'OKPAY', 'Оплатить через OKPAY', '', '', '', '', 'ru');

-- --------------------------------------------------------

--
-- Table structure for table `xc_payment_transactions`
--

DROP TABLE IF EXISTS `xc_payment_transactions`;
CREATE TABLE IF NOT EXISTS `xc_payment_transactions` (
  `transaction_id` int(11) NOT NULL AUTO_INCREMENT,
  `order_id` int(11) DEFAULT NULL,
  `method_id` int(11) DEFAULT NULL,
  `currency_id` int(10) UNSIGNED DEFAULT NULL,
  `date` int(11) NOT NULL,
  `publicTxnId` varchar(16) COLLATE utf8_unicode_ci DEFAULT NULL,
  `method_name` varchar(128) COLLATE utf8_unicode_ci NOT NULL,
  `method_local_name` varchar(255) COLLATE utf8_unicode_ci NOT NULL,
  `status` char(1) COLLATE utf8_unicode_ci NOT NULL,
  `value` decimal(14,4) NOT NULL,
  `note` varchar(255) COLLATE utf8_unicode_ci NOT NULL,
  `type` varchar(16) COLLATE utf8_unicode_ci NOT NULL,
  `public_id` varchar(255) COLLATE utf8_unicode_ci NOT NULL,
  PRIMARY KEY (`transaction_id`),
  KEY `IDX_133CBDC008D9F6D38` (`order_id`),
  KEY `IDX_133CBDC0019883967` (`method_id`),
  KEY `IDX_133CBDC0038248176` (`currency_id`),
  KEY `status` (`status`),
  KEY `o` (`order_id`,`status`),
  KEY `pm` (`method_id`,`status`),
  KEY `publicTxnId` (`publicTxnId`)
) ENGINE=InnoDB AUTO_INCREMENT=7 DEFAULT CHARSET=utf8 COLLATE=utf8_unicode_ci;

--
-- Dumping data for table `xc_payment_transactions`
--

INSERT INTO `xc_payment_transactions` (`transaction_id`, `order_id`, `method_id`, `currency_id`, `date`, `publicTxnId`, `method_name`, `method_local_name`, `status`, `value`, `note`, `type`, `public_id`) VALUES
(1, 1, 4, NULL, 1394005540, '000001-KGSP', 'MoneyOrdering', 'Money Order', 'S', '110.6500', '', 'sale', '000001-KGSP'),
(2, 2, 4, NULL, 1396005895, '000002-FX7B', 'MoneyOrdering', 'Money Order', 'S', '42.1300', '', 'sale', '000002-FX7B'),
(3, 3, 4, NULL, 1407005895, '000002-FX7B', 'MoneyOrdering', 'Money Order', 'S', '158.9400', '', 'sale', '000002-FX7B'),
(4, 4, NULL, NULL, 1452604411, '000012-AS2T', 'SimplifyCommerceHP', 'Simplify Commerce Hosted Payments', 'F', '38.0100', 'Simplify_BadRequestException: "Request data is invalid" (status: 400, error code: validation, reference: c5a0b8b8-92ac-4908-9506-88b843ecd399)\nField error: card.number"Card bin Country rejected by acquirer" (country.bin.not.accepted)', 'sale', 'demostore-000012-AS2T'),
(5, 4, NULL, NULL, 1452604437, '000013-3I22', 'SimplifyCommerceHP', 'Simplify Commerce Hosted Payments', 'F', '38.0100', 'Simplify_BadRequestException: "Request data is invalid" (status: 400, error code: validation, reference: 195c1b1a-44c8-46d4-8e48-ee4e65f271af)\nField error: card.number"Card has expired." (card.expired)', 'sale', 'demostore-000013-3I22'),
(6, 5, 4, NULL, 1452604702, '000005-KXAQ', 'MoneyOrdering', 'Money Order', 'S', '352.8100', '', 'sale', '000005-KXAQ');

-- --------------------------------------------------------

--
-- Table structure for table `xc_payment_transaction_data`
--

DROP TABLE IF EXISTS `xc_payment_transaction_data`;
CREATE TABLE IF NOT EXISTS `xc_payment_transaction_data` (
  `data_id` int(11) NOT NULL AUTO_INCREMENT,
  `transaction_id` int(11) DEFAULT NULL,
  `name` varchar(128) COLLATE utf8_unicode_ci NOT NULL,
  `label` varchar(255) COLLATE utf8_unicode_ci NOT NULL,
  `access_level` char(1) COLLATE utf8_unicode_ci NOT NULL,
  `value` longtext COLLATE utf8_unicode_ci NOT NULL,
  PRIMARY KEY (`data_id`),
  KEY `IDX_1BA8F92A12FC0CB0F` (`transaction_id`),
  KEY `tn` (`transaction_id`,`name`)
) ENGINE=InnoDB AUTO_INCREMENT=11 DEFAULT CHARSET=utf8 COLLATE=utf8_unicode_ci;

--
-- Dumping data for table `xc_payment_transaction_data`
--

INSERT INTO `xc_payment_transaction_data` (`data_id`, `transaction_id`, `name`, `label`, `access_level`, `value`) VALUES
(1, 4, 'test_mode', 'Test mode', 'A', '1'),
(2, 4, 'error_field_name_card.number', 'Error: field name', 'A', 'card.number'),
(3, 4, 'error_field_code_card.number', 'Error: field code', 'A', 'country.bin.not.accepted'),
(4, 4, 'error_field_message_card.number', 'Error: field message', 'A', 'Card bin Country rejected by acquirer'),
(5, 4, 'cart_items', 'Cart items', 'A', 'a:1:{i:0;a:5:{s:4:"name";s:27:"Ewok Ladies Hooded Tank Top";s:3:"sku";s:6:"100ewl";s:5:"price";d:34.990000000000002;s:6:"amount";i:1;s:5:"attrs";a:0:{}}}'),
(6, 5, 'test_mode', 'Test mode', 'A', '1'),
(7, 5, 'error_field_name_card.number', 'Error: field name', 'A', 'card.number'),
(8, 5, 'error_field_code_card.number', 'Error: field code', 'A', 'card.expired'),
(9, 5, 'error_field_message_card.number', 'Error: field message', 'A', 'Card has expired.'),
(10, 5, 'cart_items', 'Cart items', 'A', 'a:1:{i:0;a:5:{s:4:"name";s:27:"Ewok Ladies Hooded Tank Top";s:3:"sku";s:6:"100ewl";s:5:"price";d:34.990000000000002;s:6:"amount";i:1;s:5:"attrs";a:0:{}}}');

-- --------------------------------------------------------

--
-- Table structure for table `xc_permissions`
--

DROP TABLE IF EXISTS `xc_permissions`;
CREATE TABLE IF NOT EXISTS `xc_permissions` (
  `id` int(10) UNSIGNED NOT NULL AUTO_INCREMENT,
  `enabled` tinyint(1) NOT NULL,
  `code` char(32) COLLATE utf8_unicode_ci NOT NULL,
  `section` varchar(128) COLLATE utf8_unicode_ci NOT NULL,
  PRIMARY KEY (`id`)
) ENGINE=InnoDB AUTO_INCREMENT=12 DEFAULT CHARSET=utf8 COLLATE=utf8_unicode_ci;

--
-- Dumping data for table `xc_permissions`
--

INSERT INTO `xc_permissions` (`id`, `enabled`, `code`, `section`) VALUES
(1, 1, 'root access', 'All'),
(2, 1, 'manage catalog', 'Catalog'),
(3, 1, 'manage users', 'Users'),
(4, 1, 'manage admins', 'Users'),
(5, 1, 'manage orders', 'Sales'),
(6, 1, 'manage import', 'Import and Export'),
(7, 1, 'manage export', 'Import and Export'),
(8, 1, 'manage coupons', 'Coupons'),
(9, 1, 'manage custom pages', 'Content'),
(10, 1, 'manage menus', 'Content'),
(11, 1, 'manage volume discounts', 'Volume discounts');

-- --------------------------------------------------------

--
-- Table structure for table `xc_permission_translations`
--

DROP TABLE IF EXISTS `xc_permission_translations`;
CREATE TABLE IF NOT EXISTS `xc_permission_translations` (
  `label_id` int(11) NOT NULL AUTO_INCREMENT,
  `id` int(10) UNSIGNED DEFAULT NULL,
  `name` varchar(255) COLLATE utf8_unicode_ci NOT NULL,
  `description` longtext COLLATE utf8_unicode_ci NOT NULL,
  `code` char(2) COLLATE utf8_unicode_ci NOT NULL,
  PRIMARY KEY (`label_id`),
  KEY `IDX_198B75E86BF396750` (`id`)
) ENGINE=InnoDB AUTO_INCREMENT=12 DEFAULT CHARSET=utf8 COLLATE=utf8_unicode_ci;

--
-- Dumping data for table `xc_permission_translations`
--

INSERT INTO `xc_permission_translations` (`label_id`, `id`, `name`, `description`, `code`) VALUES
(1, 1, 'Root access', '', 'en'),
(2, 2, 'Manage catalog', '', 'en'),
(3, 3, 'Manage users', '', 'en'),
(4, 4, 'Manage administrators', '', 'en'),
(5, 5, 'Manage orders', '', 'en'),
(6, 6, 'Manage import', '', 'en'),
(7, 7, 'Manage export', '', 'en'),
(8, 8, 'Manage coupons', '', 'en'),
(9, 9, 'Manage custom pages', '', 'en'),
(10, 10, 'Manage menus', '', 'en'),
(11, 11, 'Manage volume discounts', '', 'en');

-- --------------------------------------------------------

--
-- Table structure for table `xc_products`
--

DROP TABLE IF EXISTS `xc_products`;
CREATE TABLE IF NOT EXISTS `xc_products` (
  `product_id` int(10) UNSIGNED NOT NULL AUTO_INCREMENT,
  `product_class_id` int(10) UNSIGNED DEFAULT NULL,
  `tax_class_id` int(10) UNSIGNED DEFAULT NULL,
  `xcPendingBulkEdit` tinyint(1) NOT NULL,
  `freeShip` tinyint(1) NOT NULL,
  `freightFixedFee` decimal(14,4) NOT NULL,
  `participateSale` tinyint(1) NOT NULL,
  `discountType` varchar(32) COLLATE utf8_unicode_ci NOT NULL,
  `salePriceValue` decimal(14,4) NOT NULL,
  `ogMeta` longtext COLLATE utf8_unicode_ci NOT NULL,
  `useCustomOG` tinyint(1) NOT NULL,
  `price` decimal(14,4) NOT NULL COMMENT '(DC2Type:money)',
  `sku` varchar(32) COLLATE utf8_unicode_ci DEFAULT NULL,
  `enabled` tinyint(1) NOT NULL,
  `weight` decimal(14,4) NOT NULL,
  `useSeparateBox` tinyint(1) NOT NULL,
  `boxWidth` decimal(14,4) NOT NULL,
  `boxLength` decimal(14,4) NOT NULL,
  `boxHeight` decimal(14,4) NOT NULL,
  `itemsPerBox` int(11) NOT NULL,
  `free_shipping` tinyint(1) NOT NULL,
  `taxable` tinyint(1) NOT NULL,
  `javascript` longtext COLLATE utf8_unicode_ci NOT NULL,
  `arrivalDate` int(11) NOT NULL,
  `date` int(11) NOT NULL,
  `updateDate` int(10) UNSIGNED NOT NULL,
  `needProcess` tinyint(1) NOT NULL,
  `inventoryEnabled` tinyint(1) NOT NULL,
  `amount` int(10) UNSIGNED NOT NULL,
  `lowLimitEnabledCustomer` tinyint(1) NOT NULL,
  `lowLimitEnabled` tinyint(1) NOT NULL,
  `lowLimitAmount` int(10) UNSIGNED NOT NULL,
  `attrSepTab` tinyint(1) NOT NULL,
  `metaDescType` varchar(1) COLLATE utf8_unicode_ci NOT NULL,
  `sales` int(10) UNSIGNED NOT NULL,
  `xcPendingExport` tinyint(1) NOT NULL,
  `entityVersion` char(36) COLLATE utf8_unicode_ci NOT NULL COMMENT '(DC2Type:guid)',
  PRIMARY KEY (`product_id`),
  KEY `IDX_12B79045921B06187` (`product_class_id`),
  KEY `IDX_12B790459A94AAAE` (`tax_class_id`),
  KEY `sku` (`sku`),
  KEY `price` (`price`),
  KEY `weight` (`weight`),
  KEY `free_shipping` (`free_shipping`),
  KEY `customerArea` (`enabled`,`arrivalDate`)
) ENGINE=InnoDB AUTO_INCREMENT=43 DEFAULT CHARSET=utf8 COLLATE=utf8_unicode_ci;

--
-- Dumping data for table `xc_products`
--

INSERT INTO `xc_products` (`product_id`, `product_class_id`, `tax_class_id`, `xcPendingBulkEdit`, `freeShip`, `freightFixedFee`, `participateSale`, `discountType`, `salePriceValue`, `ogMeta`, `useCustomOG`, `price`, `sku`, `enabled`, `weight`, `useSeparateBox`, `boxWidth`, `boxLength`, `boxHeight`, `itemsPerBox`, `free_shipping`, `taxable`, `javascript`, `arrivalDate`, `date`, `updateDate`, `needProcess`, `inventoryEnabled`, `amount`, `lowLimitEnabledCustomer`, `lowLimitEnabled`, `lowLimitAmount`, `attrSepTab`, `metaDescType`, `sales`, `xcPendingExport`, `entityVersion`) VALUES
(1, 1, NULL, 0, 0, '0.0000', 0, 'sale_price', '0.0000', '', 0, '19.9900', '12024', 1, '0.5000', 0, '0.0000', '0.0000', '0.0000', 1, 0, 1, '', 1463410232, 1476370229, 1476370229, 0, 1, 45, 1, 1, 10, 1, 'A', 0, 0, '84358a77-7831-4382-b835-6989caebc79b'),
(2, 1, NULL, 0, 0, '0.0000', 0, 'sale_price', '0.0000', '', 0, '49.9900', '12025', 1, '1.5000', 0, '0.0000', '0.0000', '0.0000', 1, 0, 1, '', 1475506232, 1476370229, 1476370229, 0, 1, 5, 1, 1, 10, 1, 'A', 0, 0, 'acbfa16a-27bd-40fa-8fe9-3abcdf2532ba'),
(3, 1, NULL, 0, 0, '0.0000', 0, 'sale_price', '0.0000', '', 0, '19.9900', '12030', 1, '1.5000', 0, '0.0000', '0.0000', '0.0000', 1, 0, 1, '', 1463410232, 1476370229, 1476370232, 0, 1, 5, 1, 1, 10, 1, 'A', 2, 0, 'a1baf284-d5ba-41dd-893b-bcea498053ed'),
(4, 1, NULL, 0, 0, '0.0000', 0, 'sale_price', '0.0000', '', 0, '24.9900', 'sw-0', 1, '1.0000', 0, '0.0000', '0.0000', '0.0000', 1, 0, 1, '', 1478962232, 1476370229, 1476370229, 0, 1, 9, 1, 1, 10, 1, 'A', 0, 0, 'b758883d-9495-4465-871b-507851bf54cf'),
(5, 1, NULL, 0, 0, '0.0000', 0, 'sale_price', '0.0000', '', 0, '19.9900', '1205', 1, '2.5000', 0, '0.0000', '0.0000', '0.0000', 1, 0, 1, '', 1475506232, 1476370229, 1476370229, 0, 1, 6, 1, 1, 10, 1, 'A', 0, 0, 'e5233e5c-9892-4a65-ab6d-cf823b938c03'),
(6, 1, NULL, 0, 0, '0.0000', 1, 'sale_price', '47.9900', '', 0, '79.9900', '12031', 1, '1.9000', 0, '0.0000', '0.0000', '0.0000', 1, 0, 1, '', 1478962232, 1476370229, 1476370232, 0, 1, 6, 1, 1, 10, 1, 'A', 0, 0, 'adf7d940-3663-45b9-b23d-61aeaba1f6e2'),
(7, 1, NULL, 0, 0, '0.0000', 0, 'sale_price', '0.0000', '', 0, '29.9900', '12033', 1, '1.9000', 0, '0.0000', '0.0000', '0.0000', 1, 0, 1, '', 1463410232, 1476370229, 1476370229, 0, 1, 8, 1, 1, 10, 1, 'A', 0, 0, '1cb247ea-0d9a-47b8-b8c8-697bed46aff3'),
(8, 1, NULL, 0, 0, '0.0000', 1, 'sale_price', '14.9900', '', 0, '19.9900', '12007', 1, '2.5000', 0, '0.0000', '0.0000', '0.0000', 1, 0, 1, '', 1478962232, 1476370229, 1476370232, 0, 0, 6, 1, 1, 10, 1, 'A', 0, 0, 'feec3961-dda0-4049-b8a7-c51cc6706342'),
(9, 1, NULL, 0, 0, '0.0000', 0, 'sale_price', '0.0000', '', 0, '19.9900', '12032', 1, '0.8000', 0, '0.0000', '0.0000', '0.0000', 1, 0, 1, '', 1463410232, 1476370229, 1476370229, 0, 1, 11, 1, 1, 10, 1, 'A', 0, 0, '09aee41b-1d46-45b9-8c79-7ba9f032b588'),
(10, 1, NULL, 0, 0, '0.0000', 0, 'sale_price', '0.0000', '', 0, '34.9900', '100ewl', 1, '0.9500', 0, '0.0000', '0.0000', '0.0000', 1, 0, 1, '', 1463410232, 1476370229, 1476370229, 0, 1, 5, 1, 1, 10, 1, 'A', 0, 0, '56709afb-c2d0-4ddc-aa52-a145a9cddbf1'),
(11, NULL, NULL, 0, 0, '0.0000', 0, 'sale_price', '0.0000', '', 0, '14.9900', '12015', 1, '3.2000', 0, '0.0000', '0.0000', '0.0000', 1, 0, 1, '', 1463410232, 1476370229, 1476370229, 0, 1, 6, 1, 1, 10, 1, 'A', 0, 0, '26debc9f-f59e-4b55-9b5d-578755af4d64'),
(12, NULL, NULL, 0, 0, '0.0000', 0, 'sale_price', '0.0000', '', 0, '9.9900', '12022', 1, '0.3000', 0, '0.0000', '0.0000', '0.0000', 1, 0, 1, '', 1463410232, 1476370229, 1476370232, 0, 1, 20, 1, 1, 10, 1, 'A', 6, 0, 'bbc730b7-8fd0-4ebb-9ede-536f18cc2221'),
(13, NULL, NULL, 0, 0, '0.0000', 0, 'sale_percent', '0.0000', '', 0, '19.9900', '1204', 1, '0.5500', 0, '0.0000', '0.0000', '0.0000', 1, 0, 1, '', 1463410232, 1476370229, 1476370232, 0, 1, 400, 1, 1, 10, 1, 'A', 1, 0, 'b853d162-111a-4b2f-ac27-f0b6c34037c3'),
(14, NULL, NULL, 0, 0, '0.0000', 0, 'sale_price', '0.0000', '', 0, '39.9900', '12016', 1, '3.7000', 0, '0.0000', '0.0000', '0.0000', 1, 0, 1, '', 1475506232, 1476370229, 1476370229, 0, 1, 34, 1, 1, 10, 1, 'A', 0, 0, 'd28ff2da-abba-43fb-a3b4-f9c29fae9162'),
(15, NULL, NULL, 0, 0, '0.0000', 1, 'sale_percent', '15.0000', '', 0, '29.9900', '12029', 1, '1.0000', 0, '0.0000', '0.0000', '0.0000', 1, 0, 1, '', 1463410232, 1476370229, 1476370232, 0, 1, 5, 1, 1, 10, 1, 'A', 12, 0, '959b368e-b0ef-4b45-9b46-45646ffb40e8'),
(16, NULL, NULL, 0, 0, '0.0000', 1, 'sale_percent', '25.0000', '', 0, '19.9900', '12004', 1, '1.0000', 0, '0.0000', '0.0000', '0.0000', 1, 0, 1, '', 1463410232, 1476370229, 1476370232, 0, 1, 743, 1, 1, 10, 1, 'A', 0, 0, '675b5d0e-8bb5-4ca3-b83c-4e70748bd678'),
(17, NULL, NULL, 0, 0, '0.0000', 0, 'sale_price', '0.0000', '', 0, '99.0000', '12026', 1, '0.1000', 0, '0.0000', '0.0000', '0.0000', 1, 0, 1, '', 1478962232, 1476370229, 1476370232, 0, 1, 13, 1, 1, 10, 1, 'A', 1, 0, 'e1d5eb38-aa79-4769-9cfe-06e68027766b'),
(18, NULL, NULL, 0, 0, '0.0000', 0, 'sale_price', '0.0000', '', 0, '49.9900', '12028', 1, '0.5000', 0, '0.0000', '0.0000', '0.0000', 1, 0, 1, '', 1478962232, 1476370229, 1476370229, 0, 1, 6, 1, 1, 10, 1, 'A', 0, 0, 'f012239b-e9fb-4804-9ecc-27c0a1120e85'),
(19, NULL, NULL, 0, 0, '0.0000', 0, 'sale_price', '0.0000', '', 0, '19.9900', '12012', 1, '1.0500', 0, '0.0000', '0.0000', '0.0000', 1, 0, 1, '', 1475506232, 1476370229, 1476370229, 0, 1, 7, 1, 1, 10, 1, 'A', 0, 0, 'ff5baa85-fa01-44e1-8443-01178bc55b19'),
(20, NULL, NULL, 0, 0, '0.0000', 0, 'sale_price', '0.0000', '', 0, '9.9900', '12010', 1, '2.1000', 0, '0.0000', '0.0000', '0.0000', 1, 0, 1, '', 1463410232, 1476370229, 1476370229, 0, 1, 45, 1, 1, 10, 1, 'A', 0, 0, '5bd34751-2dfa-44a4-a735-efde22ca85b8'),
(21, NULL, NULL, 0, 0, '0.0000', 0, 'sale_price', '0.0000', '', 0, '9.9900', '12036', 1, '0.1500', 0, '0.0000', '0.0000', '0.0000', 1, 0, 1, '', 1475506232, 1476370229, 1476370229, 0, 1, 3, 1, 1, 10, 1, 'A', 0, 0, '102091c3-b7dc-4945-8cdf-c4ec9da6ef35'),
(22, NULL, NULL, 0, 0, '0.0000', 0, 'sale_price', '0.0000', '', 0, '29.9900', '12021', 1, '2.0000', 0, '0.0000', '0.0000', '0.0000', 1, 0, 1, '', 1463410232, 1476370230, 1476370230, 0, 1, 8, 1, 1, 10, 1, 'A', 0, 0, '76c60218-ccdc-4115-8c8e-d68aabb2f96f'),
(23, NULL, NULL, 0, 0, '0.0000', 0, 'sale_price', '0.0000', '', 0, '19.9900', '12017', 1, '3.5200', 0, '0.0000', '0.0000', '0.0000', 1, 0, 1, '', 1478962232, 1476370230, 1476370230, 0, 1, 6, 1, 1, 10, 1, 'A', 0, 0, '241f751d-2863-4123-838d-2b4a01ddab4f'),
(24, NULL, NULL, 0, 0, '0.0000', 0, 'sale_price', '0.0000', '', 0, '29.9900', '12006', 1, '3.3000', 0, '0.0000', '0.0000', '0.0000', 1, 0, 1, '', 1463410232, 1476370230, 1476370230, 0, 1, 645, 1, 1, 10, 1, 'A', 0, 0, 'd9cdf9b4-3f69-417b-b30f-e6102c541212'),
(25, NULL, NULL, 0, 0, '0.0000', 0, 'sale_price', '0.0000', '', 0, '14.9900', '12018', 1, '0.8500', 0, '0.0000', '0.0000', '0.0000', 1, 0, 1, '', 1463410232, 1476370230, 1476370230, 0, 1, 7, 1, 1, 10, 1, 'A', 0, 0, 'c1e3913a-5d94-48ba-8e19-ca18bc28c19d'),
(26, NULL, NULL, 0, 0, '0.0000', 0, 'sale_price', '0.0000', '', 0, '19.9900', '12009', 1, '1.5000', 0, '0.0000', '0.0000', '0.0000', 1, 0, 1, '', 1463410232, 1476370230, 1476370230, 0, 1, 9, 1, 1, 10, 1, 'A', 0, 0, '41ecb285-e1a0-4418-bbb6-d9de7ab6ab1f'),
(27, NULL, NULL, 0, 0, '0.0000', 1, 'sale_price', '6.4900', '', 0, '12.9900', '12035', 1, '1.5000', 0, '0.0000', '0.0000', '0.0000', 1, 0, 1, '', 1475506232, 1476370230, 1476370232, 0, 1, 12, 1, 1, 10, 1, 'A', 7, 0, 'b45c127f-baf3-45cc-960c-751d27baf8c2'),
(28, NULL, NULL, 0, 0, '0.0000', 0, 'sale_price', '0.0000', '', 0, '69.9900', '12027', 1, '1.2000', 0, '0.0000', '0.0000', '0.0000', 1, 0, 1, '', 1463410232, 1476370230, 1476370230, 0, 1, 5, 1, 1, 10, 1, 'A', 0, 0, '232b5417-928b-41da-a6fb-ea81fc5af6a2'),
(29, NULL, NULL, 0, 0, '0.0000', 0, 'sale_price', '0.0000', '', 0, '79.9900', '12019', 1, '1.0000', 0, '0.0000', '0.0000', '0.0000', 1, 0, 1, '', 1463410232, 1476370230, 1476370230, 0, 1, 8, 1, 1, 10, 1, 'A', 0, 0, 'acc4762b-9fba-45a9-8b1d-74ecbe3e1c7b'),
(30, NULL, NULL, 0, 0, '0.0000', 0, 'sale_price', '0.0000', '', 0, '299.9900', '12003', 1, '2.1000', 0, '0.0000', '0.0000', '0.0000', 1, 0, 1, '', 1463410232, 1476370230, 1476370230, 0, 1, 60, 1, 1, 10, 1, 'A', 0, 0, '862b26ca-8f5e-419c-bc2b-fc3c02fa453b'),
(31, NULL, NULL, 0, 0, '0.0000', 1, 'sale_price', '19.9900', '', 0, '49.9900', '12014', 1, '1.4000', 0, '0.0000', '0.0000', '0.0000', 1, 0, 1, '', 1475506232, 1476370230, 1476370232, 0, 1, 9, 1, 1, 10, 1, 'A', 0, 0, '2cb8bdff-4e48-487c-916a-7fb3e4678cdc'),
(32, NULL, NULL, 0, 0, '0.0000', 1, 'sale_price', '44.9900', '', 0, '59.9900', '12020', 1, '1.5000', 0, '0.0000', '0.0000', '0.0000', 1, 0, 1, '', 1475506232, 1476370230, 1476370232, 0, 1, 8, 1, 1, 10, 1, 'A', 0, 0, '4755af70-6458-4f07-bfc9-c759c59a481b'),
(33, NULL, NULL, 0, 0, '0.0000', 0, 'sale_price', '0.0000', '', 0, '11.9900', '12008', 1, '1.5200', 0, '0.0000', '0.0000', '0.0000', 1, 0, 1, '', 1463410232, 1476370230, 1476370230, 0, 1, 8, 1, 1, 10, 1, 'A', 0, 0, '322c2700-9d38-4ee5-b540-dde18fa948c4'),
(34, NULL, NULL, 0, 0, '0.0000', 0, 'sale_price', '0.0000', '', 0, '139.9900', '12023', 1, '1.3000', 0, '0.0000', '0.0000', '0.0000', 1, 0, 1, '', 1463410232, 1476370230, 1476370230, 0, 1, 23, 1, 1, 10, 1, 'A', 0, 0, 'ffb62206-451e-4c0a-b69a-19f6972151cf'),
(35, NULL, NULL, 0, 0, '0.0000', 1, 'sale_price', '39.9900', '', 0, '49.9900', '12005', 1, '1.7000', 0, '0.0000', '0.0000', '0.0000', 1, 0, 1, '', 1463410232, 1476370230, 1476370232, 0, 1, 7, 1, 1, 10, 1, 'A', 0, 0, 'fbee4e72-6b6c-48ae-b97c-8698b59c5b44'),
(36, NULL, NULL, 0, 0, '0.0000', 0, 'sale_price', '0.0000', '', 0, '34.9900', '12013', 1, '2.6000', 0, '0.0000', '0.0000', '0.0000', 1, 0, 1, '', 1463410232, 1476370230, 1476370230, 0, 1, 8, 1, 1, 10, 1, 'A', 0, 0, '56d567bf-8548-4814-afdb-275e0e16b511'),
(37, 2, NULL, 0, 0, '0.0000', 0, 'sale_price', '0.0000', '', 0, '650.0000', '12000', 1, '2.8000', 0, '0.0000', '0.0000', '0.0000', 1, 0, 1, '', 1463410232, 1476370230, 1476370230, 0, 1, 40, 1, 1, 10, 1, 'A', 0, 0, '6e741a38-cc3b-40aa-8e2b-8cea4711f828'),
(38, NULL, NULL, 0, 0, '0.0000', 0, 'sale_price', '0.0000', '', 0, '817.5900', '12011', 1, '5.8000', 0, '0.0000', '0.0000', '0.0000', 1, 0, 1, '', 1463410232, 1476370230, 1476370230, 0, 1, 7, 1, 1, 10, 1, 'A', 0, 0, '989a717d-d531-4e09-813e-88fa5400642b'),
(39, NULL, NULL, 0, 0, '0.0000', 0, 'sale_price', '0.0000', '', 0, '399.0000', '12001', 1, '0.9500', 0, '0.0000', '0.0000', '0.0000', 1, 0, 1, '', 1463410232, 1476370230, 1476370230, 0, 1, 6, 1, 1, 10, 1, 'A', 0, 0, 'b1544f3c-233a-469b-81b8-b6c132c7c190'),
(40, NULL, NULL, 0, 0, '0.0000', 0, 'sale_price', '0.0000', '', 0, '199.9900', '12002', 1, '1.5000', 0, '0.0000', '0.0000', '0.0000', 1, 0, 1, '', 1463410232, 1476370230, 1476370230, 0, 1, 6, 1, 1, 10, 1, 'A', 0, 0, '14e4fe42-9d8a-4724-bd18-f17d7d397178'),
(41, 2, NULL, 0, 0, '0.0000', 0, 'sale_price', '0.0000', '', 0, '850.0000', '12003p', 1, '4.5300', 0, '0.0000', '0.0000', '0.0000', 1, 0, 1, '', 1463410232, 1476370230, 1476370230, 0, 1, 5, 1, 1, 10, 1, 'A', 0, 0, 'e4f62e6f-2991-4b33-8e48-c59414c79b64'),
(42, 2, NULL, 0, 0, '0.0000', 0, 'sale_price', '0.0000', '', 0, '299.0000', '10096', 1, '4.1000', 0, '0.0000', '0.0000', '0.0000', 1, 0, 1, '', 1463410232, 1476370230, 1476370230, 0, 1, 4, 1, 1, 10, 1, 'A', 0, 0, '6c6f88d9-e2ec-47c9-9ade-b686d1632830');

-- --------------------------------------------------------

--
-- Table structure for table `xc_product_auction_inc`
--

DROP TABLE IF EXISTS `xc_product_auction_inc`;
CREATE TABLE IF NOT EXISTS `xc_product_auction_inc` (
  `id` int(10) UNSIGNED NOT NULL AUTO_INCREMENT,
  `product_id` int(10) UNSIGNED DEFAULT NULL,
  `calculationMethod` char(1) COLLATE utf8_unicode_ci NOT NULL,
  `package` char(1) COLLATE utf8_unicode_ci NOT NULL,
  `dimensions` longtext COLLATE utf8_unicode_ci NOT NULL COMMENT '(DC2Type:array)',
  `weightUOM` char(3) COLLATE utf8_unicode_ci NOT NULL,
  `dimensionsUOM` char(2) COLLATE utf8_unicode_ci NOT NULL,
  `insurable` char(1) COLLATE utf8_unicode_ci NOT NULL,
  `originCode` varchar(20) COLLATE utf8_unicode_ci NOT NULL,
  `onDemand` longtext COLLATE utf8_unicode_ci NOT NULL COMMENT '(DC2Type:array)',
  `supplementalItemHandlingMode` char(1) COLLATE utf8_unicode_ci NOT NULL,
  `supplementalItemHandlingCode` varchar(20) COLLATE utf8_unicode_ci NOT NULL,
  `supplementalItemHandlingFee` decimal(14,4) NOT NULL COMMENT '(DC2Type:money)',
  `carrierAccessorialFees` longtext COLLATE utf8_unicode_ci NOT NULL COMMENT '(DC2Type:array)',
  `fixedFeeMode` char(1) COLLATE utf8_unicode_ci NOT NULL,
  `fixedFeeCode` varchar(32) COLLATE utf8_unicode_ci NOT NULL,
  `fixedFee1` decimal(14,4) NOT NULL COMMENT '(DC2Type:money)',
  `fixedFee2` decimal(14,4) NOT NULL COMMENT '(DC2Type:money)',
  PRIMARY KEY (`id`),
  UNIQUE KEY `UNIQ_7255AEEA4584665A` (`product_id`),
  KEY `product_id` (`product_id`)
) ENGINE=InnoDB DEFAULT CHARSET=utf8 COLLATE=utf8_unicode_ci;

-- --------------------------------------------------------

--
-- Table structure for table `xc_product_classes`
--

DROP TABLE IF EXISTS `xc_product_classes`;
CREATE TABLE IF NOT EXISTS `xc_product_classes` (
  `id` int(10) UNSIGNED NOT NULL AUTO_INCREMENT,
  `position` int(11) NOT NULL,
  PRIMARY KEY (`id`)
) ENGINE=InnoDB AUTO_INCREMENT=3 DEFAULT CHARSET=utf8 COLLATE=utf8_unicode_ci;

--
-- Dumping data for table `xc_product_classes`
--

INSERT INTO `xc_product_classes` (`id`, `position`) VALUES
(1, 0),
(2, 0);

-- --------------------------------------------------------

--
-- Table structure for table `xc_product_class_coupons`
--

DROP TABLE IF EXISTS `xc_product_class_coupons`;
CREATE TABLE IF NOT EXISTS `xc_product_class_coupons` (
  `coupon_id` int(10) UNSIGNED NOT NULL,
  `class_id` int(10) UNSIGNED NOT NULL,
  PRIMARY KEY (`coupon_id`,`class_id`),
  KEY `IDX_1684B0DA666C5951B` (`coupon_id`),
  KEY `IDX_1684B0DA6EA000B10` (`class_id`)
) ENGINE=InnoDB DEFAULT CHARSET=utf8 COLLATE=utf8_unicode_ci;

-- --------------------------------------------------------

--
-- Table structure for table `xc_product_class_translations`
--

DROP TABLE IF EXISTS `xc_product_class_translations`;
CREATE TABLE IF NOT EXISTS `xc_product_class_translations` (
  `label_id` int(11) NOT NULL AUTO_INCREMENT,
  `id` int(10) UNSIGNED DEFAULT NULL,
  `name` varchar(255) COLLATE utf8_unicode_ci NOT NULL,
  `code` char(2) COLLATE utf8_unicode_ci NOT NULL,
  PRIMARY KEY (`label_id`),
  KEY `ci` (`code`,`id`),
  KEY `id` (`id`)
) ENGINE=InnoDB AUTO_INCREMENT=7 DEFAULT CHARSET=utf8 COLLATE=utf8_unicode_ci;

--
-- Dumping data for table `xc_product_class_translations`
--

INSERT INTO `xc_product_class_translations` (`label_id`, `id`, `name`, `code`) VALUES
(1, 1, 'Apparel', 'en'),
(4, 1, 'Одежда', 'ru'),
(5, 2, 'Mobile phone', 'en'),
(6, 2, 'Мобильный телефон', 'ru');

-- --------------------------------------------------------

--
-- Table structure for table `xc_product_images`
--

DROP TABLE IF EXISTS `xc_product_images`;
CREATE TABLE IF NOT EXISTS `xc_product_images` (
  `id` int(10) UNSIGNED NOT NULL AUTO_INCREMENT,
  `product_id` int(10) UNSIGNED DEFAULT NULL,
  `orderby` int(11) NOT NULL,
  `alt` varchar(255) COLLATE utf8_unicode_ci NOT NULL,
  `width` int(11) NOT NULL,
  `height` int(11) NOT NULL,
  `hash` char(32) COLLATE utf8_unicode_ci DEFAULT NULL,
  `needProcess` tinyint(1) NOT NULL,
  `path` varchar(512) COLLATE utf8_unicode_ci NOT NULL,
  `fileName` varchar(255) COLLATE utf8_unicode_ci NOT NULL,
  `mime` varchar(128) COLLATE utf8_unicode_ci NOT NULL,
  `storageType` varchar(1) COLLATE utf8_unicode_ci NOT NULL,
  `size` int(10) UNSIGNED NOT NULL,
  `date` int(10) UNSIGNED NOT NULL,
  PRIMARY KEY (`id`),
  KEY `IDX_1142C546A4584665A` (`product_id`)
) ENGINE=InnoDB AUTO_INCREMENT=132 DEFAULT CHARSET=utf8 COLLATE=utf8_unicode_ci;

--
-- Dumping data for table `xc_product_images`
--

INSERT INTO `xc_product_images` (`id`, `product_id`, `orderby`, `alt`, `width`, `height`, `hash`, `needProcess`, `path`, `fileName`, `mime`, `storageType`, `size`, `date`) VALUES
(1, 1, 10, '', 600, 593, 'a5bd2669390ddf1d2ca0bfd80c909a38', 1, 'e84d_mordorable.jpeg', 'e84d_mordorable.jpeg', 'image/jpeg', 'r', 40475, 1476370229),
(2, 1, 20, '', 600, 710, 'c0be9c17f7e54daf0fd070e1dc8025af', 1, 'e84d_mordorable_2.jpeg', 'e84d_mordorable_2.jpeg', 'image/jpeg', 'r', 56290, 1476370229),
(3, 2, 10, '', 600, 764, '67be70ba2391eb0ed106202e5c4b602e', 1, 'f14d_octopus_cardigan.jpeg', 'f14d_octopus_cardigan.jpeg', 'image/jpeg', 'r', 91361, 1476370229),
(4, 2, 20, '', 600, 600, '9c991e06468b898011ead7762a1d6271', 1, 'f14d_octopus_cardigan_detail.jpeg', 'f14d_octopus_cardigan_detail.jpeg', 'image/jpeg', 'r', 101219, 1476370229),
(5, 3, 10, '', 442, 650, '658445947998450c263e885c66b592db', 1, 'hrmr_spiderman_selfie_ladies_tee_mb.jpeg', 'hrmr_spiderman_selfie_ladies_tee_mb.jpeg', 'image/jpeg', 'r', 53388, 1476370229),
(6, 3, 20, '', 588, 600, 'bc9cf6e32a93478c634f551ecf61ca1a', 1, 'hrmr_spiderman_selfie_ladies_tee_dd.jpeg', 'hrmr_spiderman_selfie_ladies_tee_dd.jpeg', 'image/jpeg', 'r', 140046, 1476370229),
(7, 4, 10, '', 600, 751, '68146dd25d98450c263e885c66b592db', 1, 'efba_star_wars_tissue_weight_babydoll.jpeg', 'efba_star_wars_tissue_weight_babydoll.jpeg', 'image/jpeg', 'r', 102081, 1476370229),
(8, 4, 20, '', 600, 600, '00e8de0f35f834592b39b803117edeba', 1, 'efba_star_wars_tissue_weight_babydoll_detail.jpeg', 'efba_star_wars_tissue_weight_babydoll_detail.jpeg', 'image/jpeg', 'r', 83001, 1476370229),
(9, 5, 10, '', 549, 650, 'a4354ab6d2a61adaeac353d680a62486', 1, 'htkn_wonder_woman_hockey_stripe_ladies_tee_mb.jpeg', 'htkn_wonder_woman_hockey_stripe_ladies_tee_mb.jpeg', 'image/jpeg', 'r', 74256, 1476370229),
(10, 5, 20, '', 593, 600, 'd70186001b106e1e2b8ed5a18e91f155', 1, 'htkn_wonder_woman_hockey_stripe_ladies_tee_dd.jpeg', 'htkn_wonder_woman_hockey_stripe_ladies_tee_dd.jpeg', 'image/jpeg', 'r', 165186, 1476370229),
(11, 6, 10, '', 600, 640, '68146dd25dc4f3c15cac6121d5ea01f5', 1, '1814_star_trek_command_cycle_jersey.jpeg', '1814_star_trek_command_cycle_jersey.jpeg', 'image/jpeg', 'r', 56283, 1476370229),
(12, 6, 20, '', 600, 600, 'b9eed03377fac9aac9d48296b2cdfbd4', 1, '1814_star_trek_command_cycle_jersey_back.jpeg', '1814_star_trek_command_cycle_jersey_back.jpeg', 'image/jpeg', 'r', 59533, 1476370229),
(13, 6, 30, '', 600, 600, '9bf7fd042cfa565e472564ba660188a6', 1, '1814_star_trek_command_cycle_jersey_side.jpeg', '1814_star_trek_command_cycle_jersey_side.jpeg', 'image/jpeg', 'r', 49802, 1476370229),
(14, 7, 10, '', 600, 600, 'bb936e27b2100ae108e0080529e876eb', 1, '1135_star_trek_uniform_polos.jpeg', '1135_star_trek_uniform_polos.jpeg', 'image/jpeg', 'r', 54632, 1476370229),
(15, 7, 20, '', 600, 600, 'ed3a9c81ac955eefd6ce8653e8af0833', 1, '1135_star_trek_uniform_polos_red.jpeg', '1135_star_trek_uniform_polos_red.jpeg', 'image/jpeg', 'r', 43048, 1476370229),
(16, 7, 30, '', 600, 600, '5195a4ab65a0c548220e868e4e5079a5', 1, '1135_star_trek_uniform_polos_gold.jpeg', '1135_star_trek_uniform_polos_gold.jpeg', 'image/jpeg', 'r', 33589, 1476370229),
(17, 7, 40, '', 600, 600, '5d9f542e0597f6ceb5e5f7432164604d', 1, '1135_star_trek_uniform_polos_blue.jpeg', '1135_star_trek_uniform_polos_blue.jpeg', 'image/jpeg', 'r', 38000, 1476370229),
(18, 8, 10, '', 600, 751, '70c0f213ccc47b27e754ac7ea9bb61f0', 1, 'ec8a_bow_ties.jpeg', 'ec8a_bow_ties.jpeg', 'image/jpeg', 'r', 33129, 1476370229),
(19, 9, 10, '', 600, 600, '587d023a78db14cec866202600dd6dc7', 1, '16d9_star_trek_tng_uniform_tee.jpeg', '16d9_star_trek_tng_uniform_tee.jpeg', 'image/jpeg', 'r', 43098, 1476370229),
(20, 9, 20, '', 600, 600, 'dcbb26863fdb01f427dc2a8581a65180', 1, '16d9_star_trek_tng_uniform_tee_red.jpeg', '16d9_star_trek_tng_uniform_tee_red.jpeg', 'image/jpeg', 'r', 29202, 1476370229),
(21, 9, 30, '', 600, 600, 'bc47bfdf6326db498c9bdbb7765465fb', 1, '16d9_star_trek_tng_uniform_tee_gold.jpeg', '16d9_star_trek_tng_uniform_tee_gold.jpeg', 'image/jpeg', 'r', 26867, 1476370229),
(22, 9, 40, '', 600, 600, '7d1d39b79e6282ff1e7332cc9b350c84', 1, '16d9_star_trek_tng_uniform_tee_blue.jpeg', '16d9_star_trek_tng_uniform_tee_blue.jpeg', 'image/jpeg', 'r', 29088, 1476370229),
(23, 9, 50, '', 600, 600, '019a975c2e64dd4acffa901ca5807913', 1, '16d9_star_trek_tng_uniform_tee_detail.jpeg', '16d9_star_trek_tng_uniform_tee_detail.jpeg', 'image/jpeg', 'r', 91610, 1476370229),
(24, 10, 10, '', 612, 700, 'f088c949b643089eeaf3d5e0712112af', 1, '1baa_ewok_ladies_hooded_tank_top.jpeg', '1baa_ewok_ladies_hooded_tank_top.jpeg', 'image/jpeg', 'r', 51701, 1476370229),
(25, 10, 20, '', 564, 700, '9bc726ea5cf6e2112a51917c5b398043', 1, '1baa_ewok_ladies_hooded_tank_top_back.jpeg', '1baa_ewok_ladies_hooded_tank_top_back.jpeg', 'image/jpeg', 'r', 40033, 1476370229),
(26, 11, 10, '', 582, 650, '4a78f2e3a29ce09ca8c697a9486885e5', 1, 'ipkm_dota_series_3_plush_blind_box.jpeg', 'ipkm_dota_series_3_plush_blind_box.jpeg', 'image/jpeg', 'r', 106656, 1476370229),
(27, 11, 20, '', 552, 650, 'dce170bc53a3df9c21bc48a90c433b48', 1, 'ipkm_dota_series_3_plush_box.jpeg', 'ipkm_dota_series_3_plush_box.jpeg', 'image/jpeg', 'r', 91597, 1476370229),
(28, 11, 30, '', 604, 650, '482fdcdd4b3e25b56ccce8c040224fd6', 1, 'ipkm_dota_series_3_plush_blind_box_grid.jpeg', 'ipkm_dota_series_3_plush_blind_box_grid.jpeg', 'image/jpeg', 'r', 102121, 1476370229),
(29, 12, 10, '', 600, 600, '41a044b7d3f8f0cb42acaaa7bb6deeb2', 1, 'inli_minions_pop_figs.jpeg', 'inli_minions_pop_figs.jpeg', 'image/jpeg', 'r', 46051, 1476370229),
(30, 12, 20, '', 600, 600, '66f3fbd45b29a5e5f0a83709f0e44060', 1, 'inli_minions_pop_figs_grid.jpeg', 'inli_minions_pop_figs_grid.jpeg', 'image/jpeg', 'r', 63276, 1476370229),
(31, 13, 10, '', 600, 600, '1e476555d73d6b5e8a0d05e60d2b5072', 1, 'ijro_ghostbusters_vinyl_idols.jpeg', 'ijro_ghostbusters_vinyl_idols.jpeg', 'image/jpeg', 'r', 65818, 1476370229),
(32, 14, 10, '', 600, 680, '13f63cd4cd2bc7ce532a8013656b7850', 1, 'hrpk_dota_sniper_plush.jpeg', 'hrpk_dota_sniper_plush.jpeg', 'image/jpeg', 'r', 84526, 1476370229),
(33, 14, 20, '', 600, 635, 'd96efab65423d171ec2209c2b37f9be1', 1, 'hrpk_dota_sniper_plush_back.jpeg', 'hrpk_dota_sniper_plush_back.jpeg', 'image/jpeg', 'r', 62687, 1476370229),
(34, 14, 30, '', 600, 600, 'd295e9f8fe081a41a1fc318590389971', 1, 'hrpk_dota_sniper_plush_cuddle.jpeg', 'hrpk_dota_sniper_plush_cuddle.jpeg', 'image/jpeg', 'r', 51735, 1476370229),
(35, 15, 10, '', 600, 470, '5a789cd0f89a1dbc2a7e127ae94126ba', 1, 'ea67_soft_kitty_singing_plush.jpeg', 'ea67_soft_kitty_singing_plush.jpeg', 'image/jpeg', 'r', 41329, 1476370229),
(36, 15, 20, '', 600, 779, '0a934c5d9c5214eb461d7a31052467bb', 1, 'ea67_soft_kitty_singing_plush_hug.jpeg', 'ea67_soft_kitty_singing_plush_hug.jpeg', 'image/jpeg', 'r', 64165, 1476370229),
(37, 16, 10, '', 600, 393, 'fc3e78cb64779be5403cfd85298a78b4', 1, 'hukv_age_ultron_fabrikations_plush.jpeg', 'hukv_age_ultron_fabrikations_plush.jpeg', 'image/jpeg', 'r', 109826, 1476370229),
(38, 16, 20, '', 600, 600, 'a6a705716be966eddcd5d475414f4de5', 1, 'hukv_age_ultron_fabrikations_plush_inhand.jpeg', 'hukv_age_ultron_fabrikations_plush_inhand.jpeg', 'image/jpeg', 'r', 78011, 1476370229),
(39, 16, 30, '', 600, 778, '499a93bf5e6bf9c2dd03cc539bb867b2', 1, 'hukv_age_ultron_fabrikations_plush_grid.jpeg', 'hukv_age_ultron_fabrikations_plush_grid.jpeg', 'image/jpeg', 'r', 132655, 1476370229),
(40, 17, 10, '', 600, 600, 'a564017b051c6f4671c02127cb13bd48', 1, 'hrsp_sphero_ollie.jpeg', 'hrsp_sphero_ollie.jpeg', 'image/jpeg', 'r', 32011, 1476370229),
(41, 17, 20, '', 400, 600, 'c04905f01cd2585088f8208c4cc801dd', 1, 'hrsp_sphero_ollie_env.jpeg', 'hrsp_sphero_ollie_env.jpeg', 'image/jpeg', 'r', 42750, 1476370229),
(42, 17, 30, '', 600, 402, '2a9f8df2f4aadd835a76dcd722c05b82', 1, 'hrsp_sphero_ollie_tricks.jpeg', 'hrsp_sphero_ollie_tricks.jpeg', 'image/jpeg', 'r', 27977, 1476370229),
(43, 17, 40, '', 600, 471, '062275c20e47d13058bf2fd4ce047098', 1, 'hrsp_sphero_ollie_inuse_race.jpeg', 'hrsp_sphero_ollie_inuse_race.jpeg', 'image/jpeg', 'r', 75257, 1476370229),
(44, 17, 50, '', 600, 600, '91600afb74c2a93361a4c913cef5998a', 1, 'hrsp_sphero_ollie_parts.jpeg', 'hrsp_sphero_ollie_parts.jpeg', 'image/jpeg', 'r', 44305, 1476370229),
(45, 18, 10, '', 600, 600, '63d9ebd3f81b9ff4439b2ff32525d628', 1, 'htlr_powerup_3_iphone_plane.jpeg', 'htlr_powerup_3_iphone_plane.jpeg', 'image/jpeg', 'r', 33834, 1476370229),
(46, 18, 20, '', 600, 600, '785143c5fae72bace9a539e87f7e1aca', 1, 'htlr_powerup_3_iphone_plane_throttle_control.jpeg', 'htlr_powerup_3_iphone_plane_throttle_control.jpeg', 'image/jpeg', 'r', 59447, 1476370229),
(47, 18, 30, '', 600, 337, '5836e7f0e58ee30a3e4b35c90ddb6132', 1, 'htlr_powerup_3_iphone_plane_outside.jpeg', 'htlr_powerup_3_iphone_plane_outside.jpeg', 'image/jpeg', 'r', 34604, 1476370229),
(48, 18, 40, '', 600, 444, '0d2a0b32bfcfff096d348260d852c59b', 1, 'htlr_powerup_3_iphone_plane_solo.jpeg', 'htlr_powerup_3_iphone_plane_solo.jpeg', 'image/jpeg', 'r', 22689, 1476370229),
(49, 18, 50, '', 600, 397, '195d924bc7a759ff1421bc5cffcb8fca', 1, 'htlr_powerup_3_iphone_plane_charge_laptop.jpeg', 'htlr_powerup_3_iphone_plane_charge_laptop.jpeg', 'image/jpeg', 'r', 35259, 1476370229),
(50, 18, 60, '', 600, 600, '9bae5b1782661d33fc03372e6b26a640', 1, 'htlr_powerup_3_iphone_plane_battery_pack.jpeg', 'htlr_powerup_3_iphone_plane_battery_pack.jpeg', 'image/jpeg', 'r', 24168, 1476370229),
(51, 19, 10, '', 600, 513, '00872e2e9c105800fca8be22ff36b6cf', 1, '177a_chocolate_covered_edible_bugs_gift_pack.jpeg', '177a_chocolate_covered_edible_bugs_gift_pack.jpeg', 'image/jpeg', 'r', 79865, 1476370229),
(52, 19, 20, '', 600, 546, '3f08f67d50f4dba89cb5a9ebf8e7933b', 1, '177a_chocolate_covered_edible_bugs_gift_pack_scorpions.jpeg', '177a_chocolate_covered_edible_bugs_gift_pack_scorpions.jpeg', 'image/jpeg', 'r', 69986, 1476370229),
(53, 19, 30, '', 600, 504, '81492229f3db56c2fa0c44b184412472', 1, '177a_chocolate_covered_edible_bugs_gift_pack_silkworms.jpeg', '177a_chocolate_covered_edible_bugs_gift_pack_silkworms.jpeg', 'image/jpeg', 'r', 74350, 1476370229),
(54, 19, 40, '', 600, 538, 'c05834e6717e86bbb7b1fcd2a6ca4acf', 1, '177a_chocolate_covered_edible_bugs_gift_pack_inhand.jpeg', '177a_chocolate_covered_edible_bugs_gift_pack_inhand.jpeg', 'image/jpeg', 'r', 65057, 1476370229),
(55, 20, 10, '', 600, 700, 'a96a2a1dc944ce8f345da3768ce51e9a', 1, 'e5a7_canned_unicorn_meat.jpeg', 'e5a7_canned_unicorn_meat.jpeg', 'image/jpeg', 'r', 94188, 1476370229),
(56, 20, 20, '', 600, 813, '1e2b54c1b711a9204fbbe887469f9e23', 1, 'e5a7_canned_unicorn_meat_eating.jpeg', 'e5a7_canned_unicorn_meat_eating.jpeg', 'image/jpeg', 'r', 105856, 1476370229),
(57, 20, 30, '', 600, 600, '7065ef7531f5f22f9a49c4888e088cfe', 1, 'e5a7_canned_unicorn_meat_inside.jpeg', 'e5a7_canned_unicorn_meat_inside.jpeg', 'image/jpeg', 'r', 54026, 1476370229),
(58, 20, 40, '', 600, 411, 'dc16ae42c8079314f7030574c00304f1', 1, 'e5a7_canned_unicorn_meat_pantry.jpeg', 'e5a7_canned_unicorn_meat_pantry.jpeg', 'image/jpeg', 'r', 67806, 1476370229),
(59, 20, 50, '', 600, 549, '3d3f3c3d701f055b0bd38a9818c4589a', 1, 'e5a7_canned_unicorn_meat_parts_diagram.jpeg', 'e5a7_canned_unicorn_meat_parts_diagram.jpeg', 'image/jpeg', 'r', 67970, 1476370229),
(60, 21, 10, '', 600, 600, '7ad659ef72bdb7eed29e19900bc89fc5', 1, 'b278_thinkgeek_annoy-a-tron_text.jpeg', 'b278_thinkgeek_annoy-a-tron_text.jpeg', 'image/jpeg', 'r', 50783, 1476370229),
(61, 22, 10, '', 600, 600, '36750075aba71d2fd442b63bf2560e38', 1, '1848_legendary_hero_8-bit_heart_bouquet.jpeg', '1848_legendary_hero_8-bit_heart_bouquet.jpeg', 'image/jpeg', 'r', 45427, 1476370230),
(62, 22, 20, '', 600, 455, 'c5df2e81eb0837ce22f3c8e74afe9ef8', 1, '1848_legendary_hero_8-bit_heart_bouquet_desk.jpeg', '1848_legendary_hero_8-bit_heart_bouquet_desk.jpeg', 'image/jpeg', 'r', 81020, 1476370230),
(63, 22, 30, '', 600, 600, '7daf3d6f08dc6b591ea105b334505e7c', 1, '1848_legendary_hero_8-bit_heart_bouquet_detail.jpeg', '1848_legendary_hero_8-bit_heart_bouquet_detail.jpeg', 'image/jpeg', 'r', 71694, 1476370230),
(64, 22, 40, '', 600, 600, '63b1a94870bcfa98cd1376225c9c59c5', 1, '1848_legendary_hero_8-bit_heart_bouquet_love.jpeg', '1848_legendary_hero_8-bit_heart_bouquet_love.jpeg', 'image/jpeg', 'r', 78847, 1476370230),
(65, 23, 10, '', 600, 355, '47a2645fad921ea12e436c159e19c3a0', 1, '15b7_exec_building_brick_set_chrome.jpeg', '15b7_exec_building_brick_set_chrome.jpeg', 'image/jpeg', 'r', 26502, 1476370230),
(66, 23, 20, '', 600, 600, 'bd92d55abc1d9e98b03d98ce6049605c', 1, '1b69_exec_building_brick_set_gold_inuse.jpeg', '1b69_exec_building_brick_set_gold_inuse.jpeg', 'image/jpeg', 'r', 90732, 1476370230),
(67, 23, 30, '', 472, 640, '00dd200618e3b490642169be5b72c516', 1, '15b7_exec_building_brick_set_chrome_pckg.jpeg', '15b7_exec_building_brick_set_chrome_pckg.jpeg', 'image/jpeg', 'r', 51039, 1476370230),
(68, 24, 10, '', 600, 498, '69790706c5b8d823d5160f7b8f7cd7cf', 1, 'hslh_diablo_goblin_bank_w_sound.jpeg', 'hslh_diablo_goblin_bank_w_sound.jpeg', 'image/jpeg', 'r', 76487, 1476370230),
(69, 24, 20, '', 600, 600, '2c5ce56f83f1b2ab62228826c53dcd23', 1, 'hslh_diablo_goblin_bank_w_sound_side.jpeg', 'hslh_diablo_goblin_bank_w_sound_side.jpeg', 'image/jpeg', 'r', 120820, 1476370230),
(70, 24, 30, '', 600, 600, '6fe2b1bdeacee07df6446da7bf27e688', 1, 'hslh_diablo_goblin_bank_w_sound_sword.jpeg', 'hslh_diablo_goblin_bank_w_sound_sword.jpeg', 'image/jpeg', 'r', 130351, 1476370230),
(71, 25, 10, '', 600, 600, '489fbd0833d0b7e01d45349dec9ff396', 1, 'iith_ghostbusters_stay_puft_mug.jpeg', 'iith_ghostbusters_stay_puft_mug.jpeg', 'image/jpeg', 'r', 30302, 1476370230),
(72, 25, 20, '', 600, 600, '55faadc80a315eac4ba2f6db34fc7861', 1, 'iith_ghostbusters_stay_puft_mug_inuse.jpeg', 'iith_ghostbusters_stay_puft_mug_inuse.jpeg', 'image/jpeg', 'r', 64293, 1476370230),
(73, 26, 10, '', 600, 638, '85122b5d181f3d69c2bc3a63e6289c14', 1, 'ee3c_build-on_brick_mug.jpeg', 'ee3c_build-on_brick_mug.jpeg', 'image/jpeg', 'r', 100179, 1476370230),
(74, 26, 20, '', 600, 600, 'c861ba87c5acdc353c9f922154139fd2', 1, 'ee3c_build-on_brick_mug_inhand.jpeg', 'ee3c_build-on_brick_mug_inhand.jpeg', 'image/jpeg', 'r', 89784, 1476370230),
(75, 26, 30, '', 650, 571, '9b386698413645d7adc10d91f6f832c4', 1, 'ee3c_build-on_brick_mug_desk.jpeg', 'ee3c_build-on_brick_mug_desk.jpeg', 'image/jpeg', 'r', 115411, 1476370230),
(76, 26, 40, '', 600, 572, 'b209b9017fc8d2be28f70c226e7d3c7b', 1, 'ee3c_build-on_brick_mug_red.jpeg', 'ee3c_build-on_brick_mug_red.jpeg', 'image/jpeg', 'r', 61600, 1476370230),
(77, 26, 50, '', 600, 600, '9004159c44aa5b99701bebe9cbaa0785', 1, '1955_build-on_brick_mug_black.jpeg', '1955_build-on_brick_mug_black.jpeg', 'image/jpeg', 'r', 72143, 1476370230),
(78, 27, 10, '', 600, 505, '28b9d92bf1a530e188fa0ae05815e8f3', 1, 'htro_superhero_mom_mug.jpeg', 'htro_superhero_mom_mug.jpeg', 'image/jpeg', 'r', 104308, 1476370230),
(79, 27, 20, '', 600, 462, 'cdd577d7b7e635e3dc89d45051bb0883', 1, 'htro_superhero_mom_mug_back.jpeg', 'htro_superhero_mom_mug_back.jpeg', 'image/jpeg', 'r', 52322, 1476370230),
(80, 28, 10, '', 410, 410, 'c3064f3a6566caf74129569dc2f59e2c', 1, '1c80_olloclip_iphone_macro_3in1_lens_system.jpeg', '1c80_olloclip_iphone_macro_3in1_lens_system.jpeg', 'image/jpeg', 'r', 13353, 1476370230),
(81, 28, 20, '', 600, 600, '2a665d035c8c8940618eaf6f675d80c0', 1, '1c80_olloclip_iphone_macro_3in1_lens_system_breakout.jpeg', '1c80_olloclip_iphone_macro_3in1_lens_system_breakout.jpeg', 'image/jpeg', 'r', 16894, 1476370230),
(82, 28, 30, '', 600, 600, '07ee219479928cb0dfb3dbf0a7a1c5e1', 1, '1c80_olloclip_iphone_macro_3in1_lens_system_fly.jpeg', '1c80_olloclip_iphone_macro_3in1_lens_system_fly.jpeg', 'image/jpeg', 'r', 57723, 1476370230),
(83, 28, 40, '', 450, 450, 'f928019575b6ac13a689137458d83d2f', 1, '1c80_olloclip_iphone_macro_3in1_lens_system_solo.jpeg', '1c80_olloclip_iphone_macro_3in1_lens_system_solo.jpeg', 'image/jpeg', 'r', 15682, 1476370230),
(84, 28, 50, '', 380, 380, 'd3700dfb251a92bbd8d4ee848c34593a', 1, '1c80_olloclip_iphone_macro_3in1_lens_system_inuse.jpeg', '1c80_olloclip_iphone_macro_3in1_lens_system_inuse.jpeg', 'image/jpeg', 'r', 26774, 1476370230),
(85, 29, 10, '', 600, 250, '15467daf3084ad008afc53c87e86b067', 1, 'inkv_gunnar_vayper_gaming_glasses.jpeg', 'inkv_gunnar_vayper_gaming_glasses.jpeg', 'image/jpeg', 'r', 15695, 1476370230),
(86, 29, 20, '', 600, 250, '24f2fe5aa62315b086a02cd0db1a77a2', 1, 'inkv_gunnar_vayper_gaming_glasses_front.jpeg', 'inkv_gunnar_vayper_gaming_glasses_front.jpeg', 'image/jpeg', 'r', 16627, 1476370230),
(87, 29, 30, '', 600, 282, 'b48ef4c9c0ca9557aaa964f2b03e5932', 1, 'inkv_gunnar_vayper_gaming_glasses_side.jpeg', 'inkv_gunnar_vayper_gaming_glasses_side.jpeg', 'image/jpeg', 'r', 23707, 1476370230),
(88, 30, 10, '', 600, 600, '1640bb7b185295ff37ecc441d85c66bd', 1, 'htjo_astro_a50_halo_headset.jpeg', 'htjo_astro_a50_halo_headset.jpeg', 'image/jpeg', 'r', 41025, 1476370230),
(89, 30, 20, '', 600, 600, '0d2cf56da9622b1569b5873c8d00be7c', 1, 'htjo_astro_a50_halo_headset_bundle.jpeg', 'htjo_astro_a50_halo_headset_bundle.jpeg', 'image/jpeg', 'r', 48465, 1476370230),
(90, 30, 30, '', 600, 600, '84b64400e177cb014be0a86f9e03c975', 1, 'htjo_astro_a50_halo_headset_side.jpeg', 'htjo_astro_a50_halo_headset_side.jpeg', 'image/jpeg', 'r', 28949, 1476370230),
(91, 30, 40, '', 600, 600, 'e0ba3e2579b8a6be6237c6e6d643d0bb', 1, 'htjo_astro_a50_halo_headset_connect.jpeg', 'htjo_astro_a50_halo_headset_connect.jpeg', 'image/jpeg', 'r', 47829, 1476370230),
(92, 31, 10, '', 600, 360, '87a627c565d18b8033b8a2cb790abc66', 1, 'htil_espresso_bluetooth_speaker.jpeg', 'htil_espresso_bluetooth_speaker.jpeg', 'image/jpeg', 'r', 61844, 1476370230),
(93, 31, 20, '', 600, 600, 'b5c64b9c488e90ed16dbacbee2ef21da', 1, 'htil_espresso_bluetooth_speaker_grid.jpeg', 'htil_espresso_bluetooth_speaker_grid.jpeg', 'image/jpeg', 'r', 113546, 1476370230),
(94, 31, 30, '', 600, 600, '38cec0937b2a40e27b21c8e512946bf2', 1, 'htil_espresso_bluetooth_speaker_clip.jpeg', 'htil_espresso_bluetooth_speaker_clip.jpeg', 'image/jpeg', 'r', 135521, 1476370230),
(95, 32, 10, '', 600, 431, '5b2b5c83d79cd5c263d78923b4489119', 1, 'htij_jbl_pebbles.jpeg', 'htij_jbl_pebbles.jpeg', 'image/jpeg', 'r', 83075, 1476370230),
(96, 32, 20, '', 600, 600, 'd2e57c987627a64de3335f2a8e0ba21d', 1, 'htij_jbl_pebbles_white.jpeg', 'htij_jbl_pebbles_white.jpeg', 'image/jpeg', 'r', 95472, 1476370230),
(97, 32, 30, '', 650, 464, '531faddc7ed0c210d4859fbce175d670', 1, 'htij_jbl_pebbles_inuse.jpeg', 'htij_jbl_pebbles_inuse.jpeg', 'image/jpeg', 'r', 107177, 1476370230),
(98, 32, 40, '', 500, 294, '5376a613d296f3930551ca3d6eb78458', 1, 'htij_jbl_pebbles_aux.jpeg', 'htij_jbl_pebbles_aux.jpeg', 'image/jpeg', 'r', 25137, 1476370230),
(99, 33, 10, '', 600, 600, '17b976655075abc6ca5a0f60d7ede495', 1, '1585_bright_idea_usb_powered_light_bulb.jpeg', '1585_bright_idea_usb_powered_light_bulb.jpeg', 'image/jpeg', 'r', 18293, 1476370230),
(100, 33, 20, '', 600, 400, '8f09edb79b5d8a68e18336eb624b27bf', 1, '1585_bright_idea_usb_powered_light_bulb_inuse.jpeg', '1585_bright_idea_usb_powered_light_bulb_inuse.jpeg', 'image/jpeg', 'r', 38260, 1476370230),
(101, 34, 10, '', 600, 600, '969f520cfe3441adafa8ff8fafea860d', 1, 'hujs_mj_tech_android_tablet.jpeg', 'hujs_mj_tech_android_tablet.jpeg', 'image/jpeg', 'r', 59840, 1476370230),
(102, 34, 20, '', 600, 600, 'c0d8948cdd776362a4c7ce4d501a6ae4', 1, 'hujs_mj_tech_android_tablet_inuse1.jpeg', 'hujs_mj_tech_android_tablet_inuse1.jpeg', 'image/jpeg', 'r', 43912, 1476370230),
(103, 34, 30, '', 600, 600, '3cbe09ff9d64463e1bf8476fa4309c1d', 1, 'hujs_mj_tech_android_tablet_inuse2.jpeg', 'hujs_mj_tech_android_tablet_inuse2.jpeg', 'image/jpeg', 'r', 55501, 1476370230),
(104, 34, 40, '', 600, 600, 'fa01596fa8cd89271f447235297a80ed', 1, 'hujs_mj_tech_android_tablet_inuse3.jpeg', 'hujs_mj_tech_android_tablet_inuse3.jpeg', 'image/jpeg', 'r', 73010, 1476370230),
(105, 35, 10, '', 443, 650, 'd41c715e500c6cce40f093eb120d9089', 1, '210b_bactrack_vio_bluetooth_app_breathalyzer.jpeg', '210b_bactrack_vio_bluetooth_app_breathalyzer.jpeg', 'image/jpeg', 'r', 66701, 1476370230),
(106, 35, 20, '', 600, 600, '9f723753a2667260830da27f8eb0c6f8', 1, '210b_bactrack_vio_bluetooth_breathalyzer_iwatch.jpeg', '210b_bactrack_vio_bluetooth_breathalyzer_iwatch.jpeg', 'image/jpeg', 'r', 47798, 1476370230),
(107, 35, 30, '', 600, 600, '76f210c1ee8add433af7825f36dbf91e', 1, '210b_bactrack_vio_bluetooth_app_breathalyzer_inuse.jpeg', '210b_bactrack_vio_bluetooth_app_breathalyzer_inuse.jpeg', 'image/jpeg', 'r', 191341, 1476370230),
(108, 35, 40, '', 600, 600, '3b650a829d987e71c7b6009df0de3ea0', 1, '210b_bactrack_vio_bluetooth_app_breathalyzer_flat.jpeg', '210b_bactrack_vio_bluetooth_app_breathalyzer_flat.jpeg', 'image/jpeg', 'r', 80925, 1476370230),
(109, 35, 50, '', 600, 600, '2d7f8f35be37b9b78baa4e461e49edb4', 1, '210b_bactrack_vio_bluetooth_app_breathalyzer_table.jpeg', '210b_bactrack_vio_bluetooth_app_breathalyzer_table.jpeg', 'image/jpeg', 'r', 119636, 1476370230),
(110, 36, 10, '', 400, 457, '3ee39fada3b221fe383c70f04b2a2808', 1, 'b29e_coffee_cup_inverter.jpeg', 'b29e_coffee_cup_inverter.jpeg', 'image/jpeg', 'r', 19937, 1476370230),
(111, 36, 20, '', 400, 400, 'e50d80439d4e042eaeeade6f7b7dd8cc', 1, 'b29e_coffee_cup_inverter_inuse.jpeg', 'b29e_coffee_cup_inverter_inuse.jpeg', 'image/jpeg', 'r', 21338, 1476370230),
(112, 36, 30, '', 400, 529, '918b855c7d4ecc200cc57b35a6b9dd44', 1, 'b29e_coffee_cup_inverter_package.jpeg', 'b29e_coffee_cup_inverter_package.jpeg', 'image/jpeg', 'r', 36803, 1476370230),
(113, 37, 10, '', 434, 555, 'e9faca1fbef5d3106d1d9d1301cde2e0', 1, 'iphone6.png', 'iphone6.png', 'image/png', 'r', 265767, 1476370230),
(114, 37, 20, '', 596, 700, '2dccd8adf199ba7728bd0eb6369014f1', 1, 'iPhone6_4.jpeg', 'iPhone6_4.jpeg', 'image/jpeg', 'r', 154653, 1476370230),
(115, 37, 30, '', 251, 700, '98cbec484fcba730cc461fae7d9635f5', 1, 'iPhone6_1.jpeg', 'iPhone6_1.jpeg', 'image/jpeg', 'r', 118183, 1476370230),
(116, 38, 10, '', 570, 395, '7590f6468f7d269bde29d554432f7fec', 1, 'i.jpeg', 'i.jpeg', 'image/jpeg', 'r', 42076, 1476370230),
(117, 39, 10, '', 401, 454, '7889d639fcb1ad482c748aca10808203', 1, 'watch.jpeg', 'watch.jpeg', 'image/jpeg', 'r', 58057, 1476370230),
(118, 39, 20, '', 402, 454, 'f909ac049d737e23067ef98f586ac180', 1, 'watch1.jpeg', 'watch1.jpeg', 'image/jpeg', 'r', 79342, 1476370230),
(119, 39, 30, '', 402, 454, '59397d5ddedb0ef9447f8ce546eb7ba7', 1, 'watch2.jpeg', 'watch2.jpeg', 'image/jpeg', 'r', 77024, 1476370230),
(120, 39, 40, '', 402, 454, '0011c31a13c282d4007d1b700b785f96', 1, 'watch3.jpeg', 'watch3.jpeg', 'image/jpeg', 'r', 81915, 1476370230),
(121, 39, 50, '', 402, 454, '5cf94df12cf45c1ee793d875da611adf', 1, 'watch5.jpeg', 'watch5.jpeg', 'image/jpeg', 'r', 66562, 1476370230),
(122, 40, 10, '', 600, 600, '939b56cbf4d8c983169680d4f013fb89', 1, 'htjm_astro_a30_headset_black.jpeg', 'htjm_astro_a30_headset_black.jpeg', 'image/jpeg', 'r', 42259, 1476370230),
(123, 40, 20, '', 600, 600, '5ea7034d022219b98fa09bcea69f99a1', 1, 'htjm_astro_a30_headset_white.jpeg', 'htjm_astro_a30_headset_white.jpeg', 'image/jpeg', 'r', 38751, 1476370230),
(124, 40, 30, '', 600, 600, '7ab43bd51f05b54a6c49e4e55622d594', 1, 'htjm_astro_a30_headset_black_controls.jpeg', 'htjm_astro_a30_headset_black_controls.jpeg', 'image/jpeg', 'r', 36539, 1476370230),
(125, 40, 40, '', 600, 600, '76ade7bdba7c6bfa7d3594194989f1c6', 1, 'htjm_astro_a30_headset_black_side.jpeg', 'htjm_astro_a30_headset_black_side.jpeg', 'image/jpeg', 'r', 31364, 1476370230),
(126, 40, 50, '', 600, 600, 'ec212ab69fb7ec7bdc1346b488198551', 1, 'htjm_astro_a30_headset_black_flat.jpeg', 'htjm_astro_a30_headset_black_flat.jpeg', 'image/jpeg', 'r', 49688, 1476370230),
(127, 40, 60, '', 600, 600, '1a15f327ebf89e2c9e1dabae3121c3ab', 1, 'htjm_astro_a30_headset_white_flat.jpeg', 'htjm_astro_a30_headset_white_flat.jpeg', 'image/jpeg', 'r', 45785, 1476370230),
(128, 41, 10, '', 434, 555, '22c5cd91000fd49f952dfadb62954701', 1, 'iphone6plus.png', 'iphone6plus.png', 'image/png', 'r', 297424, 1476370230),
(129, 41, 20, '', 596, 700, '2dccd8adf199ba7728bd0eb6369014f1', 1, 'iPhone6_4_1.jpeg', 'iPhone6_4.jpeg', 'image/jpeg', 'r', 154653, 1476370230),
(130, 41, 30, '', 251, 700, '98cbec484fcba730cc461fae7d9635f5', 1, 'iPhone6_1_1.jpeg', 'iPhone6_1.jpeg', 'image/jpeg', 'r', 118183, 1476370230),
(131, 42, 10, 'iPhone 5S', 437, 498, '429adf939192a294ef877c7ddba3daa8', 1, 'iphonese-select-2016.png', 'iphonese-select-2016.png', 'image/png', 'r', 162269, 1476370230);

-- --------------------------------------------------------

--
-- Table structure for table `xc_product_membership_links`
--

DROP TABLE IF EXISTS `xc_product_membership_links`;
CREATE TABLE IF NOT EXISTS `xc_product_membership_links` (
  `product_id` int(10) UNSIGNED NOT NULL,
  `membership_id` int(10) UNSIGNED NOT NULL,
  PRIMARY KEY (`product_id`,`membership_id`),
  KEY `IDX_1E924C4344584665A` (`product_id`),
  KEY `IDX_1E924C4341FB354CD` (`membership_id`)
) ENGINE=InnoDB DEFAULT CHARSET=utf8 COLLATE=utf8_unicode_ci;

-- --------------------------------------------------------

--
-- Table structure for table `xc_product_stats`
--

DROP TABLE IF EXISTS `xc_product_stats`;
CREATE TABLE IF NOT EXISTS `xc_product_stats` (
  `stat_id` int(10) UNSIGNED NOT NULL AUTO_INCREMENT,
  `viewed_product_id` int(10) UNSIGNED DEFAULT NULL,
  `bought_product_id` int(10) UNSIGNED DEFAULT NULL,
  `count` int(10) UNSIGNED NOT NULL,
  PRIMARY KEY (`stat_id`),
  KEY `IDX_1B01836BC658EF086` (`viewed_product_id`),
  KEY `IDX_1B01836BC3BA20971` (`bought_product_id`)
) ENGINE=InnoDB DEFAULT CHARSET=utf8 COLLATE=utf8_unicode_ci;

-- --------------------------------------------------------

--
-- Table structure for table `xc_product_tabs`
--

DROP TABLE IF EXISTS `xc_product_tabs`;
CREATE TABLE IF NOT EXISTS `xc_product_tabs` (
  `id` int(10) UNSIGNED NOT NULL AUTO_INCREMENT,
  `product_id` int(10) UNSIGNED DEFAULT NULL,
  `position` int(11) NOT NULL,
  `enabled` tinyint(1) NOT NULL,
  PRIMARY KEY (`id`),
  KEY `IDX_1F5B7716D4584665A` (`product_id`)
) ENGINE=InnoDB AUTO_INCREMENT=3 DEFAULT CHARSET=utf8 COLLATE=utf8_unicode_ci;

--
-- Dumping data for table `xc_product_tabs`
--

INSERT INTO `xc_product_tabs` (`id`, `product_id`, `position`, `enabled`) VALUES
(1, 37, 0, 1),
(2, 42, 0, 1);

-- --------------------------------------------------------

--
-- Table structure for table `xc_product_tab_translations`
--

DROP TABLE IF EXISTS `xc_product_tab_translations`;
CREATE TABLE IF NOT EXISTS `xc_product_tab_translations` (
  `label_id` int(11) NOT NULL AUTO_INCREMENT,
  `id` int(10) UNSIGNED DEFAULT NULL,
  `name` varchar(255) COLLATE utf8_unicode_ci NOT NULL,
  `content` longtext COLLATE utf8_unicode_ci NOT NULL,
  `code` char(2) COLLATE utf8_unicode_ci NOT NULL,
  PRIMARY KEY (`label_id`),
  KEY `IDX_1D669DEC9BF396750` (`id`)
) ENGINE=InnoDB AUTO_INCREMENT=5 DEFAULT CHARSET=utf8 COLLATE=utf8_unicode_ci;

--
-- Dumping data for table `xc_product_tab_translations`
--

INSERT INTO `xc_product_tab_translations` (`label_id`, `id`, `name`, `content`, `code`) VALUES
(1, 1, 'Privacy', '<h1 class="hero-headline">Apple’s commitment to your privacy</h1>\n<p>At Apple, your trust means everything to us. That’s why we respect your privacy and protect it with strong encryption, plus strict policies that govern how all data is handled.</p>\n<p>Security and privacy are fundamental to the design of all our hardware, software, and services, including iCloud and new services like Apple Pay. And we continue to make improvements. Two-step verification, which we encourage all our customers to use, in addition to protecting your Apple ID account information, now also protects all of the data you store and keep up to date with iCloud.</p>\n<p>We believe in telling you up front exactly what’s going to happen to your personal information and asking for your permission before you share it with us. And if you change your mind later, we make it easy to stop sharing with us. Every Apple product is designed around those principles. When we do ask to use your data, it’s to provide you with a better user experience.</p>\n<p>We’re publishing this website to explain how we handle your personal information, what we do and don’t collect, and why. We’re going to make sure you get updates here about privacy at Apple at least once a year and whenever there are significant changes to our policies.</p>\n<p>A few years ago, users of Internet services began to realize that when an online service is free, you’re not the customer. You’re the product. But at Apple, we believe a great customer experience shouldn’t come at the expense of your privacy.</p>\n<p>Our business model is very straightforward: We sell great products. We don’t build a profile based on your email content or web browsing habits to sell to advertisers. We don’t “monetize” the information you store on your iPhone or in iCloud. And we don’t read your email or your messages to get information to market to you. Our software and services are designed to make our devices better. Plain and simple.</p>\n<p>One very small part of our business does serve advertisers, and that’s iAd. We built an advertising network because some app developers depend on that business model, and we want to support them as well as a free iTunes Radio service. iAd sticks to the same privacy policy that applies to every other Apple product. It doesn’t get data from Health and HomeKit, Maps, Siri, iMessage, your call history, or any iCloud service like Contacts or Mail, and you can always just opt out altogether.</p>\n<p>Finally, I want to be absolutely clear that we have never worked with any government agency from any country to create a backdoor in any of our products or services. We have also never allowed access to our servers. And we never will.</p>\n<p>Our commitment to protecting your privacy comes from a deep respect for our customers. We know that your trust doesn’t come easy. That’s why we have and always will work as hard as we can to earn and keep it.</p>\n<p><strong>Tim Cook</strong><br /><span class="attribution-title">CEO, Apple Inc.</span></p>', 'en'),
(2, 1, 'Конфиденциальность', '<h1 class="hero-headline">Политика конфиденциальности Apple</h1>\n<p>Компания Apple очень дорожит вашим доверием. И мы уважаем ваше право на защиту личных данных. Чтобы обеспечить конфиденциальность, мы используем надёжное шифрование и выполняем строгие правила, которые применяются при обработке любой информации.</p>\n<p>Безопасность и конфиденциальность лежат в основе всех наших устройств, приложений и служб, включая iCloud и новые сервисы, такие как Apple Pay. И мы продолжаем совершенствовать средства защиты. Так, все данные, которые хранятся в iCloud или синхронизируются через него, теперь защищаются при помощи проверки подлинности в два этапа. Мы всем рекомендуем пользоваться ей и обязательно хранить в тайне Apple ID и пароль.</p>\n<p>Мы считаем своей обязанностью заранее предупреждать вас о том, что может случиться с вашей личной информацией, и получать согласие на предоставление этих данных. А если вы передумаете, то в любой момент сможете отключить передачу личных данных. По этому принципу работает каждый продукт Apple. Если мы запрашиваем ваши данные, то только для того, чтобы вам было проще и удобнее пользоваться нашей продукцией.</p>\n<p>Мы создали этот веб-сайт, чтобы объяснить вам, как и почему мы используем личную информацию, какие сведения мы собираем, а какие нет. Мы обязательно будем обновлять текст Политики конфиденциальности на этом сайте как минимум раз в год, а также при внесении любых существенных изменений.</p>\n<p>Несколько лет назад пользователи некоторых интернет-сервисов стали замечать, что из клиентов они превращаются в товар. Мы в Apple убеждены, что высокое качество обслуживания не должно достигаться в ущерб конфиденциальности.</p>\n<p>Модель нашего бизнеса крайне проста: мы продаём отличные продукты. Мы не создаём досье на основе переписки, истории просмотра веб-сайтов и других действий, и мы никогда не выставим на продажу данные своих пользователей. Мы не пытаемся заработать на информации, которую вы храните на iPad и в iCloud. И мы не читаем вашу почту и сообщения, чтобы показывать вам рекламу. Наше программное обеспечение и услуги созданы для вашего удобства. И ни для чего другого.</p>\n<p>Единственное, что мы делаем для рекламодателей — это iAd. Мы создали рекламную сеть, потому что некоторые разработчики зависят от такой модели ведения бизнеса, и нам хотелось бы их поддержать. То же самое можно сказать про бесплатную службу iTunes Radio. iAd подчиняется той же политике безопасности, что и все остальные решения Apple. Она не получает информацию от приложений Здоровье, HomeKit, Карты, Siri и iMessage, не имеет доступа к истории звонков, не подключается к таким службам iCloud, как Контакты или Mail, и так далее. И вы можете полностью от неё отказаться в любой момент.</p>\n<p>Наконец, я хотел бы прямо заявить, что мы никогда не сотрудничали с государственными органами каких бы то ни было стран на предмет создания «лазеек» в наших продуктах и службах. Мы никогда не давали доступа к нашим серверам. И обязуемся не делать этого в будущем.</p>\n<p>Мы защищаем вашу личную информацию, потому что уважаем вас. Мы знаем, как непросто заслужить доверие. И именно поэтому мы всегда будем делать всё возможное, чтобы не утратить его.</p>\n<p><strong>Тим Кук</strong><br /><span class="attribution-title">Генеральный директор Apple Inc.</span></p>', 'ru'),
(3, 2, 'Конфиденциальность', '<h1 class="hero-headline">Политика конфиденциальности Apple</h1>\n<p>Компания Apple очень дорожит вашим доверием. И мы уважаем ваше право на защиту личных данных. Чтобы обеспечить конфиденциальность, мы используем надёжное шифрование и выполняем строгие правила, которые применяются при обработке любой информации.</p>\n<p>Безопасность и конфиденциальность лежат в основе всех наших устройств, приложений и служб, включая iCloud и новые сервисы, такие как Apple Pay. И мы продолжаем совершенствовать средства защиты. Так, все данные, которые хранятся в iCloud или синхронизируются через него, теперь защищаются при помощи проверки подлинности в два этапа. Мы всем рекомендуем пользоваться ей и обязательно хранить в тайне Apple ID и пароль.</p>\n<p>Мы считаем своей обязанностью заранее предупреждать вас о том, что может случиться с вашей личной информацией, и получать согласие на предоставление этих данных. А если вы передумаете, то в любой момент сможете отключить передачу личных данных. По этому принципу работает каждый продукт Apple. Если мы запрашиваем ваши данные, то только для того, чтобы вам было проще и удобнее пользоваться нашей продукцией.</p>\n<p>Мы создали этот веб-сайт, чтобы объяснить вам, как и почему мы используем личную информацию, какие сведения мы собираем, а какие нет. Мы обязательно будем обновлять текст Политики конфиденциальности на этом сайте как минимум раз в год, а также при внесении любых существенных изменений.</p>\n<p>Несколько лет назад пользователи некоторых интернет-сервисов стали замечать, что из клиентов они превращаются в товар. Мы в Apple убеждены, что высокое качество обслуживания не должно достигаться в ущерб конфиденциальности.</p>\n<p>Модель нашего бизнеса крайне проста: мы продаём отличные продукты. Мы не создаём досье на основе переписки, истории просмотра веб-сайтов и других действий, и мы никогда не выставим на продажу данные своих пользователей. Мы не пытаемся заработать на информации, которую вы храните на iPad и в iCloud. И мы не читаем вашу почту и сообщения, чтобы показывать вам рекламу. Наше программное обеспечение и услуги созданы для вашего удобства. И ни для чего другого.</p>\n<p>Единственное, что мы делаем для рекламодателей — это iAd. Мы создали рекламную сеть, потому что некоторые разработчики зависят от такой модели ведения бизнеса, и нам хотелось бы их поддержать. То же самое можно сказать про бесплатную службу iTunes Radio. iAd подчиняется той же политике безопасности, что и все остальные решения Apple. Она не получает информацию от приложений Здоровье, HomeKit, Карты, Siri и iMessage, не имеет доступа к истории звонков, не подключается к таким службам iCloud, как Контакты или Mail, и так далее. И вы можете полностью от неё отказаться в любой момент.</p>\n<p>Наконец, я хотел бы прямо заявить, что мы никогда не сотрудничали с государственными органами каких бы то ни было стран на предмет создания «лазеек» в наших продуктах и службах. Мы никогда не давали доступа к нашим серверам. И обязуемся не делать этого в будущем.</p>\n<p>Мы защищаем вашу личную информацию, потому что уважаем вас. Мы знаем, как непросто заслужить доверие. И именно поэтому мы всегда будем делать всё возможное, чтобы не утратить его.</p>\n<p><strong>Тим Кук</strong><br /><span class="attribution-title">Генеральный директор Apple Inc.</span></p>', 'ru'),
(4, 2, 'Privacy', '<h1 class="hero-headline">Apple’s commitment to your privacy</h1>\n<p>At Apple, your trust means everything to us. That’s why we respect your privacy and protect it with strong encryption, plus strict policies that govern how all data is handled.</p>\n<p>Security and privacy are fundamental to the design of all our hardware, software, and services, including iCloud and new services like Apple Pay. And we continue to make improvements. Two-step verification, which we encourage all our customers to use, in addition to protecting your Apple ID account information, now also protects all of the data you store and keep up to date with iCloud.</p>\n<p>We believe in telling you up front exactly what’s going to happen to your personal information and asking for your permission before you share it with us. And if you change your mind later, we make it easy to stop sharing with us. Every Apple product is designed around those principles. When we do ask to use your data, it’s to provide you with a better user experience.</p>\n<p>We’re publishing this website to explain how we handle your personal information, what we do and don’t collect, and why. We’re going to make sure you get updates here about privacy at Apple at least once a year and whenever there are significant changes to our policies.</p>\n<p>A few years ago, users of Internet services began to realize that when an online service is free, you’re not the customer. You’re the product. But at Apple, we believe a great customer experience shouldn’t come at the expense of your privacy.</p>\n<p>Our business model is very straightforward: We sell great products. We don’t build a profile based on your email content or web browsing habits to sell to advertisers. We don’t “monetize” the information you store on your iPhone or in iCloud. And we don’t read your email or your messages to get information to market to you. Our software and services are designed to make our devices better. Plain and simple.</p>\n<p>One very small part of our business does serve advertisers, and that’s iAd. We built an advertising network because some app developers depend on that business model, and we want to support them as well as a free iTunes Radio service. iAd sticks to the same privacy policy that applies to every other Apple product. It doesn’t get data from Health and HomeKit, Maps, Siri, iMessage, your call history, or any iCloud service like Contacts or Mail, and you can always just opt out altogether.</p>\n<p>Finally, I want to be absolutely clear that we have never worked with any government agency from any country to create a backdoor in any of our products or services. We have also never allowed access to our servers. And we never will.</p>\n<p>Our commitment to protecting your privacy comes from a deep respect for our customers. We know that your trust doesn’t come easy. That’s why we have and always will work as hard as we can to earn and keep it.</p>\n<p><strong>Tim Cook</strong><br /><span class="attribution-title">CEO, Apple Inc.</span></p>', 'en');

-- --------------------------------------------------------

--
-- Table structure for table `xc_product_translations`
--

DROP TABLE IF EXISTS `xc_product_translations`;
CREATE TABLE IF NOT EXISTS `xc_product_translations` (
  `label_id` int(11) NOT NULL AUTO_INCREMENT,
  `id` int(10) UNSIGNED DEFAULT NULL,
  `name` varchar(255) COLLATE utf8_unicode_ci NOT NULL,
  `description` longtext COLLATE utf8_unicode_ci NOT NULL,
  `briefDescription` longtext COLLATE utf8_unicode_ci NOT NULL,
  `metaTags` varchar(255) COLLATE utf8_unicode_ci NOT NULL,
  `metaDesc` longtext COLLATE utf8_unicode_ci NOT NULL,
  `metaTitle` varchar(255) COLLATE utf8_unicode_ci NOT NULL,
  `code` char(2) COLLATE utf8_unicode_ci NOT NULL,
  PRIMARY KEY (`label_id`),
  KEY `ci` (`code`,`id`),
  KEY `id` (`id`),
  KEY `name` (`name`)
) ENGINE=InnoDB AUTO_INCREMENT=43 DEFAULT CHARSET=utf8 COLLATE=utf8_unicode_ci;

--
-- Dumping data for table `xc_product_translations`
--

INSERT INTO `xc_product_translations` (`label_id`, `id`, `name`, `description`, `briefDescription`, `metaTags`, `metaDesc`, `metaTitle`, `code`) VALUES
(1, 1, 'Mordorable! Fitted Ladies'' Tee', '<h4 class="prodheader">TALK ABOUT PRECIOUSSSSS!</h4>\n<p>One does not simply walk into Mordor. It''s best if one <em>skips</em>. Holding hands and singing showtunes, preferably. This shirt features a montage of all the cuteness that''s to be had when you visit Mordor. There''s little Gollum waving hello or goodbye or something to The One Ring. Isn''t it preciousssss? A big ol'' snuggledy battle troll waits patiently to give out "Free Hugs," and an Uruk-hai says "o hai!" over his shoulder. In the distance, there''s Mount Doom with its explosion of lava (read: candy) and happy, puffy clouds of vog. Through the sky flies a friendly Nazgul on his Fell Beast (rawr!). The whole scene is watched over by the big, blinky eye of Sauron perched between the pinnacles of Barad-dûr. Face it. It''s Mordorable.</p>\n<p>All the cuteness of Mordor is captured on this teal babydoll shirt. Fitted in juniors sizes. Despite the above description, ThinkGeek warns of the potential risks of traveling to Mordor and urges caution when traveling there. And you should definitely be up on your immunizations.</p>', '<p>Who doesn''t want to go to Mordor? With its mountain vistas and minimalist landscapes, your vacation photos are sure to turn out great. (Did we mention black is slimming?) Ancient castles to visit. New species to observe. It''s the adventure of a lifetime</p>', '', 'Who doesn''t want to go to Mordor? With its mountain vistas and minimalist landscapes, your vacation photos are sure to turn out great. (Did we mention black is slimming?) Ancient castles to visit. New species to observe. It''s the adventure of a lifetime', '', 'en'),
(2, 2, 'Octopus Cardigan', '<h4 class="prodheader">FOR HUMANS</h4>\n<p>What would you do with eight arms? At first, we thought, "FOUR LAPTOPS!" Then we realized that we still only had one pair of eyes. Now we''re thinking two laptops, an iPod, some knitting, and one arm left for scratching any itches that arise. (Ever notice how you always get itchy whenever your hands are full or nail polish is drying? Pesky!)</p>\n<p>This Octopus Cardigan is for two-armed lifeforms, specifically humanoid. It is 100% cotton black colored cardigan with green Octopus design. See the chart below to select your size.</p>\n<table><tbody><tr><td> </td>\n<td>S</td>\n<td>M</td>\n<td>L</td>\n<td>XL</td>\n</tr><tr><td>Chest</td>\n<td>34 in.</td>\n<td>36 in.</td>\n<td>38 in.</td>\n<td>41 in.</td>\n</tr><tr><td>Length</td>\n<td>16 in.</td>\n<td>16 1/4 in.</td>\n<td>16 1/2 in.</td>\n<td>16 3/4 in.</td>\n</tr></tbody></table>', '<p>No, no, not a cardigan FOR an octopus. This one only has two arms, so it''s for a human. Of course, if you knew a cold octopus, this could warm two of its limbs.</p>', '', 'No, no, not a cardigan FOR an octopus. This one only has two arms, so it''s for a human. Of course, if you knew a cold octopus, this could warm two of its limbs.', '', 'en'),
(3, 3, 'Spiderman Selfie Ladies'' Tee', '<h4 class="prodheader">SELFIE SENSES TINGLING</h4>\n<p>Being a photojournalist for the <em>Daily Bugle</em>, you''d think Peter Parker would understand how selfies work. Although maybe he''s taking this shot in a mirror and he''s going to scan the finished product and post it to Facebook. Or maybe the word "FLASH!" in the burst is actually a tip that The Flash is just off the side of this image taking a picture with his phone of Spidey with his camera. Although that would be comic book universes colliding.... Maybe we think about things too much.</p>\n<p>Spiderman taking a photo with the hashtag #amazing beneath on the front of this black, 100% cotton ladies'' shirt. Machine wash cold. Tumble dry low or lay flat to dry. Imported.</p>\n<p><em>Please note that the model is wearing a size medium.</em></p>\n<p>Sizing Table</p>\n<table><tbody><tr><td> </td>\n<td>S</td>\n<td>M</td>\n<td>L</td>\n<td>XL</td>\n<td>2X</td>\n<td>3X</td>\n<td> </td>\n</tr><tr><td>Chest</td>\n<td>32 in.</td>\n<td>34 in.</td>\n<td>36 in.</td>\n<td>38 in.</td>\n<td>40 in.</td>\n<td>42 in.</td>\n<td>  </td>\n</tr><tr><td>Body Length</td>\n<td>25 3/4 in.</td>\n<td>26 1/2 in.</td>\n<td>27 1/4 in.</td>\n<td>28 in.</td>\n<td>28 3/4 in.</td>\n<td>30 in.</td>\n</tr></tbody></table>', '<p>We''ll just warn you that if you check this hashtag your mileage may vary. What people think is "amazing" differs vastly.</p>', '', 'We''ll just warn you that if you check this hashtag your mileage may vary. What people think is "amazing" differs vastly.', '', 'en'),
(4, 4, 'Star Wars Tissue-Weight Fitted Ladies'' Tee', '<h4 class="prodheader">ARE YOU A FAN?</h4>\n<p>As female Star Wars fans, our cosplay options were previously fairly limited. Leia, Slave Leia, maybe a Twi''lek if you had the patience to paint yourself blue. But thanks to some brave pioneers, crossplay is alive and well in the Star Wars fandom, so we can freely be totally awesome versions of Han Solo, Boba Fett, or even Chewbacca. We''ve tailored our costumes to meet the needs of our bodies <em>and</em> our fandom. The same should go for our t-shirts, right?</p>\n<p>Star Wars printed in white on a tissue-weight, heather plum, 65% cotton / 35% polyester babydoll (fitted) shirt.</p>\n<p>Note: Please reference the table below to choose your size.</p>\n<table><tbody><tr><td> </td>\n<td>S</td>\n<td>M</td>\n<td>L</td>\n<td>XL</td>\n<td>2X</td>\n</tr><tr><td>Chest</td>\n<td>32 1/2 in.</td>\n<td>34 1/2 in.</td>\n<td>36 1/2 in.</td>\n<td>39 1/2 in.</td>\n<td>41 1/2 in.</td>\n</tr><tr><td>Body Length</td>\n<td>25 in.</td>\n<td>26 in.</td>\n<td>27 in.</td>\n<td>28 in.</td>\n<td>29 in.</td>\n</tr></tbody></table>', '<h4 class="prodheader">ARE YOU A FAN?</h4>\n<p>Here is something made especially for all those women who are Star Wars fans! It is cool, it is feminine, and it shows that you are a true fan!</p>', '', 'ARE YOU A FAN?\nHere is something made especially for all those women who are Star Wars fans! It is cool, it is feminine, and it shows that you are a true fan!', '', 'en'),
(5, 5, 'Wonder Woman Hockey Stripe Ladies'' Tee', '<div id="proddescription">\n<h4 class="prodheader">*CUE THE THEME MUSIC*</h4>\n<p>Ever notice that nearly every heroine has the superpower of Awesome Hair? Seriously, not a strand out of place, even when they''re flying, kicking the crap out of someone, or running through a sewer. Perfect. Hair. *sigh* We''re so jealous.</p>\n<p>Well, heroines and Thor.</p>\n<p>Wonder Woman''s logo on the front of this blue, 50% cotton / 50% polyester ladies'' shirt. Sleeves have white and blue stripes. Machine wash cold. Tumble dry low or lay flat to dry. Imported.</p>\n<p><em>Please note that the model is wearing a size medium.</em></p>\n<table><tbody><tr><td> </td>\n<td>S</td>\n<td>M</td>\n<td>L</td>\n<td>XL</td>\n<td>2X</td>\n</tr><tr><td>Chest</td>\n<td>30 in.</td>\n<td>32 in</td>\n<td>34 in.</td>\n<td>36 in.</td>\n<td>38 in.</td>\n</tr><tr><td>Waist</td>\n<td>28 in.</td>\n<td>30 in.</td>\n<td>32 in.</td>\n<td>34 in.</td>\n<td>36 in.</td>\n</tr><tr><td>Body Length</td>\n<td>24 in.</td>\n<td>25 in.</td>\n<td>26 in.</td>\n<td>27 in.</td>\n<td>28 in.</td>\n</tr><tr><td>Sleeve Length</td>\n<td>9 3/4 in.</td>\n<td>10 in.</td>\n<td>10 1/4 in.</td>\n<td>10 1/2 in.</td>\n<td>10 3/4 in.</td>\n</tr></tbody></table></div>\n<div id="bullets"> </div>\n<div id="olapic_specific_widget" class="olapic olapic-widget-rendered olapic-chrome olapic_items_0 olapic_slide_horizontal"> </div>', '<h4 class="prodheader">*CUE THE THEME MUSIC*</h4>\n<p>If you spin around really fast in this shirt, you won''t turn into Wonder Woman. But you might get vertigo and fall over. So it''s probably best if you don''t do that.</p>', '', '*CUE THE THEME MUSIC*\nIf you spin around really fast in this shirt, you won''t turn into Wonder Woman. But you might get vertigo and fall over. So it''s probably best if you don''t do that.', '', 'en'),
(6, 6, 'Star Trek Command Cycle Jersey', '<h4 class="prodheader">BOLDLY GO! ON YOUR LEFT...</h4>\n<p>Star Trek fans are doctors, lawyers, politicians, coders, engineers, artists, and athletes. They are everywhere, and they are legion. Recognizing each other by their clothes, jewelry, bags, and bumper stickers, they greet each other with a lift of an eyebrow, and a traditional Vulcan salute, answering "Peace and Long Life" with the venerated "Live Long and Prosper."</p>\n<p>Once shunted into the back-alleys of fandom, Star Trek fans are now coming out of the woodwork, wearing their pride openly and declaring to the world, "I''m a Trekkie. You''ll have to deal with it."</p>\n<p>And you don''t have to pilot a starship to be a Star Trek fan! You can trade in your warp nacelles for two wheels, and hit the dusty streets and trails of planet Earth. Our new bicycle jersey is made of space-age AIRpass-Pro fiber, which wicks away moisture.</p>\n<p>Product Specifications</p>\n<ul><li>Space-age bicycle jersey is science fact</li>\n<li>Officially-licensed Star Trek merchandise</li>\n<li>Command gold pattern on sleeves and sides made up of alternating Starfleet badges</li>\n<li>Great for the Trek-fan biker in your life</li>\n<li>AIRpass-Pro moisture wicking technology</li>\n<li>UV protection</li>\n<li>Wicks away moisture, keeping you cool and dry</li>\n<li>Hidden, full-length YKK zipper</li>\n<li>3 pockets with reinforced stitching</li>\n<li>Silicon Gripper bottom in rear</li>\n<li>Form-fitting for maximum comfort</li>\n<li>Materials: 100% polyester</li>\n<li>Hand wash, lay flat to dry.</li>\n<li>Made in China</li>\n<li>Please reference the table below to determine your size. Note: Front length does not include collar.</li>\n</ul><p> </p>\n<table><tbody><tr><td>\n<p> </p>\n</td>\n<td>\n<p>S</p>\n</td>\n<td>\n<p>M</p>\n</td>\n<td>\n<p>L</p>\n</td>\n<td>\n<p>XL</p>\n</td>\n<td>\n<p>2XL</p>\n</td>\n<td>\n<p>3XL</p>\n</td>\n</tr><tr><td>\n<p>Chest</p>\n</td>\n<td>\n<p>37 - 39"</p>\n</td>\n<td>\n<p>39 - 41"</p>\n</td>\n<td>\n<p>41 - 43"</p>\n</td>\n<td>\n<p>43 - 45"</p>\n</td>\n<td>\n<p>45 - 47"</p>\n</td>\n<td>\n<p>47 - 49"</p>\n</td>\n</tr><tr><td>\n<p>Waist</p>\n</td>\n<td>\n<p>31 - 33"</p>\n</td>\n<td>\n<p>33 - 36"</p>\n</td>\n<td>\n<p>37 - 39"</p>\n</td>\n<td>\n<p>40 - 43"</p>\n</td>\n<td>\n<p>44 - 46"</p>\n</td>\n<td>\n<p>47 - 49"</p>\n</td>\n</tr><tr><td>\n<p>Front Length</p>\n</td>\n<td>\n<p>19"</p>\n</td>\n<td>\n<p>22"</p>\n</td>\n<td>\n<p>24"</p>\n</td>\n<td>\n<p>26"</p>\n</td>\n<td>\n<p>28"</p>\n</td>\n<td>\n<p>30"</p>\n</td>\n</tr></tbody></table>', '<h4 class="prodheader">BOLDLY GO! ON YOUR LEFT...</h4>\n<ul><li>Space-age bicycle jersey is science fact</li>\n<li>Officially-licensed Star Trek merchandise</li>\n<li>Command gold pattern on sleeves and sides made up of alternating Starfleet badges</li>\n</ul>', '', 'BOLDLY GO! ON YOUR LEFT...\nSpace-age bicycle jersey is science fact\nOfficially-licensed Star Trek merchandise\nCommand gold pattern on sleeves and sides made up of alternating Starfleet badges\n', '', 'en'),
(7, 7, 'Star Trek Uniform Polos', '<h4 class="prodheader">FROM THE FINAL FRONTIER TO THE OFFICE</h4>\n<blockquote><em>Kirk to Scotty: Meet me at the water cooler. We should talk about the game.</em></blockquote>\n<p>Not everyone in Starfleet worked on the bridge of a spaceship. Some of them were computer programmers, IT workers, and engineers, and they worked in a great office with a ping-pong table and casual Friday.</p>\n<p>Join in the fun with a Star Trek uniform polo shirt! Each different color is embroidered with the appropriate symbol from the Original Series: choose between blue (science), red (operations/engineering), and gold (command).</p>\n<p>Product Specifications</p>\n<ul><li>Polo with embroidered Star Trek insignia</li>\n<li>Corporate casual for Starfleet and your office</li>\n<li>Officially licensed STAR TREK product</li>\n<li>Choose between blue, gold and red</li>\n<li>Materials: 50% cotton, 50% polyester</li>\n<li>Custom embroidery approx. 3 inches tall on left chest</li>\n</ul>', '<h4 class="prodheader">FROM THE FINAL FRONTIER TO THE OFFICE</h4>\n<p>These Star Trek uniform polo shirts are perfect for the corporate-casual trekkie in all of us. They''re made from 50% cotton and 50% polyester and feature embroidered science, engineering or command insignia. All you need to do is choose a color!</p>', '', 'FROM THE FINAL FRONTIER TO THE OFFICE\nThese Star Trek uniform polo shirts are perfect for the corporate-casual trekkie in all of us. They''re made from 50% cotton and 50% polyester and feature embroidered science, engineering or command insignia. All you need to do is choose a color!', '', 'en'),
(8, 8, 'Bow Ties Are Cool [Unlimited QTY]', '<div id="proddescription">\n<h4 class="prodheader">NO TYING REQUIRED.</h4>\n<p>There''s a long history regarding bow ties, neckties, and doctors. Did you know that pediatricians wear bow ties to avoid being strangled by grabby babies? In fact, neckties are such a danger to doctors and patients that British hospitals banned the wearing of neckties in 2007. "Colonized by pathogens" was the exact phrase. Yuck.</p>\n<p>Our Doctor, on the other hand, acquired his signature bow tie in an English hospital, where perhaps it once graced the neck of a cardiologist. (It''s a pity they never met; that would have been a fun EKG.) We''re not sure if The Doctor chose it for its fashionable qualities or its utilitarian nature, but he''s succeeded on both counts.</p>\n<p>"Bow Ties Are Cool" printed on a navy blue, 100% cotton t-shirt in the classic "Keep Calm" font, topped with a bow tie you don''t ever have to tie.</p>\n</div>', '<h4 class="prodheader">NO TYING REQUIRED.</h4>\n<p>Turns out, The Doctor is quite the influential figure in fashion. In the month after the episode <em>The Eleventh Hour</em> aired, bow tie sales at one UK menswear shop grew by 94%. Who knew?</p>', '', 'NO TYING REQUIRED.\nTurns out, The Doctor is quite the influential figure in fashion. In the month after the episode The Eleventh Hour aired, bow tie sales at one UK menswear shop grew by 94%. Who knew?', '', 'en'),
(9, 9, 'Star Trek TNG Uniform Tee', '<h4 class="prodheader">CAPTAIN ON THE BRIDGE</h4>\n<p>We all have questions about Deanna Troi''s uniform choices. Why doesn''t she have to wear Starfleet standard issue? Why did she choose that weird asymmetrical blue dress? And why, exactly, is Enterprise the only ship in the fleet with a psychic counselor at the captain''s left hand?</p>\n<p>All of these problems could be solved pretty quickly with this Star Trek uniform tee, inspired by the TNG uniforms. If Counselor Troi had seen the comfort and quality of these casual Starfleet duds, she would have ditched her pastel dresses in a minute.</p>\n<p>Each TNG Uniform Tee is made from 100% cotton high-quality cut-and-sew construction. Sparkly comm badges and pips are screenprinted. Imported.</p>', '<h4 class="prodheader">CAPTAIN ON THE BRIDGE</h4>\n<p>Dress like your favorite Enterprise-D crew member! The Star Trek: The Next Generation uniform t-shirts are constructed just for this purpose, the high quality Picard would demand from his crew. Pips and sparkly comm badges are screen-printed on.</p>', '', 'CAPTAIN ON THE BRIDGE\nDress like your favorite Enterprise-D crew member! The Star Trek: The Next Generation uniform t-shirts are constructed just for this purpose, the high quality Picard would demand from his crew. Pips and sparkly comm badges are screen-printed on.', '', 'en'),
(10, 10, 'Ewok Ladies Hooded Tank Top', '<h4 class="prodheader">EWOK THE WALK</h4>\n<p>Are you curious? Do you love the forest? Do you express your enjoyment of something through singing and dancing? If you answered yes to all these questions, you, too, might be an Ewok. We didn''t recognize you without your ears.</p>\n<p>Get this hooded tank top to show everybody your inner Ewok. We''re going to bypass the ceremony of the Festival of Hoods and just say you''ve earned this orange hood, complete with little, fuzzy Ewok ears. There are various shades of Ewok brown printed on the front and back of this 100% cotton ladies'' tank top. Back is racerback-style. Machine wash cold. Tumble dry low or lay flat to dry. Imported.</p>\n<p><em>Please note that the model is wearing a size medium. This tank does run small, we recommend going up one size.</em></p>\n<p>Please reference the table below to choose your size. These are the measurements of the body type that will fit each size, not the actual garment.</p>\n<p>Sizing Table</p>\n<table><tbody><tr><td> </td>\n<td>S</td>\n<td>M</td>\n<td>L</td>\n<td>XL</td>\n<td>XXL</td>\n<td>XXXL</td>\n</tr><tr><td>Chest</td>\n<td>34 in.</td>\n<td>36 in.</td>\n<td>37 in.</td>\n<td>38 in.</td>\n<td>39 in.</td>\n<td>41 in.</td>\n</tr><tr><td>Waist</td>\n<td>27 in.</td>\n<td>29 in.</td>\n<td>31 in.</td>\n<td>32 in.</td>\n<td>33 in.</td>\n<td>35 in.</td>\n</tr><tr><td>Hips</td>\n<td>36 in.</td>\n<td>38 in.</td>\n<td>40 in.</td>\n<td>41 in.</td>\n<td>42 in.</td>\n<td>44 in.</td>\n</tr><tr><td>Body Length</td>\n<td>26 1/2 in.</td>\n<td>27 in.</td>\n<td>27 1/2 in.</td>\n<td>28 in.</td>\n<td>28 1/2 in.</td>\n<td>29 in.</td>\n</tr></tbody></table>', '<h4 class="prodheader">EWOK THE WALK</h4>\n<ul><li>Makes you look like an Ewok</li>\n<li>Standard tank top in front, racerback-styling in back</li>\n<li>Don''t make us poke you with the spear</li>\n</ul>', '', 'EWOK THE WALK\nMakes you look like an Ewok\nStandard tank top in front, racerback-styling in back\nDon''t make us poke you with the spear\n', '', 'en'),
(11, 11, 'DOTA 2 - Series 3 Micro Plush Blind Box', '<h4 class="prodheader">FUZZY WUZZY RETURNS</h4>\n<p>Maybe tiny plush isn''t the first product that comes to mind when you''re thinking of merchandising your multiplayer online battle arena game. "Aren''t you just the cutest little Strygwyr EVAR? Yes you are. Who''s Daddy''s little bloodseeker?" But we all know Valve doesn''t play by the same rules as other video game companies, so who are we to be surprised?<br /><br />These Series 3 DOTA 2 Microplushes feature 11 different designs to collect: Brewmaster, Dark Seer, Invoker, Jakiro, Juggernaut, Lina, Necrophos, Razor, Staglift, Storm Spirit, and Sven. The 10 commons come with come with an unlock code for "Imbued Lockless Luckvase 2015." Staglift is rare and comes with an additional in-game card.<br /><br />Please note: Digital items are currently limited to one copy per Steam account. If you have previously registered a key for this item to your account, you will be unable to receive a second copy.</p>\n<p>Product Specifications </p>\n<ul><li>DOTA 2 - Series 3 Micro Plush Blind Box</li>\n<li>Officially-licensed <em>Defense of the Ancients 2</em> merchandise</li>\n<li>Blind boxed for maximum surprise (see FAQ below for more info) </li>\n<li>11 different plushes to collect (Brewmaster, Dark Seer, Invoker, Jakiro, Juggernaut, Lina, Necrophos, Razor, Staglift, Storm Spirit, and Sven)</li>\n<li>1 rare in mix: Staglift </li>\n<li>10 commons come with unlock code for "Imbued Lockless Luckvase 2015" in DOTA 2</li>\n<li>Staglift comes with an additional in-game card</li>\n<li>Elastic loop on top makes them easy to hang</li>\n<li>Dimensions: 4 1/2" - 5" tall</li>\n</ul><p><span style="color:#384245;font-family:Lato, Helvetica, Arial, sans-serif;font-size:14.3999996185303px;line-height:22.3999996185303px;"> </span></p>', '<h4 class="prodheader">FUZZY WUZZY RETURNS</h4>\n<ul><li>11 different DOTA 2 Microplushes to collect</li>\n<li>Brewmaster, Dark Seer, Invoker, Jakiro, Juggernaut, Lina, Necrophos, Razor, Staglift, Storm Spirit, Sven</li>\n<li>Each comes with an unlock code for Imbued Lockless Luckvase 2015</li>\n</ul>', '', 'FUZZY WUZZY RETURNS\n11 different DOTA 2 Microplushes to collect\nBrewmaster, Dark Seer, Invoker, Jakiro, Juggernaut, Lina, Necrophos, Razor, Staglift, Storm Spirit, Sven\nEach comes with an unlock code for Imbued Lockless Luckvase 2015\n', '', 'en'),
(12, 12, 'Minions Pop Vinyl Figures', '<h4 class="prodheader">CAUSE THEY WEREN''T CUTE ENOUGH?</h4>\n<p>We hear these little guys are on the lookout for a new evil overlord to follow. Is it you? If so, they''re guaranteed to make your collectibles shelf at least 27% more mysterious.*</p>\n<p>More Minions have been added to Funko''s already extensive POP! lineup, this time from the <em>Minions</em> movie. Choose Au Naturel; Eye, Matie; or King Bob.</p>\n<p>*Your collectibles'' mysteriousness not guaranteed to increase in value. Call now. Operators are standing by.</p>\n<p>Product Specifications  </p>\n<p> </p>\n<ul><li>Super-cute Funko POP! versions of Minions</li>\n<li>Officially-licensed Minions movie merchandise</li>\n<li>Choose Au Naturel; Eye, Matie; or King Bob </li>\n<li>Materials: Vinyl</li>\n<li>Dimensions: 3 3/4" tall (King Bob''s a little taller overall because of his crown)</li>\n<li>Ages 3+</li>\n<li>WARNING - SMALL PARTS - Not intended for children under 3 years of age</li>\n</ul>', '<h4 class="prodheader">CAUSE THEY WEREN''T CUTE ENOUGH?</h4>\n<ul><li>Super-cute Funko POP! versions of Minions</li>\n<li>Choose Au Naturel; Eye, Matie; or King Bob</li>\n<li>BANANA!!!!</li>\n</ul>', '', 'CAUSE THEY WEREN''T CUTE ENOUGH?\nSuper-cute Funko POP! versions of Minions\nChoose Au Naturel; Eye, Matie; or King Bob\nBANANA!!!!\n', '', 'en'),
(13, 13, 'Vinyl Idolz: Ghostbusters', '<h4 class="prodheader">WHO YOU GONNA SMALL?</h4>\n<p>Are you troubled by strange noises in the middle of the night? Do you experience feelings of dread in your basement or attic? Have you or any member of your family ever seen a spook, specter, or ghost? If the answer is yes, then don''t wait another minute. Pick up your mouse and order these Vinyl Idolz: Ghostbusters. They''re ready to believe you!<br /><br />Vinyl Sugar has made tiny versions of your favorite protectors from the paranormal. Choose Dr. Peter Venkman, Dr. Egon Spengler, or Dr. Raymond Stantz. Get these Vinyl Idolz: Ghostbusters some s''mores, and recreate the movie you love to love. Just don''t cross the streams. Because that would be bad. <br /><br />Product Specifications  </p>\n<ul><li>Vinyl Idolz: Ghostbusters</li>\n<li>Officially-licensed <em>Ghostbusters</em> merchandise</li>\n<li>Choose Dr. Peter Venkman, Dr. Egon Spengler, or Dr. Raymond Stantz</li>\n<li>Part of the Vinyl Idolz line from Vinyl Sugar (basically Funko) &amp; A Large Evil Corporation</li>\n<li>Materials: Vinyl</li>\n<li>Dimensions: 8" tall</li>\n</ul>', '<h4 class="prodheader">WHO YOU GONNA SMALL?</h4>\n<ul><li>Ghostbusters vinyl figures from the Vinyl Idolz line</li>\n<li>Choose Dr. Peter Venkman, Dr. Egon Spengler, or Dr. Raymond Stantz</li>\n<li>We''re holding out for the cartoon-y Ecto-1</li>\n</ul>', '', 'WHO YOU GONNA SMALL?\nGhostbusters vinyl figures from the Vinyl Idolz line\nChoose Dr. Peter Venkman, Dr. Egon Spengler, or Dr. Raymond Stantz\nWe''re holding out for the cartoon-y Ecto-1\n', '', 'en'),
(14, 14, 'DOTA 2 Sniper Plush', '<h4 class="prodheader">THIS PLUSH IS ALSO VERY SQUISHY</h4>\n<p>If there''s one thing we can all agree on, it''s that Kardel Sharpeye is pretty annoying unless you''re the one playing him. If we hear "You got peep''d!" one more time, or that inane "Hee hee hee!"</p>\n<p>Come here, Dota 2 Sniper Plush. We feel the need to throttle you, and with this convenient little plush, we can totally do it....</p>\n<p>Product Specifications  </p>\n<p> </p>\n<ul><li><em>DOTA 2 </em>Sniper Plush</li>\n<li>Officially-licensed <em>DOTA 2</em> merchandise</li>\n<li> Comes with unlock code for "Imbued Lockless Luckvessel" in <em>DOTA 2</em></li>\n<li>Goggles are NOT removable (we might have ripped the eyeballs off our plush checking for you)</li>\n<li>Materials: 100% polyester</li>\n<li>Care Instructions: Spot clean with a damp cloth and mild detergent </li>\n<li>Imported</li>\n<li>Dimensions: </li>\n<li>Ages 13+</li>\n<li>WARNING - SMALL PARTS - Not intended for children under 3 years of age</li>\n</ul>', '<h4 class="prodheader">THIS PLUSH IS ALSO VERY SQUISHY</h4>\n<ul><li>Be sure to max out Shrapnel</li>\n<li>Or don''t</li>\n<li>Comes with an unlock code for Imbued Lockless Luckvessel</li>\n</ul>', '', 'THIS PLUSH IS ALSO VERY SQUISHY\nBe sure to max out Shrapnel\nOr don''t\nComes with an unlock code for Imbued Lockless Luckvessel\n', '', 'en'),
(15, 15, 'Soft Kitty Singing Plush [Sale] [Reviews]', '<h4 class="prodheader">HEAR KITTY, KITTY, KITTY</h4>\n<p>We love "Soft Kitty," but there''s a problem inherent with the song. In order to sing it properly, you have to be in the presence of a sick person (or, well, Shel-bot). A sick person with a highly-contagious illness. On the sickie''s behalf, we''ll also point out that sometimes when you''re sick, you just don''t want to see other humans. You feel horrible. You look horrible. You just want to burrow in your blanket cave and be left alone. That''s when the Soft Kitty Singing Plush comes in handy. It''s the perfect proxy. Just squeeze its front left paw to get it to sing "Soft Kitty." Best of all, it never gets frustrated when you tell it it has to start over. In fact, every time you press its paw, it starts from the beginning. Good kitty.</p>\n<blockquote>Soft kitty, warm kitty<br />Little ball of fur<br />Happy kitty, sleepy kitty<br />Purr purr purr</blockquote>\n<p> </p>\n<p>Soft Kitty Singing Plush</p>\n<ul><li>10-inches long.</li>\n<li>Collar has a little Bohr-model atom tag with the <em>Big Bang Theory</em> logo.</li>\n<li>Requires 3x 1.5V button-cell batteries (included).</li>\n<li>Pull the clear plastic tab from the battery compartment to activate.</li>\n<li>Sings "Soft Kitty."</li>\n<li>Polyester fiber. All new material.</li>\n<li>Do not machine wash. Surface clean with a damp cloth.</li>\n<li>For ages 3+.</li>\n</ul>', '<h4 class="prodheader">HEAR KITTY, KITTY, KITTY</h4>\n<ul><li>Officially-licensed <em>Big Bang Theory</em> product.</li>\n<li>Sings "Soft Kitty" when paw is pressed.</li>\n<li>Guaranteed to make you feel better.</li>\n</ul>', '', 'HEAR KITTY, KITTY, KITTY\nOfficially-licensed Big Bang Theory product.\nSings "Soft Kitty" when paw is pressed.\nGuaranteed to make you feel better.\n', '', 'en'),
(16, 16, 'Avengers: Fabrikations Plush [Related Products]', '<h4 class="prodheader">HUG THE AVENGERS!</h4>\n<p>We''ve all seen it before. Sometimes when superheroes become established they go soft. They coast on their reputation, remembering past good deeds instead of undertaking new ones. But nobody would accuse the Avengers of such shenanigans - until now.</p>\n<p>They''ve all gone soft, or, well, at least some of the guys have. Choose Captain America, Hulk, Iron Man, or Thor. Each of these Avengers: Age of Ultron Fabrikations soft-sculpt figures from Funko has only one point of articulation. Their heads turn, as if to say, "No, we have NOT gone soft. We have gone plushy. It''s different." Take it from our tiny genius, billionaire, playboy, plushanthropist.</p>\n<div id="proddescription">\n<p>Product Specifications  </p>\n<ul><li>Avengers Fabrikations soft-sculpt figures from Funko</li>\n<li>Officially-licensed <em>Avengers: Age of Ultron</em> merchandise</li>\n<li>Choose Captain America, Hulk, Iron Man, or Thor </li>\n<li>Features rotating head</li>\n<li>Flat-bottomed and weighted feet for easy display</li>\n<li>Embroidered details and vinyl accessories</li>\n<li>Care Instructions: Spot clean with a damp cloth and mild detergent </li>\n<li>Imported</li>\n<li>Dimensions: ~6" tall</li>\n<li>Age 14+</li>\n<li>WARNING - SMALL PARTS - Not intended for children under 3 years of age</li>\n</ul></div>', '<h4 class="prodheader">HUG THE AVENGERS!</h4>\n<p>Choose one of these Avengers: Age of Ultron Fabrikations soft-sculpt figures from Funko: Captain America, Hulk, Iron Man, or Thor.</p>', '', 'HUG THE AVENGERS!\nChoose one of these Avengers: Age of Ultron Fabrikations soft-sculpt figures from Funko: Captain America, Hulk, Iron Man, or Thor.', '', 'en'),
(17, 17, 'Ollie - The App Controlled Robot', '<h4 class="prodheader">TUBULAR!</h4>\n<p>One of the pieces of feedback the creators of <a href="http://www.thinkgeek.com/ed94">Sphero</a> got about their popular R/C robot was that it could do really cool things, but the users wished it could go faster. So they created Ollie.</p>\n<p>Ollie''s a cylinder. He can''t do all the things that his spherical counterpart can do, but he can do one thing particularly well: go fast. How fast? 14 miles an hour. And his wheels spin independently, which basically makes him a tiny skateboarding genius. He can spin, drift, flip, turn, and tumble when you tell him to via an app on your smartphone. He pairs with a touch and works up to 98 ft. away (which is good for a little guy who can escape at a speed of 14 mph). While they were testing him, the creators managed to get one to jump off a ramp over 6 ft. high. Basically over a person. Boo. Yah.</p>\n<p>He''ll run for an hour (and recharges via micro USB cable, included, which takes 3 hours). That means that on a single charge, we could theoretically drive our Ollie all the way from ThinkGeek World Domination HQ to the Pentagon. Which we''re sure wouldn''t raise any eyebrows or cause security alerts. Do not try this at home with your own Ollie. If you do, do not blame us.</p>\n<p>Product Specifications</p>\n<ul><li>Smartphone-controlled robot shaped like a cylinder</li>\n<li>Compatible with iOS 7.0+ and Android 4.4.2+</li>\n<li>Super-fast - top speed of 14 mph</li>\n<li>Wheels spin independently of each other</li>\n<li>Spin, drift, flip, turn, and tumble with app-powered tricks</li>\n<li>Connects to your smartphone via Bluetooth™ LE (pairs via touch)</li>\n<li>Wireless Range: 98 ft.</li>\n<li>Check to see if your device is compatible <a href="http://www.gosphero.com/c/#ollie-identifier">here</a></li>\n<li>4 separate apps for different functions (driving, programming, etc.)</li>\n<li>Automatic firmware updates</li>\n<li>SDK available in <a href="https://developer.gosphero.com/">14 coding languages</a></li>\n<li>Set it to open or closed spaces, hard or soft surfaces</li>\n<li>Future accessories include alternate wheels, tires, hubcaps, and smartramps</li>\n<li>Has LED "running lights" that react</li>\n<li>Materials: High-grade polycarbonate body</li>\n<li>Batteries: Rechargeable - charges via micro USB cable (included)</li>\n<li>Runs for 1 hr. on charge; charging takes 3 hrs.</li>\n<li>Dimensions: 9.9" x 4.8" x 4.3"</li>\n<li>Weight: 1.4 lbs.</li>\n<li>Includes Ollie, 2 Nubby Tires (all-terrain), 2 Hubcaps, micro USB charging cable, and a quick start guide</li>\n<li>Note: Unlike <a href="http://www.thinkgeek.com/ed94">Sphero</a>, Ollie is NOT waterproof</li>\n</ul>', '<h4 class="prodheader">TUBULAR!</h4>\n<ul><li>Colorful cylinder with a tiny robot inside</li>\n<li>Spin, drift, flip, turn, and tumble with app-powered tricks</li>\n<li>Compatible with iOS and Android devices</li>\n</ul>', '', 'TUBULAR!\nColorful cylinder with a tiny robot inside\nSpin, drift, flip, turn, and tumble with app-powered tricks\nCompatible with iOS and Android devices\n', '', 'en'),
(18, 18, 'PowerUp® 3.0 Smartphone Controlled Paper Airplane', '<h4 class="prodheader">TURN ANY PAPER AIRPLANE INTO AN R/C AIRPLANE!</h4>\n<p>Paper airplanes are awesome for relieving office boredom, attacking a coworker or sibling, or sending messages around the Ministry of Magic. But sometimes paper airplanes need just a little more oomph - a little more power. Well, the time has come to easily add that extra power and control the plane with your smartphone with the PowerUp® 3.0 Smartphone Controlled Paper Airplane.</p>\n<p>First, make your airplane. Oooo, nice one. Then, you just slip your PowerUp® 3.0 Smartphone Controlled Paper Airplane propeller-stalk thing onto your paper airplane. It clips to the front, with the prop sticking out the back. Twenty minutes of USB charging, and you''ll have ten minutes of flight time! Load up the app in your iPhone or Android device, and you''ll be able to control the paper airplane right from your phone! Control the thrust with a virtual throttle and tilt your phone for steering. Get yerself a PowerUp® 3.0 Smartphone Controlled Paper Airplane, and you will be the ruler of the air!</p>\n<p>Product Specifications  </p>\n<p> </p>\n<ul><li>For Ages 14 and Up</li>\n<li>Turn any paper airplane into a smartphone controlled R/C airplane!</li>\n<li>Connects via Bluetooth</li>\n<li>Features:\n<ul><li>180 feet range</li>\n<li>Crash-proof bumper</li>\n<li>10 minutes of flight on one 20 minute charge</li>\n<li>Crash-proof carbon fiber frame</li>\n<li>Automatic thrust to assist when turning</li>\n<li>Precision control for easy flying</li>\n</ul></li>\n<li>App features:\n<ul><li>Magnetic compass</li>\n<li>Charging status indicator</li>\n<li>Thrust level indicator</li>\n<li>Ascend/Descend lever</li>\n<li>Artificial horizon</li>\n<li>Battery level indicator</li>\n<li>Range indicator</li>\n</ul></li>\n<li>Includes: PowerUp® 3.0 Smart Module, Micro USB cable, Spare propeller, Spare rudder, Display case and mount, 4 PowerUp® paper templates, Waterproof paper template, PowerUp® 3.0 user guide</li>\n<li>Free app available for iOS and Android devices</li>\n<li>Dimensions: approx. 8.25" long</li>\n</ul>', '<h4 class="prodheader">TURN ANY PAPER AIRPLANE INTO AN R/C AIRPLANE!</h4>\n<ul><li>Add to your paper plane to make it propeller driven and smartphone controlled</li>\n<li>Connects via Bluetooth to your smartphone (because wires would be silly)</li>\n<li>20 minute charge gives you 10 minutes of flight!</li>\n</ul>', '', 'TURN ANY PAPER AIRPLANE INTO AN R/C AIRPLANE!\nAdd to your paper plane to make it propeller driven and smartphone controlled\nConnects via Bluetooth to your smartphone (because wires would be silly)\n20 minute charge gives you 10 minutes of flight!\n', '', 'en'),
(19, 19, 'Chocolate-Covered Edible Bugs Gift Pack', '<h4 class="prodheader">BUGS PLUS CHOCOLATE EQUALS YUMMY!</h4>\n<p>Get ready to have your mind blown: we''ve taken the five second rule and plugged it into Einstein''s General Theory of Relativistic Theories on Stuff and Things. The result is this: as a food falls to the ground, the five second rule countdown starts. BUT (and this is the most important part), if the food started off on the ground, then the five second rule becomes infinite. What does that mean? You can eat bugs any time you want, since technically they never fell to the ground to begin with!! Cover ''em with chocolate, and you''ve got our <em>Chocolate-Covered Edible Bugs Gift Pack</em>.</p>\n<p>Each <em>Chocolate-Covered Edible Bugs Gift Pack</em> is a trio of dark chocolate-covered insects, full of protein and crunch and yumminess. Scorpions, superworms, and silkworms all await your eager palate. We like to say they are enrobed in chocolate, because that makes them a sexier food. The <em>Chocolate-Covered Edible Bugs Gift Pack</em> makes a perfect present for the person who thinks they have everything, an instant appetizer sampler for adventurous entertaining, and/or a protein-packed snack any time you need it. Entomophagist-a-licious!</p>\n<p>Chocolate-Covered Edible Bugs Gift Pack</p>\n<ul><li>A trio of dark chocolate-covered ex-creepy crawlies await your mouth and tasting/eating parts.</li>\n<li>You''ll get three cans - one of each (dark chocolate covered): Armor Tail Scorpions (<em>Mesobuthus martensii</em>), Superworms (<em>Zophobas morio</em>), and Silkworms (<em>Bombyx mori</em>).</li>\n<li>Ingredients: bug, sugar, vegetable fat, cocoa powder, emulsifier, and vanillin.</li>\n<li>Insect Roll Call:\n<ul><li>Scorpions - 2 per tin.</li>\n<li>Superworms - 12 per tin.</li>\n<li>Silkworms - 12 per tin.</li>\n</ul></li>\n<li>Tin Dimensions: 2.5" diameter x 1.5" tall.</li>\n</ul>', '<h4 class="prodheader">BUGS PLUS CHOCOLATE EQUALS YUMMY!</h4>\n<ul><li>Three different bugs (each in its own tin) covered in delectable chocolate.</li>\n<li>Scorpions, superworms, and silkworms.</li>\n<li>And chocolate. Yum!</li>\n</ul>', '', 'BUGS PLUS CHOCOLATE EQUALS YUMMY!\nThree different bugs (each in its own tin) covered in delectable chocolate.\nScorpions, superworms, and silkworms.\nAnd chocolate. Yum!\n', '', 'en'),
(20, 20, 'Canned Unicorn Meat', '<h4 class="prodheader">NO FOOLIN'' - UNICORN MEAT IS REAL!</h4>\n<p><em>Excellent source of sparkles!</em></p>\n<p>Unicorns, as we all know, frolic all over the world, pooping rainbows and marshmallows wherever they go. What you don''t know is that when unicorns reach the end of their lifespan, they are drawn to County Meath, Ireland. The Sisters at Radiant Farms have dedicated their lives to nursing these elegant creatures through their final days. Taking a cue from the Kobe beef industry, they massage each unicorn''s coat with Guinness daily and fatten them on a diet comprised entirely of candy corn. As the unicorn ages, its meat becomes fatty and marbled and the living bone in the horn loses density in a process much like osteoporosis. The horn''s outer layer of keratin begins to develop a flavor very similar to candied almonds. Blending the crushed unicorn horn into the meat adds delightful, crispy flavor notes in each bite. We are confident you will find a world of bewilderment in every mouthful of scrumptious unicorn meat.</p>\n<p>Unfortunately, due to restrictions on the importation of mythical processed meatstuff, we are unable to bring you Canned Unicorn Meat in the way the Sisters of Radiant Farms intended. When you open your can, you will find one tiny unicorn which has been appropriately sliced into its main cuts of meat. Simply use your Growth Ray to re-embiggen the unicorn before skinning it and processing its flesh. Or if you''re lazy, just bring it to your local Mad Scientist-Butcher. He''ll know what to do.</p>\n<p><strong>Radiant Farms Canned Unicorn Meat Specifications</strong></p>\n<ul class="floatfix"><li>14 ounces of delicious unicorn meat, canned for your convenience</li>\n<li>Imported from a small independent cannery in County Meath, Ireland</li>\n<li>Crunchy horn bits in every bite - an excellent source of Calcium</li>\n<li>Tastes like rotisserie chicken but with a hint of marshmallow sweetness</li>\n<li>Easily spreadable for sandwiches, hors d''oeuvres, and more</li>\n<li>Sparkly meat lends the unmistakable air of class and sophistication to your parties</li>\n<li>Unlike other meats, unicorn fat is polyunsaturated and lowers your LDL cholesterol</li>\n<li>Not yet approved by the USDA or FDA, but the nuns have eaten it for centuries and they''re healthy as horses</li>\n<li>Okay, for real: you can''t eat this. It''s a dismembered stuffed unicorn in a can.</li>\n<li>The bottom of the tin is easily removable to gain access to the mini dead unicorn inside. No can opener needed!</li>\n</ul>', '<h4 class="prodheader">NO FOOLIN'' - UNICORN MEAT IS REAL!</h4>\n<ul><li>14 ounces of delicious unicorn meat, canned for your convenience</li>\n<li>Imported from a small independent cannery in County Meath, Ireland</li>\n<li>Okay, for real: you can''t eat this. It''s a dismembered stuffed unicorn in a can.</li>\n</ul>', '', 'NO FOOLIN'' - UNICORN MEAT IS REAL!\n14 ounces of delicious unicorn meat, canned for your convenience\nImported from a small independent cannery in County Meath, Ireland\nOkay, for real: you can''t eat this. It''s a dismembered stuffed unicorn in a can.\n', '', 'en'),
(21, 21, 'The ThinkGeek Annoy-a-tron', '<h4 class="prodheader">DRIVE YOUR "FRIENDS" CRAZY - AGAIN</h4>\n<p>Now that they''ve mostly recovered from the twisted mind maze that was the original Annoy-a-tron, send them on a new journey of "self discovery" with the latest version featuring 6 sound choices, it''s at least twice as fun (and annoying) as the original. For effective deployment, we humbly suggest the following sounds and locations, but you can conduct your own field research for more insight.</p>\n<p>The cricket chirping sound is interesting because someone will instinctively look near the ground when trying to locate a cricket. So, placing the Annoy-a-tron several feet or more above the ground will help to obscure its location. The 15kHz sound is also interesting because this frequency range of sound cannot be heard by everyone. In older adults or those with deteriorated hearing (a condition known as presbycusis) this high frequency sound will not be audible, while others will clearly hear the sound and find it quite annoying. They also might think they are going crazy because people nearby will report that they don''t hear anything.</p>\n<p>Assuming you have done your part in selecting a suitable hiding location for the Annoy-a-tron, it will do its part to drive your co-workers slowly mad with its short and seemingly random beeps. And when someone does locate the Annoy-a-tron, they''re not going to know what it is - which is almost as much fun as watching them search for it. Muahaha...</p>\n<p>** - The 15kHz ''Teen Buzz Tone'' is a frequency that young people can hear but older folks cannot. Sometimes younger folks cannot hear it and sometimes older folks can hear it, but, in general, it''s called the ''Teen Buzz'' tone. When you can hear it, trust us, it''s annoying. Dogs agree.</p>\n<p>The ThinkGeek Annoy-a-tron Features: <br /><br /></p>\n<ul><li>Amazingly small</li>\n<li>Six sounds choices:\n<ul><li>Beep</li>\n<li>12kHz electronic noise sound</li>\n<li>15kHz ''Teen Buzz Tone'' electronic noise sound</li>\n<li>Cricket</li>\n<li>Doorbell</li>\n<li>Random/Alternating sound mode</li>\n</ul></li>\n<li>Battery included (lasts 1 month+ of continuous use)</li>\n<li>Embedded Rare-earth Magnet for easy hiding</li>\n<li>Single push button to change sounds</li>\n<li>Please note: after removing battery tab you may need to push down slightly on the magnet to re-seat the battery correctly (you may even hear a small click)</li>\n<li>Battery: CR2032</li>\n</ul>', '<h4 class="prodheader">DRIVE YOUR "FRIENDS" CRAZY - AGAIN</h4>\n<ul><li>Tiny device produces six annoying noises</li>\n<li>Turn it on, hide it, and watch the fun begin</li>\n<li><em>As seen on NCIS!</em></li>\n</ul>', '', 'DRIVE YOUR "FRIENDS" CRAZY - AGAIN\nTiny device produces six annoying noises\nTurn it on, hide it, and watch the fun begin\nAs seen on NCIS!\n', '', 'en'),
(22, 22, 'Legendary Hero 8-Bit Heart Bouquet', '<h4 class="prodheader">BE MY PLAYER 2</h4>\n<p>Life was simpler in 8-bit. Sidescrolling was the name of the game and came with none of the potential motion-sickness that today''s immersion games can cause. There were clear-cut good guys and bad guys. There was a princess to rescue. There was one hero, and it was you.</p>\n<p>And back in those days, Valentines were handmade from construction paper. Everybody got one. And when you wrote "love," it meant "love" as in "I''d love another cookie." Life was simpler.</p>\n<div id="proddescription">\n<p>Do you have somebody in your life who deserves your heart... or three? Celebrate the simplicity of old-school gaming with our 8-bit Legendary Hero. This foam cutout comes with a cardboard fold-out stand or can be hung from the wall. Great as decoration on a table, it says, "Be my Player 2" better than any stupid flowers ever could.</p>\n<p><strong>Product Specifications</strong></p>\n<ul><li>8-bit Legendary Hero</li>\n<li>A ThinkGeek creation and exclusive!</li>\n<li>3D construction with 3 layers of depth</li>\n<li>Includes fold-out stand for displaying on a desk or table</li>\n<li>Holes in back for wall mounting</li>\n<li>Materials: Durable EVA foam</li>\n<li>Dimensions: 11" tall x 5 1/2" wide x 3" deep assembled</li>\n</ul></div>', '<h4 class="prodheader">BE MY PLAYER 2</h4>\n<ul><li>3D foam cutout brings back old-school memories</li>\n<li>Includes fold-out stand for displaying on a desk or table</li>\n<li>A ThinkGeek creation and exclusive!</li>\n</ul>', '', 'BE MY PLAYER 2\n3D foam cutout brings back old-school memories\nIncludes fold-out stand for displaying on a desk or table\nA ThinkGeek creation and exclusive!\n', '', 'en'),
(23, 23, 'Executive Building Brick Set (Chrome)', '<h4 class="prodheader">BUILDING BRICKS ALL GROWN UP</h4>\n<div class="right"> </div>\n<p>We here at ThinkGeek World Domination HQ have long been of the philosophy that building bricks are for all ages, but some people seem to think they''re just for kids. These are the same sorts of people who give us the hairy eyeball when we venture into the brick store at the mall or when we put a pack of Fun Dip in our cart with every intention of eating it ourselves. Possibly before we get to the register. Slightly damp UPCs are still scannable, right?</p>\n<p>Why should you stop having fun because some people have no imagination? You shouldn''t! This Executive Building Brick Set is the perfect answer to those spoilsports. With 8 2x4 stud building bricks, this set can be incorporated with your other bricks to build all sorts of shiny custom creations. With their clean and crisp lines, these metal bricks look perfect gracing your modern office or coffee table. Leave them out and see who can''t resist.</p>\n<p><strong>Product Specifications </strong> </p>\n<p> </p>\n<ul><li>Executive Building Brick Set</li>\n<li>Includes 8 2x4 stud building bricks</li>\n<li>Chrome-plated solid metal construction</li>\n<li>Combine with your other bricks</li>\n<li>Compatible with other popular building sets</li>\n<li>Materials: Chrome-plated base metal</li>\n<li>Weight: 6 1/2 oz. </li>\n<li>Ages 14+</li>\n</ul>', '<h4 class="prodheader">BUILDING BRICKS ALL GROWN UP</h4>\n<ul><li>Set includes 8 2x4 stud building bricks</li>\n<li>Chrome-plated solid metal construction</li>\n<li>Compatible with other popular building sets</li>\n</ul>', '', 'BUILDING BRICKS ALL GROWN UP\nSet includes 8 2x4 stud building bricks\nChrome-plated solid metal construction\nCompatible with other popular building sets\n', '', 'en'),
(24, 24, 'Blizzard Diablo Goblin Bank with Sound', '<h4 class="prodheader">OMGOBLIN!</h4>\n<p>Diablo III''s Treasure Goblins. Enigmatically, they''re creatures which cannot deal damage to your character but are the most likely to be the reason for your character''s untimely demise. There''s something about them (could it be all the LOOT?!) that makes all reason go out the door. Even in hardcore, we occasionally accidentally chase them right into the midst of elite mob packs. That rarely ends well.</p>\n<p>You don''t have to worry about that happening with this Diablo Treasure Goblin Bank with Sound, and we promise this one won''t teleport out on you with 3% health left. He''s going to stay right where you put him. Just don''t put him down next to a portal, okay? Fill his bag with loot and listen to him cackle happily as he takes your money. And you don''t have to beat the candy out of him to get your money back - there''s a coin removal door on the bottom of the bank. If only in-game Treasure Goblins were this simple....</p>\n<p><strong>Product Specifications</strong>   </p>\n<ul><li>Diablo Treasure Goblin Bank with Sound</li>\n<li>Officially-licensed <em>Diablo III</em> merchandise</li>\n<li>A ThinkGeek creation &amp; exclusive</li>\n<li>Cackles happily as he takes your money</li>\n<li>When you drop a coin in, one of six sounds plays</li>\n<li>Coin removal door on the bottom (so you don''t have to beat the candy out of him - unless you just want to)</li>\n<li>Note: Does not drop legendary items (unless you fill it with legendary items)</li>\n<li>Batteries: 3 AAA 1.5V LR03 (not included)</li>\n<li>Dimensions: 9" deep x 4 1/2" wide x 8" tall </li>\n<li>Weight: 12 oz. (without batteries)</li>\n<li><strong>Ages 6+</strong></li>\n</ul>', '<h4 class="prodheader">OMGOBLIN!</h4>\n<ul><li>Diablo Treasure Goblin Bank with Sound</li>\n<li>Cackles happily as he takes your money</li>\n<li>A ThinkGeek creation &amp; exclusive</li>\n</ul>', '', 'OMGOBLIN!\nDiablo Treasure Goblin Bank with Sound\nCackles happily as he takes your money\nA ThinkGeek creation &amp; exclusive\n', '', 'en'),
(25, 25, 'Ghostbusters Stay Puft Marshmallow Face Mug', '<h4 class="prodheader">I AIN''T AFRAID OF NO COFFEE</h4>\n<div class="right"> </div>\n<blockquote>I tried to think of the most harmless thing. Something I loved from my childhood. Something that could never ever possibly destroy us. Mr. Stay Puft!<br />- Ray</blockquote>\n<p>This mug lets you decide how your day''s going to go. On one side, it features the sweet Stay Puft Marshmallow Man''s smiling face, the one Ray remembers from his childhood. On the other, it features evil Stay Puft Marshmallow Man, destroyer of worlds, the one who''s come to terrorize New York City. Which side will you drink from today?</p>\n<p><strong>Product Specifications</strong>   </p>\n<ul><li>A two-sided mug featuring the Stay Puft Marshmallow Man''s countenance</li>\n<li>Happy mascot on one side; paranormal monster on the other</li>\n<li>Officially-licensed Ghostbusters merchandise</li>\n<li>Capacity: 20 oz.</li>\n<li>Materials: Ceramic</li>\n<li>Dimensions: 3 3/4" tall x 4" wide</li>\n<li>Not microwave safe</li>\n<li>Not dishwasher safe</li>\n<li><strong>Ages 12+</strong></li>\n</ul>', '<h4 class="prodheader">I AIN''T AFRAID OF NO COFFEE</h4>\n<ul><li>If you are not afraid of any ghosts, this is the mug for you</li>\n<li>Holds 20 ounces of your favorite beverage</li>\n<li>(Presumably cocoa with marshmallows)</li>\n</ul>', '', 'I AIN''T AFRAID OF NO COFFEE\nIf you are not afraid of any ghosts, this is the mug for you\nHolds 20 ounces of your favorite beverage\n(Presumably cocoa with marshmallows)\n', '', 'en');
INSERT INTO `xc_product_translations` (`label_id`, `id`, `name`, `description`, `briefDescription`, `metaTags`, `metaDesc`, `metaTitle`, `code`) VALUES
(26, 26, 'Build-On Brick Mug', '<h4 class="prodheader">BUILD UP YOUR COFFEE!</h4>\n<p><span style="color:#ff0000;"><em>Important Note: The Brick Mug does not come with any bricks. You need to provide your own. However we''re confident you''ve got a variety of compatible building sets at your house already. Oh... also you don''t get coffee, you need to brew that or something. In short, you get the mug. Okay, we''re done here.</em></span></p>\n<p>Morning meetings suck. We''re lucky at ThinkGeek because generally a "morning" meeting starts at 11, so you''ve got some time to get a cup of coffee in before you have to brain too hard. If you''re in a climate where 9 am meetings are the norm, you''re going to need more than caffeine to stay awake.</p>\n<p>Enter the Build-On Brick Mug. It''s a coffee mug and construction set all in one! Bring along a handful of your favorite building blocks - it''s compatible with LEGO™, PixelBlocks, Mega Bloks, KRE-O, or K''NEX Bricks™ - and tinker with a creation while your upper management drones on about things they think are important. What will your mug become? That''s up to you! Be sure to send us your Action Shots!</p>\n<p><strong>Product Specifications</strong></p>\n<ul><li>Drink your coffee and build something, too!</li>\n<li>Choose from black, grey, or red</li>\n<li>Mug with exterior building surface compatible with most bricks</li>\n<li>Compatibility:\n<ul><li>LEGO™</li>\n<li>PixelBlocks</li>\n<li>Mega Bloks</li>\n<li>KRE-O</li>\n<li>K''NEX Bricks™</li>\n</ul></li>\n<li><strong>Note</strong>: This mug is not officially licensed by LEGO™, PixelBlocks, Mega Bloks, KRE-O, or K''NEX Bricks™. It just happens to be compatible with them all.</li>\n<li>Not Microwave safe (but fine for hot coffee)</li>\n<li><strong>Materials</strong>: BPA-free plastic</li>\n<li><strong>Capacity</strong>: 12 ounces</li>\n<li><strong>Washing</strong>: Hand wash</li>\n</ul>', '<h4 class="prodheader">BUILD UP YOUR COFFEE!</h4>\n<ul><li>Have your coffee and build it too!</li>\n<li>Compatible with most construction bricks</li>\n<li>May cause distraction at morning meetings</li>\n</ul>', '', 'BUILD UP YOUR COFFEE!\nHave your coffee and build it too!\nCompatible with most construction bricks\nMay cause distraction at morning meetings\n', '', 'en'),
(27, 27, 'Superhero Mom Mug', '<h4 class="prodheader">YEAH, YOU''RE SUPER!</h4>\n<p>You may not always have the cape on, but you really are super. Your kids think so. We think so. We also think you should let the world know. You could always wear a shirt or a sandwich board proclaiming your super-ness, but we think the best way is with a super mug. A Superhero Mom Mug, to be precise.</p>\n<p>Each Superhero Mom Mug features all the molded on details you''d expect from a super mug: cape, belt (to keep the superpants up), arms akimbo, and emblem on the chest (featuring a big M for Mom). And the arms akimbo aren''t just a posture choice - they actually form two handles! The Superhero Mom Mug will hold 15 oz. of your favorite beverage and is dishwasher and microwave safe. The only thing the Superhero Mom Mug can''t do is fly. We''ll leave that up to you!</p>\n<p>Also great for anyone whose name starts with the letter M.</p>\n<p><strong>Product Specifications</strong>  </p>\n<ul><li>Superhero Mom Mug</li>\n<li>This mug is ready for justice</li>\n<li>The arms (gallantly akimbo) are the handles of this super mug</li>\n<li>A ThinkGeek creation and exclusive!</li>\n<li>Dishwasher safe</li>\n<li>Microwave safe</li>\n<li>Capacity: 15 oz.</li>\n<li>Materials: Ceramic</li>\n<li>Dimensions: approx. 3.75" x 6.75" x 4"</li>\n</ul>', '<h4 class="prodheader">YEAH, YOU''RE SUPER!</h4>\n<ul><li>The perfect mug for SuperMoms everywhere</li>\n<li>Holds 15 oz of any super beverage</li>\n<li>A ThinkGeek creation and exclusive!</li>\n</ul>', '', 'YEAH, YOU''RE SUPER!\nThe perfect mug for SuperMoms everywhere\nHolds 15 oz of any super beverage\nA ThinkGeek creation and exclusive!\n', '', 'en'),
(28, 28, 'Olloclip iPhone Macro 3-in-1 Lens System', '<h4 class="prodheader">MACROCOSMIC</h4>\n<p>Compatible with the iPhone 5/5S or the 5th gen iPod Touch (using the included adapter), the Olloclip Macro 3-in-1 is a quick-connect lens system that includes 7x, 14x, and 21x lenses in a tiny and convenient package.</p>\n<p>Using Olloclip is easy! Slide it on over your iPhone''s rear camera lens, and you''re ready to take amazing photos and videos. With that 21x lens, what you have is a very basic microscope, one which runs on your iPhone and snags amazing pictures of your "slides." The 14x and 21x also come with hoods designed to diffuse light and set you up for success by providing the optimum distance from the object being photographed. Olloclip''s storage bag even doubles as a microfiber cleaning cloth for the ultimate in convenience.</p>\n<p>Product Specifications</p>\n<ul><li>Quick-connect lens system for iPhone 5/5S</li>\n<li>Comes with 7x, 14x, and 21x macro lens options</li>\n<li>Slides on to the corner of your iPhone and automatically aligns itself</li>\n<li>The camera will autofocus as normal with the Olloclip on, don''t worry!</li>\n<li>Works for still photos, videos, even super-detailed Facetime</li>\n<li>Lenses made with precision-ground glass, multi-element optics</li>\n<li>Barrels made from aircraft-grade anodized aluminum</li>\n<li>Soft plastic material on clip protects your iPhone from scratches</li>\n<li>Included in the Olloclip package:\n<ul><li>3 macro lenses (7x, 14x, and 21x)</li>\n<li>2 InstaFocus hoods for steadier shots at the perfect distance and diffused light</li>\n<li>Microfiber lens cleaning cloth storage bag</li>\n<li>5th gen iPod Touch adapter</li>\n</ul></li>\n<li>Note: The Olloclip is specifically designed for the shape and size of the iPhone 5 and 5S. It will not fit any other device besides the iPod touch model mentioned above.</li>\n</ul>', '<h4 class="prodheader">MACROCOSMIC</h4>\n<ul><li>Quick-connect lens system for iPhone 5/5S</li>\n<li>Includes 7x, 14x, and 21x macro lenses</li>\n<li>Works for still photos, videos, even super-detailed Facetime</li>\n</ul>', '', 'MACROCOSMIC\nQuick-connect lens system for iPhone 5/5S\nIncludes 7x, 14x, and 21x macro lenses\nWorks for still photos, videos, even super-detailed Facetime\n', '', 'en'),
(29, 29, 'Gunnar Vayper Gaming Glasses', '<div id="productimage">\n<div class="prod_gallery">\n<div id="image"><strong>REDUCE EYESTRAIN WITH SCIENCE!</strong></div>\n</div>\n</div>\n<div class="contentblob">\n<div> </div>\n<div id="proddescription">The human eye is a magnificent device. Refined over millions of years of evolution, it''s a highly specialized and effective organ that helps us hunt prey, spot berries, and notice and dodge swinging clubs. As humanity continued to evolve, however, we relied more on the tools we manufactured rather than the ones with which we were born.<br /><br />Now we have more so-called "knowledge-workers" than ever, spending all day tied to desks, and staring at computer screens. We''ve traded sore backs and calluses for headaches and dry and tired eyes. You rub your eyes, and drip drops into them, but that doesn''t really help, does it?<br /><br />You see, high-efficiency fluorescent lighting and computer monitors in our offices are highly shifted towards the blue-end of the spectrum. The problem is, blue light focuses differently on the retina than the rest of the spectrum. Ever look at a blue LED and noticed a halo around the light? Staring at it gives you a headache, doesn''t it? Guess why! Your eyes are straining to try and bring that fuzzy spot into focus, and they just can''t!<br /><br />What you need is a way to filter out some of those blues that give your eyes so much trouble. With amber lenses, Gunnar Computer Glasses shift that light to the warmer end of the spectrum, giving your tired eyes a chance to recover. Not only do they filter blue light, they also reduce glare, helping with eye strain even more.<br /><br />Be more productive, working longer and harder than the other guys, and maybe you''ll get that promotion before Doofus McDumbPants across the hall does. We hate that guy.<br /><br /><strong>Product Specifications  </strong><br /><ul><li>Glasses specifically designed to reduce computer-related eyestrain</li>\n<li>Onyx-colored, injection-polymer frame</li>\n<li>Adjustable silicone nose pads provide a customizable fit</li>\n<li>Fastener-free hinge design and high tensile steel construction</li>\n<li>Gently-curved, ultra-slim temples distribute headphone pressure to ensure headset compatibility</li>\n<li>One piece front construction eliminates all welds, screws and other potential points of failure</li>\n<li>Flexible temples conform and ergonomically fit a wide range of head and face shapes</li>\n<li>Wide format lenses create a panoramic viewing field for high resolution viewing</li>\n<li>58mm lens width x 15mm nose x 130mm temple</li>\n<li>Note: These will not fit over your current glasses. However, you can custom order them <a href="http://www.gunnars.com/rx/">with your prescription lenses.</a></li>\n</ul></div>\n</div>', '<h4 class="prodheader">REDUCE EYESTRAIN WITH SCIENCE!</h4>\n<ul><li>Glasses reduce computer-related eyestrain</li>\n<li>Great for code monkeys and gamers</li>\n<li>Onyx-colored, injection-polymer frame</li>\n</ul>', '', 'REDUCE EYESTRAIN WITH SCIENCE!\nGlasses reduce computer-related eyestrain\nGreat for code monkeys and gamers\nOnyx-colored, injection-polymer frame\n', '', 'en'),
(30, 30, 'Astro A50 Halo Edition', '<h4 class="prodheader">HEADPHONES FOR THE MASTER CHIEF IN YOU!</h4>\n<p>When it''s game time, you slip on your headphones and disappear into whatever world you''re gaming in. It''s important that these headphones are quality for many reasons. First, you want to make sure you hear everything: from explosions to enemies to spells to conversation with other online players. And second, you want to make sure other players hear you! Time to power up your gaming experience to a whole new level with the Astro A50 Halo Edition.</p>\n<p>With the Astro A50 Halo Edition, you can experience the world of the Master Chief with Dolby 7.1 Surround Sound, without being tied down by cords. The uni-directional microphone delivers absolute vocal clarity for distortion-free communication with your teammates. Using top of the line wireless technology, the Astro A50 Halo Edition employs three different EQ modes, allowing you to customize your audio experience for movies, hardcore gaming, or competitive shooters. And thanks to the Astro A50 Halo Edition''s adjustable size and plush cushions, you can game comfortably all through the night. Because sometimes, the war never ends.</p>\n<p><strong>Product Specifications</strong>  </p>\n<ul><li>These wireless headphones are at the pinnacle of gaming headphone technology</li>\n<li>Master Chief color and detailing</li>\n<li>Wireless 5.8 GHz</li>\n<li>Dolby 7.1</li>\n<li>EQ presets</li>\n<li>Flip-up to mute mic</li>\n<li>Compatibility: Xbox One (also works with PS4, PS3, 360*, PC)\n<ul><li>* For 360, voice chat requires XBL Controller Cable (Sold Separately)</li>\n</ul></li>\n<li>Astro A50 Specs:\n<ul><li>Transducer Principle: Open Air</li>\n<li>Frequency Response: 20 - 21,000 Hz</li>\n<li>Distortion: THD &lt; 1%</li>\n<li>Microphone: 6.0mm unidirectional with noise gate</li>\n<li>Nominal Impedance: 48 Ohms</li>\n<li>Headband Pressure: 2.6N</li>\n<li>Ear Coupling: Over-Ear</li>\n<li>Weight w/o Cable: 363 g</li>\n<li>Connection: 2.5mm Xbox Live Chat Port, Micro-USB Port</li>\n</ul></li>\n<li>MixAmp Tx Specs:\n<ul><li>Wireless: 5.8GHz w/ KleerNet</li>\n<li>Audio Fidelity: 48kHz 16-bit</li>\n<li>Mic Fidelity: 48kHz 16-bit</li>\n<li>Channels: Stereo w/ Dolby</li>\n<li>Input: Micro-USB Power &amp; Voice, Optical In, AUX In (3.5mm)</li>\n<li>Output: Optical Passthrough, USB Charging Port</li>\n<li>Power: USB</li>\n<li>Surround Technology: Dolby PLIIx, Dolby Headphone</li>\n</ul></li>\n<li>Includes:\n<ul><li>A50 Wireless Headset</li>\n<li>MixAmp Tx </li>\n<li>AG1</li>\n<li>Display Stand</li>\n<li>Headset Cables: 0.5m Micro-USB Cable</li>\n<li>MixAmp Cables: 1.0m Micro-USB Cable, 1.0m TOSlink Optical Cable</li>\n</ul></li>\n</ul>', '<h4 class="prodheader">HEADPHONES FOR THE MASTER CHIEF IN YOU!</h4>\n<ul><li>The zenith of Astro headphones: the A50!</li>\n<li>Dolby Digital 7.1 sound and wireless 5.8GHz technology</li>\n<li>Master Chief color and detailing</li>\n</ul>', '', 'HEADPHONES FOR THE MASTER CHIEF IN YOU!\nThe zenith of Astro headphones: the A50!\nDolby Digital 7.1 sound and wireless 5.8GHz technology\nMaster Chief color and detailing\n', '', 'en'),
(31, 31, 'Cup of Mojo Bluetooth Speaker', '<h4 class="prodheader">A TINY SHOT OF BIG SOUND</h4>\n<p>Mojo is some powerful stuff. They say either you have it or you don''t, but if you''ve had it in the past and are just running low now, you can get it back. You know what our favorite way to get our mojo is? Wirelessly, because then we can share it with everyone in the room. See, this kind of mojo connects to our smartphone and plays our music for all to hear. No, we''re not crazy - we''re using the Cup of Mojo Bluetooth Speaker!</p>\n<p>Available in many stunning colors that are fun and bold, the Cup of Mojo Bluetooth Speaker is the perfect accompaniment to any smartphone, tablet, computer, or anything else with Bluetooth. Enjoy the loud, clear, acoustics whether you''re at home, by the BBQ, in the park, or in your local coffee shop (possibly annoying many other patrons). Clip the Cup of Mojo Bluetooth Speaker anywhere with the integrated handle carabiner clip, and you''ll always have your tunes when you need them most (especially, during afternoon tea).</p>\n<p><strong>Product Specifications</strong>   </p>\n<ul><li>A little cup is really a portable bluetooth speaker!</li>\n<li>Clip your Cup of Mojo Speaker anywhere with the carabiner handle clip</li>\n<li>Stream music from any Bluetooth 3.0 device (smartphones, tablets, computers, etc.)</li>\n<li>Boosted bass for even bass-ier bass</li>\n<li>Rubber bottom to protect surfaces (and prevent slippage)</li>\n<li>One button operation (for ease power on/off and Bluetooth pairing)</li>\n<li>Range: Up to 32.8 feet (depending on line of sight)</li>\n<li>Batteries: Rechargeable lithium-ion battery via micro-USB cable (included)</li>\n<li>Battery Life: Up to 4 hours</li>\n<li>Includes: Cup of Mojo Bluetooth Speaker, USB Charge-Cable, and Quick Start Guide </li>\n<li>It looks like a mug, but it is not microwave or dishwasher safe</li>\n<li>Dimensions: approx. 2.3" x 3.25" x 2.4"</li>\n<li>Weight: approx. 3.7 oz</li>\n</ul>', '<h4 class="prodheader">A TINY SHOT OF BIG SOUND</h4>\n<ul><li>A little Bluetooth speaker that looks like a cup of mojo</li>\n<li>Boosted bass for a fuller sound</li>\n<li>Carabiner handle clip will make sure you have a speaker whenever you need it</li>\n</ul>', '', 'A TINY SHOT OF BIG SOUND\nA little Bluetooth speaker that looks like a cup of mojo\nBoosted bass for a fuller sound\nCarabiner handle clip will make sure you have a speaker whenever you need it\n', '', 'en'),
(32, 32, 'JBL Pebbles PC Speakers', '<h4 class="prodheader">THESE SPEAKERS GO BAMM-BAMM!</h4>\n<p>Some things in life are very complicated. And many times, those complicated things don''t work out as well as they should (based on their complexity). Well, to all those complicated things that aren''t good, we say, "SHAME!" And to further shame them, we use a pair of JBL Pebbles PC Speakers. Why? Because they are super easy, yet pump out sound like a complicated speaker system.</p>\n<p>Simply connect your JBL Pebbles PC Speakers via USB plug-and-play and transform your laptop entertainment into a unique 2.0 stereo sound experience. The USB provides audio information AND power, so there''s no extra AC adapter to worry about. Plus, the cords wrap around the base, to minimize the cable clutter. One of the JBL Pebbles PC Speakers has an integrated volume knob (the whole center of the speaker is a big dial), so you can quickly and easily adjust the loud-i-tude of your tunes. Upgrade your computer''s sound system with the JBL Pebbles PC Speakers. Your music will thank you.</p>\n<p><strong>Product Specifications</strong>  </p>\n<ul><li>Stylish pair of USB plug-and-play speakers for your computer</li>\n<li>USB powered - USB audio transfer</li>\n<li>Integrated cords wrap around base for less wire clutter; stores in base for easy portability</li>\n<li>Integrated volume/power control</li>\n<li>Auxiliary input for connecting other devices</li>\n<li>Choice of Color: Black or White</li>\n<li>Includes:\n<ul><li>1 pair JBL Pebbles USB digital speakers, with built-in USB</li>\n<li>Audio cable</li>\n<li>Quick-start guide</li>\n</ul></li>\n<li>Dimensions: 6" diameter x 2.75" wide (each)</li>\n<li>Weight: 1.18 lbs (each)</li>\n</ul>', '<h4 class="prodheader">THESE SPEAKERS GO BAMM-BAMM!</h4>\n<ul><li>Stylish USB speakers are plug-and-play</li>\n<li>USB powered, so AC adapter needed</li>\n<li>Integrated volume control in the center of one speaker</li>\n</ul>', '', 'THESE SPEAKERS GO BAMM-BAMM!\nStylish USB speakers are plug-and-play\nUSB powered, so AC adapter needed\nIntegrated volume control in the center of one speaker\n', '', 'en'),
(33, 33, 'Bright Idea - USB-Powered Light Bulb', '<h4 class="prodheader">SHED SOME LIGHT ON THE SUBJECT</h4>\n<p>There are a lot of USB-powered devices that aren''t terribly useful. See: USB Humping Dog, <a href="http://www.thinkgeek.com/c208">USB Pet Rock</a>, <a href="http://www.thinkgeek.com/ede3">USB Squirming Tentacle</a>. They''re all, shall we say, ornamental. Like rhinestones on a phone case, they''re purely decorative additions to your space, which is just what you need sometimes.</p>\n<p>However, this USB-Powered Light Bulb won''t ever fall into that category. See, when it''s plugged into a USB port it gives off a frosted, soft blue light, and when it''s not it glows in the dark.</p>\n<p>It''s perfect for working late at night. Sure, your laptop is backlit, but sometimes it''s not just the screen you need to see. And the shiny, adjustable cable is definitely artsy and clever. Plug it into an <a href="http://www.thinkgeek.com/eb7b">iGeek</a> or a similar charger and have your own portable, crazy-looking lamp. It''d be great around a pool or at an outdoor venue where you need light for a little while but may not have a convenient outlet.</p>\n<p><strong>Product Specifications</strong></p>\n<ul><li>Light bulb powered by USB (gives off a frosted, soft blue light from an LED)</li>\n<li>Glows in the dark when not powered</li>\n<li>Compatible with all standard USB ports</li>\n<li>Adjustable gooseneck arm is 9 1/2" of shiny metal</li>\n<li>Good for considerate roommates (inconsiderate roommates need not apply)</li>\n<li>Materials: Plastic? Resin? Not glass, at the very least.</li>\n<li>Dimensions: 2 1/2" wide x 2 1/2" deep, 9 1/2" cable</li>\n<li>It''s basically the size of a standard incandescent bulb, although the base is a bit smaller.</li>\n<li>Weight: just over 2 oz.</li>\n</ul>', '<h4 class="prodheader">SHED SOME LIGHT ON THE SUBJECT</h4>\n<ul><li>Light bulb powered by USB</li>\n<li>Great for situations where you need just a bit more light</li>\n<li>Glows in the dark when not plugged in</li>\n</ul>', '', 'SHED SOME LIGHT ON THE SUBJECT\nLight bulb powered by USB\nGreat for situations where you need just a bit more light\nGlows in the dark when not plugged in\n', '', 'en'),
(34, 34, 'MJ Technology Android Tablet with Built-in HDTV Tuner', '<h4 class="prodheader">MORE PORTS THAN AN IPAD</h4>\n<p>Okay, so almost ANY ports is more than an iPad, so that isn''t really an accomplishment, but we still figured it was worth pointing out, because we always end up frustrated when we end up troubleshooting someone''s iPad (despite having bought them AppleCare and having previously escorted them to the Genius Bar) and realize we have to transfer something large we have on this laptop next to us to the iPad via the Internet. <br /><br />None of that with this new Android tablet with built-in HDTV tuner from MJ Technology. You might recognize MJ Technology''s name because of the talk about their Ubuntu tablets coming out. This 7" one instead runs Android 4.1 (Jelly Bean) on its 1.5GHz dual cortex A9 processor. To get a good grasp of this tablet, imagine everything you expect out of an Android tablet. Now add in the ability to pick up an over-the-air HDTV television signal. Voila. With just a 7" screen diagonal, it''s not clunky but neither is it the torture of trying to navigate a spreadsheet on your phone. Goldilocks, we think it''s just right.<br /><br /><strong>Product Specifications  </strong></p>\n<ul><li>Android Tablet with Built-in HDTV Tuner</li>\n<li>Choose black, white, or gray</li>\n<li>Runs Android 4.1 (Jelly Bean)</li>\n<li>7" diagonal LCD screen with 1024 x 600 resolution (720P)</li>\n<li>1.5GHz dual cortex A9 processor</li>\n<li>8GB storage built-in</li>\n<li>Ports for the included 3G antenna, a micro-SD (supports up to 64GB), microphone, headphone jack, and micro-USB </li>\n<li>Built-in cameras (front-facing 0.3 + 2 megapixel rear-facing)</li>\n<li>802.1 b/g/n wi-fi connection</li>\n<li>5 points multi-touch capacitive touch screen</li>\n<li>Built-in speakers with Dolby Digital Audio</li>\n<li>Retractable external ATSC antenna for over-the-air digital television</li>\n<li>Batteries: Built-in rechargeable Li-Poly battery</li>\n<li>One charge provides 4-6 hours of HDTV-tuned TV or 8 hours of tablet/general use</li>\n<li>Includes tablet, microUSB to standard USB adapter, 3G antenna, and a wall charger</li>\n<li>Dimensions: 8 1/2" long x 5 1/4" wide x 1" thick</li>\n<li>Weight: 11 oz.</li>\n</ul>', '<h4 class="prodheader">MORE PORTS THAN AN IPAD</h4>\n<ul><li>7" diagonal LCD screen with 1024 x 600 resolution (720P)</li>\n<li>1.5GHz dual cortex A9 processor</li>\n<li>Retractable external ATSC antenna for over-the-air digital television</li>\n</ul>', '', 'MORE PORTS THAN AN IPAD\n7" diagonal LCD screen with 1024 x 600 resolution (720P)\n1.5GHz dual cortex A9 processor\nRetractable external ATSC antenna for over-the-air digital television\n', '', 'en'),
(35, 35, 'BACtrack Vio - Bluetooth App Enabled Breathalyzer', '<h4 class="prodheader">THREE SPREADSHEETS TO THE WIND</h4>\n<p>All adults who drink have their own sobriety self-tests. Some of us start slurring our words. Others get more clumsy than usual (which takes skill). Some of us who are introverts can tell we''re drunk when we''re talking to strangers without being acutely aware of it. But, of course, none of these is an accurate test for whether or not it''s safe to hit the road.</p>\n<p>The BACtrack Vio is a wireless, app-enabled breathalyzer. It uses Bluetooth 4.0 LE to sync with your device. You breathe into the device; your phone tells you your blood alcohol content level, from 0.000 - 0.400%. But wait. There''s more. Because this breathalyzer has your smartphone powering it, it can do a few more things. For instance, it can track your drinking over time. It can tell you at what time you''ll be sober (15 more minutes of ill-advised karaoke or are you down for a movie?). It allows you to easily share via SMS or social your details and location with someone who''s not with you so you can get home safely. And it''ll let you guess your BAC, so you''ll know how good your self-test really is.</p>\n<p>One final note. For anybody who''s argued with a drunk friend in a parking lot before, this app is great for using science to prove to them that you need to take the wheel for everyone''s sake. And it comes with three replaceable mouthpieces so you can test multiple friends once they see how cool your little gadget is.</p>\n<p><strong>Product Specifications</strong></p>\n<ul><li>Detects blood alcohol content from 0.000 - 0.400% BAC</li>\n<li>Compatible with iPhone 5/5S, 5C, 4S; iPad Air, 4, 3, Mini 1 and 2; Samsung Galaxy S5, S4, S3 (some other devices running Android 4.3 equipped with Bluetooth 4.0)</li>\n<li>Wirelessly syncs with your iPhone or Android smartphone via Bluetooth 4.0 LE</li>\n<li>Free BACtrack app estimates when your BAC will return to 0.00%, lets you guess your BAC, tracks your drinking over time, and even lets you easily share details including location and time via SMS or social (if you''re calling friends for a ride, make it easy on them)</li>\n<li>More accurate results than standard semiconductor sensors</li>\n<li>Warm-up Time: 10 seconds</li>\n<li>Blowing Time: 5 seconds</li>\n<li>In under 30 seconds, you can know whether you should ride with a friend or call a cab</li>\n<li>Batteries: 1 AAA battery (included)</li>\n<li>Dimensions: 0.95" x 2.85" x 0.65"</li>\n<li>Weight: 2 oz. (including battery)</li>\n<li>Includes BACtrack, battery, 3 replaceable mouthpieces, and manual</li>\n</ul>', '<h4 class="prodheader">THREE SPREADSHEETS TO THE WIND</h4>\n<ul><li>Detects blood alcohol content from 0.000 - 0.400%</li>\n<li>Fits easily into a pocket or purse</li>\n<li>Compatible with iPhone 5/5S, Samsung Galaxy S5, S4, and more</li>\n</ul>', '', 'THREE SPREADSHEETS TO THE WIND\nDetects blood alcohol content from 0.000 - 0.400%\nFits easily into a pocket or purse\nCompatible with iPhone 5/5S, Samsung Galaxy S5, S4, and more\n', '', 'en'),
(36, 36, 'Coffee Cup Power Inverter V2.0', '<div id="proddescription">\n<h4 class="prodheader">LIKE A CAFFEINE BOOST FOR YOUR ELECTRONICS!</h4>\n<p>When you start to feel a little low on energy you can turn to that terrific alkaloid, caffeine. Available from many sources like Bawls and, of course, that tried and true hot beverage, coffee. Reaching for your coffee cup to get an energy boost when you''re tired is pretty much second nature. Well, now your gadgets can turn to a coffee cup of their own when they need an energy recharge.</p>\n<p>The Coffee Cup Power Inverter V2.0 is a conveniently shaped power source that coverts your car''s DC power into two 120-volt AC outlets. Perfect for powering or charging smartphones, tablets, DVD players, televisions, game consoles, and tons of other portable electronics. This new version of the coffee cup also has an upgraded USB charging port providing 2.1 amps of power. The unique coffee cup shape fits nicely in today''s auto/boat/truck cup holders, preventing it from moving around inside your vehicle.</p>\n<p> </p>\n</div>\n<div id="bullets">\n<ul><li>200 Watt inverter with 2 AC plugs and USB power port</li>\n<li>New and improved version of one of our favorites</li>\n<li>2.1 amp USB port for extra charging power (previously 500mAh)</li>\n<li>Provides 120 Volt AC power from any cigarette lighter socket</li>\n<li>200W continuous/400W peak</li>\n<li>Fits into standard cup holders</li>\n<li>18" cord</li>\n<li>Overload protection and low battery shut-off</li>\n<li>Power 3 devices at once</li>\n<li>One year warranty</li>\n<li>Dimensions: 6" tall x 3.5" dia</li>\n</ul></div>', '<h4 class="prodheader">LIKE A CAFFEINE BOOST FOR YOUR ELECTRONICS!</h4>\n<ul><li>200 watt inverter with 2 AC plugs with new 2.1 amp USB port</li>\n<li>Fits into standard cup holders in your car</li>\n<li>Keep all of your gear up and running</li>\n</ul>', '', 'LIKE A CAFFEINE BOOST FOR YOUR ELECTRONICS!\n200 watt inverter with 2 AC plugs with new 2.1 amp USB port\nFits into standard cup holders in your car\nKeep all of your gear up and running\n', '', 'en'),
(37, 37, 'Apple iPhone 6S [Options &amp; Attributes] [Custom tabs]', '<div class="features">\n<div class="feature media-block">\n<div class="content"><br /><p>iPhone 6S isn’t simply bigger — it’s better in every way. Larger, yet dramatically thinner. More powerful, but remarkably power efficient. With a smooth metal surface that seamlessly meets the new Retina HD display. It’s one continuous form where hardware and software function in perfect unison, creating a new generation of iPhone that’s better by any measure.</p>\n<h4>iPhone at its largest. And thinnest.</h4>\n<p>Developing an iPhone with a larger, more advanced display meant pushing the edge of design. From the seamless transition of glass and metal to the streamlined profile, every detail was carefully considered to enhance your experience. So while its display is larger, iPhone 6 feels just right.</p>\n</div>\n</div>\n<div class="feature media-block">\n<div class="media"> </div>\n<div class="content">\n<h4>Not just a bigger display. A better display.</h4>\n<p>It’s one thing to make a bigger display. It’s something else entirely to make a bigger MultiTouch display with brilliant colors and higher contrast at even wider viewing angles. But that’s exactly what we did with the new Retina HD display.</p>\n</div>\n</div>\n<div class="feature media-block">\n<div class="media"> </div>\n<div class="content">\n<h4>Hugely powerful. Enormously efficient.</h4>\n<p>Built on 64-bit desktop-class architecture, the new A8 chip delivers more power, even while driving a larger display. The M8 motion coprocessor efficiently gathers data from advanced sensors and a new barometer. And with increased battery life, iPhone 6 lets you do more, for longer than ever.</p>\n</div>\n</div>\n</div>\n<div class="feature media-block">\n<div class="media"> </div>\n<div class="content">\n<h4>The camera that changed photos now does the same for video.</h4>\n<p>More people take more photos with iPhone than with any other camera. And now the iSight camera has a new sensor with Focus Pixels and new video features, like 1080p HD at 60 fps, slo-mo at 240 fps, and time-lapse video mode. So you’ll have more reasons to capture more moments on video, too.</p>\n</div>\n</div>\n<div class="gs grid-9of20">\n<div class="in-the-box">\n<div> </div>\n<div class="content">\n<h4>What’s in the box</h4>\n<ul class="ul"><li>iPhone 6S</li>\n<li>Apple EarPods with Remote and Mic</li>\n<li>Lightning to USB Cable</li>\n<li>5W USB Power Adapter</li>\n</ul></div>\n</div>\n</div>\n<div style="padding:24px 24px 24px 21px;display:block;">This site is a demo site only. This product is not available for sale at our site. <br />But you can buy it at <a style="color:#1e7ec8;text-decoration:underline;" title="Apple Store" href="http://store.apple.com/us/buy-iphone/iphone6">Apple Store</a>, this is where we took description from.</div>', '', '', '\niPhone 6S isn’t simply bigger — it’s better in every way. Larger, yet dramatically thinner. More powerful, but remarkably power efficient. With a smooth metal surface that seamlessly meets the new Retina HD display. It’s one continuous form where hardware and software function in perfect unison, creating a new generation of iPhone that’s better by any measure.\niPhone at its largest. And thinnest.\nDeveloping an iPhone with a larger, more advanced display meant pushing the edge of design. From the seamless transition of glass and metal to the streamlined profile, every detail was carefully considered to enhance your experience. So while its display is larger, iPhone 6 feels just right.\n\n\n\n \n\nNot just a bigger display. A better display.\nIt’s one thing to make a bigger display. It’s something else entirely to make a bigger MultiTouch display with brilliant colors and higher contrast at even wider viewing angles. But that’s exactly what we did with the new Retina HD display.\n\n\n\n \n\nHugely powerful. Enormously efficient.\nBuilt on 64-bit desktop-class architecture, the new A8 chip delivers more power, even while driving a larger display. The M8 motion coprocessor efficiently gathers data from advanced sensors and a new barometer. And with increased battery life, iPhone 6 lets you do more, for longer than ever.\n\n\n\n\n \n\nThe camera that changed photos now does the same for video.\nMore people take more photos with iPhone than with any other camera. And now the iSight camera has a new sensor with Focus Pixels and new video features, like 1080p HD at 60 fps, slo-mo at 240 fps, and time-lapse video mode. So you’ll have more reasons to capture more moments on video, too.\n\n\n\n\n \n\nWhat’s in the box\niPhone 6S\nApple EarPods with Remote and Mic\nLightning to USB Cable\n5W USB Power Adapter\n\n\n\nThis site is a demo site only. This product is not available for sale at our site. But you can buy it at Apple Store, this is where we took description from.', '', 'en'),
(38, 38, 'Canon EF 24-105mm f/4L IS USM', '<p>This easy-to-use standard zoom lens can cover a large zoom area ranging from 24mm wide-angle to 105mm portrait-length telephoto, and its Image Stabilizer Technology steadies camera shake up to three stops. Constructed with one Super-UD glass element and three aspherical lenses, this lens minimizes chromatic aberration and distortion. The result is excellent picture quality, even at wide apertures. Canon''s ring-type USM gives silent but quick AF, along with full-time manual focus. Moreover, with dust- and moisture-resistant construction, this is a durable yet sophisticated lens that meets the demands of advanced amateur photographers and professional photographers alike.</p>\n<ul class="propsInfo"><li>Lens mount: Canon EF Mount</li>\n<li>24 mm - 105 mm, Aperture 1:4.0</li>\n<li>image stabilizer</li>\n<li>min. focal range 0.45 m</li>\n<li>Filter-Ø 77 mm, weatherproof</li>\n</ul>', '', '', 'This easy-to-use standard zoom lens can cover a large zoom area ranging from 24mm wide-angle to 105mm portrait-length telephoto, and its Image Stabilizer Technology steadies camera shake up to three stops. Constructed with one Super-UD glass element and three aspherical lenses, this lens minimizes chromatic aberration and distortion. The result is excellent picture quality, even at wide apertures. Canon''s ring-type USM gives silent but quick AF, along with full-time manual focus. Moreover, with dust- and moisture-resistant construction, this is a durable yet sophisticated lens that meets the demands of advanced amateur photographers and professional photographers alike.\nLens mount: Canon EF Mount\n24 mm - 105 mm, Aperture 1:4.0\nimage stabilizer\nmin. focal range 0.45 m\nFilter-Ø 77 mm, weatherproof\n', '', 'en'),
(39, 39, 'Apple Watch Sport 42mm with Sport Band', '<p>Every Apple Watch Sport comes with one year of hardware repair coverage through its <a href="http://www.apple.com/legal/warranty" target="_blank">limited warranty</a> and up to <a href="http://www.apple.com/support/complimentary" target="_blank">90 days of complimentary support</a>.</p>\n<h2 class="fwl">What’s in the box</h2>\n<ul><li>Apple Watch</li>\n<li>Magnetic charging cable (2 m)</li>\n<li>USB power adapter (5W)</li>\n<li>Sport Band (includes band that can be configured for either S/M or M/L length)</li>\n<li>Quick start guide</li>\n</ul><p> </p>\n<h2 class="fwl">Apple Watch Sport features</h2>\n<ul><li>Silver or space gray anodized aluminum case</li>\n<li>Ion-X glass</li>\n<li>Retina display with Force Touch</li>\n<li>Composite back</li>\n<li class="compact-right-10">Sport Band with stainless steel pin</li>\n<li>Digital Crown</li>\n<li>Heart rate sensor, accelerometer, and gyroscope</li>\n</ul><ul><li>Ambient light sensor</li>\n<li>Speaker and microphone</li>\n<li>Wi-Fi (802.11b/g/n 2.4GHz)</li>\n<li>Bluetooth 4.0</li>\n<li>Up to 18 hours of battery life*</li>\n<li>Water resistant**</li>\n</ul><p> </p>\n<p class="disclaimer">*Battery life varies by use and configuration; actual results will vary. See <a href="http://www.apple.com/batteries" target="_blank">www.apple.com/batteries</a> and <a href="http://www.apple.com/watch/battery.html" target="_blank">www.apple.com/watch/battery.html</a> for more information.</p>\n<p class="disclaimer">**Apple Watch is splash and water resistant but not waterproof. You can, for example, wear and use Apple Watch during exercise, in the rain, and while washing your hands, but submerging Apple Watch is not recommended. Apple Watch has a water resistance rating of IPX7 under IEC standard 60529. The leather bands are not water resistant.</p>\n<p class="disclaimer"><br />Features are subject to change and may not be available in all regions or all languages. Requires iPhone 5 or later.</p>\n<p> </p>', '', '', 'Every Apple Watch Sport comes with one year of hardware repair coverage through its limited warranty and up to 90 days of complimentary support.\nWhat’s in the box\nApple Watch\nMagnetic charging cable (2 m)\nUSB power adapter (5W)\nSport Band (includes band that can be configured for either S/M or M/L length)\nQuick start guide\n \nApple Watch Sport features\nSilver or space gray anodized aluminum case\nIon-X glass\nRetina display with Force Touch\nComposite back\nSport Band with stainless steel pin\nDigital Crown\nHeart rate sensor, accelerometer, and gyroscope\nAmbient light sensor\nSpeaker and microphone\nWi-Fi (802.11b/g/n 2.4GHz)\nBluetooth 4.0\nUp to 18 hours of battery life*\nWater resistant**\n \n*Battery life varies by use and configuration; actual results will vary. See www.apple.com/batteries and www.apple.com/watch/battery.html for more information.\n**Apple Watch is splash and water resistant but not waterproof. You can, for example, wear and use Apple Watch during exercise, in the rain, and while washing your hands, but submerging Apple Watch is not recommended. Apple Watch has a water resistance rating of IPX7 under IEC standard 60529. The leather bands are not water resistant.\nFeatures are subject to change and may not be available in all regions or all languages. Requires iPhone 5 or later.\n ', '', 'en'),
(40, 40, 'Astro A30 System', '<h4 class="prodheader">HEAR WHAT YOU''VE BEEN MISSING</h4>\n<p>When it''s game time, you slip on your headphones and disappear into whatever world you''re gaming in. It''s important that these headphones are quality for many reasons. First, you want to make sure you hear everything: from explosions to enemies to spells to conversation with other online players. And second, you want to make sure other players hear you! Time to power up your gaming experience to a whole new level with the Astro A30 System.</p>\n<p>The Astro A30 System brings the power Dolby 7.1 Surround Sound to the next generation of gaming by combining the power of the A30 headset with the MixAmp Pro. The preferred choice among cross-platform gamers, the A30 is highly portable, lightweight and comes fully equipped with three different audio cables for easy connection not just to your Xbox One, but with a variety of mobile devices and consoles. Easy size adjustment and breathable fabric cushions make this over-ear design so comfortable, you might even forget you’re wearing them. The MixAmp Pro brings the ultimate power of Dolby 7.1 Surround Sound to your favorite games and allows you to capture both voice and game audio through the Stream output. The Astro A30 System - more power for your ear holes!</p>\n<p>Product Specifications  </p>\n<ul><li>Don''t just hear your games, aurally experience them with this awesome headphones set</li>\n<li>Color Choice: Black or White</li>\n<li>Compatibility: Xbox One/PS4/PS3/PC</li>\n<li>Astro A30 Specs:\n<ul><li>Transducer Principle: Dynamic, Closed</li>\n<li>Frequency Response: 20 - 21,000 Hz</li>\n<li>Distortion: Less than 0.1%</li>\n<li>Microphone: 6.0mm unidirectional with noise gate</li>\n<li>Nominal Impedance: 32 Ohms</li>\n<li>Headband Pressure: 2.0N</li>\n<li>Ear Coupling: On-Ear</li>\n<li>Weight w/o Cable: 188 grams</li>\n<li>Connection: 3.5mm 4-pole Jack</li>\n</ul></li>\n<li>MixAmp Pro Specs:\n<ul><li>Inputs Rear: 3.5mm Mini TOSlink, 3.5mm mp3 connector, USB mini-B (audio/power), 3.5mm Stream Output</li>\n<li>Frequency Response: 20-20,000 Hz</li>\n<li>Power Output: 70mW 32ohm per channel</li>\n<li>Inputs Front: Headset Connector, 2.5mm Xbox Live voice communication connector, Two daisy chain 3.5mm ports</li>\n</ul></li>\n<li>Includes: \n<ul><li>A30 Headset</li>\n<li>A30 Mic</li>\n<li>ASTRO Speaker Tags</li>\n<li>MixAmp Pro</li>\n<li>Headset Cables: 2.0M A30 Inline Mute Cable, 65mm PC Splitter Cable</li>\n<li>MixAmp Cables: 3.0M TOSlink Optical Cable, 3.0M Mini-USB Cable, 1.5M Xbox Live Chat Cable, 1.5M 3.5mm Audio Cable</li>\n</ul></li>\n</ul>', '<h4 class="prodheader">HEAR WHAT YOU''VE BEEN MISSING</h4>\n<ul><li>Awesome, cross-platform, gaming headphones</li>\n<li>MixAmp Pro included for even more control</li>\n<li>Works with Xbox One, PS4, PS3, and PC</li>\n</ul>', '', 'HEAR WHAT YOU''VE BEEN MISSING\nAwesome, cross-platform, gaming headphones\nMixAmp Pro included for even more control\nWorks with Xbox One, PS4, PS3, and PC\n', '', 'en'),
(41, 41, 'Apple iPhone 6S Plus [Options &amp; Attributes]', '<ul class="propsInfo"><li>Smartphone, Apple iOS 9</li>\n<li>Display: 11.9 cm (4.7"), 8.0 MP camera</li>\n<li>CPU: 2x 1.40 GHz, 64.0 GB storage</li>\n<li>GPS</li>\n<li>LTE, WLAN, Bluetooth 4.0, NFC</li>\n</ul>', '', '', 'Smartphone, Apple iOS 9\nDisplay: 11.9 cm (4.7"), 8.0 MP camera\nCPU: 2x 1.40 GHz, 64.0 GB storage\nGPS\nLTE, WLAN, Bluetooth 4.0, NFC\n', '', 'en'),
(42, 42, 'Apple iPhone SE [Options &amp; Attributes] [Tabs]', '<div class="features">\n<div class="feature media-block">\n<div class="content">\n<div class="features">\n<div class="feature media-block">\n<div class="content">\n<h4>All-new design.</h4>\n<p>At 7.6 mm and 113 grams,<span style="font-size:xx-small;"> </span>iPhone SE has a remarkably thin and light design. It’s made from anodized aluminum. And the beveled edges are diamond cut for incredible precision.</p>\n</div>\n</div>\n<div class="feature media-block">\n<div class="media"> </div>\n<div class="content">\n<h4>Brilliant 4-inch Retina display.</h4>\n<p>4-inch (diagonal) LED-backlit widescreen Multi-Touch display with IPS technology</p>\n</div>\n</div>\n<div class="feature media-block">\n<div class="content">\n<h4>Powerful A9 chip.</h4>\n<p>A9 chip with 64-bit architecture. Embedded M9 motion coprocessor</p>\n</div>\n</div>\n<div class="feature media-block">\n<div class="media"> </div>\n<div class="content">\n<h4>Ultrafast wireless.</h4>\n<p>With support for the latest wireless technologies, iPhone SE connects to more networks all over the world. And Wi-Fi is faster, too.</p>\n</div>\n</div>\n</div>\n<div class="gs grid-9of20">\n<div class="in-the-box">\n<div> </div>\n<div class="content">\n<h4>What’s in the box</h4>\n<ul class="ul"><li>iPhone SE with iOS 9.3</li>\n<li>Apple EarPods with Remote and Mic</li>\n<li>Lightning to USB Cable</li>\n<li>USB Power Adapter</li>\n</ul></div>\n</div>\n<div class="system-requirements">\n<h4>Warranty</h4>\n<p>Every iPhone includes 90 days of free telephone technical support and a one-year limited warranty.</p>\n</div>\n</div>\n</div>\n</div>\n</div>\n<div class="gs grid-9of20">\n<div class="system-requirements">\n<p> </p>\n</div>\n</div>\n<div style="padding:24px 24px 24px 21px;display:block;">This site is a demo site only. This product is not available for sale at our site. <br />But you can buy it at <a style="color:#1e7ec8;text-decoration:underline;" title="Apple Store" href="http://store.apple.com/us/buy/home/shop_iphone/family/iphone5">Apple Store</a> , this is where we took description from.</div>', '', '', '\n\n\n\n\nAll-new design.\nAt 7.6 mm and 113 grams, iPhone SE has a remarkably thin and light design. It’s made from anodized aluminum. And the beveled edges are diamond cut for incredible precision.\n\n\n\n \n\nBrilliant 4-inch Retina display.\n4-inch (diagonal) LED-backlit widescreen Multi-Touch display with IPS technology\n\n\n\n\nPowerful A9 chip.\nA9 chip with 64-bit architecture. Embedded M9 motion coprocessor\n\n\n\n \n\nUltrafast wireless.\nWith support for the latest wireless technologies, iPhone SE connects to more networks all over the world. And Wi-Fi is faster, too.\n\n\n\n\n\n \n\nWhat’s in the box\niPhone SE with iOS 9.3\nApple EarPods with Remote and Mic\nLightning to USB Cable\nUSB Power Adapter\n\n\n\nWarranty\nEvery iPhone includes 90 days of free telephone technical support and a one-year limited warranty.\n\n\n\n\n\n\n\n \n\n\nThis site is a demo site only. This product is not available for sale at our site. But you can buy it at Apple Store , this is where we took description from.', '', 'en');

-- --------------------------------------------------------

--
-- Table structure for table `xc_profiles`
--

DROP TABLE IF EXISTS `xc_profiles`;
CREATE TABLE IF NOT EXISTS `xc_profiles` (
  `profile_id` int(11) NOT NULL AUTO_INCREMENT,
  `order_id` int(11) DEFAULT NULL,
  `membership_id` int(10) UNSIGNED DEFAULT NULL,
  `pending_membership_id` int(10) UNSIGNED DEFAULT NULL,
  `socialLoginProvider` varchar(128) COLLATE utf8_unicode_ci DEFAULT NULL,
  `socialLoginId` varchar(128) COLLATE utf8_unicode_ci DEFAULT NULL,
  `default_card_id` int(10) UNSIGNED NOT NULL,
  `pending_zero_auth` varchar(255) COLLATE utf8_unicode_ci NOT NULL,
  `pending_zero_auth_txn_id` varchar(255) COLLATE utf8_unicode_ci NOT NULL,
  `pending_zero_auth_status` char(1) COLLATE utf8_unicode_ci NOT NULL,
  `pending_zero_auth_interface` varchar(255) COLLATE utf8_unicode_ci NOT NULL,
  `pictureUrl` varchar(255) COLLATE utf8_unicode_ci DEFAULT NULL,
  `login` varchar(128) COLLATE utf8_unicode_ci NOT NULL,
  `password` varchar(255) COLLATE utf8_unicode_ci NOT NULL,
  `password_hint` varchar(128) COLLATE utf8_unicode_ci NOT NULL,
  `password_hint_answer` varchar(128) COLLATE utf8_unicode_ci NOT NULL,
  `passwordResetKey` varchar(255) COLLATE utf8_unicode_ci NOT NULL,
  `passwordResetKeyDate` int(11) NOT NULL,
  `access_level` int(11) NOT NULL,
  `cms_profile_id` int(11) NOT NULL,
  `cms_name` varchar(32) COLLATE utf8_unicode_ci NOT NULL,
  `added` int(11) NOT NULL,
  `first_login` int(11) NOT NULL,
  `last_login` int(11) NOT NULL,
  `status` char(1) COLLATE utf8_unicode_ci NOT NULL,
  `statusComment` varchar(255) COLLATE utf8_unicode_ci NOT NULL,
  `referer` varchar(255) COLLATE utf8_unicode_ci NOT NULL,
  `language` varchar(2) COLLATE utf8_unicode_ci NOT NULL,
  `last_shipping_id` int(11) DEFAULT NULL,
  `last_payment_id` int(11) DEFAULT NULL,
  `anonymous` tinyint(1) NOT NULL,
  `forceChangePassword` tinyint(1) NOT NULL,
  `dateOfLoginAttempt` int(10) UNSIGNED NOT NULL,
  `countOfLoginAttempts` int(11) NOT NULL,
  `searchFakeField` longtext COLLATE utf8_unicode_ci,
  `xcPendingExport` tinyint(1) NOT NULL,
  PRIMARY KEY (`profile_id`),
  UNIQUE KEY `UNIQ_13F3DB338D9F6D38` (`order_id`),
  KEY `IDX_113F3DB331FB354CD` (`membership_id`),
  KEY `IDX_113F3DB33CD228392` (`pending_membership_id`),
  KEY `cms_profile` (`cms_name`,`cms_profile_id`),
  KEY `login` (`login`),
  KEY `order_id` (`order_id`),
  KEY `password` (`password`),
  KEY `access_level` (`access_level`),
  KEY `first_login` (`first_login`),
  KEY `last_login` (`last_login`),
  KEY `status` (`status`)
) ENGINE=InnoDB AUTO_INCREMENT=8 DEFAULT CHARSET=utf8 COLLATE=utf8_unicode_ci;

--
-- Dumping data for table `xc_profiles`
--

INSERT INTO `xc_profiles` (`profile_id`, `order_id`, `membership_id`, `pending_membership_id`, `socialLoginProvider`, `socialLoginId`, `default_card_id`, `pending_zero_auth`, `pending_zero_auth_txn_id`, `pending_zero_auth_status`, `pending_zero_auth_interface`, `pictureUrl`, `login`, `password`, `password_hint`, `password_hint_answer`, `passwordResetKey`, `passwordResetKeyDate`, `access_level`, `cms_profile_id`, `cms_name`, `added`, `first_login`, `last_login`, `status`, `statusComment`, `referer`, `language`, `last_shipping_id`, `last_payment_id`, `anonymous`, `forceChangePassword`, `dateOfLoginAttempt`, `countOfLoginAttempts`, `searchFakeField`, `xcPendingExport`) VALUES
(1, NULL, NULL, NULL, NULL, NULL, 0, '', '', '', '', NULL, 'bit-bucket@example.com', '084e0343a0486ff05530df6c705c8bb4', '', '', '', 0, 0, 0, '', 1476370231, 0, 0, 'E', '', '', 'en', NULL, NULL, 1, 0, 0, 0, 'Guest Guest Guest;bit-bucket@example.com', 0),
(2, 1, NULL, NULL, NULL, NULL, 0, '', '', '', '', NULL, 'bit-bucket@example.com', '084e0343a0486ff05530df6c705c8bb4', '', '', '', 0, 0, 0, '', 1476370231, 0, 0, 'E', '', '', 'en', NULL, NULL, 1, 0, 0, 0, 'Guest Guest Guest;bit-bucket@example.com', 0),
(3, 2, NULL, NULL, NULL, NULL, 0, '', '', '', '', NULL, 'bit-bucket@example.com', '084e0343a0486ff05530df6c705c8bb4', '', '', '', 0, 0, 0, '', 1476370231, 0, 0, 'E', '', '', 'en', NULL, NULL, 1, 0, 0, 0, 'Guest Guest Guest;bit-bucket@example.com', 0),
(4, 3, NULL, NULL, NULL, NULL, 0, '', '', '', '', NULL, 'bit-bucket@example.com', '084e0343a0486ff05530df6c705c8bb4', '', '', '', 0, 0, 0, '', 1476370231, 0, 0, 'E', '', '', 'en', NULL, NULL, 1, 0, 0, 0, 'Guest Guest Guest;bit-bucket@example.com', 0),
(5, 4, NULL, NULL, NULL, NULL, 0, '', '', '', '', NULL, 'bit-bucket@example.com', '084e0343a0486ff05530df6c705c8bb4', '', '', '', 0, 0, 0, '', 1476370231, 0, 0, 'E', '', '', 'en', NULL, NULL, 1, 0, 0, 0, 'Guest Guest Guest;bit-bucket@example.com', 0),
(6, 5, NULL, NULL, NULL, NULL, 0, '', '', '', '', NULL, 'bit-bucket@example.com', '084e0343a0486ff05530df6c705c8bb4', '', '', '', 0, 0, 0, '', 1476370232, 0, 0, 'E', '', '', 'en', NULL, NULL, 1, 0, 0, 0, 'Guest Guest Guest;bit-bucket@example.com', 0),
(7, NULL, NULL, NULL, NULL, NULL, 0, '', '', '', '', NULL, 'zshop.ecom@gmail.com', 'SHA512:6d141188287df53acd35310f859ee498644fbbb9c6de05a09ed331d716ddda44da38cdd929f311446a1422f8b6bb183282e11c7f9e3f9bf331f135d58a087655', '', '', '', 0, 100, 0, '', 1478265531, 1478265958, 1478265958, 'E', '', '', 'en', NULL, NULL, 0, 0, 0, 0, 'zshop.ecom@gmail.com', 0);

-- --------------------------------------------------------

--
-- Table structure for table `xc_profile_addresses`
--

DROP TABLE IF EXISTS `xc_profile_addresses`;
CREATE TABLE IF NOT EXISTS `xc_profile_addresses` (
  `address_id` int(11) NOT NULL AUTO_INCREMENT,
  `profile_id` int(11) DEFAULT NULL,
  `state_id` int(11) DEFAULT NULL,
  `country_code` char(2) COLLATE utf8_unicode_ci DEFAULT NULL,
  `is_billing` tinyint(1) NOT NULL,
  `is_shipping` tinyint(1) NOT NULL,
  `isWork` tinyint(1) NOT NULL,
  `address_type` char(1) COLLATE utf8_unicode_ci NOT NULL,
  PRIMARY KEY (`address_id`),
  KEY `IDX_1A6B45064CCFA12B8` (`profile_id`),
  KEY `IDX_1A6B450645D83CC1` (`state_id`),
  KEY `IDX_1A6B45064F026BB7C` (`country_code`),
  KEY `is_billing` (`is_billing`),
  KEY `is_shipping` (`is_shipping`)
) ENGINE=InnoDB AUTO_INCREMENT=7 DEFAULT CHARSET=utf8 COLLATE=utf8_unicode_ci;

--
-- Dumping data for table `xc_profile_addresses`
--

INSERT INTO `xc_profile_addresses` (`address_id`, `profile_id`, `state_id`, `country_code`, `is_billing`, `is_shipping`, `isWork`, `address_type`) VALUES
(1, 1, NULL, 'US', 1, 1, 0, 'R'),
(2, 2, NULL, 'US', 1, 1, 0, 'R'),
(3, 3, NULL, 'US', 1, 1, 0, 'R'),
(4, 4, NULL, 'US', 1, 1, 0, 'R'),
(5, 5, NULL, 'US', 1, 1, 0, 'R'),
(6, 6, NULL, 'US', 1, 1, 0, 'R');

-- --------------------------------------------------------

--
-- Table structure for table `xc_profile_roles`
--

DROP TABLE IF EXISTS `xc_profile_roles`;
CREATE TABLE IF NOT EXISTS `xc_profile_roles` (
  `role_id` int(10) UNSIGNED NOT NULL,
  `profile_id` int(11) NOT NULL,
  PRIMARY KEY (`role_id`,`profile_id`),
  KEY `IDX_17E99B5FD60322AC` (`role_id`),
  KEY `IDX_17E99B5FCCFA12B8` (`profile_id`)
) ENGINE=InnoDB DEFAULT CHARSET=utf8 COLLATE=utf8_unicode_ci;

--
-- Dumping data for table `xc_profile_roles`
--

INSERT INTO `xc_profile_roles` (`role_id`, `profile_id`) VALUES
(1, 7);

-- --------------------------------------------------------

--
-- Table structure for table `xc_quick_data`
--

DROP TABLE IF EXISTS `xc_quick_data`;
CREATE TABLE IF NOT EXISTS `xc_quick_data` (
  `id` int(10) UNSIGNED NOT NULL AUTO_INCREMENT,
  `product_id` int(10) UNSIGNED DEFAULT NULL,
  `membership_id` int(10) UNSIGNED DEFAULT NULL,
  `price` decimal(14,4) NOT NULL,
  PRIMARY KEY (`id`),
  KEY `IDX_1C6F6D1AD4584665A` (`product_id`),
  KEY `IDX_1C6F6D1AD1FB354CD` (`membership_id`),
  KEY `customerArea` (`membership_id`,`product_id`)
) ENGINE=InnoDB AUTO_INCREMENT=85 DEFAULT CHARSET=utf8 COLLATE=utf8_unicode_ci;

--
-- Dumping data for table `xc_quick_data`
--

INSERT INTO `xc_quick_data` (`id`, `product_id`, `membership_id`, `price`) VALUES
(1, 1, 1, '19.9900'),
(2, 1, NULL, '19.9900'),
(3, 2, 1, '49.9900'),
(4, 2, NULL, '49.9900'),
(5, 3, 1, '19.9900'),
(6, 3, NULL, '19.9900'),
(7, 4, 1, '24.9900'),
(8, 4, NULL, '24.9900'),
(9, 5, 1, '19.9900'),
(10, 5, NULL, '19.9900'),
(11, 6, 1, '79.9900'),
(12, 6, NULL, '47.9900'),
(13, 7, 1, '29.9900'),
(14, 7, NULL, '29.9900'),
(15, 8, 1, '19.9900'),
(16, 8, NULL, '14.9900'),
(17, 9, 1, '19.9900'),
(18, 9, NULL, '19.9900'),
(19, 10, 1, '34.9900'),
(20, 10, NULL, '34.9900'),
(21, 11, 1, '14.9900'),
(22, 11, NULL, '14.9900'),
(23, 12, 1, '9.9900'),
(24, 12, NULL, '9.9900'),
(25, 13, 1, '19.9900'),
(26, 13, NULL, '19.9900'),
(27, 14, 1, '39.9900'),
(28, 14, NULL, '39.9900'),
(29, 15, 1, '29.9900'),
(30, 15, NULL, '25.4900'),
(31, 16, 1, '19.9900'),
(32, 16, NULL, '14.9900'),
(33, 17, 1, '99.0000'),
(34, 17, NULL, '99.0000'),
(35, 18, 1, '49.9900'),
(36, 18, NULL, '49.9900'),
(37, 19, 1, '19.9900'),
(38, 19, NULL, '19.9900'),
(39, 20, 1, '9.9900'),
(40, 20, NULL, '9.9900'),
(41, 21, 1, '9.9900'),
(42, 21, NULL, '9.9900'),
(43, 22, 1, '29.9900'),
(44, 22, NULL, '29.9900'),
(45, 23, 1, '19.9900'),
(46, 23, NULL, '19.9900'),
(47, 24, 1, '29.9900'),
(48, 24, NULL, '29.9900'),
(49, 25, 1, '14.9900'),
(50, 25, NULL, '14.9900'),
(51, 26, 1, '19.9900'),
(52, 26, NULL, '19.9900'),
(53, 27, 1, '12.9900'),
(54, 27, NULL, '6.4900'),
(55, 28, 1, '69.9900'),
(56, 28, NULL, '69.9900'),
(57, 29, 1, '79.9900'),
(58, 29, NULL, '79.9900'),
(59, 30, 1, '299.9900'),
(60, 30, NULL, '299.9900'),
(61, 31, 1, '49.9900'),
(62, 31, NULL, '19.9900'),
(63, 32, 1, '59.9900'),
(64, 32, NULL, '44.9900'),
(65, 33, 1, '11.9900'),
(66, 33, NULL, '11.9900'),
(67, 34, 1, '139.9900'),
(68, 34, NULL, '139.9900'),
(69, 35, 1, '49.9900'),
(70, 35, NULL, '39.9900'),
(71, 36, 1, '34.9900'),
(72, 36, NULL, '34.9900'),
(73, 37, 1, '650.0000'),
(74, 37, NULL, '650.0000'),
(75, 38, 1, '817.5900'),
(76, 38, NULL, '817.5900'),
(77, 39, 1, '399.0000'),
(78, 39, NULL, '399.0000'),
(79, 40, 1, '199.9900'),
(80, 40, NULL, '199.9900'),
(81, 41, 1, '850.0000'),
(82, 41, NULL, '850.0000'),
(83, 42, 1, '299.0000'),
(84, 42, NULL, '299.0000');

-- --------------------------------------------------------

--
-- Table structure for table `xc_regions`
--

DROP TABLE IF EXISTS `xc_regions`;
CREATE TABLE IF NOT EXISTS `xc_regions` (
  `code` varchar(10) COLLATE utf8_unicode_ci NOT NULL,
  `country_code` char(2) COLLATE utf8_unicode_ci DEFAULT NULL,
  `name` varchar(64) COLLATE utf8_unicode_ci NOT NULL,
  `weight` int(11) DEFAULT NULL,
  PRIMARY KEY (`code`),
  UNIQUE KEY `code` (`code`,`country_code`),
  KEY `IDX_1B319C6B1F026BB7C` (`country_code`),
  KEY `name` (`name`)
) ENGINE=InnoDB DEFAULT CHARSET=utf8 COLLATE=utf8_unicode_ci;

--
-- Dumping data for table `xc_regions`
--

INSERT INTO `xc_regions` (`code`, `country_code`, `name`, `weight`) VALUES
('GB-ENG', 'GB', 'England', 100),
('GB-NIR', 'GB', 'Northern Ireland', 400),
('GB-SCT', 'GB', 'Scotland', 200),
('GB-WLS', 'GB', 'Wales', 300);

-- --------------------------------------------------------

--
-- Table structure for table `xc_reviews`
--

DROP TABLE IF EXISTS `xc_reviews`;
CREATE TABLE IF NOT EXISTS `xc_reviews` (
  `id` int(10) UNSIGNED NOT NULL AUTO_INCREMENT,
  `profile_id` int(11) DEFAULT NULL,
  `product_id` int(10) UNSIGNED DEFAULT NULL,
  `review` longtext COLLATE utf8_unicode_ci NOT NULL,
  `rating` smallint(6) NOT NULL,
  `additionDate` int(11) NOT NULL,
  `reviewerName` varchar(255) COLLATE utf8_unicode_ci NOT NULL,
  `email` varchar(255) COLLATE utf8_unicode_ci NOT NULL,
  `status` smallint(6) NOT NULL,
  `ip` varchar(255) COLLATE utf8_unicode_ci DEFAULT NULL,
  `useForMeta` tinyint(1) NOT NULL,
  `isNew` tinyint(1) NOT NULL,
  `xcPendingExport` tinyint(1) NOT NULL,
  PRIMARY KEY (`id`),
  KEY `IDX_1780E544DCCFA12B8` (`profile_id`),
  KEY `IDX_1780E544D4584665A` (`product_id`),
  KEY `additionDate` (`additionDate`),
  KEY `status` (`status`)
) ENGINE=InnoDB AUTO_INCREMENT=798 DEFAULT CHARSET=utf8 COLLATE=utf8_unicode_ci;

--
-- Dumping data for table `xc_reviews`
--

INSERT INTO `xc_reviews` (`id`, `profile_id`, `product_id`, `review`, `rating`, `additionDate`, `reviewerName`, `email`, `status`, `ip`, `useForMeta`, `isNew`, `xcPendingExport`) VALUES
(1, NULL, 15, 'Очень мягкая и милая игрушка, хорошо упакованная. Подарила племянице, ей понравилось :) ', 5, 1458658002, 'Лена М.', '', 1, '1334076167', 0, 0, 0),
(2, NULL, 1, '', 5, 1458658288, '', '', 1, '1334076167', 0, 0, 0),
(3, NULL, 15, 'Wow\r\nSo warm!\r\nMuch kitty\r\nVery soft\r\nSuch happy!\r\nMany purr', 5, 1458658995, 'Doge', '', 1, '1504911677', 0, 0, 0),
(4, NULL, 15, 'Котика, можно использовать и как подушку, и как игрушку. В восторге от нее!', 5, 1458659200, 'Матвей', '', 1, '772305258', 0, 0, 0),
(5, NULL, 15, 'Awesome gift idea! Bought it for my husband,Big Bang Theory fan. You should have seen his eyes:) and quality is great. Thank you:) ', 5, 1458660023, 'Anna S.', '', 1, '1442374563', 0, 0, 0),
(6, NULL, 1, '', 1, 1458207917, 'test test', '', 1, '0', 0, 0, 0),
(7, NULL, 1, '', 1, 1458121517, 'test test', '', 1, '0', 0, 0, 0),
(8, NULL, 1, '', 1, 1458467117, 'test test', '', 1, '0', 0, 0, 0),
(9, NULL, 1, '', 1, 1458899117, 'test test', '', 1, '0', 0, 0, 0),
(10, NULL, 1, '', 1, 1458121517, 'test test', '', 1, '0', 0, 0, 0),
(11, NULL, 1, '', 1, 1458121517, 'test test', '', 1, '0', 0, 0, 0),
(12, NULL, 1, '', 1, 1458726317, 'test test', '', 1, '0', 0, 0, 0),
(13, NULL, 1, '', 1, 1458294317, 'test test', '', 1, '0', 0, 0, 0),
(14, NULL, 1, '', 2, 1458207917, 'test test', '', 1, '0', 0, 0, 0),
(15, NULL, 1, '', 1, 1458380717, 'test test', '', 1, '0', 0, 0, 0),
(16, NULL, 1, '', 1, 1458207917, 'test test', '', 1, '0', 0, 0, 0),
(17, NULL, 1, '', 1, 1458553517, 'test test', '', 1, '0', 0, 0, 0),
(18, NULL, 1, '', 1, 1458380717, 'test test', '', 1, '0', 0, 0, 0),
(19, NULL, 1, '', 1, 1458207917, 'test test', '', 1, '0', 0, 0, 0),
(20, NULL, 1, '', 1, 1458380717, 'test test', '', 1, '0', 0, 0, 0),
(21, NULL, 2, '', 1, 1458726317, 'test test', '', 1, '0', 0, 0, 0),
(22, NULL, 2, '', 1, 1458121517, 'test test', '', 1, '0', 0, 0, 0),
(23, NULL, 2, '', 2, 1458899117, 'test test', '', 1, '0', 0, 0, 0),
(24, NULL, 2, '', 2, 1458380717, 'test test', '', 1, '0', 0, 0, 0),
(25, NULL, 2, '', 2, 1458726317, 'test test', '', 1, '0', 0, 0, 0),
(26, NULL, 2, '', 2, 1458380717, 'test test', '', 1, '0', 0, 0, 0),
(27, NULL, 2, '', 2, 1458553517, 'test test', '', 1, '0', 0, 0, 0),
(28, NULL, 2, '', 2, 1458899117, 'test test', '', 1, '0', 0, 0, 0),
(29, NULL, 2, '', 2, 1458467117, 'test test', '', 1, '0', 0, 0, 0),
(30, NULL, 2, '', 2, 1458121517, 'test test', '', 1, '0', 0, 0, 0),
(31, NULL, 2, '', 2, 1458812717, 'test test', '', 1, '0', 0, 0, 0),
(32, NULL, 2, '', 2, 1458294317, 'test test', '', 1, '0', 0, 0, 0),
(33, NULL, 2, '', 2, 1458121517, 'test test', '', 1, '0', 0, 0, 0),
(34, NULL, 2, '', 2, 1458380717, 'test test', '', 1, '0', 0, 0, 0),
(35, NULL, 2, '', 2, 1458294317, 'test test', '', 1, '0', 0, 0, 0),
(36, NULL, 2, '', 2, 1458467117, 'test test', '', 1, '0', 0, 0, 0),
(37, NULL, 2, '', 2, 1458639917, 'test test', '', 1, '0', 0, 0, 0),
(38, NULL, 2, '', 2, 1458467117, 'test test', '', 1, '0', 0, 0, 0),
(39, NULL, 2, '', 2, 1458035117, 'test test', '', 1, '0', 0, 0, 0),
(40, NULL, 2, '', 2, 1458553517, 'test test', '', 1, '0', 0, 0, 0),
(41, NULL, 2, '', 2, 1458639917, 'test test', '', 1, '0', 0, 0, 0),
(42, NULL, 2, '', 2, 1458121517, 'test test', '', 1, '0', 0, 0, 0),
(43, NULL, 2, '', 2, 1458380717, 'test test', '', 1, '0', 0, 0, 0),
(44, NULL, 3, '', 2, 1458899117, 'test test', '', 1, '0', 0, 0, 0),
(45, NULL, 3, '', 1, 1458380717, 'test test', '', 1, '0', 0, 0, 0),
(46, NULL, 3, '', 2, 1458726317, 'test test', '', 1, '0', 0, 0, 0),
(47, NULL, 3, '', 2, 1458207917, 'test test', '', 1, '0', 0, 0, 0),
(48, NULL, 3, '', 2, 1458035117, 'test test', '', 1, '0', 0, 0, 0),
(49, NULL, 3, '', 2, 1458121517, 'test test', '', 1, '0', 0, 0, 0),
(50, NULL, 3, '', 2, 1458380717, 'test test', '', 1, '0', 0, 0, 0),
(51, NULL, 3, '', 2, 1458467117, 'test test', '', 1, '0', 0, 0, 0),
(52, NULL, 3, '', 2, 1458899117, 'test test', '', 1, '0', 0, 0, 0),
(53, NULL, 3, '', 2, 1458553517, 'test test', '', 1, '0', 0, 0, 0),
(54, NULL, 3, '', 2, 1458380717, 'test test', '', 1, '0', 0, 0, 0),
(55, NULL, 3, '', 2, 1458380717, 'test test', '', 1, '0', 0, 0, 0),
(56, NULL, 3, '', 2, 1458294317, 'test test', '', 1, '0', 0, 0, 0),
(57, NULL, 3, '', 2, 1458726317, 'test test', '', 1, '0', 0, 0, 0),
(58, NULL, 3, '', 2, 1458899117, 'test test', '', 1, '0', 0, 0, 0),
(59, NULL, 3, '', 2, 1458294317, 'test test', '', 1, '0', 0, 0, 0),
(60, NULL, 3, '', 2, 1458294317, 'test test', '', 1, '0', 0, 0, 0),
(61, NULL, 3, '', 2, 1458121517, 'test test', '', 1, '0', 0, 0, 0),
(62, NULL, 3, '', 2, 1458207917, 'test test', '', 1, '0', 0, 0, 0),
(63, NULL, 3, '', 2, 1458553517, 'test test', '', 1, '0', 0, 0, 0),
(64, NULL, 3, '', 2, 1458207917, 'test test', '', 1, '0', 0, 0, 0),
(65, NULL, 3, '', 2, 1458553517, 'test test', '', 1, '0', 0, 0, 0),
(66, NULL, 4, '', 2, 1458812717, 'test test', '', 1, '0', 0, 0, 0),
(67, NULL, 4, '', 1, 1458639917, 'test test', '', 1, '0', 0, 0, 0),
(68, NULL, 4, '', 2, 1458207917, 'test test', '', 1, '0', 0, 0, 0),
(69, NULL, 4, '', 2, 1458380717, 'test test', '', 1, '0', 0, 0, 0),
(70, NULL, 4, '', 2, 1458726317, 'test test', '', 1, '0', 0, 0, 0),
(71, NULL, 4, '', 2, 1458812717, 'test test', '', 1, '0', 0, 0, 0),
(72, NULL, 4, '', 2, 1458035117, 'test test', '', 1, '0', 0, 0, 0),
(73, NULL, 4, '', 2, 1458812717, 'test test', '', 1, '0', 0, 0, 0),
(74, NULL, 4, '', 2, 1458294317, 'test test', '', 1, '0', 0, 0, 0),
(75, NULL, 4, '', 2, 1458035117, 'test test', '', 1, '0', 0, 0, 0),
(76, NULL, 4, '', 2, 1458294317, 'test test', '', 1, '0', 0, 0, 0),
(77, NULL, 4, '', 2, 1458121517, 'test test', '', 1, '0', 0, 0, 0),
(78, NULL, 4, '', 2, 1458294317, 'test test', '', 1, '0', 0, 0, 0),
(79, NULL, 4, '', 2, 1458294317, 'test test', '', 1, '0', 0, 0, 0),
(80, NULL, 4, '', 2, 1458207917, 'test test', '', 1, '0', 0, 0, 0),
(81, NULL, 4, '', 2, 1458639917, 'test test', '', 1, '0', 0, 0, 0),
(82, NULL, 4, '', 2, 1458726317, 'test test', '', 1, '0', 0, 0, 0),
(83, NULL, 5, '', 4, 1458207917, 'test test', '', 1, '0', 0, 0, 0),
(84, NULL, 5, '', 3, 1458294317, 'test test', '', 1, '0', 0, 0, 0),
(85, NULL, 5, '', 3, 1458121517, 'test test', '', 1, '0', 0, 0, 0),
(86, NULL, 5, '', 3, 1458639917, 'test test', '', 1, '0', 0, 0, 0),
(87, NULL, 5, '', 2, 1458553517, 'test test', '', 1, '0', 0, 0, 0),
(88, NULL, 5, '', 3, 1458899117, 'test test', '', 1, '0', 0, 0, 0),
(89, NULL, 5, '', 3, 1458639917, 'test test', '', 1, '0', 0, 0, 0),
(90, NULL, 5, '', 2, 1458899117, 'test test', '', 1, '0', 0, 0, 0),
(91, NULL, 5, '', 3, 1458207917, 'test test', '', 1, '0', 0, 0, 0),
(92, NULL, 5, '', 3, 1458726317, 'test test', '', 1, '0', 0, 0, 0),
(93, NULL, 5, '', 3, 1458121517, 'test test', '', 1, '0', 0, 0, 0),
(94, NULL, 5, '', 3, 1458726317, 'test test', '', 1, '0', 0, 0, 0),
(95, NULL, 5, '', 3, 1458035117, 'test test', '', 1, '0', 0, 0, 0),
(96, NULL, 5, '', 3, 1458726317, 'test test', '', 1, '0', 0, 0, 0),
(97, NULL, 5, '', 3, 1458639917, 'test test', '', 1, '0', 0, 0, 0),
(98, NULL, 5, '', 3, 1458726317, 'test test', '', 1, '0', 0, 0, 0),
(99, NULL, 5, '', 3, 1458035117, 'test test', '', 1, '0', 0, 0, 0),
(100, NULL, 5, '', 3, 1458121517, 'test test', '', 1, '0', 0, 0, 0),
(101, NULL, 5, '', 3, 1458467117, 'test test', '', 1, '0', 0, 0, 0),
(102, NULL, 5, '', 3, 1458812717, 'test test', '', 1, '0', 0, 0, 0),
(103, NULL, 5, '', 3, 1458207917, 'test test', '', 1, '0', 0, 0, 0),
(104, NULL, 5, '', 3, 1458294317, 'test test', '', 1, '0', 0, 0, 0),
(105, NULL, 6, '', 3, 1458207917, 'test test', '', 1, '0', 0, 0, 0),
(106, NULL, 6, '', 2, 1458207917, 'test test', '', 1, '0', 0, 0, 0),
(107, NULL, 6, '', 3, 1458553517, 'test test', '', 1, '0', 0, 0, 0),
(108, NULL, 6, '', 3, 1458294317, 'test test', '', 1, '0', 0, 0, 0),
(109, NULL, 6, '', 3, 1458467117, 'test test', '', 1, '0', 0, 0, 0),
(110, NULL, 6, '', 3, 1458899117, 'test test', '', 1, '0', 0, 0, 0),
(111, NULL, 6, '', 3, 1458553517, 'test test', '', 1, '0', 0, 0, 0),
(112, NULL, 6, '', 3, 1458207917, 'test test', '', 1, '0', 0, 0, 0),
(113, NULL, 6, '', 3, 1458639917, 'test test', '', 1, '0', 0, 0, 0),
(114, NULL, 6, '', 3, 1458726317, 'test test', '', 1, '0', 0, 0, 0),
(115, NULL, 6, '', 3, 1458467117, 'test test', '', 1, '0', 0, 0, 0),
(116, NULL, 6, '', 3, 1458812717, 'test test', '', 1, '0', 0, 0, 0),
(117, NULL, 6, '', 3, 1458467117, 'test test', '', 1, '0', 0, 0, 0),
(118, NULL, 6, '', 3, 1458121517, 'test test', '', 1, '0', 0, 0, 0),
(119, NULL, 6, '', 3, 1458812717, 'test test', '', 1, '0', 0, 0, 0),
(120, NULL, 6, '', 3, 1458121517, 'test test', '', 1, '0', 0, 0, 0),
(121, NULL, 6, '', 3, 1458035117, 'test test', '', 1, '0', 0, 0, 0),
(122, NULL, 6, '', 3, 1458121517, 'test test', '', 1, '0', 0, 0, 0),
(123, NULL, 6, '', 3, 1458812717, 'test test', '', 1, '0', 0, 0, 0),
(124, NULL, 7, '', 3, 1458207917, 'test test', '', 1, '0', 0, 0, 0),
(125, NULL, 7, '', 3, 1458812717, 'test test', '', 1, '0', 0, 0, 0),
(126, NULL, 7, '', 3, 1458899117, 'test test', '', 1, '0', 0, 0, 0),
(127, NULL, 7, '', 4, 1458899117, 'test test', '', 1, '0', 0, 0, 0),
(128, NULL, 7, '', 3, 1458553517, 'test test', '', 1, '0', 0, 0, 0),
(129, NULL, 7, '', 3, 1458639917, 'test test', '', 1, '0', 0, 0, 0),
(130, NULL, 7, '', 4, 1458899117, 'test test', '', 1, '0', 0, 0, 0),
(131, NULL, 7, '', 3, 1458726317, 'test test', '', 1, '0', 0, 0, 0),
(132, NULL, 7, '', 3, 1458121517, 'test test', '', 1, '0', 0, 0, 0),
(133, NULL, 7, '', 3, 1458812717, 'test test', '', 1, '0', 0, 0, 0),
(134, NULL, 7, '', 3, 1458899117, 'test test', '', 1, '0', 0, 0, 0),
(135, NULL, 7, '', 3, 1458467117, 'test test', '', 1, '0', 0, 0, 0),
(136, NULL, 7, '', 3, 1458035117, 'test test', '', 1, '0', 0, 0, 0),
(137, NULL, 7, '', 3, 1458207917, 'test test', '', 1, '0', 0, 0, 0),
(138, NULL, 7, '', 3, 1458035117, 'test test', '', 1, '0', 0, 0, 0),
(139, NULL, 8, '', 3, 1458294317, 'test test', '', 1, '0', 0, 0, 0),
(140, NULL, 8, '', 2, 1458726317, 'test test', '', 1, '0', 0, 0, 0),
(141, NULL, 8, '', 3, 1458035117, 'test test', '', 1, '0', 0, 0, 0),
(142, NULL, 8, '', 3, 1458899117, 'test test', '', 1, '0', 0, 0, 0),
(143, NULL, 8, '', 3, 1458899117, 'test test', '', 1, '0', 0, 0, 0),
(144, NULL, 8, '', 3, 1458726317, 'test test', '', 1, '0', 0, 0, 0),
(145, NULL, 8, '', 3, 1458726317, 'test test', '', 1, '0', 0, 0, 0),
(146, NULL, 8, '', 4, 1458467117, 'test test', '', 1, '0', 0, 0, 0),
(147, NULL, 8, '', 3, 1458553517, 'test test', '', 1, '0', 0, 0, 0),
(148, NULL, 8, '', 3, 1458207917, 'test test', '', 1, '0', 0, 0, 0),
(149, NULL, 8, '', 3, 1458553517, 'test test', '', 1, '0', 0, 0, 0),
(150, NULL, 8, '', 3, 1458380717, 'test test', '', 1, '0', 0, 0, 0),
(151, NULL, 8, '', 3, 1458380717, 'test test', '', 1, '0', 0, 0, 0),
(152, NULL, 8, '', 3, 1458639917, 'test test', '', 1, '0', 0, 0, 0),
(153, NULL, 8, '', 3, 1458467117, 'test test', '', 1, '0', 0, 0, 0),
(154, NULL, 8, '', 3, 1458294317, 'test test', '', 1, '0', 0, 0, 0),
(155, NULL, 8, '', 3, 1458812717, 'test test', '', 1, '0', 0, 0, 0),
(156, NULL, 8, '', 3, 1458380717, 'test test', '', 1, '0', 0, 0, 0),
(157, NULL, 8, '', 3, 1458207917, 'test test', '', 1, '0', 0, 0, 0),
(158, NULL, 8, '', 3, 1458726317, 'test test', '', 1, '0', 0, 0, 0),
(159, NULL, 8, '', 3, 1458035117, 'test test', '', 1, '0', 0, 0, 0),
(160, NULL, 8, '', 3, 1458812717, 'test test', '', 1, '0', 0, 0, 0),
(161, NULL, 8, '', 3, 1458726317, 'test test', '', 1, '0', 0, 0, 0),
(162, NULL, 8, '', 3, 1458726317, 'test test', '', 1, '0', 0, 0, 0),
(163, NULL, 9, '', 4, 1458899117, 'test test', '', 1, '0', 0, 0, 0),
(164, NULL, 9, '', 2, 1458553517, 'test test', '', 1, '0', 0, 0, 0),
(165, NULL, 9, '', 3, 1458639917, 'test test', '', 1, '0', 0, 0, 0),
(166, NULL, 9, '', 3, 1458380717, 'test test', '', 1, '0', 0, 0, 0),
(167, NULL, 9, '', 3, 1458553517, 'test test', '', 1, '0', 0, 0, 0),
(168, NULL, 9, '', 3, 1458899117, 'test test', '', 1, '0', 0, 0, 0),
(169, NULL, 9, '', 3, 1458467117, 'test test', '', 1, '0', 0, 0, 0),
(170, NULL, 9, '', 3, 1458899117, 'test test', '', 1, '0', 0, 0, 0),
(171, NULL, 9, '', 3, 1458639917, 'test test', '', 1, '0', 0, 0, 0),
(172, NULL, 9, '', 3, 1458467117, 'test test', '', 1, '0', 0, 0, 0),
(173, NULL, 9, '', 3, 1458812717, 'test test', '', 1, '0', 0, 0, 0),
(174, NULL, 9, '', 3, 1458639917, 'test test', '', 1, '0', 0, 0, 0),
(175, NULL, 9, '', 3, 1458207917, 'test test', '', 1, '0', 0, 0, 0),
(176, NULL, 9, '', 3, 1458639917, 'test test', '', 1, '0', 0, 0, 0),
(177, NULL, 9, '', 3, 1458121517, 'test test', '', 1, '0', 0, 0, 0),
(178, NULL, 9, '', 3, 1458812717, 'test test', '', 1, '0', 0, 0, 0),
(179, NULL, 9, '', 3, 1458812717, 'test test', '', 1, '0', 0, 0, 0),
(180, NULL, 9, '', 3, 1458726317, 'test test', '', 1, '0', 0, 0, 0),
(181, NULL, 10, '', 3, 1458207917, 'test test', '', 1, '0', 0, 0, 0),
(182, NULL, 10, '', 4, 1458207917, 'test test', '', 1, '0', 0, 0, 0),
(183, NULL, 10, '', 4, 1458380717, 'test test', '', 1, '0', 0, 0, 0),
(184, NULL, 10, '', 2, 1458726317, 'test test', '', 1, '0', 0, 0, 0),
(185, NULL, 10, '', 3, 1458467117, 'test test', '', 1, '0', 0, 0, 0),
(186, NULL, 10, '', 3, 1458294317, 'test test', '', 1, '0', 0, 0, 0),
(187, NULL, 10, '', 3, 1458207917, 'test test', '', 1, '0', 0, 0, 0),
(188, NULL, 10, '', 3, 1458639917, 'test test', '', 1, '0', 0, 0, 0),
(189, NULL, 10, '', 3, 1458121517, 'test test', '', 1, '0', 0, 0, 0),
(190, NULL, 10, '', 3, 1458294317, 'test test', '', 1, '0', 0, 0, 0),
(191, NULL, 10, '', 3, 1458467117, 'test test', '', 1, '0', 0, 0, 0),
(192, NULL, 10, '', 3, 1458812717, 'test test', '', 1, '0', 0, 0, 0),
(193, NULL, 10, '', 3, 1458035117, 'test test', '', 1, '0', 0, 0, 0),
(194, NULL, 10, '', 3, 1458467117, 'test test', '', 1, '0', 0, 0, 0),
(195, NULL, 10, '', 3, 1458380717, 'test test', '', 1, '0', 0, 0, 0),
(196, NULL, 10, '', 3, 1458726317, 'test test', '', 1, '0', 0, 0, 0),
(197, NULL, 10, '', 3, 1458812717, 'test test', '', 1, '0', 0, 0, 0),
(198, NULL, 10, '', 3, 1458899117, 'test test', '', 1, '0', 0, 0, 0),
(199, NULL, 10, '', 3, 1458639917, 'test test', '', 1, '0', 0, 0, 0),
(200, NULL, 10, '', 3, 1458294317, 'test test', '', 1, '0', 0, 0, 0),
(201, NULL, 10, '', 3, 1458899117, 'test test', '', 1, '0', 0, 0, 0),
(202, NULL, 10, '', 3, 1458294317, 'test test', '', 1, '0', 0, 0, 0),
(203, NULL, 11, '', 4, 1458812717, 'test test', '', 1, '0', 0, 0, 0),
(204, NULL, 11, '', 4, 1458812717, 'test test', '', 1, '0', 0, 0, 0),
(205, NULL, 11, '', 3, 1458899117, 'test test', '', 1, '0', 0, 0, 0),
(206, NULL, 11, '', 5, 1458035117, 'test test', '', 1, '0', 0, 0, 0),
(207, NULL, 11, '', 4, 1458467117, 'test test', '', 1, '0', 0, 0, 0),
(208, NULL, 11, '', 3, 1458121517, 'test test', '', 1, '0', 0, 0, 0),
(209, NULL, 11, '', 4, 1458812717, 'test test', '', 1, '0', 0, 0, 0),
(210, NULL, 11, '', 4, 1458294317, 'test test', '', 1, '0', 0, 0, 0),
(211, NULL, 11, '', 4, 1458812717, 'test test', '', 1, '0', 0, 0, 0),
(212, NULL, 11, '', 4, 1458121517, 'test test', '', 1, '0', 0, 0, 0),
(213, NULL, 11, '', 4, 1458553517, 'test test', '', 1, '0', 0, 0, 0),
(214, NULL, 11, '', 4, 1458294317, 'test test', '', 1, '0', 0, 0, 0),
(215, NULL, 11, '', 4, 1458899117, 'test test', '', 1, '0', 0, 0, 0),
(216, NULL, 11, '', 4, 1458121517, 'test test', '', 1, '0', 0, 0, 0),
(217, NULL, 11, '', 4, 1458553517, 'test test', '', 1, '0', 0, 0, 0),
(218, NULL, 11, '', 4, 1458207917, 'test test', '', 1, '0', 0, 0, 0),
(219, NULL, 11, '', 4, 1458726317, 'test test', '', 1, '0', 0, 0, 0),
(220, NULL, 12, '', 5, 1458639917, 'test test', '', 1, '0', 0, 0, 0),
(221, NULL, 12, '', 3, 1458467117, 'test test', '', 1, '0', 0, 0, 0),
(222, NULL, 12, '', 3, 1458294317, 'test test', '', 1, '0', 0, 0, 0),
(223, NULL, 12, '', 4, 1458467117, 'test test', '', 1, '0', 0, 0, 0),
(224, NULL, 12, '', 4, 1458467117, 'test test', '', 1, '0', 0, 0, 0),
(225, NULL, 12, '', 4, 1458726317, 'test test', '', 1, '0', 0, 0, 0),
(226, NULL, 12, '', 4, 1458899117, 'test test', '', 1, '0', 0, 0, 0),
(227, NULL, 12, '', 4, 1458294317, 'test test', '', 1, '0', 0, 0, 0),
(228, NULL, 12, '', 4, 1458553517, 'test test', '', 1, '0', 0, 0, 0),
(229, NULL, 12, '', 4, 1458899117, 'test test', '', 1, '0', 0, 0, 0),
(230, NULL, 12, '', 4, 1458899117, 'test test', '', 1, '0', 0, 0, 0),
(231, NULL, 12, '', 4, 1458899117, 'test test', '', 1, '0', 0, 0, 0),
(232, NULL, 12, '', 4, 1458812717, 'test test', '', 1, '0', 0, 0, 0),
(233, NULL, 12, '', 4, 1458294317, 'test test', '', 1, '0', 0, 0, 0),
(234, NULL, 12, '', 4, 1458726317, 'test test', '', 1, '0', 0, 0, 0),
(235, NULL, 12, '', 4, 1458639917, 'test test', '', 1, '0', 0, 0, 0),
(236, NULL, 12, '', 4, 1458207917, 'test test', '', 1, '0', 0, 0, 0),
(237, NULL, 12, '', 4, 1458726317, 'test test', '', 1, '0', 0, 0, 0),
(238, NULL, 12, '', 4, 1458207917, 'test test', '', 1, '0', 0, 0, 0),
(239, NULL, 12, '', 4, 1458380717, 'test test', '', 1, '0', 0, 0, 0),
(240, NULL, 13, '', 3, 1458639917, 'test test', '', 1, '0', 0, 0, 0),
(241, NULL, 13, '', 4, 1458467117, 'test test', '', 1, '0', 0, 0, 0),
(242, NULL, 13, '', 4, 1458207917, 'test test', '', 1, '0', 0, 0, 0),
(243, NULL, 13, '', 3, 1458812717, 'test test', '', 1, '0', 0, 0, 0),
(244, NULL, 13, '', 4, 1458121517, 'test test', '', 1, '0', 0, 0, 0),
(245, NULL, 13, '', 4, 1458553517, 'test test', '', 1, '0', 0, 0, 0),
(246, NULL, 13, '', 4, 1458726317, 'test test', '', 1, '0', 0, 0, 0),
(247, NULL, 13, '', 4, 1458207917, 'test test', '', 1, '0', 0, 0, 0),
(248, NULL, 13, '', 4, 1458207917, 'test test', '', 1, '0', 0, 0, 0),
(249, NULL, 13, '', 3, 1458899117, 'test test', '', 1, '0', 0, 0, 0),
(250, NULL, 13, '', 4, 1458035117, 'test test', '', 1, '0', 0, 0, 0),
(251, NULL, 13, '', 4, 1458899117, 'test test', '', 1, '0', 0, 0, 0),
(252, NULL, 13, '', 4, 1458467117, 'test test', '', 1, '0', 0, 0, 0),
(253, NULL, 13, '', 4, 1458380717, 'test test', '', 1, '0', 0, 0, 0),
(254, NULL, 13, '', 4, 1458467117, 'test test', '', 1, '0', 0, 0, 0),
(255, NULL, 14, '', 4, 1458899117, 'test test', '', 1, '0', 0, 0, 0),
(256, NULL, 14, '', 4, 1458121517, 'test test', '', 1, '0', 0, 0, 0),
(257, NULL, 14, '', 4, 1458380717, 'test test', '', 1, '0', 0, 0, 0),
(258, NULL, 14, '', 4, 1458207917, 'test test', '', 1, '0', 0, 0, 0),
(259, NULL, 14, '', 3, 1458726317, 'test test', '', 1, '0', 0, 0, 0),
(260, NULL, 14, '', 4, 1458294317, 'test test', '', 1, '0', 0, 0, 0),
(261, NULL, 14, '', 3, 1458207917, 'test test', '', 1, '0', 0, 0, 0),
(262, NULL, 14, '', 4, 1458726317, 'test test', '', 1, '0', 0, 0, 0),
(263, NULL, 14, '', 4, 1458121517, 'test test', '', 1, '0', 0, 0, 0),
(264, NULL, 14, '', 4, 1458467117, 'test test', '', 1, '0', 0, 0, 0),
(265, NULL, 14, '', 4, 1458467117, 'test test', '', 1, '0', 0, 0, 0),
(266, NULL, 14, '', 4, 1458812717, 'test test', '', 1, '0', 0, 0, 0),
(267, NULL, 14, '', 4, 1458726317, 'test test', '', 1, '0', 0, 0, 0),
(268, NULL, 14, '', 4, 1458294317, 'test test', '', 1, '0', 0, 0, 0),
(269, NULL, 14, '', 4, 1458035117, 'test test', '', 1, '0', 0, 0, 0),
(270, NULL, 14, '', 4, 1458121517, 'test test', '', 1, '0', 0, 0, 0),
(271, NULL, 14, '', 4, 1458035117, 'test test', '', 1, '0', 0, 0, 0),
(272, NULL, 14, '', 4, 1458553517, 'test test', '', 1, '0', 0, 0, 0),
(273, NULL, 14, '', 4, 1458380717, 'test test', '', 1, '0', 0, 0, 0),
(274, NULL, 14, '', 4, 1458812717, 'test test', '', 1, '0', 0, 0, 0),
(275, NULL, 14, '', 4, 1458726317, 'test test', '', 1, '0', 0, 0, 0),
(276, NULL, 15, '', 5, 1458035117, 'test test', '', 1, '0', 0, 0, 0),
(277, NULL, 15, '', 5, 1458639917, 'test test', '', 1, '0', 0, 0, 0),
(278, NULL, 15, '', 5, 1458899117, 'test test', '', 1, '0', 0, 0, 0),
(279, NULL, 15, '', 5, 1458207917, 'test test', '', 1, '0', 0, 0, 0),
(280, NULL, 15, '', 5, 1458639917, 'test test', '', 1, '0', 0, 0, 0),
(281, NULL, 15, '', 5, 1458035117, 'test test', '', 1, '0', 0, 0, 0),
(282, NULL, 15, '', 5, 1458121517, 'test test', '', 1, '0', 0, 0, 0),
(283, NULL, 15, '', 5, 1458121517, 'test test', '', 1, '0', 0, 0, 0),
(284, NULL, 15, '', 4, 1458380717, 'test test', '', 1, '0', 0, 0, 0),
(285, NULL, 15, '', 5, 1458639917, 'test test', '', 1, '0', 0, 0, 0),
(286, NULL, 15, '', 4, 1458121517, 'test test', '', 1, '0', 0, 0, 0),
(287, NULL, 15, '', 5, 1458553517, 'test test', '', 1, '0', 0, 0, 0),
(288, NULL, 15, '', 5, 1458035117, 'test test', '', 1, '0', 0, 0, 0),
(289, NULL, 15, '', 5, 1458380717, 'test test', '', 1, '0', 0, 0, 0),
(290, NULL, 15, '', 5, 1458294317, 'test test', '', 1, '0', 0, 0, 0),
(291, NULL, 15, '', 4, 1458294317, 'test test', '', 1, '0', 0, 0, 0),
(292, NULL, 15, '', 5, 1458553517, 'test test', '', 1, '0', 0, 0, 0),
(293, NULL, 16, '', 5, 1458121517, 'test test', '', 1, '0', 0, 0, 0),
(294, NULL, 16, '', 5, 1458467117, 'test test', '', 1, '0', 0, 0, 0),
(295, NULL, 16, '', 4, 1458035117, 'test test', '', 1, '0', 0, 0, 0),
(296, NULL, 16, '', 4, 1458553517, 'test test', '', 1, '0', 0, 0, 0),
(297, NULL, 16, '', 4, 1458380717, 'test test', '', 1, '0', 0, 0, 0),
(298, NULL, 16, '', 3, 1458812717, 'test test', '', 1, '0', 0, 0, 0),
(299, NULL, 16, '', 4, 1458899117, 'test test', '', 1, '0', 0, 0, 0),
(300, NULL, 16, '', 4, 1458467117, 'test test', '', 1, '0', 0, 0, 0),
(301, NULL, 16, '', 4, 1458899117, 'test test', '', 1, '0', 0, 0, 0),
(302, NULL, 16, '', 4, 1458899117, 'test test', '', 1, '0', 0, 0, 0),
(303, NULL, 16, '', 4, 1458121517, 'test test', '', 1, '0', 0, 0, 0),
(304, NULL, 16, '', 4, 1458380717, 'test test', '', 1, '0', 0, 0, 0),
(305, NULL, 16, '', 4, 1458812717, 'test test', '', 1, '0', 0, 0, 0),
(306, NULL, 16, '', 4, 1458812717, 'test test', '', 1, '0', 0, 0, 0),
(307, NULL, 16, '', 4, 1458380717, 'test test', '', 1, '0', 0, 0, 0),
(308, NULL, 16, '', 4, 1458467117, 'test test', '', 1, '0', 0, 0, 0),
(309, NULL, 16, '', 4, 1458812717, 'test test', '', 1, '0', 0, 0, 0),
(310, NULL, 16, '', 4, 1458553517, 'test test', '', 1, '0', 0, 0, 0),
(311, NULL, 16, '', 4, 1458121517, 'test test', '', 1, '0', 0, 0, 0),
(312, NULL, 16, '', 4, 1458812717, 'test test', '', 1, '0', 0, 0, 0),
(313, NULL, 16, '', 4, 1458726317, 'test test', '', 1, '0', 0, 0, 0),
(314, NULL, 16, '', 4, 1458207917, 'test test', '', 1, '0', 0, 0, 0),
(315, NULL, 17, '', 5, 1458207917, 'test test', '', 1, '0', 0, 0, 0),
(316, NULL, 17, '', 4, 1458380717, 'test test', '', 1, '0', 0, 0, 0),
(317, NULL, 17, '', 4, 1458294317, 'test test', '', 1, '0', 0, 0, 0),
(318, NULL, 17, '', 4, 1458726317, 'test test', '', 1, '0', 0, 0, 0),
(319, NULL, 17, '', 4, 1458467117, 'test test', '', 1, '0', 0, 0, 0),
(320, NULL, 17, '', 4, 1458639917, 'test test', '', 1, '0', 0, 0, 0),
(321, NULL, 17, '', 4, 1458121517, 'test test', '', 1, '0', 0, 0, 0),
(322, NULL, 17, '', 4, 1458812717, 'test test', '', 1, '0', 0, 0, 0),
(323, NULL, 17, '', 4, 1458294317, 'test test', '', 1, '0', 0, 0, 0),
(324, NULL, 17, '', 4, 1458207917, 'test test', '', 1, '0', 0, 0, 0),
(325, NULL, 17, '', 4, 1458294317, 'test test', '', 1, '0', 0, 0, 0),
(326, NULL, 17, '', 4, 1458380717, 'test test', '', 1, '0', 0, 0, 0),
(327, NULL, 17, '', 4, 1458812717, 'test test', '', 1, '0', 0, 0, 0),
(328, NULL, 17, '', 4, 1458726317, 'test test', '', 1, '0', 0, 0, 0),
(329, NULL, 17, '', 4, 1458207917, 'test test', '', 1, '0', 0, 0, 0),
(330, NULL, 17, '', 4, 1458726317, 'test test', '', 1, '0', 0, 0, 0),
(331, NULL, 17, '', 4, 1458294317, 'test test', '', 1, '0', 0, 0, 0),
(332, NULL, 17, '', 4, 1458207917, 'test test', '', 1, '0', 0, 0, 0),
(333, NULL, 17, '', 4, 1458726317, 'test test', '', 1, '0', 0, 0, 0),
(334, NULL, 17, '', 4, 1458380717, 'test test', '', 1, '0', 0, 0, 0),
(335, NULL, 17, '', 4, 1458553517, 'test test', '', 1, '0', 0, 0, 0),
(336, NULL, 18, '', 4, 1458553517, 'test test', '', 1, '0', 0, 0, 0),
(337, NULL, 18, '', 4, 1458207917, 'test test', '', 1, '0', 0, 0, 0),
(338, NULL, 18, '', 4, 1458899117, 'test test', '', 1, '0', 0, 0, 0),
(339, NULL, 18, '', 4, 1458035117, 'test test', '', 1, '0', 0, 0, 0),
(340, NULL, 18, '', 5, 1458121517, 'test test', '', 1, '0', 0, 0, 0),
(341, NULL, 18, '', 4, 1458553517, 'test test', '', 1, '0', 0, 0, 0),
(342, NULL, 18, '', 5, 1458121517, 'test test', '', 1, '0', 0, 0, 0),
(343, NULL, 18, '', 4, 1458899117, 'test test', '', 1, '0', 0, 0, 0),
(344, NULL, 18, '', 4, 1458294317, 'test test', '', 1, '0', 0, 0, 0),
(345, NULL, 18, '', 4, 1458380717, 'test test', '', 1, '0', 0, 0, 0),
(346, NULL, 18, '', 4, 1458207917, 'test test', '', 1, '0', 0, 0, 0),
(347, NULL, 18, '', 4, 1458726317, 'test test', '', 1, '0', 0, 0, 0),
(348, NULL, 18, '', 4, 1458726317, 'test test', '', 1, '0', 0, 0, 0),
(349, NULL, 18, '', 4, 1458899117, 'test test', '', 1, '0', 0, 0, 0),
(350, NULL, 18, '', 4, 1458207917, 'test test', '', 1, '0', 0, 0, 0),
(351, NULL, 18, '', 4, 1458467117, 'test test', '', 1, '0', 0, 0, 0),
(352, NULL, 18, '', 4, 1458121517, 'test test', '', 1, '0', 0, 0, 0),
(353, NULL, 18, '', 4, 1458035117, 'test test', '', 1, '0', 0, 0, 0),
(354, NULL, 18, '', 4, 1458726317, 'test test', '', 1, '0', 0, 0, 0),
(355, NULL, 18, '', 4, 1458380717, 'test test', '', 1, '0', 0, 0, 0),
(356, NULL, 18, '', 4, 1458380717, 'test test', '', 1, '0', 0, 0, 0),
(357, NULL, 18, '', 4, 1458121517, 'test test', '', 1, '0', 0, 0, 0),
(358, NULL, 18, '', 4, 1458207917, 'test test', '', 1, '0', 0, 0, 0),
(359, NULL, 18, '', 4, 1458121517, 'test test', '', 1, '0', 0, 0, 0),
(360, NULL, 19, '', 4, 1458380717, 'test test', '', 1, '0', 0, 0, 0),
(361, NULL, 19, '', 4, 1458035117, 'test test', '', 1, '0', 0, 0, 0),
(362, NULL, 19, '', 4, 1458380717, 'test test', '', 1, '0', 0, 0, 0),
(363, NULL, 19, '', 3, 1458553517, 'test test', '', 1, '0', 0, 0, 0),
(364, NULL, 19, '', 4, 1458726317, 'test test', '', 1, '0', 0, 0, 0),
(365, NULL, 19, '', 4, 1458812717, 'test test', '', 1, '0', 0, 0, 0),
(366, NULL, 19, '', 4, 1458121517, 'test test', '', 1, '0', 0, 0, 0),
(367, NULL, 19, '', 4, 1458380717, 'test test', '', 1, '0', 0, 0, 0),
(368, NULL, 19, '', 4, 1458121517, 'test test', '', 1, '0', 0, 0, 0),
(369, NULL, 19, '', 4, 1458035117, 'test test', '', 1, '0', 0, 0, 0),
(370, NULL, 19, '', 4, 1458380717, 'test test', '', 1, '0', 0, 0, 0),
(371, NULL, 19, '', 4, 1458207917, 'test test', '', 1, '0', 0, 0, 0),
(372, NULL, 19, '', 4, 1458553517, 'test test', '', 1, '0', 0, 0, 0),
(373, NULL, 19, '', 4, 1458553517, 'test test', '', 1, '0', 0, 0, 0),
(374, NULL, 19, '', 4, 1458121517, 'test test', '', 1, '0', 0, 0, 0),
(375, NULL, 19, '', 4, 1458899117, 'test test', '', 1, '0', 0, 0, 0),
(376, NULL, 20, '', 4, 1458035117, 'test test', '', 1, '0', 0, 0, 0),
(377, NULL, 20, '', 4, 1458294317, 'test test', '', 1, '0', 0, 0, 0),
(378, NULL, 20, '', 4, 1458639917, 'test test', '', 1, '0', 0, 0, 0),
(379, NULL, 20, '', 4, 1458726317, 'test test', '', 1, '0', 0, 0, 0),
(380, NULL, 20, '', 5, 1458294317, 'test test', '', 1, '0', 0, 0, 0),
(381, NULL, 20, '', 3, 1458812717, 'test test', '', 1, '0', 0, 0, 0),
(382, NULL, 20, '', 4, 1458207917, 'test test', '', 1, '0', 0, 0, 0),
(383, NULL, 20, '', 4, 1458467117, 'test test', '', 1, '0', 0, 0, 0),
(384, NULL, 20, '', 4, 1458812717, 'test test', '', 1, '0', 0, 0, 0),
(385, NULL, 20, '', 4, 1458899117, 'test test', '', 1, '0', 0, 0, 0),
(386, NULL, 20, '', 4, 1458812717, 'test test', '', 1, '0', 0, 0, 0),
(387, NULL, 20, '', 4, 1458294317, 'test test', '', 1, '0', 0, 0, 0),
(388, NULL, 20, '', 4, 1458121517, 'test test', '', 1, '0', 0, 0, 0),
(389, NULL, 20, '', 4, 1458121517, 'test test', '', 1, '0', 0, 0, 0),
(390, NULL, 20, '', 4, 1458380717, 'test test', '', 1, '0', 0, 0, 0),
(391, NULL, 20, '', 4, 1458467117, 'test test', '', 1, '0', 0, 0, 0),
(392, NULL, 20, '', 4, 1458121517, 'test test', '', 1, '0', 0, 0, 0),
(393, NULL, 20, '', 4, 1458812717, 'test test', '', 1, '0', 0, 0, 0),
(394, NULL, 20, '', 4, 1458035117, 'test test', '', 1, '0', 0, 0, 0),
(395, NULL, 20, '', 4, 1458899117, 'test test', '', 1, '0', 0, 0, 0),
(396, NULL, 20, '', 4, 1458726317, 'test test', '', 1, '0', 0, 0, 0),
(397, NULL, 20, '', 4, 1458121517, 'test test', '', 1, '0', 0, 0, 0),
(398, NULL, 20, '', 4, 1458294317, 'test test', '', 1, '0', 0, 0, 0),
(399, NULL, 20, '', 4, 1458812717, 'test test', '', 1, '0', 0, 0, 0),
(400, NULL, 20, '', 4, 1458207917, 'test test', '', 1, '0', 0, 0, 0),
(401, NULL, 21, '', 4, 1458726317, 'test test', '', 1, '0', 0, 0, 0),
(402, NULL, 21, '', 3, 1458035117, 'test test', '', 1, '0', 0, 0, 0),
(403, NULL, 21, '', 3, 1458726317, 'test test', '', 1, '0', 0, 0, 0),
(404, NULL, 21, '', 3, 1458380717, 'test test', '', 1, '0', 0, 0, 0),
(405, NULL, 21, '', 4, 1458207917, 'test test', '', 1, '0', 0, 0, 0),
(406, NULL, 21, '', 4, 1458639917, 'test test', '', 1, '0', 0, 0, 0),
(407, NULL, 21, '', 4, 1458380717, 'test test', '', 1, '0', 0, 0, 0),
(408, NULL, 21, '', 4, 1458553517, 'test test', '', 1, '0', 0, 0, 0),
(409, NULL, 21, '', 4, 1458380717, 'test test', '', 1, '0', 0, 0, 0),
(410, NULL, 21, '', 4, 1458121517, 'test test', '', 1, '0', 0, 0, 0),
(411, NULL, 21, '', 4, 1458899117, 'test test', '', 1, '0', 0, 0, 0),
(412, NULL, 21, '', 4, 1458207917, 'test test', '', 1, '0', 0, 0, 0),
(413, NULL, 21, '', 4, 1458380717, 'test test', '', 1, '0', 0, 0, 0),
(414, NULL, 21, '', 4, 1458467117, 'test test', '', 1, '0', 0, 0, 0),
(415, NULL, 21, '', 4, 1458121517, 'test test', '', 1, '0', 0, 0, 0),
(416, NULL, 21, '', 4, 1458294317, 'test test', '', 1, '0', 0, 0, 0),
(417, NULL, 21, '', 4, 1458294317, 'test test', '', 1, '0', 0, 0, 0),
(418, NULL, 21, '', 4, 1458380717, 'test test', '', 1, '0', 0, 0, 0),
(419, NULL, 21, '', 4, 1458467117, 'test test', '', 1, '0', 0, 0, 0),
(420, NULL, 21, '', 4, 1458467117, 'test test', '', 1, '0', 0, 0, 0),
(421, NULL, 21, '', 4, 1458812717, 'test test', '', 1, '0', 0, 0, 0),
(422, NULL, 21, '', 4, 1458899117, 'test test', '', 1, '0', 0, 0, 0),
(423, NULL, 22, '', 4, 1458639917, 'test test', '', 1, '0', 0, 0, 0),
(424, NULL, 22, '', 4, 1458726317, 'test test', '', 1, '0', 0, 0, 0),
(425, NULL, 22, '', 4, 1458035117, 'test test', '', 1, '0', 0, 0, 0),
(426, NULL, 22, '', 4, 1458553517, 'test test', '', 1, '0', 0, 0, 0),
(427, NULL, 22, '', 5, 1458467117, 'test test', '', 1, '0', 0, 0, 0),
(428, NULL, 22, '', 4, 1458121517, 'test test', '', 1, '0', 0, 0, 0),
(429, NULL, 22, '', 4, 1458899117, 'test test', '', 1, '0', 0, 0, 0),
(430, NULL, 22, '', 4, 1458380717, 'test test', '', 1, '0', 0, 0, 0),
(431, NULL, 22, '', 4, 1458294317, 'test test', '', 1, '0', 0, 0, 0),
(432, NULL, 22, '', 4, 1458726317, 'test test', '', 1, '0', 0, 0, 0),
(433, NULL, 22, '', 4, 1458467117, 'test test', '', 1, '0', 0, 0, 0),
(434, NULL, 22, '', 4, 1458121517, 'test test', '', 1, '0', 0, 0, 0),
(435, NULL, 22, '', 4, 1458121517, 'test test', '', 1, '0', 0, 0, 0),
(436, NULL, 22, '', 4, 1458639917, 'test test', '', 1, '0', 0, 0, 0),
(437, NULL, 22, '', 4, 1458812717, 'test test', '', 1, '0', 0, 0, 0),
(438, NULL, 22, '', 4, 1458553517, 'test test', '', 1, '0', 0, 0, 0),
(439, NULL, 22, '', 4, 1458294317, 'test test', '', 1, '0', 0, 0, 0),
(440, NULL, 23, '', 4, 1458207917, 'test test', '', 1, '0', 0, 0, 0),
(441, NULL, 23, '', 5, 1458639917, 'test test', '', 1, '0', 0, 0, 0),
(442, NULL, 23, '', 4, 1458207917, 'test test', '', 1, '0', 0, 0, 0),
(443, NULL, 23, '', 4, 1458467117, 'test test', '', 1, '0', 0, 0, 0),
(444, NULL, 23, '', 4, 1458121517, 'test test', '', 1, '0', 0, 0, 0),
(445, NULL, 23, '', 4, 1458639917, 'test test', '', 1, '0', 0, 0, 0),
(446, NULL, 23, '', 4, 1458553517, 'test test', '', 1, '0', 0, 0, 0),
(447, NULL, 23, '', 4, 1458380717, 'test test', '', 1, '0', 0, 0, 0),
(448, NULL, 23, '', 4, 1458035117, 'test test', '', 1, '0', 0, 0, 0),
(449, NULL, 23, '', 4, 1458035117, 'test test', '', 1, '0', 0, 0, 0),
(450, NULL, 23, '', 4, 1458899117, 'test test', '', 1, '0', 0, 0, 0),
(451, NULL, 23, '', 4, 1458553517, 'test test', '', 1, '0', 0, 0, 0),
(452, NULL, 23, '', 4, 1458899117, 'test test', '', 1, '0', 0, 0, 0),
(453, NULL, 23, '', 4, 1458812717, 'test test', '', 1, '0', 0, 0, 0),
(454, NULL, 23, '', 4, 1458207917, 'test test', '', 1, '0', 0, 0, 0),
(455, NULL, 23, '', 4, 1458639917, 'test test', '', 1, '0', 0, 0, 0),
(456, NULL, 23, '', 4, 1458899117, 'test test', '', 1, '0', 0, 0, 0),
(457, NULL, 23, '', 4, 1458812717, 'test test', '', 1, '0', 0, 0, 0),
(458, NULL, 23, '', 4, 1458207917, 'test test', '', 1, '0', 0, 0, 0),
(459, NULL, 23, '', 4, 1458035117, 'test test', '', 1, '0', 0, 0, 0),
(460, NULL, 23, '', 4, 1458812717, 'test test', '', 1, '0', 0, 0, 0),
(461, NULL, 23, '', 4, 1458553517, 'test test', '', 1, '0', 0, 0, 0),
(462, NULL, 23, '', 4, 1458380717, 'test test', '', 1, '0', 0, 0, 0),
(463, NULL, 24, '', 4, 1458553517, 'test test', '', 1, '0', 0, 0, 0),
(464, NULL, 24, '', 4, 1458035117, 'test test', '', 1, '0', 0, 0, 0),
(465, NULL, 24, '', 3, 1458553517, 'test test', '', 1, '0', 0, 0, 0),
(466, NULL, 24, '', 4, 1458726317, 'test test', '', 1, '0', 0, 0, 0),
(467, NULL, 24, '', 4, 1458726317, 'test test', '', 1, '0', 0, 0, 0),
(468, NULL, 24, '', 5, 1458380717, 'test test', '', 1, '0', 0, 0, 0),
(469, NULL, 24, '', 4, 1458294317, 'test test', '', 1, '0', 0, 0, 0),
(470, NULL, 24, '', 5, 1458035117, 'test test', '', 1, '0', 0, 0, 0),
(471, NULL, 24, '', 4, 1458639917, 'test test', '', 1, '0', 0, 0, 0),
(472, NULL, 24, '', 4, 1458899117, 'test test', '', 1, '0', 0, 0, 0),
(473, NULL, 24, '', 4, 1458294317, 'test test', '', 1, '0', 0, 0, 0),
(474, NULL, 24, '', 4, 1458121517, 'test test', '', 1, '0', 0, 0, 0),
(475, NULL, 24, '', 4, 1458035117, 'test test', '', 1, '0', 0, 0, 0),
(476, NULL, 24, '', 4, 1458035117, 'test test', '', 1, '0', 0, 0, 0),
(477, NULL, 24, '', 4, 1458726317, 'test test', '', 1, '0', 0, 0, 0),
(478, NULL, 25, '', 3, 1458467117, 'test test', '', 1, '0', 0, 0, 0),
(479, NULL, 25, '', 3, 1458121517, 'test test', '', 1, '0', 0, 0, 0),
(480, NULL, 25, '', 3, 1458726317, 'test test', '', 1, '0', 0, 0, 0),
(481, NULL, 25, '', 4, 1458467117, 'test test', '', 1, '0', 0, 0, 0),
(482, NULL, 25, '', 4, 1458639917, 'test test', '', 1, '0', 0, 0, 0),
(483, NULL, 25, '', 4, 1458726317, 'test test', '', 1, '0', 0, 0, 0),
(484, NULL, 25, '', 4, 1458380717, 'test test', '', 1, '0', 0, 0, 0),
(485, NULL, 25, '', 4, 1458899117, 'test test', '', 1, '0', 0, 0, 0),
(486, NULL, 25, '', 4, 1458380717, 'test test', '', 1, '0', 0, 0, 0),
(487, NULL, 25, '', 4, 1458294317, 'test test', '', 1, '0', 0, 0, 0),
(488, NULL, 25, '', 4, 1458726317, 'test test', '', 1, '0', 0, 0, 0),
(489, NULL, 25, '', 4, 1458639917, 'test test', '', 1, '0', 0, 0, 0),
(490, NULL, 25, '', 4, 1458294317, 'test test', '', 1, '0', 0, 0, 0),
(491, NULL, 25, '', 4, 1458639917, 'test test', '', 1, '0', 0, 0, 0),
(492, NULL, 25, '', 4, 1458294317, 'test test', '', 1, '0', 0, 0, 0),
(493, NULL, 25, '', 4, 1458726317, 'test test', '', 1, '0', 0, 0, 0),
(494, NULL, 25, '', 4, 1458207917, 'test test', '', 1, '0', 0, 0, 0),
(495, NULL, 25, '', 4, 1458380717, 'test test', '', 1, '0', 0, 0, 0),
(496, NULL, 25, '', 4, 1458380717, 'test test', '', 1, '0', 0, 0, 0),
(497, NULL, 26, '', 5, 1458899117, 'test test', '', 1, '0', 0, 0, 0),
(498, NULL, 26, '', 5, 1458121517, 'test test', '', 1, '0', 0, 0, 0),
(499, NULL, 26, '', 5, 1458726317, 'test test', '', 1, '0', 0, 0, 0),
(500, NULL, 26, '', 5, 1458207917, 'test test', '', 1, '0', 0, 0, 0),
(501, NULL, 26, '', 4, 1458207917, 'test test', '', 1, '0', 0, 0, 0),
(502, NULL, 26, '', 5, 1458467117, 'test test', '', 1, '0', 0, 0, 0),
(503, NULL, 26, '', 5, 1458207917, 'test test', '', 1, '0', 0, 0, 0),
(504, NULL, 26, '', 5, 1458553517, 'test test', '', 1, '0', 0, 0, 0),
(505, NULL, 26, '', 5, 1458553517, 'test test', '', 1, '0', 0, 0, 0),
(506, NULL, 26, '', 5, 1458294317, 'test test', '', 1, '0', 0, 0, 0),
(507, NULL, 26, '', 4, 1458553517, 'test test', '', 1, '0', 0, 0, 0),
(508, NULL, 26, '', 5, 1458380717, 'test test', '', 1, '0', 0, 0, 0),
(509, NULL, 26, '', 5, 1458812717, 'test test', '', 1, '0', 0, 0, 0),
(510, NULL, 26, '', 5, 1458726317, 'test test', '', 1, '0', 0, 0, 0),
(511, NULL, 26, '', 5, 1458207917, 'test test', '', 1, '0', 0, 0, 0),
(512, NULL, 26, '', 5, 1458294317, 'test test', '', 1, '0', 0, 0, 0),
(513, NULL, 26, '', 5, 1458467117, 'test test', '', 1, '0', 0, 0, 0),
(514, NULL, 26, '', 5, 1458899117, 'test test', '', 1, '0', 0, 0, 0),
(515, NULL, 26, '', 5, 1458639917, 'test test', '', 1, '0', 0, 0, 0),
(516, NULL, 27, '', 5, 1458380717, 'test test', '', 1, '0', 0, 0, 0),
(517, NULL, 27, '', 5, 1458294317, 'test test', '', 1, '0', 0, 0, 0),
(518, NULL, 27, '', 4, 1458035117, 'test test', '', 1, '0', 0, 0, 0),
(519, NULL, 27, '', 5, 1458207917, 'test test', '', 1, '0', 0, 0, 0),
(520, NULL, 27, '', 5, 1458899117, 'test test', '', 1, '0', 0, 0, 0),
(521, NULL, 27, '', 4, 1458380717, 'test test', '', 1, '0', 0, 0, 0),
(522, NULL, 27, '', 4, 1458812717, 'test test', '', 1, '0', 0, 0, 0),
(523, NULL, 27, '', 5, 1458294317, 'test test', '', 1, '0', 0, 0, 0),
(524, NULL, 27, '', 5, 1458121517, 'test test', '', 1, '0', 0, 0, 0),
(525, NULL, 27, '', 5, 1458121517, 'test test', '', 1, '0', 0, 0, 0),
(526, NULL, 27, '', 5, 1458639917, 'test test', '', 1, '0', 0, 0, 0),
(527, NULL, 27, '', 5, 1458467117, 'test test', '', 1, '0', 0, 0, 0),
(528, NULL, 27, '', 5, 1458121517, 'test test', '', 1, '0', 0, 0, 0),
(529, NULL, 27, '', 5, 1458726317, 'test test', '', 1, '0', 0, 0, 0),
(530, NULL, 27, '', 5, 1458294317, 'test test', '', 1, '0', 0, 0, 0),
(531, NULL, 28, '', 4, 1458294317, 'test test', '', 1, '0', 0, 0, 0),
(532, NULL, 28, '', 4, 1458035117, 'test test', '', 1, '0', 0, 0, 0),
(533, NULL, 28, '', 4, 1458726317, 'test test', '', 1, '0', 0, 0, 0),
(534, NULL, 28, '', 5, 1458553517, 'test test', '', 1, '0', 0, 0, 0),
(535, NULL, 28, '', 5, 1458553517, 'test test', '', 1, '0', 0, 0, 0),
(536, NULL, 28, '', 5, 1458380717, 'test test', '', 1, '0', 0, 0, 0),
(537, NULL, 28, '', 5, 1458899117, 'test test', '', 1, '0', 0, 0, 0),
(538, NULL, 28, '', 5, 1458207917, 'test test', '', 1, '0', 0, 0, 0),
(539, NULL, 28, '', 5, 1458726317, 'test test', '', 1, '0', 0, 0, 0),
(540, NULL, 28, '', 5, 1458726317, 'test test', '', 1, '0', 0, 0, 0),
(541, NULL, 28, '', 5, 1458035117, 'test test', '', 1, '0', 0, 0, 0),
(542, NULL, 28, '', 5, 1458899117, 'test test', '', 1, '0', 0, 0, 0),
(543, NULL, 28, '', 5, 1458121517, 'test test', '', 1, '0', 0, 0, 0),
(544, NULL, 28, '', 5, 1458467117, 'test test', '', 1, '0', 0, 0, 0),
(545, NULL, 28, '', 5, 1458812717, 'test test', '', 1, '0', 0, 0, 0),
(546, NULL, 28, '', 5, 1458812717, 'test test', '', 1, '0', 0, 0, 0),
(547, NULL, 28, '', 5, 1458812717, 'test test', '', 1, '0', 0, 0, 0),
(548, NULL, 29, '', 5, 1458207917, 'test test', '', 1, '0', 0, 0, 0),
(549, NULL, 29, '', 4, 1458812717, 'test test', '', 1, '0', 0, 0, 0),
(550, NULL, 29, '', 5, 1458121517, 'test test', '', 1, '0', 0, 0, 0),
(551, NULL, 29, '', 5, 1458207917, 'test test', '', 1, '0', 0, 0, 0),
(552, NULL, 29, '', 5, 1458207917, 'test test', '', 1, '0', 0, 0, 0),
(553, NULL, 29, '', 5, 1458035117, 'test test', '', 1, '0', 0, 0, 0),
(554, NULL, 29, '', 4, 1458467117, 'test test', '', 1, '0', 0, 0, 0),
(555, NULL, 29, '', 5, 1458380717, 'test test', '', 1, '0', 0, 0, 0),
(556, NULL, 29, '', 5, 1458121517, 'test test', '', 1, '0', 0, 0, 0),
(557, NULL, 29, '', 5, 1458121517, 'test test', '', 1, '0', 0, 0, 0),
(558, NULL, 29, '', 5, 1458899117, 'test test', '', 1, '0', 0, 0, 0),
(559, NULL, 29, '', 5, 1458207917, 'test test', '', 1, '0', 0, 0, 0),
(560, NULL, 29, '', 5, 1458899117, 'test test', '', 1, '0', 0, 0, 0),
(561, NULL, 29, '', 5, 1458294317, 'test test', '', 1, '0', 0, 0, 0),
(562, NULL, 29, '', 5, 1458553517, 'test test', '', 1, '0', 0, 0, 0),
(563, NULL, 29, '', 5, 1458899117, 'test test', '', 1, '0', 0, 0, 0),
(564, NULL, 29, '', 5, 1458035117, 'test test', '', 1, '0', 0, 0, 0),
(565, NULL, 29, '', 5, 1458207917, 'test test', '', 1, '0', 0, 0, 0),
(566, NULL, 30, '', 4, 1458553517, 'test test', '', 1, '0', 0, 0, 0),
(567, NULL, 30, '', 5, 1458467117, 'test test', '', 1, '0', 0, 0, 0),
(568, NULL, 30, '', 5, 1458121517, 'test test', '', 1, '0', 0, 0, 0),
(569, NULL, 30, '', 5, 1458812717, 'test test', '', 1, '0', 0, 0, 0),
(570, NULL, 30, '', 5, 1458207917, 'test test', '', 1, '0', 0, 0, 0),
(571, NULL, 30, '', 5, 1458899117, 'test test', '', 1, '0', 0, 0, 0),
(572, NULL, 30, '', 5, 1458812717, 'test test', '', 1, '0', 0, 0, 0),
(573, NULL, 30, '', 5, 1458207917, 'test test', '', 1, '0', 0, 0, 0),
(574, NULL, 30, '', 5, 1458035117, 'test test', '', 1, '0', 0, 0, 0),
(575, NULL, 30, '', 5, 1458294317, 'test test', '', 1, '0', 0, 0, 0),
(576, NULL, 30, '', 5, 1458121517, 'test test', '', 1, '0', 0, 0, 0),
(577, NULL, 30, '', 5, 1458899117, 'test test', '', 1, '0', 0, 0, 0),
(578, NULL, 30, '', 5, 1458207917, 'test test', '', 1, '0', 0, 0, 0),
(579, NULL, 30, '', 5, 1458294317, 'test test', '', 1, '0', 0, 0, 0),
(580, NULL, 30, '', 5, 1458812717, 'test test', '', 1, '0', 0, 0, 0),
(581, NULL, 30, '', 5, 1458380717, 'test test', '', 1, '0', 0, 0, 0),
(582, NULL, 30, '', 5, 1458467117, 'test test', '', 1, '0', 0, 0, 0),
(583, NULL, 30, '', 5, 1458121517, 'test test', '', 1, '0', 0, 0, 0),
(584, NULL, 30, '', 5, 1458380717, 'test test', '', 1, '0', 0, 0, 0),
(585, NULL, 30, '', 5, 1458035117, 'test test', '', 1, '0', 0, 0, 0),
(586, NULL, 31, '', 4, 1458467117, 'test test', '', 1, '0', 0, 0, 0),
(587, NULL, 31, '', 5, 1458553517, 'test test', '', 1, '0', 0, 0, 0),
(588, NULL, 31, '', 5, 1458121517, 'test test', '', 1, '0', 0, 0, 0),
(589, NULL, 31, '', 5, 1458467117, 'test test', '', 1, '0', 0, 0, 0),
(590, NULL, 31, '', 5, 1458812717, 'test test', '', 1, '0', 0, 0, 0),
(591, NULL, 31, '', 5, 1458035117, 'test test', '', 1, '0', 0, 0, 0),
(592, NULL, 31, '', 5, 1458726317, 'test test', '', 1, '0', 0, 0, 0),
(593, NULL, 31, '', 5, 1458380717, 'test test', '', 1, '0', 0, 0, 0),
(594, NULL, 31, '', 5, 1458035117, 'test test', '', 1, '0', 0, 0, 0),
(595, NULL, 31, '', 5, 1458812717, 'test test', '', 1, '0', 0, 0, 0),
(596, NULL, 31, '', 5, 1458639917, 'test test', '', 1, '0', 0, 0, 0),
(597, NULL, 31, '', 5, 1458639917, 'test test', '', 1, '0', 0, 0, 0),
(598, NULL, 31, '', 5, 1458294317, 'test test', '', 1, '0', 0, 0, 0),
(599, NULL, 31, '', 4, 1458726317, 'test test', '', 1, '0', 0, 0, 0),
(600, NULL, 31, '', 4, 1458553517, 'test test', '', 1, '0', 0, 0, 0),
(601, NULL, 31, '', 5, 1458553517, 'test test', '', 1, '0', 0, 0, 0),
(602, NULL, 31, '', 5, 1458639917, 'test test', '', 1, '0', 0, 0, 0),
(603, NULL, 31, '', 5, 1458380717, 'test test', '', 1, '0', 0, 0, 0),
(604, NULL, 31, '', 5, 1458726317, 'test test', '', 1, '0', 0, 0, 0),
(605, NULL, 31, '', 5, 1458726317, 'test test', '', 1, '0', 0, 0, 0),
(606, NULL, 31, '', 5, 1458726317, 'test test', '', 1, '0', 0, 0, 0),
(607, NULL, 31, '', 5, 1458812717, 'test test', '', 1, '0', 0, 0, 0),
(608, NULL, 32, '', 5, 1458726317, 'test test', '', 1, '0', 0, 0, 0),
(609, NULL, 32, '', 5, 1458035117, 'test test', '', 1, '0', 0, 0, 0),
(610, NULL, 32, '', 4, 1458207917, 'test test', '', 1, '0', 0, 0, 0),
(611, NULL, 32, '', 5, 1458553517, 'test test', '', 1, '0', 0, 0, 0),
(612, NULL, 32, '', 5, 1458380717, 'test test', '', 1, '0', 0, 0, 0),
(613, NULL, 32, '', 4, 1458639917, 'test test', '', 1, '0', 0, 0, 0),
(614, NULL, 32, '', 5, 1458726317, 'test test', '', 1, '0', 0, 0, 0),
(615, NULL, 32, '', 5, 1458812717, 'test test', '', 1, '0', 0, 0, 0),
(616, NULL, 32, '', 5, 1458639917, 'test test', '', 1, '0', 0, 0, 0),
(617, NULL, 32, '', 5, 1458207917, 'test test', '', 1, '0', 0, 0, 0),
(618, NULL, 32, '', 5, 1458380717, 'test test', '', 1, '0', 0, 0, 0),
(619, NULL, 32, '', 5, 1458812717, 'test test', '', 1, '0', 0, 0, 0),
(620, NULL, 32, '', 5, 1458726317, 'test test', '', 1, '0', 0, 0, 0),
(621, NULL, 32, '', 5, 1458207917, 'test test', '', 1, '0', 0, 0, 0),
(622, NULL, 32, '', 5, 1458899117, 'test test', '', 1, '0', 0, 0, 0),
(623, NULL, 32, '', 5, 1458467117, 'test test', '', 1, '0', 0, 0, 0),
(624, NULL, 33, '', 5, 1458639917, 'test test', '', 1, '0', 0, 0, 0),
(625, NULL, 33, '', 5, 1458035117, 'test test', '', 1, '0', 0, 0, 0),
(626, NULL, 33, '', 5, 1458380717, 'test test', '', 1, '0', 0, 0, 0),
(627, NULL, 33, '', 5, 1458294317, 'test test', '', 1, '0', 0, 0, 0),
(628, NULL, 33, '', 4, 1458726317, 'test test', '', 1, '0', 0, 0, 0),
(629, NULL, 33, '', 5, 1458639917, 'test test', '', 1, '0', 0, 0, 0),
(630, NULL, 33, '', 5, 1458121517, 'test test', '', 1, '0', 0, 0, 0),
(631, NULL, 33, '', 5, 1458294317, 'test test', '', 1, '0', 0, 0, 0),
(632, NULL, 33, '', 4, 1458294317, 'test test', '', 1, '0', 0, 0, 0),
(633, NULL, 33, '', 5, 1458812717, 'test test', '', 1, '0', 0, 0, 0),
(634, NULL, 33, '', 5, 1458726317, 'test test', '', 1, '0', 0, 0, 0),
(635, NULL, 33, '', 5, 1458121517, 'test test', '', 1, '0', 0, 0, 0),
(636, NULL, 33, '', 5, 1458639917, 'test test', '', 1, '0', 0, 0, 0),
(637, NULL, 33, '', 5, 1458553517, 'test test', '', 1, '0', 0, 0, 0),
(638, NULL, 33, '', 5, 1458035117, 'test test', '', 1, '0', 0, 0, 0),
(639, NULL, 33, '', 5, 1458380717, 'test test', '', 1, '0', 0, 0, 0),
(640, NULL, 33, '', 5, 1458553517, 'test test', '', 1, '0', 0, 0, 0),
(641, NULL, 33, '', 5, 1458207917, 'test test', '', 1, '0', 0, 0, 0),
(642, NULL, 33, '', 5, 1458035117, 'test test', '', 1, '0', 0, 0, 0),
(643, NULL, 34, '', 5, 1458035117, 'test test', '', 1, '0', 0, 0, 0),
(644, NULL, 34, '', 5, 1458899117, 'test test', '', 1, '0', 0, 0, 0),
(645, NULL, 34, '', 4, 1458726317, 'test test', '', 1, '0', 0, 0, 0),
(646, NULL, 34, '', 5, 1458899117, 'test test', '', 1, '0', 0, 0, 0),
(647, NULL, 34, '', 5, 1458639917, 'test test', '', 1, '0', 0, 0, 0),
(648, NULL, 34, '', 4, 1458035117, 'test test', '', 1, '0', 0, 0, 0),
(649, NULL, 34, '', 5, 1458294317, 'test test', '', 1, '0', 0, 0, 0),
(650, NULL, 34, '', 4, 1458553517, 'test test', '', 1, '0', 0, 0, 0),
(651, NULL, 34, '', 5, 1458726317, 'test test', '', 1, '0', 0, 0, 0),
(652, NULL, 34, '', 5, 1458553517, 'test test', '', 1, '0', 0, 0, 0),
(653, NULL, 34, '', 5, 1458467117, 'test test', '', 1, '0', 0, 0, 0),
(654, NULL, 34, '', 5, 1458294317, 'test test', '', 1, '0', 0, 0, 0),
(655, NULL, 34, '', 5, 1458294317, 'test test', '', 1, '0', 0, 0, 0),
(656, NULL, 34, '', 5, 1458553517, 'test test', '', 1, '0', 0, 0, 0),
(657, NULL, 34, '', 5, 1458726317, 'test test', '', 1, '0', 0, 0, 0),
(658, NULL, 34, '', 5, 1458639917, 'test test', '', 1, '0', 0, 0, 0),
(659, NULL, 35, '', 5, 1458294317, 'test test', '', 1, '0', 0, 0, 0),
(660, NULL, 35, '', 5, 1458467117, 'test test', '', 1, '0', 0, 0, 0),
(661, NULL, 35, '', 5, 1458812717, 'test test', '', 1, '0', 0, 0, 0),
(662, NULL, 35, '', 4, 1458553517, 'test test', '', 1, '0', 0, 0, 0),
(663, NULL, 35, '', 5, 1458726317, 'test test', '', 1, '0', 0, 0, 0),
(664, NULL, 35, '', 5, 1458639917, 'test test', '', 1, '0', 0, 0, 0),
(665, NULL, 35, '', 4, 1458294317, 'test test', '', 1, '0', 0, 0, 0),
(666, NULL, 35, '', 5, 1458812717, 'test test', '', 1, '0', 0, 0, 0),
(667, NULL, 35, '', 5, 1458294317, 'test test', '', 1, '0', 0, 0, 0),
(668, NULL, 35, '', 5, 1458812717, 'test test', '', 1, '0', 0, 0, 0),
(669, NULL, 35, '', 4, 1458899117, 'test test', '', 1, '0', 0, 0, 0),
(670, NULL, 35, '', 5, 1458726317, 'test test', '', 1, '0', 0, 0, 0),
(671, NULL, 35, '', 5, 1458467117, 'test test', '', 1, '0', 0, 0, 0),
(672, NULL, 35, '', 5, 1458207917, 'test test', '', 1, '0', 0, 0, 0),
(673, NULL, 35, '', 5, 1458726317, 'test test', '', 1, '0', 0, 0, 0),
(674, NULL, 35, '', 5, 1458467117, 'test test', '', 1, '0', 0, 0, 0),
(675, NULL, 35, '', 5, 1458121517, 'test test', '', 1, '0', 0, 0, 0),
(676, NULL, 36, '', 5, 1458553517, 'test test', '', 1, '0', 0, 0, 0),
(677, NULL, 36, '', 5, 1458467117, 'test test', '', 1, '0', 0, 0, 0),
(678, NULL, 36, '', 5, 1458812717, 'test test', '', 1, '0', 0, 0, 0),
(679, NULL, 36, '', 5, 1458553517, 'test test', '', 1, '0', 0, 0, 0),
(680, NULL, 36, '', 5, 1458812717, 'test test', '', 1, '0', 0, 0, 0),
(681, NULL, 36, '', 4, 1458380717, 'test test', '', 1, '0', 0, 0, 0),
(682, NULL, 36, '', 5, 1458380717, 'test test', '', 1, '0', 0, 0, 0),
(683, NULL, 36, '', 5, 1458380717, 'test test', '', 1, '0', 0, 0, 0),
(684, NULL, 36, '', 5, 1458899117, 'test test', '', 1, '0', 0, 0, 0),
(685, NULL, 36, '', 5, 1458726317, 'test test', '', 1, '0', 0, 0, 0),
(686, NULL, 36, '', 5, 1458726317, 'test test', '', 1, '0', 0, 0, 0),
(687, NULL, 36, '', 5, 1458467117, 'test test', '', 1, '0', 0, 0, 0),
(688, NULL, 36, '', 5, 1458467117, 'test test', '', 1, '0', 0, 0, 0),
(689, NULL, 36, '', 5, 1458467117, 'test test', '', 1, '0', 0, 0, 0),
(690, NULL, 36, '', 5, 1458726317, 'test test', '', 1, '0', 0, 0, 0),
(691, NULL, 37, '', 5, 1458899117, 'test test', '', 1, '0', 0, 0, 0),
(692, NULL, 37, '', 4, 1458294317, 'test test', '', 1, '0', 0, 0, 0),
(693, NULL, 37, '', 4, 1458294317, 'test test', '', 1, '0', 0, 0, 0),
(694, NULL, 37, '', 5, 1458726317, 'test test', '', 1, '0', 0, 0, 0),
(695, NULL, 37, '', 5, 1458899117, 'test test', '', 1, '0', 0, 0, 0),
(696, NULL, 37, '', 5, 1458639917, 'test test', '', 1, '0', 0, 0, 0),
(697, NULL, 37, '', 5, 1458639917, 'test test', '', 1, '0', 0, 0, 0),
(698, NULL, 37, '', 5, 1458294317, 'test test', '', 1, '0', 0, 0, 0),
(699, NULL, 37, '', 5, 1458553517, 'test test', '', 1, '0', 0, 0, 0),
(700, NULL, 37, '', 5, 1458553517, 'test test', '', 1, '0', 0, 0, 0),
(701, NULL, 37, '', 5, 1458035117, 'test test', '', 1, '0', 0, 0, 0),
(702, NULL, 37, '', 5, 1458035117, 'test test', '', 1, '0', 0, 0, 0),
(703, NULL, 37, '', 5, 1458726317, 'test test', '', 1, '0', 0, 0, 0),
(704, NULL, 37, '', 5, 1458812717, 'test test', '', 1, '0', 0, 0, 0),
(705, NULL, 37, '', 5, 1458553517, 'test test', '', 1, '0', 0, 0, 0),
(706, NULL, 37, '', 5, 1458899117, 'test test', '', 1, '0', 0, 0, 0),
(707, NULL, 37, '', 5, 1458380717, 'test test', '', 1, '0', 0, 0, 0),
(708, NULL, 38, '', 5, 1458035117, 'test test', '', 1, '0', 0, 0, 0),
(709, NULL, 38, '', 4, 1458726317, 'test test', '', 1, '0', 0, 0, 0),
(710, NULL, 38, '', 5, 1458035117, 'test test', '', 1, '0', 0, 0, 0),
(711, NULL, 38, '', 4, 1458812717, 'test test', '', 1, '0', 0, 0, 0),
(712, NULL, 38, '', 5, 1458121517, 'test test', '', 1, '0', 0, 0, 0),
(713, NULL, 38, '', 5, 1458380717, 'test test', '', 1, '0', 0, 0, 0),
(714, NULL, 38, '', 5, 1458294317, 'test test', '', 1, '0', 0, 0, 0),
(715, NULL, 38, '', 5, 1458035117, 'test test', '', 1, '0', 0, 0, 0),
(716, NULL, 38, '', 5, 1458207917, 'test test', '', 1, '0', 0, 0, 0),
(717, NULL, 38, '', 5, 1458035117, 'test test', '', 1, '0', 0, 0, 0),
(718, NULL, 38, '', 5, 1458467117, 'test test', '', 1, '0', 0, 0, 0),
(719, NULL, 38, '', 5, 1458639917, 'test test', '', 1, '0', 0, 0, 0),
(720, NULL, 38, '', 5, 1458553517, 'test test', '', 1, '0', 0, 0, 0),
(721, NULL, 38, '', 5, 1458294317, 'test test', '', 1, '0', 0, 0, 0),
(722, NULL, 38, '', 5, 1458639917, 'test test', '', 1, '0', 0, 0, 0),
(723, NULL, 38, '', 5, 1458812717, 'test test', '', 1, '0', 0, 0, 0),
(724, NULL, 38, '', 5, 1458553517, 'test test', '', 1, '0', 0, 0, 0),
(725, NULL, 38, '', 5, 1458380717, 'test test', '', 1, '0', 0, 0, 0),
(726, NULL, 39, '', 4, 1458812717, 'test test', '', 1, '0', 0, 0, 0),
(727, NULL, 39, '', 4, 1458294317, 'test test', '', 1, '0', 0, 0, 0),
(728, NULL, 39, '', 5, 1458035117, 'test test', '', 1, '0', 0, 0, 0),
(729, NULL, 39, '', 5, 1458121517, 'test test', '', 1, '0', 0, 0, 0),
(730, NULL, 39, '', 5, 1458812717, 'test test', '', 1, '0', 0, 0, 0),
(731, NULL, 39, '', 5, 1458639917, 'test test', '', 1, '0', 0, 0, 0);
INSERT INTO `xc_reviews` (`id`, `profile_id`, `product_id`, `review`, `rating`, `additionDate`, `reviewerName`, `email`, `status`, `ip`, `useForMeta`, `isNew`, `xcPendingExport`) VALUES
(732, NULL, 39, '', 4, 1458207917, 'test test', '', 1, '0', 0, 0, 0),
(733, NULL, 39, '', 5, 1458812717, 'test test', '', 1, '0', 0, 0, 0),
(734, NULL, 39, '', 5, 1458380717, 'test test', '', 1, '0', 0, 0, 0),
(735, NULL, 39, '', 5, 1458035117, 'test test', '', 1, '0', 0, 0, 0),
(736, NULL, 39, '', 5, 1458380717, 'test test', '', 1, '0', 0, 0, 0),
(737, NULL, 39, '', 5, 1458380717, 'test test', '', 1, '0', 0, 0, 0),
(738, NULL, 39, '', 5, 1458380717, 'test test', '', 1, '0', 0, 0, 0),
(739, NULL, 39, '', 5, 1458467117, 'test test', '', 1, '0', 0, 0, 0),
(740, NULL, 39, '', 5, 1458121517, 'test test', '', 1, '0', 0, 0, 0),
(741, NULL, 39, '', 5, 1458467117, 'test test', '', 1, '0', 0, 0, 0),
(742, NULL, 39, '', 5, 1458294317, 'test test', '', 1, '0', 0, 0, 0),
(743, NULL, 39, '', 5, 1458294317, 'test test', '', 1, '0', 0, 0, 0),
(744, NULL, 39, '', 5, 1458812717, 'test test', '', 1, '0', 0, 0, 0),
(745, NULL, 39, '', 5, 1458553517, 'test test', '', 1, '0', 0, 0, 0),
(746, NULL, 39, '', 5, 1458380717, 'test test', '', 1, '0', 0, 0, 0),
(747, NULL, 40, '', 4, 1458121517, 'test test', '', 1, '0', 0, 0, 0),
(748, NULL, 40, '', 4, 1458639917, 'test test', '', 1, '0', 0, 0, 0),
(749, NULL, 40, '', 5, 1458899117, 'test test', '', 1, '0', 0, 0, 0),
(750, NULL, 40, '', 4, 1458726317, 'test test', '', 1, '0', 0, 0, 0),
(751, NULL, 40, '', 5, 1458207917, 'test test', '', 1, '0', 0, 0, 0),
(752, NULL, 40, '', 5, 1458207917, 'test test', '', 1, '0', 0, 0, 0),
(753, NULL, 40, '', 5, 1458467117, 'test test', '', 1, '0', 0, 0, 0),
(754, NULL, 40, '', 5, 1458121517, 'test test', '', 1, '0', 0, 0, 0),
(755, NULL, 40, '', 5, 1458812717, 'test test', '', 1, '0', 0, 0, 0),
(756, NULL, 40, '', 5, 1458899117, 'test test', '', 1, '0', 0, 0, 0),
(757, NULL, 40, '', 5, 1458035117, 'test test', '', 1, '0', 0, 0, 0),
(758, NULL, 40, '', 5, 1458121517, 'test test', '', 1, '0', 0, 0, 0),
(759, NULL, 40, '', 5, 1458899117, 'test test', '', 1, '0', 0, 0, 0),
(760, NULL, 40, '', 5, 1458207917, 'test test', '', 1, '0', 0, 0, 0),
(761, NULL, 40, '', 5, 1458899117, 'test test', '', 1, '0', 0, 0, 0),
(762, NULL, 41, '', 4, 1458639917, 'test test', '', 1, '0', 0, 0, 0),
(763, NULL, 41, '', 5, 1458380717, 'test test', '', 1, '0', 0, 0, 0),
(764, NULL, 41, '', 5, 1458812717, 'test test', '', 1, '0', 0, 0, 0),
(765, NULL, 41, '', 5, 1458121517, 'test test', '', 1, '0', 0, 0, 0),
(766, NULL, 41, '', 5, 1458467117, 'test test', '', 1, '0', 0, 0, 0),
(767, NULL, 41, '', 5, 1458207917, 'test test', '', 1, '0', 0, 0, 0),
(768, NULL, 41, '', 5, 1458467117, 'test test', '', 1, '0', 0, 0, 0),
(769, NULL, 41, '', 4, 1458899117, 'test test', '', 1, '0', 0, 0, 0),
(770, NULL, 41, '', 5, 1458639917, 'test test', '', 1, '0', 0, 0, 0),
(771, NULL, 41, '', 4, 1458553517, 'test test', '', 1, '0', 0, 0, 0),
(772, NULL, 41, '', 5, 1458380717, 'test test', '', 1, '0', 0, 0, 0),
(773, NULL, 41, '', 5, 1458035117, 'test test', '', 1, '0', 0, 0, 0),
(774, NULL, 41, '', 5, 1458812717, 'test test', '', 1, '0', 0, 0, 0),
(775, NULL, 41, '', 5, 1458294317, 'test test', '', 1, '0', 0, 0, 0),
(776, NULL, 41, '', 5, 1458553517, 'test test', '', 1, '0', 0, 0, 0),
(777, NULL, 41, '', 5, 1458207917, 'test test', '', 1, '0', 0, 0, 0),
(778, NULL, 41, '', 5, 1458380717, 'test test', '', 1, '0', 0, 0, 0),
(779, NULL, 41, '', 5, 1458294317, 'test test', '', 1, '0', 0, 0, 0),
(780, NULL, 41, '', 5, 1458207917, 'test test', '', 1, '0', 0, 0, 0),
(781, NULL, 41, '', 5, 1458207917, 'test test', '', 1, '0', 0, 0, 0),
(782, NULL, 41, '', 5, 1458553517, 'test test', '', 1, '0', 0, 0, 0),
(783, NULL, 42, '', 5, 1458380717, 'test test', '', 1, '0', 0, 0, 0),
(784, NULL, 42, '', 4, 1458639917, 'test test', '', 1, '0', 0, 0, 0),
(785, NULL, 42, '', 5, 1458726317, 'test test', '', 1, '0', 0, 0, 0),
(786, NULL, 42, '', 5, 1458207917, 'test test', '', 1, '0', 0, 0, 0),
(787, NULL, 42, '', 5, 1458553517, 'test test', '', 1, '0', 0, 0, 0),
(788, NULL, 42, '', 5, 1458726317, 'test test', '', 1, '0', 0, 0, 0),
(789, NULL, 42, '', 5, 1458294317, 'test test', '', 1, '0', 0, 0, 0),
(790, NULL, 42, '', 5, 1458553517, 'test test', '', 1, '0', 0, 0, 0),
(791, NULL, 42, '', 5, 1458899117, 'test test', '', 1, '0', 0, 0, 0),
(792, NULL, 42, '', 5, 1458294317, 'test test', '', 1, '0', 0, 0, 0),
(793, NULL, 42, '', 5, 1458207917, 'test test', '', 1, '0', 0, 0, 0),
(794, NULL, 42, '', 5, 1458380717, 'test test', '', 1, '0', 0, 0, 0),
(795, NULL, 42, '', 5, 1458121517, 'test test', '', 1, '0', 0, 0, 0),
(796, NULL, 42, '', 5, 1458294317, 'test test', '', 1, '0', 0, 0, 0),
(797, NULL, 42, '', 5, 1458812717, 'test test', '', 1, '0', 0, 0, 0);

-- --------------------------------------------------------

--
-- Table structure for table `xc_roles`
--

DROP TABLE IF EXISTS `xc_roles`;
CREATE TABLE IF NOT EXISTS `xc_roles` (
  `id` int(10) UNSIGNED NOT NULL AUTO_INCREMENT,
  `enabled` tinyint(1) NOT NULL,
  PRIMARY KEY (`id`)
) ENGINE=InnoDB AUTO_INCREMENT=5 DEFAULT CHARSET=utf8 COLLATE=utf8_unicode_ci;

--
-- Dumping data for table `xc_roles`
--

INSERT INTO `xc_roles` (`id`, `enabled`) VALUES
(1, 1),
(2, 1),
(3, 1),
(4, 1);

-- --------------------------------------------------------

--
-- Table structure for table `xc_role_permissions`
--

DROP TABLE IF EXISTS `xc_role_permissions`;
CREATE TABLE IF NOT EXISTS `xc_role_permissions` (
  `permission_id` int(10) UNSIGNED NOT NULL,
  `role_id` int(10) UNSIGNED NOT NULL,
  PRIMARY KEY (`permission_id`,`role_id`),
  KEY `IDX_194D50124FED90CCA` (`permission_id`),
  KEY `IDX_194D50124D60322AC` (`role_id`)
) ENGINE=InnoDB DEFAULT CHARSET=utf8 COLLATE=utf8_unicode_ci;

--
-- Dumping data for table `xc_role_permissions`
--

INSERT INTO `xc_role_permissions` (`permission_id`, `role_id`) VALUES
(1, 1),
(8, 2),
(9, 3),
(10, 3),
(11, 4);

-- --------------------------------------------------------

--
-- Table structure for table `xc_role_translations`
--

DROP TABLE IF EXISTS `xc_role_translations`;
CREATE TABLE IF NOT EXISTS `xc_role_translations` (
  `label_id` int(11) NOT NULL AUTO_INCREMENT,
  `id` int(10) UNSIGNED DEFAULT NULL,
  `name` varchar(255) COLLATE utf8_unicode_ci NOT NULL,
  `code` char(2) COLLATE utf8_unicode_ci NOT NULL,
  PRIMARY KEY (`label_id`),
  KEY `IDX_127007A52BF396750` (`id`)
) ENGINE=InnoDB AUTO_INCREMENT=9 DEFAULT CHARSET=utf8 COLLATE=utf8_unicode_ci;

--
-- Dumping data for table `xc_role_translations`
--

INSERT INTO `xc_role_translations` (`label_id`, `id`, `name`, `code`) VALUES
(1, 1, 'Administrator', 'en'),
(2, 1, 'Administrator', 'ru'),
(3, 2, 'Coupons management', 'en'),
(4, 2, 'Управление купонами', 'ru'),
(5, 3, 'Content management', 'en'),
(6, 3, 'Управлением контентом', 'ru'),
(7, 4, 'Volume discounts management', 'en'),
(8, 4, 'Управление скидками', 'ru');

-- --------------------------------------------------------

--
-- Table structure for table `xc_sales_taxes`
--

DROP TABLE IF EXISTS `xc_sales_taxes`;
CREATE TABLE IF NOT EXISTS `xc_sales_taxes` (
  `id` int(10) UNSIGNED NOT NULL AUTO_INCREMENT,
  `enabled` tinyint(1) NOT NULL,
  PRIMARY KEY (`id`)
) ENGINE=InnoDB DEFAULT CHARSET=utf8 COLLATE=utf8_unicode_ci;

-- --------------------------------------------------------

--
-- Table structure for table `xc_sales_tax_rates`
--

DROP TABLE IF EXISTS `xc_sales_tax_rates`;
CREATE TABLE IF NOT EXISTS `xc_sales_tax_rates` (
  `id` int(10) UNSIGNED NOT NULL AUTO_INCREMENT,
  `tax_id` int(10) UNSIGNED DEFAULT NULL,
  `zone_id` int(11) DEFAULT NULL,
  `tax_class_id` int(10) UNSIGNED DEFAULT NULL,
  `membership_id` int(10) UNSIGNED DEFAULT NULL,
  `value` decimal(14,4) NOT NULL,
  `type` char(1) COLLATE utf8_unicode_ci NOT NULL,
  `position` int(11) NOT NULL,
  `noTaxClass` tinyint(1) NOT NULL,
  `taxableBase` varchar(16) COLLATE utf8_unicode_ci NOT NULL,
  PRIMARY KEY (`id`),
  KEY `IDX_11ACD2E0EB2A824D8` (`tax_id`),
  KEY `IDX_11ACD2E0E9F2C3FAB` (`zone_id`),
  KEY `IDX_11ACD2E0EA94AAAE` (`tax_class_id`),
  KEY `IDX_11ACD2E0E1FB354CD` (`membership_id`)
) ENGINE=InnoDB DEFAULT CHARSET=utf8 COLLATE=utf8_unicode_ci;

-- --------------------------------------------------------

--
-- Table structure for table `xc_sales_tax_translations`
--

DROP TABLE IF EXISTS `xc_sales_tax_translations`;
CREATE TABLE IF NOT EXISTS `xc_sales_tax_translations` (
  `label_id` int(11) NOT NULL AUTO_INCREMENT,
  `id` int(10) UNSIGNED DEFAULT NULL,
  `name` varchar(255) COLLATE utf8_unicode_ci NOT NULL,
  `code` char(2) COLLATE utf8_unicode_ci NOT NULL,
  PRIMARY KEY (`label_id`),
  KEY `ci` (`code`,`id`),
  KEY `id` (`id`)
) ENGINE=InnoDB DEFAULT CHARSET=utf8 COLLATE=utf8_unicode_ci;

-- --------------------------------------------------------

--
-- Table structure for table `xc_search_cache`
--

DROP TABLE IF EXISTS `xc_search_cache`;
CREATE TABLE IF NOT EXISTS `xc_search_cache` (
  `id` int(10) UNSIGNED NOT NULL AUTO_INCREMENT,
  `keyValue` varchar(32) COLLATE utf8_unicode_ci NOT NULL,
  `resultValue` longtext COLLATE utf8_unicode_ci NOT NULL COMMENT '(DC2Type:array)',
  `actualTime` int(10) UNSIGNED NOT NULL,
  PRIMARY KEY (`id`),
  KEY `key_index` (`keyValue`),
  KEY `time_index` (`actualTime`)
) ENGINE=InnoDB DEFAULT CHARSET=utf8 COLLATE=utf8_unicode_ci;

-- --------------------------------------------------------

--
-- Table structure for table `xc_search_filters`
--

DROP TABLE IF EXISTS `xc_search_filters`;
CREATE TABLE IF NOT EXISTS `xc_search_filters` (
  `id` int(11) NOT NULL AUTO_INCREMENT,
  `filterKey` varchar(255) COLLATE utf8_unicode_ci NOT NULL,
  `parameters` longtext COLLATE utf8_unicode_ci NOT NULL COMMENT '(DC2Type:array)',
  PRIMARY KEY (`id`),
  KEY `filterKey` (`filterKey`)
) ENGINE=InnoDB AUTO_INCREMENT=3 DEFAULT CHARSET=utf8 COLLATE=utf8_unicode_ci;

--
-- Dumping data for table `xc_search_filters`
--

INSERT INTO `xc_search_filters` (`id`, `filterKey`, `parameters`) VALUES
(1, 'search-filter-order_list', 'a:2:{s:13:"paymentStatus";a:3:{i:0;i:1;i:1;i:2;i:2;i:3;}s:14:"shippingStatus";a:0:{}}'),
(2, 'search-filter-order_list', 'a:2:{s:13:"paymentStatus";a:1:{i:0;i:4;}s:14:"shippingStatus";a:2:{i:0;i:1;i:1;i:2;}}');

-- --------------------------------------------------------

--
-- Table structure for table `xc_search_filter_translations`
--

DROP TABLE IF EXISTS `xc_search_filter_translations`;
CREATE TABLE IF NOT EXISTS `xc_search_filter_translations` (
  `label_id` int(11) NOT NULL AUTO_INCREMENT,
  `id` int(11) DEFAULT NULL,
  `name` varchar(255) COLLATE utf8_unicode_ci NOT NULL,
  `code` char(2) COLLATE utf8_unicode_ci NOT NULL,
  PRIMARY KEY (`label_id`),
  KEY `IDX_15D64D191BF396750` (`id`),
  KEY `name` (`name`)
) ENGINE=InnoDB AUTO_INCREMENT=5 DEFAULT CHARSET=utf8 COLLATE=utf8_unicode_ci;

--
-- Dumping data for table `xc_search_filter_translations`
--

INSERT INTO `xc_search_filter_translations` (`label_id`, `id`, `name`, `code`) VALUES
(1, 1, 'Unpaid', 'en'),
(2, 1, 'Не оплаченные', 'ru'),
(3, 2, 'Paid but not shipped', 'en'),
(4, 2, 'Оплаченные', 'ru');

-- --------------------------------------------------------

--
-- Table structure for table `xc_sessions`
--

DROP TABLE IF EXISTS `xc_sessions`;
CREATE TABLE IF NOT EXISTS `xc_sessions` (
  `id` int(11) NOT NULL AUTO_INCREMENT,
  `sid` char(32) COLLATE utf8_unicode_ci NOT NULL,
  `expiry` int(10) UNSIGNED NOT NULL,
  PRIMARY KEY (`id`),
  UNIQUE KEY `sid` (`sid`),
  KEY `expiry` (`expiry`)
) ENGINE=InnoDB AUTO_INCREMENT=5 DEFAULT CHARSET=utf8 COLLATE=utf8_unicode_ci;

--
-- Dumping data for table `xc_sessions`
--

INSERT INTO `xc_sessions` (`id`, `sid`, `expiry`) VALUES
(1, 'wzqvPuiKslfBk4DWy9d3eXbmiHcR1SWP', 1478870325),
(3, 'RzH08wFZxEOm1ucJssHCWX86GFDMrmhz', 1478309323),
(4, 'cKq7OBLAIfJraw4YT4ECfX0LbN3Bh6Sr', 1478309603);

-- --------------------------------------------------------

--
-- Table structure for table `xc_session_cells`
--

DROP TABLE IF EXISTS `xc_session_cells`;
CREATE TABLE IF NOT EXISTS `xc_session_cells` (
  `cell_id` int(11) NOT NULL AUTO_INCREMENT,
  `id` int(11) DEFAULT NULL,
  `name` varchar(255) COLLATE utf8_unicode_ci NOT NULL,
  `value` longtext COLLATE utf8_unicode_ci NOT NULL,
  `type` varchar(16) COLLATE utf8_unicode_ci NOT NULL,
  PRIMARY KEY (`cell_id`),
  UNIQUE KEY `iname` (`id`,`name`),
  KEY `id` (`id`)
) ENGINE=InnoDB AUTO_INCREMENT=26 DEFAULT CHARSET=utf8 COLLATE=utf8_unicode_ci;

--
-- Dumping data for table `xc_session_cells`
--

INSERT INTO `xc_session_cells` (`cell_id`, `id`, `name`, `value`, `type`) VALUES
(1, 1, 'language', 'a:1:{s:8:"customer";s:2:"en";}', 'array'),
(4, 3, 'language', 'a:1:{s:5:"admin";s:2:"en";}', 'array'),
(6, 3, 'profile_id', '7', 'integer'),
(7, 3, 'forceChangePassword', '', 'boolean'),
(9, 3, 'XLiteViewItemsListModelOrderAdminRecentBlock', 'a:19:{s:6:"sortBy";s:6:"o.date";s:9:"sortOrder";s:4:"desc";s:11:"orderNumber";N;s:5:"login";s:0:"";s:13:"paymentStatus";N;s:14:"shippingStatus";N;s:4:"date";N;s:9:"dateRange";N;s:9:"substring";N;s:9:"profileId";N;s:11:"accessLevel";N;s:7:"zipcode";N;s:12:"customerName";N;s:13:"transactionID";N;s:6:"recent";N;s:3:"sku";N;s:14:"searchFilterId";N;s:6:"pageId";i:1;s:12:"itemsPerPage";i:5;}', 'array'),
(10, 3, 'XLiteViewItemsListModelOrderAdminRecentBlock_processed', 'O:21:"XLite\\Core\\CommonCell":1:{s:13:"\0*\0properties";a:2:{s:6:"recent";i:1;s:7:"orderBy";a:2:{i:0;a:2:{i:0;s:6:"o.date";i:1;s:10:"o.order_id";}i:1;a:2:{i:0;s:4:"DESC";i:1;s:4:"DESC";}}}}', 'object'),
(11, 3, 'XLiteViewItemsListModelProductAdminLowInventoryBlock', 'a:4:{s:6:"sortBy";s:17:"translations.name";s:9:"sortOrder";s:3:"asc";s:6:"pageId";i:1;s:12:"itemsPerPage";i:5;}', 'array'),
(12, 3, 'XLiteViewItemsListModelProductAdminLowInventoryBlock_processed', 'O:21:"XLite\\Core\\CommonCell":1:{s:13:"\0*\0properties";a:2:{s:7:"orderBy";a:1:{i:0;s:8:"p.amount";}s:9:"inventory";s:3:"low";}}', 'object'),
(13, 3, 'XLiteViewPagerAdminModelBlock_XLiteControllerAdminMain', 'a:2:{s:6:"pageId";i:1;s:12:"itemsPerPage";i:5;}', 'array'),
(14, 3, 'XLiteViewItemsListModelProductAdminTopSellers', 'a:4:{s:6:"sortBy";s:17:"translations.name";s:9:"sortOrder";s:3:"asc";s:6:"pageId";i:1;s:12:"itemsPerPage";i:5;}', 'array'),
(15, 3, 'XLiteViewItemsListModelProductAdminTopSellers_processed', 'O:21:"XLite\\Core\\CommonCell":1:{s:13:"\0*\0properties";a:2:{s:4:"date";a:2:{i:0;i:0;i:1;i:0;}s:5:"limit";s:1:"5";}}', 'object'),
(16, 3, 'hide_welcome_block_paypal', '1', 'integer'),
(17, 3, 'XLiteViewItemsListModelOrderAdminSearch', 'a:19:{s:6:"sortBy";s:6:"o.date";s:9:"sortOrder";s:4:"desc";s:11:"orderNumber";N;s:5:"login";s:0:"";s:13:"paymentStatus";N;s:14:"shippingStatus";N;s:4:"date";N;s:9:"dateRange";N;s:9:"substring";N;s:9:"profileId";N;s:11:"accessLevel";N;s:7:"zipcode";N;s:12:"customerName";N;s:13:"transactionID";N;s:6:"recent";N;s:3:"sku";N;s:14:"searchFilterId";N;s:6:"pageId";i:1;s:12:"itemsPerPage";i:25;}', 'array'),
(18, 3, 'XLiteViewItemsListModelOrderAdminSearch_processed', 'O:21:"XLite\\Core\\CommonCell":1:{s:13:"\0*\0properties";a:14:{s:11:"orderNumber";N;s:5:"email";s:0:"";s:13:"paymentStatus";N;s:14:"shippingStatus";N;s:4:"date";N;s:9:"dateRange";N;s:9:"substring";N;s:11:"accessLevel";N;s:7:"zipcode";N;s:12:"customerName";N;s:13:"transactionID";N;s:6:"recent";N;s:3:"sku";N;s:7:"orderBy";a:2:{i:0;s:6:"o.date";i:1;s:4:"desc";}}}', 'object'),
(19, 3, 'XLiteViewPagerAdminModelTable_XLiteControllerAdminOrderList', 'a:2:{s:6:"pageId";i:1;s:12:"itemsPerPage";i:25;}', 'array'),
(20, 4, 'continueShoppingURL', 'a:1:{s:6:"target";s:4:"main";}', 'array'),
(21, 4, 'productListURL', '?target=main', 'string'),
(22, 4, 'language', 'a:2:{s:8:"customer";s:2:"en";s:5:"admin";s:2:"en";}', 'array'),
(23, 4, 'XLiteModuleCDevFeaturedProductsViewCustomerFeaturedProducts', 'a:6:{s:6:"sortBy";s:10:"cp.orderby";s:9:"sortOrder";s:3:"asc";s:11:"displayMode";s:4:"grid";s:11:"category_id";i:1;s:6:"pageId";i:1;s:12:"itemsPerPage";i:1000000000;}', 'array'),
(24, 4, 'XLiteModuleCDevBestsellersViewBestsellers', 'a:6:{s:6:"sortBy";s:17:"translations.name";s:9:"sortOrder";s:3:"asc";s:11:"displayMode";s:4:"grid";s:11:"category_id";i:0;s:6:"pageId";i:1;s:12:"itemsPerPage";i:0;}', 'array'),
(25, 4, 'lastWorkingURL', 'admin.php?target=main', 'string');

-- --------------------------------------------------------

--
-- Table structure for table `xc_shipping_markups`
--

DROP TABLE IF EXISTS `xc_shipping_markups`;
CREATE TABLE IF NOT EXISTS `xc_shipping_markups` (
  `markup_id` int(11) NOT NULL AUTO_INCREMENT,
  `method_id` int(11) DEFAULT NULL,
  `zone_id` int(11) DEFAULT NULL,
  `min_weight` decimal(14,2) NOT NULL,
  `max_weight` decimal(14,2) NOT NULL,
  `min_total` decimal(14,2) NOT NULL,
  `max_total` decimal(14,2) NOT NULL,
  `min_items` decimal(14,0) NOT NULL,
  `max_items` decimal(14,0) NOT NULL,
  `markup_flat` decimal(14,2) NOT NULL,
  `markup_percent` decimal(14,2) NOT NULL,
  `markup_per_item` decimal(14,2) NOT NULL,
  `markup_per_weight` decimal(14,2) NOT NULL,
  PRIMARY KEY (`markup_id`),
  KEY `IDX_12BE8DC419883967` (`method_id`),
  KEY `IDX_12BE8DC49F2C3FAB` (`zone_id`),
  KEY `rate` (`method_id`,`zone_id`,`min_weight`,`min_total`,`min_items`),
  KEY `max_weight` (`max_weight`),
  KEY `max_total` (`max_total`),
  KEY `max_items` (`max_items`),
  KEY `markup_flat` (`markup_flat`),
  KEY `markup_per_item` (`markup_per_item`),
  KEY `markup_percent` (`markup_percent`),
  KEY `markup_per_weight` (`markup_per_weight`)
) ENGINE=InnoDB AUTO_INCREMENT=11 DEFAULT CHARSET=utf8 COLLATE=utf8_unicode_ci;

--
-- Dumping data for table `xc_shipping_markups`
--

INSERT INTO `xc_shipping_markups` (`markup_id`, `method_id`, `zone_id`, `min_weight`, `max_weight`, `min_total`, `max_total`, `min_items`, `max_items`, `markup_flat`, `markup_percent`, `markup_per_item`, `markup_per_weight`) VALUES
(1, 52, 1, '0.00', '999999999.00', '0.00', '999999999.00', '0', '999999999', '0.00', '0.00', '0.00', '0.00'),
(2, 53, 1, '0.00', '999999999.00', '0.00', '999999999.00', '0', '999999999', '0.00', '0.00', '0.00', '0.00'),
(3, 127, 2, '0.00', '999999999.00', '0.00', '999999999.00', '0', '999999999', '2.45', '1.50', '0.00', '0.00'),
(4, 127, 3, '0.00', '999999999.00', '0.00', '999999999.00', '0', '999999999', '2.50', '1.50', '0.00', '0.00'),
(5, 127, 1, '0.00', '999999999.00', '0.00', '999999999.00', '0', '999999999', '5.50', '1.75', '0.00', '0.00'),
(6, 128, 2, '0.00', '999999999.00', '0.00', '999999999.00', '0', '999999999', '3.45', '1.75', '0.00', '0.00'),
(7, 128, 3, '0.00', '999999999.00', '0.00', '999999999.00', '0', '999999999', '3.50', '1.75', '0.00', '0.00'),
(8, 128, 1, '0.00', '999999999.00', '0.00', '999999999.00', '0', '999999999', '6.50', '1.85', '0.00', '0.00'),
(9, 129, 2, '0.00', '999999999.00', '0.00', '999999999.00', '0', '999999999', '100.00', '10.00', '0.00', '0.00'),
(10, 130, 1, '0.00', '999999999.00', '0.00', '999999999.00', '0', '999999999', '0.00', '0.00', '0.00', '0.00');

-- --------------------------------------------------------

--
-- Table structure for table `xc_shipping_methods`
--

DROP TABLE IF EXISTS `xc_shipping_methods`;
CREATE TABLE IF NOT EXISTS `xc_shipping_methods` (
  `method_id` int(11) NOT NULL AUTO_INCREMENT,
  `tax_class_id` int(10) UNSIGNED DEFAULT NULL,
  `onDemand` tinyint(1) NOT NULL,
  `free` tinyint(1) NOT NULL,
  `processor` varchar(255) COLLATE utf8_unicode_ci NOT NULL,
  `carrier` varchar(255) COLLATE utf8_unicode_ci NOT NULL,
  `code` varchar(255) COLLATE utf8_unicode_ci NOT NULL,
  `enabled` tinyint(1) NOT NULL,
  `position` int(11) NOT NULL,
  `added` tinyint(1) NOT NULL,
  `moduleName` varchar(255) COLLATE utf8_unicode_ci NOT NULL,
  `fromMarketplace` tinyint(1) NOT NULL,
  `iconURL` varchar(255) COLLATE utf8_unicode_ci DEFAULT NULL,
  `tableType` char(3) COLLATE utf8_unicode_ci DEFAULT NULL,
  `handlingFee` decimal(14,4) NOT NULL,
  PRIMARY KEY (`method_id`),
  KEY `IDX_13BC5646FA94AAAE` (`tax_class_id`),
  KEY `processor` (`processor`),
  KEY `carrier` (`carrier`),
  KEY `enabled` (`enabled`),
  KEY `position` (`position`)
) ENGINE=InnoDB AUTO_INCREMENT=135 DEFAULT CHARSET=utf8 COLLATE=utf8_unicode_ci;

--
-- Dumping data for table `xc_shipping_methods`
--

INSERT INTO `xc_shipping_methods` (`method_id`, `tax_class_id`, `onDemand`, `free`, `processor`, `carrier`, `code`, `enabled`, `position`, `added`, `moduleName`, `fromMarketplace`, `iconURL`, `tableType`, `handlingFee`) VALUES
(1, NULL, 0, 0, 'fedex', '', '', 0, 0, 0, 'CDev_FedEx', 0, NULL, NULL, '0.0000'),
(2, NULL, 0, 0, 'fedex', 'fedex', 'EUROPE_FIRST_INTERNATIONAL_PRIORITY', 1, 10, 0, '', 0, NULL, NULL, '0.0000'),
(3, NULL, 0, 0, 'fedex', 'fedex', 'FEDEX_1_DAY_FREIGHT', 1, 20, 0, '', 0, NULL, NULL, '0.0000'),
(4, NULL, 0, 0, 'fedex', 'fedex', 'FEDEX_2_DAY', 1, 30, 0, '', 0, NULL, NULL, '0.0000'),
(5, NULL, 0, 0, 'fedex', 'fedex', 'FEDEX_2_DAY_AM', 1, 40, 0, '', 0, NULL, NULL, '0.0000'),
(6, NULL, 0, 0, 'fedex', 'fedex', 'FEDEX_2_DAY_FREIGHT', 1, 50, 0, '', 0, NULL, NULL, '0.0000'),
(7, NULL, 0, 0, 'fedex', 'fedex', 'FEDEX_3_DAY_FREIGHT', 1, 60, 0, '', 0, NULL, NULL, '0.0000'),
(8, NULL, 0, 0, 'fedex', 'fedex', 'FEDEX_EXPRESS_SAVER', 1, 70, 0, '', 0, NULL, NULL, '0.0000'),
(9, NULL, 0, 0, 'fedex', 'fedex', 'FEDEX_FIRST_FREIGHT', 1, 80, 0, '', 0, NULL, NULL, '0.0000'),
(10, NULL, 0, 0, 'fedex', 'fedex', 'FEDEX_GROUND', 1, 90, 0, '', 0, NULL, NULL, '0.0000'),
(11, NULL, 0, 0, 'fedex', 'fedex', 'FIRST_OVERNIGHT', 1, 100, 0, '', 0, NULL, NULL, '0.0000'),
(12, NULL, 0, 0, 'fedex', 'fedex', 'GROUND_HOME_DELIVERY', 1, 110, 0, '', 0, NULL, NULL, '0.0000'),
(13, NULL, 0, 0, 'fedex', 'fedex', 'INTERNATIONAL_DISTRIBUTION_FREIGHT', 1, 120, 0, '', 0, NULL, NULL, '0.0000'),
(14, NULL, 0, 0, 'fedex', 'fedex', 'INTERNATIONAL_ECONOMY', 1, 130, 0, '', 0, NULL, NULL, '0.0000'),
(15, NULL, 0, 0, 'fedex', 'fedex', 'INTERNATIONAL_ECONOMY_DISTRIBUTION', 1, 140, 0, '', 0, NULL, NULL, '0.0000'),
(16, NULL, 0, 0, 'fedex', 'fedex', 'INTERNATIONAL_ECONOMY_FREIGHT', 1, 150, 0, '', 0, NULL, NULL, '0.0000'),
(17, NULL, 0, 0, 'fedex', 'fedex', 'INTERNATIONAL_FIRST', 1, 160, 0, '', 0, NULL, NULL, '0.0000'),
(18, NULL, 0, 0, 'fedex', 'fedex', 'INTERNATIONAL_PRIORITY', 1, 170, 0, '', 0, NULL, NULL, '0.0000'),
(19, NULL, 0, 0, 'fedex', 'fedex', 'INTERNATIONAL_PRIORITY_DISTRIBUTION', 1, 180, 0, '', 0, NULL, NULL, '0.0000'),
(20, NULL, 0, 0, 'fedex', 'fedex', 'INTERNATIONAL_PRIORITY_FREIGHT', 1, 190, 0, '', 0, NULL, NULL, '0.0000'),
(21, NULL, 0, 0, 'fedex', 'fedex', 'PRIORITY_OVERNIGHT', 1, 200, 0, '', 0, NULL, NULL, '0.0000'),
(22, NULL, 0, 0, 'fedex', 'fedex', 'SMART_POST', 1, 210, 0, '', 0, NULL, NULL, '0.0000'),
(23, NULL, 0, 0, 'fedex', 'fedex', 'STANDARD_OVERNIGHT', 1, 220, 0, '', 0, NULL, NULL, '0.0000'),
(24, NULL, 0, 0, 'ups', '', '', 0, 0, 0, 'XC_UPS', 0, NULL, NULL, '0.0000'),
(25, NULL, 0, 0, 'ups', 'ups', 'NDA', 1, 10, 0, '', 0, NULL, NULL, '0.0000'),
(26, NULL, 0, 0, 'ups', 'ups', '2DA', 1, 20, 0, '', 0, NULL, NULL, '0.0000'),
(27, NULL, 0, 0, 'ups', 'ups', 'GND', 1, 30, 0, '', 0, NULL, NULL, '0.0000'),
(28, NULL, 0, 0, 'ups', 'ups', 'WEXP', 1, 40, 0, '', 0, NULL, NULL, '0.0000'),
(29, NULL, 0, 0, 'ups', 'ups', 'WEXD', 1, 50, 0, '', 0, NULL, NULL, '0.0000'),
(30, NULL, 0, 0, 'ups', 'ups', 'STD', 1, 60, 0, '', 0, NULL, NULL, '0.0000'),
(31, NULL, 0, 0, 'ups', 'ups', '3DS', 1, 70, 0, '', 0, NULL, NULL, '0.0000'),
(32, NULL, 0, 0, 'ups', 'ups', 'NDAS', 1, 80, 0, '', 0, NULL, NULL, '0.0000'),
(33, NULL, 0, 0, 'ups', 'ups', 'NDAE', 1, 90, 0, '', 0, NULL, NULL, '0.0000'),
(34, NULL, 0, 0, 'ups', 'ups', 'WEXPP', 1, 100, 0, '', 0, NULL, NULL, '0.0000'),
(35, NULL, 0, 0, 'ups', 'ups', '2DAAM', 1, 110, 0, '', 0, NULL, NULL, '0.0000'),
(36, NULL, 0, 0, 'ups', 'ups', 'SAV', 1, 120, 0, '', 0, NULL, NULL, '0.0000'),
(37, NULL, 0, 0, 'ups', 'ups', 'TSTD', 1, 130, 0, '', 0, NULL, NULL, '0.0000'),
(38, NULL, 0, 0, 'ups', 'ups', 'TDC', 1, 140, 0, '', 0, NULL, NULL, '0.0000'),
(39, NULL, 0, 0, 'ups', 'ups', 'TI', 1, 150, 0, '', 0, NULL, NULL, '0.0000'),
(40, NULL, 0, 0, 'ups', 'ups', 'TEXP', 1, 160, 0, '', 0, NULL, NULL, '0.0000'),
(41, NULL, 0, 0, 'ups', 'ups', 'TEXPS', 1, 170, 0, '', 0, NULL, NULL, '0.0000'),
(42, NULL, 0, 0, 'ups', 'ups', 'WEXPF', 1, 180, 0, '', 0, NULL, NULL, '0.0000'),
(43, NULL, 0, 0, 'ups', 'ups', 'EXP', 1, 190, 0, '', 0, NULL, NULL, '0.0000'),
(44, NULL, 0, 0, 'ups', 'ups', 'EXPP', 1, 200, 0, '', 0, NULL, NULL, '0.0000'),
(45, NULL, 0, 0, 'ups', 'ups', 'EXDSM', 1, 210, 0, '', 0, NULL, NULL, '0.0000'),
(46, NULL, 0, 0, 'ups', 'ups', 'WEXDSM', 1, 220, 0, '', 0, NULL, NULL, '0.0000'),
(47, NULL, 0, 0, 'ups', 'ups', 'WEXPSM', 1, 230, 0, '', 0, NULL, NULL, '0.0000'),
(48, NULL, 0, 0, 'ups', 'ups', 'SAVSM', 1, 240, 0, '', 0, NULL, NULL, '0.0000'),
(49, NULL, 0, 0, 'ups', 'ups', 'EXPEAMSM', 1, 250, 0, '', 0, NULL, NULL, '0.0000'),
(50, NULL, 0, 0, 'ups', 'ups', 'NDAEAMSM', 1, 260, 0, '', 0, NULL, NULL, '0.0000'),
(51, NULL, 0, 0, 'ups', 'ups', 'WEXPPSM', 1, 270, 0, '', 0, NULL, NULL, '0.0000'),
(52, NULL, 0, 1, 'offline', '', 'FREESHIP', 1, 30, 1, '', 0, NULL, 'S', '0.0000'),
(53, NULL, 0, 0, 'offline', '', 'FIXEDFEE', 1, 40, 1, '', 0, NULL, 'S', '0.0000'),
(54, NULL, 0, 0, 'auctionInc', '', '', 0, 0, 1, 'XC_AuctionInc', 0, NULL, NULL, '0.0000'),
(55, NULL, 0, 0, 'auctionInc', 'auctionInc', 'FF_FIXEDFEE', 1, 0, 0, '', 0, NULL, NULL, '0.0000'),
(56, NULL, 0, 0, 'auctionInc', 'auctionInc', 'NOCHG_NOCHG', 1, 0, 0, '', 0, NULL, NULL, '0.0000'),
(57, NULL, 0, 0, 'auctionInc', 'auctionInc', 'DHL_DHLES', 1, 110, 0, '', 0, NULL, NULL, '0.0000'),
(58, NULL, 0, 0, 'auctionInc', 'auctionInc', 'DHL_DHLEXA', 1, 120, 0, '', 0, NULL, NULL, '0.0000'),
(59, NULL, 0, 0, 'auctionInc', 'auctionInc', 'DHL_DHLEXM', 1, 130, 0, '', 0, NULL, NULL, '0.0000'),
(60, NULL, 0, 0, 'auctionInc', 'auctionInc', 'DHL_DHLEXP', 1, 140, 0, '', 0, NULL, NULL, '0.0000'),
(61, NULL, 0, 0, 'auctionInc', 'auctionInc', 'DHL_DHLDE', 1, 150, 0, '', 0, NULL, NULL, '0.0000'),
(62, NULL, 0, 0, 'auctionInc', 'auctionInc', 'DHL_DHLWPE', 1, 160, 0, '', 0, NULL, NULL, '0.0000'),
(63, NULL, 0, 0, 'auctionInc', 'auctionInc', 'DHL_DHL9AM', 1, 170, 0, '', 0, NULL, NULL, '0.0000'),
(64, NULL, 0, 0, 'auctionInc', 'auctionInc', 'DHL_DHL10AM', 1, 180, 0, '', 0, NULL, NULL, '0.0000'),
(65, NULL, 0, 0, 'auctionInc', 'auctionInc', 'DHL_DHL12PM', 1, 190, 0, '', 0, NULL, NULL, '0.0000'),
(66, NULL, 0, 0, 'auctionInc', 'auctionInc', 'FEDEX_FDX2D', 1, 200, 0, '', 0, NULL, NULL, '0.0000'),
(67, NULL, 0, 0, 'auctionInc', 'auctionInc', 'FEDEX_FDX2DAM', 1, 210, 0, '', 0, NULL, NULL, '0.0000'),
(68, NULL, 0, 0, 'auctionInc', 'auctionInc', 'FEDEX_FDXES', 1, 220, 0, '', 0, NULL, NULL, '0.0000'),
(69, NULL, 0, 0, 'auctionInc', 'auctionInc', 'FEDEX_FDXFO', 1, 230, 0, '', 0, NULL, NULL, '0.0000'),
(70, NULL, 0, 0, 'auctionInc', 'auctionInc', 'FEDEX_FDXPO', 1, 240, 0, '', 0, NULL, NULL, '0.0000'),
(71, NULL, 0, 0, 'auctionInc', 'auctionInc', 'FEDEX_FDXPOS', 1, 250, 0, '', 0, NULL, NULL, '0.0000'),
(72, NULL, 0, 0, 'auctionInc', 'auctionInc', 'FEDEX_FDXSO', 1, 260, 0, '', 0, NULL, NULL, '0.0000'),
(73, NULL, 0, 0, 'auctionInc', 'auctionInc', 'FEDEX_FDXGND', 1, 270, 0, '', 0, NULL, NULL, '0.0000'),
(74, NULL, 0, 0, 'auctionInc', 'auctionInc', 'FEDEX_FDXHD', 1, 280, 0, '', 0, NULL, NULL, '0.0000'),
(75, NULL, 0, 0, 'auctionInc', 'auctionInc', 'FEDEX_FDXIGND', 1, 290, 0, '', 0, NULL, NULL, '0.0000'),
(76, NULL, 0, 0, 'auctionInc', 'auctionInc', 'FEDEX_FDXIE', 1, 300, 0, '', 0, NULL, NULL, '0.0000'),
(77, NULL, 0, 0, 'auctionInc', 'auctionInc', 'FEDEX_FDXIF', 1, 310, 0, '', 0, NULL, NULL, '0.0000'),
(78, NULL, 0, 0, 'auctionInc', 'auctionInc', 'FEDEX_FDXIP', 1, 320, 0, '', 0, NULL, NULL, '0.0000'),
(79, NULL, 0, 0, 'auctionInc', 'auctionInc', 'UPS_UPSNDA', 1, 330, 0, '', 0, NULL, NULL, '0.0000'),
(80, NULL, 0, 0, 'auctionInc', 'auctionInc', 'UPS_UPSNDE', 1, 340, 0, '', 0, NULL, NULL, '0.0000'),
(81, NULL, 0, 0, 'auctionInc', 'auctionInc', 'UPS_UPSNDAS', 1, 350, 0, '', 0, NULL, NULL, '0.0000'),
(82, NULL, 0, 0, 'auctionInc', 'auctionInc', 'UPS_UPSNDS', 1, 360, 0, '', 0, NULL, NULL, '0.0000'),
(83, NULL, 0, 0, 'auctionInc', 'auctionInc', 'UPS_UPS2DE', 1, 370, 0, '', 0, NULL, NULL, '0.0000'),
(84, NULL, 0, 0, 'auctionInc', 'auctionInc', 'UPS_UPS2ND', 1, 380, 0, '', 0, NULL, NULL, '0.0000'),
(85, NULL, 0, 0, 'auctionInc', 'auctionInc', 'UPS_UPS3DS', 1, 390, 0, '', 0, NULL, NULL, '0.0000'),
(86, NULL, 0, 0, 'auctionInc', 'auctionInc', 'UPS_UPSGND', 1, 400, 0, '', 0, NULL, NULL, '0.0000'),
(87, NULL, 0, 0, 'auctionInc', 'auctionInc', 'UPS_UPSCAN', 1, 410, 0, '', 0, NULL, NULL, '0.0000'),
(88, NULL, 0, 0, 'auctionInc', 'auctionInc', 'UPS_UPSWEX', 1, 420, 0, '', 0, NULL, NULL, '0.0000'),
(89, NULL, 0, 0, 'auctionInc', 'auctionInc', 'UPS_UPSWSV', 1, 430, 0, '', 0, NULL, NULL, '0.0000'),
(90, NULL, 0, 0, 'auctionInc', 'auctionInc', 'UPS_UPSWEP', 1, 440, 0, '', 0, NULL, NULL, '0.0000'),
(91, NULL, 0, 0, 'auctionInc', 'auctionInc', 'USPS_USPFC', 1, 450, 0, '', 0, NULL, NULL, '0.0000'),
(92, NULL, 0, 0, 'auctionInc', 'auctionInc', 'USPS_USPEXP', 1, 460, 0, '', 0, NULL, NULL, '0.0000'),
(93, NULL, 0, 0, 'auctionInc', 'auctionInc', 'USPS_USPLIB', 1, 470, 0, '', 0, NULL, NULL, '0.0000'),
(94, NULL, 1, 0, 'auctionInc', 'auctionInc', 'USPS_USPMM', 1, 480, 0, '', 0, NULL, NULL, '0.0000'),
(95, NULL, 0, 0, 'auctionInc', 'auctionInc', 'USPS_USPPM', 1, 490, 0, '', 0, NULL, NULL, '0.0000'),
(96, NULL, 0, 0, 'auctionInc', 'auctionInc', 'USPS_USPPP', 1, 500, 0, '', 0, NULL, NULL, '0.0000'),
(97, NULL, 0, 0, 'auctionInc', 'auctionInc', 'USPS_USPFCI', 1, 510, 0, '', 0, NULL, NULL, '0.0000'),
(98, NULL, 0, 0, 'auctionInc', 'auctionInc', 'USPS_USPPMI', 1, 520, 0, '', 0, NULL, NULL, '0.0000'),
(99, NULL, 0, 0, 'auctionInc', 'auctionInc', 'USPS_USPEMI', 1, 530, 0, '', 0, NULL, NULL, '0.0000'),
(100, NULL, 0, 0, 'auctionInc', 'auctionInc', 'USPS_USPGXG', 1, 540, 0, '', 0, NULL, NULL, '0.0000'),
(101, NULL, 0, 0, 'aupost', '', '', 0, 0, 0, 'CDev_AustraliaPost', 0, NULL, NULL, '0.0000'),
(102, NULL, 0, 0, 'usps', '', '', 0, 0, 0, 'CDev_USPS', 0, NULL, NULL, '0.0000'),
(103, NULL, 0, 0, 'capost', '', '', 0, 0, 0, 'XC_CanadaPost', 0, NULL, NULL, '0.0000'),
(104, NULL, 0, 0, 'capost', 'capost', 'DOM.RP', 1, 10, 0, '', 0, NULL, NULL, '0.0000'),
(105, NULL, 0, 0, 'capost', 'capost', 'DOM.EP', 1, 20, 0, '', 0, NULL, NULL, '0.0000'),
(106, NULL, 0, 0, 'capost', 'capost', 'DOM.XP', 1, 30, 0, '', 0, NULL, NULL, '0.0000'),
(107, NULL, 0, 0, 'capost', 'capost', 'DOM.XP.CERT', 1, 40, 0, '', 0, NULL, NULL, '0.0000'),
(108, NULL, 0, 0, 'capost', 'capost', 'DOM.PC', 1, 50, 0, '', 0, NULL, NULL, '0.0000'),
(109, NULL, 0, 0, 'capost', 'capost', 'DOM.LIB', 1, 60, 0, '', 0, NULL, NULL, '0.0000'),
(110, NULL, 0, 0, 'capost', 'capost', 'USA.EP', 1, 70, 0, '', 0, NULL, NULL, '0.0000'),
(111, NULL, 0, 0, 'capost', 'capost', 'USA.PW.ENV', 1, 80, 0, '', 0, NULL, NULL, '0.0000'),
(112, NULL, 0, 0, 'capost', 'capost', 'USA.PW.PAK', 1, 90, 0, '', 0, NULL, NULL, '0.0000'),
(113, NULL, 0, 0, 'capost', 'capost', 'USA.PW.PARCEL', 1, 100, 0, '', 0, NULL, NULL, '0.0000'),
(114, NULL, 0, 0, 'capost', 'capost', 'USA.SP.AIR', 1, 110, 0, '', 0, NULL, NULL, '0.0000'),
(115, NULL, 0, 0, 'capost', 'capost', 'USA.TP', 1, 120, 0, '', 0, NULL, NULL, '0.0000'),
(116, NULL, 0, 0, 'capost', 'capost', 'USA.TP.LVM', 1, 130, 0, '', 0, NULL, NULL, '0.0000'),
(117, NULL, 0, 0, 'capost', 'capost', 'USA.XP', 1, 140, 0, '', 0, NULL, NULL, '0.0000'),
(118, NULL, 0, 0, 'capost', 'capost', 'INT.XP', 1, 150, 0, '', 0, NULL, NULL, '0.0000'),
(119, NULL, 0, 0, 'capost', 'capost', 'INT.IP.AIR', 1, 160, 0, '', 0, NULL, NULL, '0.0000'),
(120, NULL, 0, 0, 'capost', 'capost', 'INT.IP.SURF', 1, 170, 0, '', 0, NULL, NULL, '0.0000'),
(121, NULL, 0, 0, 'capost', 'capost', 'INT.PW.ENV', 1, 180, 0, '', 0, NULL, NULL, '0.0000'),
(122, NULL, 0, 0, 'capost', 'capost', 'INT.PW.PAK', 1, 190, 0, '', 0, NULL, NULL, '0.0000'),
(123, NULL, 0, 0, 'capost', 'capost', 'INT.PW.PARCEL', 1, 200, 0, '', 0, NULL, NULL, '0.0000'),
(124, NULL, 0, 0, 'capost', 'capost', 'INT.SP.AIR', 1, 210, 0, '', 0, NULL, NULL, '0.0000'),
(125, NULL, 0, 0, 'capost', 'capost', 'INT.SP.SURF', 1, 220, 0, '', 0, NULL, NULL, '0.0000'),
(126, NULL, 0, 0, 'capost', 'capost', 'INT.TP', 1, 230, 0, '', 0, NULL, NULL, '0.0000'),
(127, NULL, 0, 0, 'offline', '', 'courier', 1, 10, 1, '', 0, NULL, 'S', '0.0000'),
(128, NULL, 0, 0, 'offline', '', '', 1, 20, 1, '', 0, NULL, 'S', '0.0000'),
(129, NULL, 0, 0, 'offline', '', '', 1, 30, 1, '', 0, NULL, 'S', '0.0000'),
(130, NULL, 0, 0, 'offline', '', '', 1, 40, 1, '', 0, NULL, 'S', '0.0000'),
(131, NULL, 0, 0, 'dhl', '', '', 0, 0, 0, 'XC_DHL', 1, '//my.x-cart.com/sites/default/files/addons/XC/DHL/method_icon.jpg', NULL, '0.0000'),
(132, NULL, 0, 0, 'ems', '', '', 0, 0, 0, 'XC_EMS', 1, '//my.x-cart.com/sites/default/files/addons/XC/EMS/method_icon.jpg', NULL, '0.0000'),
(133, NULL, 0, 0, 'Pilibaba', '', '', 0, 0, 0, 'XC_Pilibaba', 1, '//my.x-cart.com/sites/default/files/addons/XC/Pilibaba/method_icon_Pilibaba.png', NULL, '0.0000'),
(134, NULL, 0, 0, 'PitneyBowes', '', '', 0, 0, 0, 'XC_PitneyBowes', 1, '//my.x-cart.com/sites/default/files/addons/XC/PitneyBowes/method_icon.jpg', NULL, '0.0000');

-- --------------------------------------------------------

--
-- Table structure for table `xc_shipping_method_translations`
--

DROP TABLE IF EXISTS `xc_shipping_method_translations`;
CREATE TABLE IF NOT EXISTS `xc_shipping_method_translations` (
  `label_id` int(11) NOT NULL AUTO_INCREMENT,
  `id` int(11) DEFAULT NULL,
  `name` varchar(255) COLLATE utf8_unicode_ci NOT NULL,
  `deliveryTime` varchar(255) COLLATE utf8_unicode_ci DEFAULT NULL,
  `code` char(2) COLLATE utf8_unicode_ci NOT NULL,
  PRIMARY KEY (`label_id`),
  KEY `IDX_1674AA5A0BF396750` (`id`)
) ENGINE=InnoDB AUTO_INCREMENT=144 DEFAULT CHARSET=utf8 COLLATE=utf8_unicode_ci;

--
-- Dumping data for table `xc_shipping_method_translations`
--

INSERT INTO `xc_shipping_method_translations` (`label_id`, `id`, `name`, `deliveryTime`, `code`) VALUES
(1, 1, 'FedEx', '', 'en'),
(2, 2, 'FedEx Europe First International Priority', '', 'en'),
(3, 3, 'FedEx 1Day<sup>&reg;</sup> Freight', '', 'en'),
(4, 4, 'FedEx 2Day<sup>&reg;</sup>', '', 'en'),
(5, 5, 'FedEx 2Day AM<sup>&reg;</sup>', '', 'en'),
(6, 6, 'FedEx 2Day<sup>&reg;</sup> Freight', '', 'en'),
(7, 7, 'FedEx 3Day<sup>&reg;</sup> Freight', '', 'en'),
(8, 8, 'FedEx Express Saver<sup>&reg;</sup>', '', 'en'),
(9, 9, 'FedEx First Freight<sup>&reg;</sup>', '', 'en'),
(10, 10, 'FedEx Ground<sup>&reg;</sup>', '', 'en'),
(11, 11, 'FedEx First Overnight<sup>&reg;</sup>', '', 'en'),
(12, 12, 'FedEx Home Delivery<sup>&reg;</sup>', '', 'en'),
(13, 13, 'FedEx International Distribution<sup>&reg;</sup> Freight', '', 'en'),
(14, 14, 'FedEx International Economy<sup>&reg;</sup>', '', 'en'),
(15, 15, 'FedEx International Economy Distribution<sup>&reg;</sup>', '', 'en'),
(16, 16, 'FedEx International Economy<sup>&reg;</sup> Freight', '', 'en'),
(17, 17, 'FedEx International First<sup>&reg;</sup>', '', 'en'),
(18, 18, 'FedEx International Priority<sup>&reg;</sup>', '', 'en'),
(19, 19, 'FedEx International Priority<sup>&reg;</sup> Distribution', '', 'en'),
(20, 20, 'FedEx International Priority Freight<sup>&reg;</sup>', '', 'en'),
(21, 21, 'FedEx Priority Overnight<sup>&reg;</sup>', '', 'en'),
(22, 22, 'FedEx SmartPost<sup>&reg;</sup>/FedEx SmartPost<sup>&reg;</sup> International', '', 'en'),
(23, 23, 'FedEx Standard Overnight<sup>&reg;</sup>', '', 'en'),
(24, 24, 'UPS', '', 'en'),
(25, 25, 'UPS Next Day Air&reg;', '', 'en'),
(26, 26, 'UPS 2nd Day Air&reg;', '', 'en'),
(27, 27, 'UPS Ground', '', 'en'),
(28, 28, 'UPS Worldwide Express', '', 'en'),
(29, 29, 'UPS Worldwide Expedited', '', 'en'),
(30, 30, 'UPS Standard', '', 'en'),
(31, 31, 'UPS 3 Day Select&reg;', '', 'en'),
(32, 32, 'UPS Next Day Air Saver&reg;', '', 'en'),
(33, 33, 'UPS Next Day Air&reg; Early A.M.', '', 'en'),
(34, 34, 'UPS Worldwide Express Plus', '', 'en'),
(35, 35, 'UPS 2nd Day Air A.M.&reg;', '', 'en'),
(36, 36, 'UPS Saver', '', 'en'),
(37, 37, 'UPS Today StandardSM', '', 'en'),
(38, 38, 'UPS Today Dedicated CourrierSM', '', 'en'),
(39, 39, 'UPS Today Intercity', '', 'en'),
(40, 40, 'UPS Today Express', '', 'en'),
(41, 41, 'UPS Today Express Saver', '', 'en'),
(42, 42, 'UPS WorldWide Express Freight', '', 'en'),
(43, 43, 'UPS Express', '', 'en'),
(44, 44, 'UPS Express Plus', '', 'en'),
(45, 45, 'UPS ExpeditedSM', '', 'en'),
(46, 46, 'UPS Worldwide ExpeditedSM', '', 'en'),
(47, 47, 'UPS Worldwide ExpressSM', '', 'en'),
(48, 48, 'UPS SaverSM', '', 'en'),
(49, 49, 'UPS Express Early A.M. SM', '', 'en'),
(50, 50, 'UPS Next Day Air&reg; Early A.M. SM', '', 'en'),
(51, 51, 'UPS Worldwide Express PlusSM', '', 'en'),
(52, 52, 'Free shipping', '5 - 7 days', 'en'),
(53, 53, 'Fixed rate shipping', '5 - 7 days', 'en'),
(54, 52, 'Бесплатная доставка', '5 - 7 дней', 'ru'),
(55, 53, 'Фиксированная стоимость доставки', '5 - 7 дней', 'ru'),
(56, 54, 'ShippingCalc', '', 'en'),
(57, 55, 'Fixed fee', '', 'en'),
(58, 56, 'No charge', '', 'en'),
(59, 57, 'DHL Domestic Economy Select', '', 'en'),
(60, 58, 'DHL Domestic Express 9 AM', '', 'en'),
(61, 59, 'DHL Domestic Express 10:30 AM', '', 'en'),
(62, 60, 'DHL Domestic Express 12 PM', '', 'en'),
(63, 61, 'DHL Domestic Express (6 PM)', '', 'en'),
(64, 62, 'DHL Worldwide Priority Express', '', 'en'),
(65, 63, 'DHL Express 9 A.M.', '', 'en'),
(66, 64, 'DHL Express 10:30 A.M.', '', 'en'),
(67, 65, 'DHL Express 12 P.M.', '', 'en'),
(68, 66, 'FedEx 2 Day', '', 'en'),
(69, 67, 'FedEx 2 Day AM', '', 'en'),
(70, 68, 'FedEx Express Saver', '', 'en'),
(71, 69, 'FedEx First Overnight', '', 'en'),
(72, 70, 'FedEx Priority Overnight', '', 'en'),
(73, 71, 'FedEx Priority Overnight Saturday Delivery', '', 'en'),
(74, 72, 'FedEx Standard Overnight', '', 'en'),
(75, 73, 'FedEx Ground', '', 'en'),
(76, 74, 'FedEx Home Delivery', '', 'en'),
(77, 75, 'FedEx International Ground', '', 'en'),
(78, 76, 'FedEx International Economy', '', 'en'),
(79, 77, 'FedEx International First', '', 'en'),
(80, 78, 'FedEx International Priority', '', 'en'),
(81, 79, 'UPS Next Day Air', '', 'en'),
(82, 80, 'UPS Next Day Air Early AM', '', 'en'),
(83, 81, 'UPS Next Day Air Saturday Delivery', '', 'en'),
(84, 82, 'UPS Next Day Air Saver', '', 'en'),
(85, 83, 'UPS 2 Day Air AM', '', 'en'),
(86, 84, 'UPS 2nd Day Air', '', 'en'),
(87, 85, 'UPS 3 Day Select', '', 'en'),
(88, 86, 'UPS Ground', '', 'en'),
(89, 87, 'UPS Standard', '', 'en'),
(90, 88, 'UPS Worldwide Express', '', 'en'),
(91, 89, 'UPS Worldwide Saver', '', 'en'),
(92, 90, 'UPS Worldwide Expedited', '', 'en'),
(93, 91, 'U.S.P.S. First-Class Mail', '', 'en'),
(94, 92, 'U.S.P.S. Priority Express', '', 'en'),
(95, 93, 'U.S.P.S. Library', '', 'en'),
(96, 94, 'U.S.P.S. Media Mail', '', 'en'),
(97, 95, 'U.S.P.S. Priority Mail', '', 'en'),
(98, 96, 'U.S.P.S. Retail Ground', '', 'en'),
(99, 97, 'U.S.P.S. First Class International', '', 'en'),
(100, 98, 'U.S.P.S. Priority Mail International', '', 'en'),
(101, 99, 'U.S.P.S. Priority Express Mail International', '', 'en'),
(102, 100, 'U.S.P.S. Global Express Guaranteed', '', 'en'),
(103, 101, 'AustraliaPost', '', 'en'),
(104, 102, 'U.S.P.S', '', 'en'),
(105, 103, 'CanadaPost', '', 'en'),
(106, 104, 'Regular Parcel', '', 'en'),
(107, 105, 'Expedited Parcel', '', 'en'),
(108, 106, 'Xpresspost', '', 'en'),
(109, 107, 'Xpresspost Certified', '', 'en'),
(110, 108, 'Priority', '', 'en'),
(111, 109, 'Library Books', '', 'en'),
(112, 110, 'Expedited Parcel USA', '', 'en'),
(113, 111, 'Priority Worldwide Envelope USA', '', 'en'),
(114, 112, 'Priority Worldwide pak USA', '', 'en'),
(115, 113, 'Priority Worldwide Parcel USA', '', 'en'),
(116, 114, 'Small Packet USA Air', '', 'en'),
(117, 115, 'Tracked Packet – USA', '', 'en'),
(118, 116, 'Tracked Packet – USA (LVM)', '', 'en'),
(119, 117, 'Xpresspost USA', '', 'en'),
(120, 118, 'Xpresspost International', '', 'en'),
(121, 119, 'International Parcel Air', '', 'en'),
(122, 120, 'International Parcel Surface', '', 'en'),
(123, 121, 'Priority Worldwide Envelope International', '', 'en'),
(124, 122, 'Priority Worldwide pak International', '', 'en'),
(125, 123, 'Priority Worldwide parcel International', '', 'en'),
(126, 124, 'Small Packet International Air', '', 'en'),
(127, 125, 'Small Packet International Surface', '', 'en'),
(128, 126, 'Tracked Packet – International', '', 'en'),
(129, 127, 'Courier', '2 - 4 days', 'en'),
(130, 127, 'Доставка курьером', '2 - 4 дня', 'ru'),
(131, 128, 'Local shipping', 'up to one week', 'en'),
(132, 128, 'Местная доставка', 'до одной недели', 'ru'),
(133, 129, 'One day shipping', '1 day', 'en'),
(134, 129, 'Эксперсс доставка', '1 день', 'ru'),
(135, 130, 'Local pickup', '', 'en'),
(136, 130, 'Самовывоз', '', 'ru'),
(137, 131, 'DHL', '', 'en'),
(138, 131, 'DHL', '', 'ru'),
(139, 132, 'EMS Russian Post', '', 'en'),
(140, 132, 'Доставка EMS Почта России', '', 'ru'),
(141, 133, 'Pilibaba Chinese Checkout', '', 'en'),
(142, 134, 'Pitney Bowes International', '', 'en'),
(143, 134, 'Доставка Pitney Bowes', '', 'ru');

-- --------------------------------------------------------

--
-- Table structure for table `xc_special_offers`
--

DROP TABLE IF EXISTS `xc_special_offers`;
CREATE TABLE IF NOT EXISTS `xc_special_offers` (
  `offer_id` int(11) NOT NULL AUTO_INCREMENT,
  `type_id` int(11) DEFAULT NULL,
  `name` varchar(255) COLLATE utf8_unicode_ci NOT NULL,
  `position` int(11) NOT NULL,
  `enabled` tinyint(1) NOT NULL,
  `activeFrom` int(10) UNSIGNED NOT NULL,
  `activeTill` int(10) UNSIGNED NOT NULL,
  `exclusions` longtext COLLATE utf8_unicode_ci COMMENT '(DC2Type:array)',
  `promoHome` tinyint(1) NOT NULL,
  `promoOffers` tinyint(1) NOT NULL,
  PRIMARY KEY (`offer_id`),
  KEY `IDX_14D7EE02BC54C8C93` (`type_id`),
  KEY `offer_id` (`offer_id`),
  KEY `name` (`name`),
  KEY `position` (`position`),
  KEY `promoHome` (`promoHome`),
  KEY `promoOffers` (`promoOffers`),
  KEY `enabled` (`enabled`)
) ENGINE=InnoDB DEFAULT CHARSET=utf8 COLLATE=utf8_unicode_ci;

-- --------------------------------------------------------

--
-- Table structure for table `xc_special_offer_images`
--

DROP TABLE IF EXISTS `xc_special_offer_images`;
CREATE TABLE IF NOT EXISTS `xc_special_offer_images` (
  `id` int(10) UNSIGNED NOT NULL AUTO_INCREMENT,
  `offer_id` int(11) DEFAULT NULL,
  `width` int(11) NOT NULL,
  `height` int(11) NOT NULL,
  `hash` char(32) COLLATE utf8_unicode_ci DEFAULT NULL,
  `needProcess` tinyint(1) NOT NULL,
  `path` varchar(512) COLLATE utf8_unicode_ci NOT NULL,
  `fileName` varchar(255) COLLATE utf8_unicode_ci NOT NULL,
  `mime` varchar(128) COLLATE utf8_unicode_ci NOT NULL,
  `storageType` varchar(1) COLLATE utf8_unicode_ci NOT NULL,
  `size` int(10) UNSIGNED NOT NULL,
  `date` int(10) UNSIGNED NOT NULL,
  PRIMARY KEY (`id`),
  UNIQUE KEY `UNIQ_5E1F169453C674EE` (`offer_id`)
) ENGINE=InnoDB DEFAULT CHARSET=utf8 COLLATE=utf8_unicode_ci;

-- --------------------------------------------------------

--
-- Table structure for table `xc_special_offer_translations`
--

DROP TABLE IF EXISTS `xc_special_offer_translations`;
CREATE TABLE IF NOT EXISTS `xc_special_offer_translations` (
  `label_id` int(11) NOT NULL AUTO_INCREMENT,
  `id` int(11) DEFAULT NULL,
  `title` varchar(255) COLLATE utf8_unicode_ci NOT NULL,
  `shortPromoText` longtext COLLATE utf8_unicode_ci NOT NULL,
  `description` longtext COLLATE utf8_unicode_ci NOT NULL,
  `cartPromoText` longtext COLLATE utf8_unicode_ci NOT NULL,
  `cartAppliedText` longtext COLLATE utf8_unicode_ci NOT NULL,
  `code` char(2) COLLATE utf8_unicode_ci NOT NULL,
  PRIMARY KEY (`label_id`),
  KEY `ci` (`code`,`id`),
  KEY `id` (`id`),
  KEY `title` (`title`)
) ENGINE=InnoDB DEFAULT CHARSET=utf8 COLLATE=utf8_unicode_ci;

-- --------------------------------------------------------

--
-- Table structure for table `xc_special_offer_types`
--

DROP TABLE IF EXISTS `xc_special_offer_types`;
CREATE TABLE IF NOT EXISTS `xc_special_offer_types` (
  `type_id` int(11) NOT NULL AUTO_INCREMENT,
  `enabled` tinyint(1) NOT NULL,
  `processorClass` varchar(255) COLLATE utf8_unicode_ci NOT NULL,
  `viewModelClass` varchar(255) COLLATE utf8_unicode_ci NOT NULL,
  `position` int(11) NOT NULL,
  PRIMARY KEY (`type_id`),
  KEY `type_id` (`type_id`),
  KEY `processorClass` (`processorClass`),
  KEY `position` (`position`),
  KEY `enabled` (`enabled`)
) ENGINE=InnoDB DEFAULT CHARSET=utf8 COLLATE=utf8_unicode_ci;

-- --------------------------------------------------------

--
-- Table structure for table `xc_special_offer_type_translations`
--

DROP TABLE IF EXISTS `xc_special_offer_type_translations`;
CREATE TABLE IF NOT EXISTS `xc_special_offer_type_translations` (
  `label_id` int(11) NOT NULL AUTO_INCREMENT,
  `id` int(11) DEFAULT NULL,
  `name` varchar(255) COLLATE utf8_unicode_ci NOT NULL,
  `code` char(2) COLLATE utf8_unicode_ci NOT NULL,
  PRIMARY KEY (`label_id`),
  KEY `ci` (`code`,`id`),
  KEY `id` (`id`),
  KEY `name` (`name`)
) ENGINE=InnoDB DEFAULT CHARSET=utf8 COLLATE=utf8_unicode_ci;

-- --------------------------------------------------------

--
-- Table structure for table `xc_states`
--

DROP TABLE IF EXISTS `xc_states`;
CREATE TABLE IF NOT EXISTS `xc_states` (
  `state_id` int(11) NOT NULL AUTO_INCREMENT,
  `country_code` char(2) COLLATE utf8_unicode_ci DEFAULT NULL,
  `region_code` varchar(10) COLLATE utf8_unicode_ci DEFAULT NULL,
  `state` varchar(64) COLLATE utf8_unicode_ci NOT NULL,
  `code` varchar(64) COLLATE utf8_unicode_ci NOT NULL,
  PRIMARY KEY (`state_id`),
  UNIQUE KEY `code` (`code`,`country_code`),
  KEY `IDX_14E766996F026BB7C` (`country_code`),
  KEY `IDX_14E766996AEB327AF` (`region_code`),
  KEY `state` (`state`)
) ENGINE=InnoDB AUTO_INCREMENT=612 DEFAULT CHARSET=utf8 COLLATE=utf8_unicode_ci;

--
-- Dumping data for table `xc_states`
--

INSERT INTO `xc_states` (`state_id`, `country_code`, `region_code`, `state`, `code`) VALUES
(1, 'AR', NULL, 'Buenos Aires', 'B'),
(2, 'AR', NULL, 'Catamarca', 'K'),
(3, 'AR', NULL, 'Chaco', 'H'),
(4, 'AR', NULL, 'Chubut', 'U'),
(5, 'AR', NULL, 'Ciudad de Buenos Aires', 'C'),
(6, 'AR', NULL, 'Córdoba', 'X'),
(7, 'AR', NULL, 'Corrientes', 'W'),
(8, 'AR', NULL, 'Entre Ríos', 'E'),
(9, 'AR', NULL, 'Formosa', 'P'),
(10, 'AR', NULL, 'Jujuy', 'Y'),
(11, 'AR', NULL, 'La Pampa', 'L'),
(12, 'AR', NULL, 'La Rioja', 'F'),
(13, 'AR', NULL, 'Mendoza', 'M'),
(14, 'AR', NULL, 'Misiones', 'N'),
(15, 'AR', NULL, 'Neuquén', 'Q'),
(16, 'AR', NULL, 'Río Negro', 'R'),
(17, 'AR', NULL, 'Salta', 'A'),
(18, 'AR', NULL, 'San Juan', 'J'),
(19, 'AR', NULL, 'San Luis', 'D'),
(20, 'AR', NULL, 'Santa Cruz', 'Z'),
(21, 'AR', NULL, 'Santa Fe', 'S'),
(22, 'AR', NULL, 'Santiago del Estero', 'G'),
(23, 'AR', NULL, 'Tierra del Fuego', 'V'),
(24, 'AR', NULL, 'Tucumán', 'T'),
(25, 'BR', NULL, 'Distrito Federal', 'DF'),
(26, 'BR', NULL, 'Acre', 'AC'),
(27, 'BR', NULL, 'Alagoas', 'AL'),
(28, 'BR', NULL, 'Amapá', 'AP'),
(29, 'BR', NULL, 'Amazonas', 'AM'),
(30, 'BR', NULL, 'Bahia', 'BA'),
(31, 'BR', NULL, 'Ceará', 'CE'),
(32, 'BR', NULL, 'Espírito Santo', 'ES'),
(33, 'BR', NULL, 'Goiás', 'GO'),
(34, 'BR', NULL, 'Maranhão', 'MA'),
(35, 'BR', NULL, 'Mato Grosso', 'MT'),
(36, 'BR', NULL, 'Mato Grosso do Sul', 'MS'),
(37, 'BR', NULL, 'Minas Gerais', 'MG'),
(38, 'BR', NULL, 'Pará', 'PA'),
(39, 'BR', NULL, 'Paraíba', 'PB'),
(40, 'BR', NULL, 'Paraná', 'PR'),
(41, 'BR', NULL, 'Pernambuco', 'PE'),
(42, 'BR', NULL, 'Piauí', 'PI'),
(43, 'BR', NULL, 'Rio de Janeiro', 'RJ'),
(44, 'BR', NULL, 'Rio Grande do Norte', 'RN'),
(45, 'BR', NULL, 'Rio Grande do Sul', 'RS'),
(46, 'BR', NULL, 'Rondônia', 'RO'),
(47, 'BR', NULL, 'Roraima', 'RR'),
(48, 'BR', NULL, 'Santa Catarina', 'SC'),
(49, 'BR', NULL, 'São Paulo', 'SP'),
(50, 'BR', NULL, 'Sergipe', 'SE'),
(51, 'BR', NULL, 'Tocantins', 'TO'),
(52, 'CA', NULL, 'Alberta', 'AB'),
(53, 'CA', NULL, 'British Columbia', 'BC'),
(54, 'CA', NULL, 'Manitoba', 'MB'),
(55, 'CA', NULL, 'New Brunswick', 'NB'),
(56, 'CA', NULL, 'Newfoundland and Labrador', 'NF'),
(57, 'CA', NULL, 'Nova Scotia', 'NS'),
(58, 'CA', NULL, 'Northwest Territories', 'NT'),
(59, 'CA', NULL, 'Nunavut', 'NU'),
(60, 'CA', NULL, 'Ontario', 'ON'),
(61, 'CA', NULL, 'Prince Edward Island', 'PE'),
(62, 'CA', NULL, 'Quebec', 'QC'),
(63, 'CA', NULL, 'Saskatchewan', 'SK'),
(64, 'CA', NULL, 'Yukon', 'YT'),
(65, 'CN', NULL, 'Anhui', '34'),
(66, 'CN', NULL, 'Beijing', '11'),
(67, 'CN', NULL, 'Chongqing', '50'),
(68, 'CN', NULL, 'Fujian', '35'),
(69, 'CN', NULL, 'Gansu', '62'),
(70, 'CN', NULL, 'Guangdong', '44'),
(71, 'CN', NULL, 'Guangxi', '45'),
(72, 'CN', NULL, 'Guizhou', '52'),
(73, 'CN', NULL, 'Hainan', '46'),
(74, 'CN', NULL, 'Hebei', '13'),
(75, 'CN', NULL, 'Heilongjiang', '23'),
(76, 'CN', NULL, 'Henan', '41'),
(77, 'CN', NULL, 'Hong Kong', '91'),
(78, 'CN', NULL, 'Hubei', '42'),
(79, 'CN', NULL, 'Hunan', '43'),
(80, 'CN', NULL, 'Jiangsu', '32'),
(81, 'CN', NULL, 'Jiangxi', '36'),
(82, 'CN', NULL, 'Jilin', '22'),
(83, 'CN', NULL, 'Liaoning', '21'),
(84, 'CN', NULL, 'Macao', '92'),
(85, 'CN', NULL, 'Nei Mongol', '15'),
(86, 'CN', NULL, 'Ningxia', '64'),
(87, 'CN', NULL, 'Qinghai', '63'),
(88, 'CN', NULL, 'Shaanxi', '61'),
(89, 'CN', NULL, 'Shandong', '37'),
(90, 'CN', NULL, 'Shanghai', '31'),
(91, 'CN', NULL, 'Shanxi', '14'),
(92, 'CN', NULL, 'Sichuan', '51'),
(93, 'CN', NULL, 'Taiwan', '71'),
(94, 'CN', NULL, 'Tianjin', '12'),
(95, 'CN', NULL, 'Xinjiang', '65'),
(96, 'CN', NULL, 'Xizang', '54'),
(97, 'CN', NULL, 'Yunnan', '53'),
(98, 'CN', NULL, 'Zhejiang', '33'),
(99, 'IN', NULL, 'Andaman and Nicobar Islands', 'AN'),
(100, 'IN', NULL, 'Andhra Pradesh', 'AP'),
(101, 'IN', NULL, 'Arunachal Pradesh', 'AR'),
(102, 'IN', NULL, 'Assam', 'AS'),
(103, 'IN', NULL, 'Bihar', 'BR'),
(104, 'IN', NULL, 'Chandigarh', 'CH'),
(105, 'IN', NULL, 'Chhattisgar', 'CT'),
(106, 'IN', NULL, 'Dadra and Nagar Haveli', 'DN'),
(107, 'IN', NULL, 'Daman and Diu', 'DD'),
(108, 'IN', NULL, 'Delhi', 'DL'),
(109, 'IN', NULL, 'Goa', 'GA'),
(110, 'IN', NULL, 'Gujarat', 'GJ'),
(111, 'IN', NULL, 'Haryana', 'HR'),
(112, 'IN', NULL, 'Himachal Pradesh', 'HP'),
(113, 'IN', NULL, 'Jammu and Kashmir', 'JK'),
(114, 'IN', NULL, 'Jharkhand', 'JH'),
(115, 'IN', NULL, 'Karnataka', 'KA'),
(116, 'IN', NULL, 'Kerala', 'KL'),
(117, 'IN', NULL, 'Lakshadweep', 'LD'),
(118, 'IN', NULL, 'Madhya Pradesh', 'MP'),
(119, 'IN', NULL, 'Maharashtra', 'MH'),
(120, 'IN', NULL, 'Manipur', 'MN'),
(121, 'IN', NULL, 'Meghalaya', 'ML'),
(122, 'IN', NULL, 'Mizoram', 'MZ'),
(123, 'IN', NULL, 'Nagaland', 'NL'),
(124, 'IN', NULL, 'Odish', 'OR'),
(125, 'IN', NULL, 'Puducherry', 'PY'),
(126, 'IN', NULL, 'Punjab', 'PB'),
(127, 'IN', NULL, 'Rajasthan', 'RJ'),
(128, 'IN', NULL, 'Sikkim', 'SK'),
(129, 'IN', NULL, 'Tamil Nadu', 'TN'),
(130, 'IN', NULL, 'Telangan', 'TG'),
(131, 'IN', NULL, 'Tripura', 'TR'),
(132, 'IN', NULL, 'Uttarakhan', 'UT'),
(133, 'IN', NULL, 'Uttar Pradesh', 'UP'),
(134, 'IN', NULL, 'West Bengal', 'WB'),
(135, 'ID', NULL, 'Aceh', 'AC'),
(136, 'ID', NULL, 'Bali', 'BA'),
(137, 'ID', NULL, 'Bangka–Belitung Islands', 'BB'),
(138, 'ID', NULL, 'Banten', 'BT'),
(139, 'ID', NULL, 'Bengkulu', 'BE'),
(140, 'ID', NULL, 'Central Java', 'JT'),
(141, 'ID', NULL, 'Central Kalimantan', 'KT'),
(142, 'ID', NULL, 'Central Sulawesi', 'ST'),
(143, 'ID', NULL, 'East Java', 'JI'),
(144, 'ID', NULL, 'East Kalimantan', 'KI'),
(145, 'ID', NULL, 'East Nusa Tenggara', 'NT'),
(146, 'ID', NULL, 'Gorontalo', 'GO'),
(147, 'ID', NULL, 'Jakarta', 'JK'),
(148, 'ID', NULL, 'Jambi', 'JA'),
(149, 'ID', NULL, 'Lampung', 'LA'),
(150, 'ID', NULL, 'Maluku', 'MA'),
(151, 'ID', NULL, 'North Kalimantan', 'KU'),
(152, 'ID', NULL, 'North Maluku', 'MU'),
(153, 'ID', NULL, 'North Sulawesi', 'SA'),
(154, 'ID', NULL, 'North Sumatra', 'SU'),
(155, 'ID', NULL, 'Papua', 'PA'),
(156, 'ID', NULL, 'Riau', 'RI'),
(157, 'ID', NULL, 'Riau Islands', 'KR'),
(158, 'ID', NULL, 'South Kalimantan', 'KS'),
(159, 'ID', NULL, 'South Sulawesi', 'SN'),
(160, 'ID', NULL, 'South Sumatra', 'SS'),
(161, 'ID', NULL, 'Southeast Sulawesi', 'SG'),
(162, 'ID', NULL, 'West Java', 'JB'),
(163, 'ID', NULL, 'West Kalimantan', 'KB'),
(164, 'ID', NULL, 'West Nusa Tenggara', 'NB'),
(165, 'ID', NULL, 'West Papua', 'PB'),
(166, 'ID', NULL, 'West Sulawesi', 'SR'),
(167, 'ID', NULL, 'West Sumatra', 'SB'),
(168, 'ID', NULL, 'Yogyakarta', 'YO'),
(169, 'JP', NULL, 'Aichi', '23'),
(170, 'JP', NULL, 'Akita', '05'),
(171, 'JP', NULL, 'Aomori', '02'),
(172, 'JP', NULL, 'Chiba', '12'),
(173, 'JP', NULL, 'Ehime', '38'),
(174, 'JP', NULL, 'Fukui', '18'),
(175, 'JP', NULL, 'Fukuoka', '40'),
(176, 'JP', NULL, 'Fukushima', '07'),
(177, 'JP', NULL, 'Gifu', '21'),
(178, 'JP', NULL, 'Gumma', '10'),
(179, 'JP', NULL, 'Hiroshima', '34'),
(180, 'JP', NULL, 'Hokkaido', '01'),
(181, 'JP', NULL, 'Hyogo', '28'),
(182, 'JP', NULL, 'Ibaraki', '08'),
(183, 'JP', NULL, 'Ishikawa', '17'),
(184, 'JP', NULL, 'Iwate', '03'),
(185, 'JP', NULL, 'Kagawa', '37'),
(186, 'JP', NULL, 'Kagoshima', '46'),
(187, 'JP', NULL, 'Kanagawa', '14'),
(188, 'JP', NULL, 'Kochi', '39'),
(189, 'JP', NULL, 'Kumamoto', '43'),
(190, 'JP', NULL, 'Kyoto', '26'),
(191, 'JP', NULL, 'Mie', '24'),
(192, 'JP', NULL, 'Miyagi', '04'),
(193, 'JP', NULL, 'Miyazaki', '45'),
(194, 'JP', NULL, 'Nagano', '20'),
(195, 'JP', NULL, 'Nagasaki', '42'),
(196, 'JP', NULL, 'Nara', '29'),
(197, 'JP', NULL, 'Niigata', '15'),
(198, 'JP', NULL, 'Oita', '44'),
(199, 'JP', NULL, 'Okayama', '33'),
(200, 'JP', NULL, 'Okinawa', '47'),
(201, 'JP', NULL, 'Osaka', '27'),
(202, 'JP', NULL, 'Saga', '41'),
(203, 'JP', NULL, 'Saitama', '11'),
(204, 'JP', NULL, 'Shiga', '25'),
(205, 'JP', NULL, 'Shimane', '32'),
(206, 'JP', NULL, 'Shizuoka', '22'),
(207, 'JP', NULL, 'Tochigi', '09'),
(208, 'JP', NULL, 'Tokushima', '36'),
(209, 'JP', NULL, 'Tokyo', '13'),
(210, 'JP', NULL, 'Tottori', '31'),
(211, 'JP', NULL, 'Toyama', '16'),
(212, 'JP', NULL, 'Wakayama', '30'),
(213, 'JP', NULL, 'Yamagata', '06'),
(214, 'JP', NULL, 'Yamaguchi', '35'),
(215, 'JP', NULL, 'Yamanashi', '19'),
(216, 'MX', NULL, 'Aguascalientes', 'AGU'),
(217, 'MX', NULL, 'Baja California', 'BCN'),
(218, 'MX', NULL, 'Baja California Sur', 'BCS'),
(219, 'MX', NULL, 'Campeche', 'CAM'),
(220, 'MX', NULL, 'Coahuila', 'COA'),
(221, 'MX', NULL, 'Colima', 'COL'),
(222, 'MX', NULL, 'Chiapas', 'CHP'),
(223, 'MX', NULL, 'Chihuahua', 'CHH'),
(224, 'MX', NULL, 'Distrito Federal', 'DIF'),
(225, 'MX', NULL, 'Durango', 'DUR'),
(226, 'MX', NULL, 'Guanajuato', 'GUA'),
(227, 'MX', NULL, 'Guerrero', 'GRO'),
(228, 'MX', NULL, 'Hidalgo', 'HID'),
(229, 'MX', NULL, 'Jalisco', 'JAL'),
(230, 'MX', NULL, 'México', 'MEX'),
(231, 'MX', NULL, 'Michoacán', 'MIC'),
(232, 'MX', NULL, 'Morelos', 'MOR'),
(233, 'MX', NULL, 'Nayarit', 'NAY'),
(234, 'MX', NULL, 'Nuevo León', 'NLE'),
(235, 'MX', NULL, 'Oaxaca', 'OAX'),
(236, 'MX', NULL, 'Puebla', 'PUE'),
(237, 'MX', NULL, 'Querétaro', 'QUE'),
(238, 'MX', NULL, 'Quintana Roo', 'ROO'),
(239, 'MX', NULL, 'San Luis Potosí', 'SLP'),
(240, 'MX', NULL, 'Sinaloa', 'SIN'),
(241, 'MX', NULL, 'Sonora', 'SON'),
(242, 'MX', NULL, 'Tabasco', 'TAB'),
(243, 'MX', NULL, 'Tamaulipas', 'TAM'),
(244, 'MX', NULL, 'Tlaxcala', 'TLA'),
(245, 'MX', NULL, 'Veracruz', 'VER'),
(246, 'MX', NULL, 'Yucatán', 'YUC'),
(247, 'MX', NULL, 'Zacatecas', 'ZAC'),
(248, 'TH', NULL, 'Amnat Charoen', '37'),
(249, 'TH', NULL, 'Ang Thong', '15'),
(250, 'TH', NULL, 'Bueng Kan', '38'),
(251, 'TH', NULL, 'Buri Ram', '31'),
(252, 'TH', NULL, 'Chachoengsao', '24'),
(253, 'TH', NULL, 'Chai Nat', '18'),
(254, 'TH', NULL, 'Chaiyaphum', '36'),
(255, 'TH', NULL, 'Chanthaburi', '22'),
(256, 'TH', NULL, 'Chiang Mai', '50'),
(257, 'TH', NULL, 'Chiang Rai', '57'),
(258, 'TH', NULL, 'Chon Buri', '20'),
(259, 'TH', NULL, 'Chumphon', '86'),
(260, 'TH', NULL, 'Kalasin', '46'),
(261, 'TH', NULL, 'Kamphaeng Phet', '62'),
(262, 'TH', NULL, 'Kanchanaburi', '71'),
(263, 'TH', NULL, 'Khon Kaen', '40'),
(264, 'TH', NULL, 'Krabi', '81'),
(265, 'TH', NULL, 'Krung Thep Maha Nakhon (Bangkok)', '10'),
(266, 'TH', NULL, 'Lampang', '52'),
(267, 'TH', NULL, 'Lamphun', '51'),
(268, 'TH', NULL, 'Loei', '42'),
(269, 'TH', NULL, 'Lop Buri', '16'),
(270, 'TH', NULL, 'Mae Hong Son', '58'),
(271, 'TH', NULL, 'Maha Sarakham', '44'),
(272, 'TH', NULL, 'Mukdahan', '49'),
(273, 'TH', NULL, 'Nakhon Nayok', '26'),
(274, 'TH', NULL, 'Nakhon Pathom', '73'),
(275, 'TH', NULL, 'Nakhon Phanom', '48'),
(276, 'TH', NULL, 'Nakhon Ratchasima', '30'),
(277, 'TH', NULL, 'Nakhon Sawan', '60'),
(278, 'TH', NULL, 'Nakhon Si Thammarat', '80'),
(279, 'TH', NULL, 'Nan', '55'),
(280, 'TH', NULL, 'Narathiwat', '96'),
(281, 'TH', NULL, 'Nong Bua Lam Phu', '39'),
(282, 'TH', NULL, 'Nong Khai', '43'),
(283, 'TH', NULL, 'Nonthaburi', '12'),
(284, 'TH', NULL, 'Pathum Thani', '13'),
(285, 'TH', NULL, 'Pattani', '94'),
(286, 'TH', NULL, 'Phangnga', '82'),
(287, 'TH', NULL, 'Phatthalung', '93'),
(288, 'TH', NULL, 'Phatthaya', 'S'),
(289, 'TH', NULL, 'Phayao', '56'),
(290, 'TH', NULL, 'Phetchabun', '67'),
(291, 'TH', NULL, 'Phetchaburi', '76'),
(292, 'TH', NULL, 'Phichit', '66'),
(293, 'TH', NULL, 'Phitsanulok', '65'),
(294, 'TH', NULL, 'Phrae', '54'),
(295, 'TH', NULL, 'Phra Nakhon Si Ayutthaya', '14'),
(296, 'TH', NULL, 'Phuket', '83'),
(297, 'TH', NULL, 'Prachin Buri', '25'),
(298, 'TH', NULL, 'Prachuap Khiri Khan', '77'),
(299, 'TH', NULL, 'Ranong', '85'),
(300, 'TH', NULL, 'Ratchaburi', '70'),
(301, 'TH', NULL, 'Rayong', '21'),
(302, 'TH', NULL, 'Roi Et', '45'),
(303, 'TH', NULL, 'Sa Kaeo', '27'),
(304, 'TH', NULL, 'Sakon Nakhon', '47'),
(305, 'TH', NULL, 'Samut Prakan', '11'),
(306, 'TH', NULL, 'Samut Sakhon', '74'),
(307, 'TH', NULL, 'Samut Songkhram', '75'),
(308, 'TH', NULL, 'Saraburi', '19'),
(309, 'TH', NULL, 'Satun', '91'),
(310, 'TH', NULL, 'Sing Buri', '17'),
(311, 'TH', NULL, 'Si Sa Ket', '33'),
(312, 'TH', NULL, 'Songkhla', '90'),
(313, 'TH', NULL, 'Sukhothai', '64'),
(314, 'TH', NULL, 'Suphan Buri', '72'),
(315, 'TH', NULL, 'Surat Thani', '84'),
(316, 'TH', NULL, 'Surin', '32'),
(317, 'TH', NULL, 'Tak', '63'),
(318, 'TH', NULL, 'Trang', '92'),
(319, 'TH', NULL, 'Trat', '23'),
(320, 'TH', NULL, 'Ubon Ratchathani', '34'),
(321, 'TH', NULL, 'Udon Thani', '41'),
(322, 'TH', NULL, 'Uthai Thani', '61'),
(323, 'TH', NULL, 'Uttaradit', '53'),
(324, 'TH', NULL, 'Yala', '95'),
(325, 'TH', NULL, 'Yasothon', '35'),
(326, 'GB', 'GB-SCT', 'Aberdeen City', 'ABE'),
(327, 'GB', 'GB-SCT', 'Aberdeenshire', 'ABD'),
(328, 'GB', 'GB-SCT', 'Angus', 'ANS'),
(329, 'GB', 'GB-NIR', 'Antrim', 'ANT'),
(330, 'GB', 'GB-NIR', 'Ards', 'ARD'),
(331, 'GB', 'GB-SCT', 'Argyll and Bute', 'AGB'),
(332, 'GB', 'GB-NIR', 'Armagh', 'ARM'),
(333, 'GB', 'GB-NIR', 'Ballymena', 'BLA'),
(334, 'GB', 'GB-NIR', 'Ballymoney', 'BLY'),
(335, 'GB', 'GB-NIR', 'Banbridge', 'BNB'),
(336, 'GB', 'GB-ENG', 'Barking and Dagenham', 'BDG'),
(337, 'GB', 'GB-ENG', 'Barnet', 'BNE'),
(338, 'GB', 'GB-ENG', 'Barnsley', 'BNS'),
(339, 'GB', 'GB-ENG', 'Bath and North East Somerset', 'BAS'),
(340, 'GB', 'GB-ENG', 'Bedford', 'BDF'),
(341, 'GB', 'GB-NIR', 'Belfast', 'BFS'),
(342, 'GB', 'GB-ENG', 'Bexley', 'BEX'),
(343, 'GB', 'GB-ENG', 'Birmingham', 'BIR'),
(344, 'GB', 'GB-ENG', 'Blackburn with Darwen', 'BBD'),
(345, 'GB', 'GB-ENG', 'Blackpool', 'BPL'),
(346, 'GB', 'GB-WLS', 'Blaenau Gwent', 'BGW'),
(347, 'GB', 'GB-ENG', 'Bolton', 'BOL'),
(348, 'GB', 'GB-ENG', 'Bournemouth', 'BMH'),
(349, 'GB', 'GB-ENG', 'Bracknell Forest', 'BRC'),
(350, 'GB', 'GB-ENG', 'Bradford', 'BRD'),
(351, 'GB', 'GB-ENG', 'Brent', 'BEN'),
(352, 'GB', 'GB-WLS', 'Bridgend', 'BGE'),
(353, 'GB', 'GB-ENG', 'Brighton and Hove', 'BNH'),
(354, 'GB', 'GB-ENG', 'Bristol, City of', 'BST'),
(355, 'GB', 'GB-ENG', 'Bromley', 'BRY'),
(356, 'GB', 'GB-ENG', 'Buckinghamshire', 'BKM'),
(357, 'GB', 'GB-ENG', 'Bury', 'BUR'),
(358, 'GB', 'GB-WLS', 'Caerphilly', 'CAY'),
(359, 'GB', 'GB-ENG', 'Calderdale', 'CLD'),
(360, 'GB', 'GB-ENG', 'Cambridgeshire', 'CAM'),
(361, 'GB', 'GB-ENG', 'Camden', 'CMD'),
(362, 'GB', 'GB-WLS', 'Cardiff', 'CRF'),
(363, 'GB', 'GB-WLS', 'Carmarthenshire', 'CMN'),
(364, 'GB', 'GB-NIR', 'Carrickfergus', 'CKF'),
(365, 'GB', 'GB-NIR', 'Castlereagh', 'CSR'),
(366, 'GB', 'GB-ENG', 'Central Bedfordshire', 'CBF'),
(367, 'GB', 'GB-WLS', 'Ceredigion', 'CGN'),
(368, 'GB', 'GB-ENG', 'Cheshire East', 'CHE'),
(369, 'GB', 'GB-ENG', 'Cheshire West and Chester', 'CHW'),
(370, 'GB', 'GB-SCT', 'Clackmannanshire', 'CLK'),
(371, 'GB', 'GB-NIR', 'Coleraine', 'CLR'),
(372, 'GB', 'GB-WLS', 'Conwy', 'CWY'),
(373, 'GB', 'GB-NIR', 'Cookstown', 'CKT'),
(374, 'GB', 'GB-ENG', 'Cornwall', 'CON'),
(375, 'GB', 'GB-ENG', 'Coventry', 'COV'),
(376, 'GB', 'GB-NIR', 'Craigavon', 'CGV'),
(377, 'GB', 'GB-ENG', 'Croydon', 'CRY'),
(378, 'GB', 'GB-ENG', 'Cumbria', 'CMA'),
(379, 'GB', 'GB-ENG', 'Darlington', 'DAL'),
(380, 'GB', 'GB-WLS', 'Denbighshire', 'DEN'),
(381, 'GB', 'GB-ENG', 'Derby', 'DER'),
(382, 'GB', 'GB-ENG', 'Derbyshire', 'DBY'),
(383, 'GB', 'GB-NIR', 'Derry', 'DRY'),
(384, 'GB', 'GB-ENG', 'Devon', 'DEV'),
(385, 'GB', 'GB-ENG', 'Doncaster', 'DNC'),
(386, 'GB', 'GB-ENG', 'Dorset', 'DOR'),
(387, 'GB', 'GB-NIR', 'Down', 'DOW'),
(388, 'GB', 'GB-ENG', 'Dudley', 'DUD'),
(389, 'GB', 'GB-SCT', 'Dumfries and Galloway', 'DGY'),
(390, 'GB', 'GB-SCT', 'Dundee City', 'DND'),
(391, 'GB', 'GB-NIR', 'Dungannon and South Tyrone', 'DGN'),
(392, 'GB', 'GB-ENG', 'Durham, County', 'DUR'),
(393, 'GB', 'GB-ENG', 'Ealing', 'EAL'),
(394, 'GB', 'GB-SCT', 'East Ayrshire', 'EAY'),
(395, 'GB', 'GB-SCT', 'East Dunbartonshire', 'EDU'),
(396, 'GB', 'GB-SCT', 'East Lothian', 'ELN'),
(397, 'GB', 'GB-SCT', 'East Renfrewshire', 'ERW'),
(398, 'GB', 'GB-ENG', 'East Riding of Yorkshire', 'ERY'),
(399, 'GB', 'GB-ENG', 'East Sussex', 'ESX'),
(400, 'GB', 'GB-SCT', 'Edinburgh, City of', 'EDH'),
(401, 'GB', 'GB-SCT', 'Eilean Siar', 'ELS'),
(402, 'GB', 'GB-ENG', 'Enfield', 'ENF'),
(403, 'GB', 'GB-ENG', 'Essex', 'ESS'),
(404, 'GB', 'GB-SCT', 'Falkirk', 'FAL'),
(405, 'GB', 'GB-NIR', 'Fermanagh', 'FER'),
(406, 'GB', 'GB-SCT', 'Fife', 'FIF'),
(407, 'GB', 'GB-WLS', 'Flintshire', 'FLN'),
(408, 'GB', 'GB-ENG', 'Gateshead', 'GAT'),
(409, 'GB', 'GB-SCT', 'Glasgow City', 'GLG'),
(410, 'GB', 'GB-ENG', 'Gloucestershire', 'GLS'),
(411, 'GB', 'GB-ENG', 'Greenwich', 'GRE'),
(412, 'GB', 'GB-WLS', 'Gwynedd', 'GWN'),
(413, 'GB', 'GB-ENG', 'Hackney', 'HCK'),
(414, 'GB', 'GB-ENG', 'Halton', 'HAL'),
(415, 'GB', 'GB-ENG', 'Hammersmith and Fulham', 'HMF'),
(416, 'GB', 'GB-ENG', 'Hampshire', 'HAM'),
(417, 'GB', 'GB-ENG', 'Haringey', 'HRY'),
(418, 'GB', 'GB-ENG', 'Harrow', 'HRW'),
(419, 'GB', 'GB-ENG', 'Hartlepool', 'HPL'),
(420, 'GB', 'GB-ENG', 'Havering', 'HAV'),
(421, 'GB', 'GB-ENG', 'Herefordshire', 'HEF'),
(422, 'GB', 'GB-ENG', 'Hertfordshire', 'HRT'),
(423, 'GB', 'GB-SCT', 'Highland', 'HLD'),
(424, 'GB', 'GB-ENG', 'Hillingdon', 'HIL'),
(425, 'GB', 'GB-ENG', 'Hounslow', 'HNS'),
(426, 'GB', 'GB-SCT', 'Inverclyde', 'IVC'),
(427, 'GB', 'GB-WLS', 'Isle of Anglesey', 'AGY'),
(428, 'GB', 'GB-ENG', 'Isle of Wight', 'IOW'),
(429, 'GB', 'GB-ENG', 'Isles of Scilly', 'IOS'),
(430, 'GB', 'GB-ENG', 'Islington', 'ISL'),
(431, 'GB', 'GB-ENG', 'Kensington and Chelsea', 'KEC'),
(432, 'GB', 'GB-ENG', 'Kent', 'KEN'),
(433, 'GB', 'GB-ENG', 'Kingston upon Hull', 'KHL'),
(434, 'GB', 'GB-ENG', 'Kingston upon Thames', 'KTT'),
(435, 'GB', 'GB-ENG', 'Kirklees', 'KIR'),
(436, 'GB', 'GB-ENG', 'Knowsley', 'KWL'),
(437, 'GB', 'GB-ENG', 'Lambeth', 'LBH'),
(438, 'GB', 'GB-ENG', 'Lancashire', 'LAN'),
(439, 'GB', 'GB-NIR', 'Larne', 'LRN'),
(440, 'GB', 'GB-ENG', 'Leeds', 'LDS'),
(441, 'GB', 'GB-ENG', 'Leicester', 'LCE'),
(442, 'GB', 'GB-ENG', 'Leicestershire', 'LEC'),
(443, 'GB', 'GB-ENG', 'Lewisham', 'LEW'),
(444, 'GB', 'GB-NIR', 'Limavady', 'LMV'),
(445, 'GB', 'GB-ENG', 'Lincolnshire', 'LIN'),
(446, 'GB', 'GB-NIR', 'Lisburn', 'LSB'),
(447, 'GB', 'GB-ENG', 'Liverpool', 'LIV'),
(448, 'GB', 'GB-ENG', 'London, City of', 'LND'),
(449, 'GB', 'GB-ENG', 'Luton', 'LUT'),
(450, 'GB', 'GB-NIR', 'Magherafelt', 'MFT'),
(451, 'GB', 'GB-ENG', 'Manchester', 'MAN'),
(452, 'GB', 'GB-ENG', 'Medway', 'MDW'),
(453, 'GB', 'GB-WLS', 'Merthyr Tydfil', 'MTY'),
(454, 'GB', 'GB-ENG', 'Merton', 'MRT'),
(455, 'GB', 'GB-ENG', 'Middlesbrough', 'MDB'),
(456, 'GB', 'GB-SCT', 'Midlothian', 'MLN'),
(457, 'GB', 'GB-ENG', 'Milton Keynes', 'MIK'),
(458, 'GB', 'GB-WLS', 'Monmouthshire', 'MON'),
(459, 'GB', 'GB-SCT', 'Moray', 'MRY'),
(460, 'GB', 'GB-NIR', 'Moyle', 'MYL'),
(461, 'GB', 'GB-WLS', 'Neath Port Talbot', 'NTL'),
(462, 'GB', 'GB-ENG', 'Newcastle upon Tyne', 'NET'),
(463, 'GB', 'GB-ENG', 'Newham', 'NWM'),
(464, 'GB', 'GB-WLS', 'Newport', 'NWP'),
(465, 'GB', 'GB-NIR', 'Newry and Mourne District', 'NYM'),
(466, 'GB', 'GB-NIR', 'Newtownabbey', 'NTA'),
(467, 'GB', 'GB-ENG', 'Norfolk', 'NFK'),
(468, 'GB', 'GB-SCT', 'North Ayrshire', 'NAY'),
(469, 'GB', 'GB-NIR', 'North Down', 'NDN'),
(470, 'GB', 'GB-ENG', 'North East Lincolnshire', 'NEL'),
(471, 'GB', 'GB-SCT', 'North Lanarkshire', 'NLK'),
(472, 'GB', 'GB-ENG', 'North Lincolnshire', 'NLN'),
(473, 'GB', 'GB-ENG', 'North Somerset', 'NSM'),
(474, 'GB', 'GB-ENG', 'North Tyneside', 'NTY'),
(475, 'GB', 'GB-ENG', 'North Yorkshire', 'NYK'),
(476, 'GB', 'GB-ENG', 'Northamptonshire', 'NTH'),
(477, 'GB', 'GB-ENG', 'Northumberland', 'NBL'),
(478, 'GB', 'GB-ENG', 'Nottingham', 'NGM'),
(479, 'GB', 'GB-ENG', 'Nottinghamshire', 'NTT'),
(480, 'GB', 'GB-ENG', 'Oldham', 'OLD'),
(481, 'GB', 'GB-NIR', 'Omagh', 'OMH'),
(482, 'GB', 'GB-SCT', 'Orkney Islands', 'ORK'),
(483, 'GB', 'GB-ENG', 'Oxfordshire', 'OXF'),
(484, 'GB', 'GB-WLS', 'Pembrokeshire', 'PEM'),
(485, 'GB', 'GB-SCT', 'Perth and Kinross', 'PKN'),
(486, 'GB', 'GB-ENG', 'Peterborough', 'PTE'),
(487, 'GB', 'GB-ENG', 'Plymouth', 'PLY'),
(488, 'GB', 'GB-ENG', 'Poole', 'POL'),
(489, 'GB', 'GB-ENG', 'Portsmouth', 'POR'),
(490, 'GB', 'GB-WLS', 'Powys', 'POW'),
(491, 'GB', 'GB-ENG', 'Reading', 'RDG'),
(492, 'GB', 'GB-ENG', 'Redbridge', 'RDB'),
(493, 'GB', 'GB-ENG', 'Redcar and Cleveland', 'RCC'),
(494, 'GB', 'GB-SCT', 'Renfrewshire', 'RFW'),
(495, 'GB', 'GB-WLS', 'Rhondda, Cynon, Taff', 'RCT'),
(496, 'GB', 'GB-ENG', 'Richmond upon Thames', 'RIC'),
(497, 'GB', 'GB-ENG', 'Rochdale', 'RCH'),
(498, 'GB', 'GB-ENG', 'Rotherham', 'ROT'),
(499, 'GB', 'GB-ENG', 'Rutland', 'RUT'),
(500, 'GB', 'GB-ENG', 'St. Helens', 'SHN'),
(501, 'GB', 'GB-ENG', 'Salford', 'SLF'),
(502, 'GB', 'GB-ENG', 'Sandwell', 'SAW'),
(503, 'GB', 'GB-SCT', 'Scottish Borders, The', 'SCB'),
(504, 'GB', 'GB-ENG', 'Sefton', 'SFT'),
(505, 'GB', 'GB-ENG', 'Sheffield', 'SHF'),
(506, 'GB', 'GB-SCT', 'Shetland Islands', 'ZET'),
(507, 'GB', 'GB-ENG', 'Shropshire', 'SHR'),
(508, 'GB', 'GB-ENG', 'Slough', 'SLG'),
(509, 'GB', 'GB-ENG', 'Solihull', 'SOL'),
(510, 'GB', 'GB-ENG', 'Somerset', 'SOM'),
(511, 'GB', 'GB-SCT', 'South Ayrshire', 'SAY'),
(512, 'GB', 'GB-ENG', 'South Gloucestershire', 'SGC'),
(513, 'GB', 'GB-SCT', 'South Lanarkshire', 'SLK'),
(514, 'GB', 'GB-ENG', 'South Tyneside', 'STY'),
(515, 'GB', 'GB-ENG', 'Southampton', 'STH'),
(516, 'GB', 'GB-ENG', 'Southend-on-Sea', 'SOS'),
(517, 'GB', 'GB-ENG', 'Southwark', 'SWK'),
(518, 'GB', 'GB-ENG', 'Staffordshire', 'STS'),
(519, 'GB', 'GB-SCT', 'Stirling', 'STG'),
(520, 'GB', 'GB-ENG', 'Stockport', 'SKP'),
(521, 'GB', 'GB-ENG', 'Stockton-on-Tees', 'STT'),
(522, 'GB', 'GB-ENG', 'Stoke-on-Trent', 'STE'),
(523, 'GB', 'GB-NIR', 'Strabane', 'STB'),
(524, 'GB', 'GB-ENG', 'Suffolk', 'SFK'),
(525, 'GB', 'GB-ENG', 'Sunderland', 'SND'),
(526, 'GB', 'GB-ENG', 'Surrey', 'SRY'),
(527, 'GB', 'GB-ENG', 'Sutton', 'STN'),
(528, 'GB', 'GB-WLS', 'Swansea', 'SWA'),
(529, 'GB', 'GB-ENG', 'Swindon', 'SWD'),
(530, 'GB', 'GB-ENG', 'Tameside', 'TAM'),
(531, 'GB', 'GB-ENG', 'Telford and Wrekin', 'TFW'),
(532, 'GB', 'GB-ENG', 'Thurrock', 'THR'),
(533, 'GB', 'GB-ENG', 'Torbay', 'TOB'),
(534, 'GB', 'GB-WLS', 'Torfaen', 'TOF'),
(535, 'GB', 'GB-ENG', 'Tower Hamlets', 'TWH'),
(536, 'GB', 'GB-ENG', 'Trafford', 'TRF'),
(537, 'GB', 'GB-WLS', 'Vale of Glamorgan, The', 'VGL'),
(538, 'GB', 'GB-ENG', 'Wakefield', 'WKF'),
(539, 'GB', 'GB-ENG', 'Walsall', 'WLL'),
(540, 'GB', 'GB-ENG', 'Waltham Forest', 'WFT'),
(541, 'GB', 'GB-ENG', 'Wandsworth', 'WND'),
(542, 'GB', 'GB-ENG', 'Warrington', 'WRT'),
(543, 'GB', 'GB-ENG', 'Warwickshire', 'WAR'),
(544, 'GB', 'GB-ENG', 'West Berkshire', 'WBK'),
(545, 'GB', 'GB-SCT', 'West Dunbartonshire', 'WDU'),
(546, 'GB', 'GB-SCT', 'West Lothian', 'WLN'),
(547, 'GB', 'GB-ENG', 'West Sussex', 'WSX'),
(548, 'GB', 'GB-ENG', 'Westminster', 'WSM'),
(549, 'GB', 'GB-ENG', 'Wigan', 'WGN'),
(550, 'GB', 'GB-ENG', 'Wiltshire', 'WIL'),
(551, 'GB', 'GB-ENG', 'Windsor and Maidenhead', 'WNM'),
(552, 'GB', 'GB-ENG', 'Wirral', 'WRL'),
(553, 'GB', 'GB-ENG', 'Wokingham', 'WOK'),
(554, 'GB', 'GB-ENG', 'Wolverhampton', 'WLV'),
(555, 'GB', 'GB-ENG', 'Worcestershire', 'WOR'),
(556, 'GB', 'GB-WLS', 'Wrexham', 'WRX'),
(557, 'GB', 'GB-ENG', 'York', 'YOR'),
(558, 'US', NULL, 'Alabama', 'AL'),
(559, 'US', NULL, 'Alaska', 'AK'),
(560, 'US', NULL, 'Arizona', 'AZ'),
(561, 'US', NULL, 'Arkansas', 'AR'),
(562, 'US', NULL, 'California', 'CA'),
(563, 'US', NULL, 'Colorado', 'CO'),
(564, 'US', NULL, 'Connecticut', 'CT'),
(565, 'US', NULL, 'Delaware', 'DE'),
(566, 'US', NULL, 'District of Columbia', 'DC'),
(567, 'US', NULL, 'Florida', 'FL'),
(568, 'US', NULL, 'Georgia', 'GA'),
(569, 'US', NULL, 'Guam', 'GU'),
(570, 'US', NULL, 'Hawaii', 'HI'),
(571, 'US', NULL, 'Idaho', 'ID'),
(572, 'US', NULL, 'Illinois', 'IL'),
(573, 'US', NULL, 'Indiana', 'IN'),
(574, 'US', NULL, 'Iowa', 'IA'),
(575, 'US', NULL, 'Kansas', 'KS'),
(576, 'US', NULL, 'Kentucky', 'KY'),
(577, 'US', NULL, 'Louisiana', 'LA'),
(578, 'US', NULL, 'Maine', 'ME'),
(579, 'US', NULL, 'Maryland', 'MD'),
(580, 'US', NULL, 'Massachusetts', 'MA'),
(581, 'US', NULL, 'Michigan', 'MI'),
(582, 'US', NULL, 'Minnesota', 'MN'),
(583, 'US', NULL, 'Mississippi', 'MS'),
(584, 'US', NULL, 'Missouri', 'MO'),
(585, 'US', NULL, 'Montana', 'MT'),
(586, 'US', NULL, 'Nebraska', 'NE'),
(587, 'US', NULL, 'Nevada', 'NV'),
(588, 'US', NULL, 'New Hampshire', 'NH'),
(589, 'US', NULL, 'New Jersey', 'NJ'),
(590, 'US', NULL, 'New Mexico', 'NM'),
(591, 'US', NULL, 'New York', 'NY'),
(592, 'US', NULL, 'North Carolina', 'NC'),
(593, 'US', NULL, 'North Dakota', 'ND'),
(594, 'US', NULL, 'Ohio', 'OH'),
(595, 'US', NULL, 'Oklahoma', 'OK'),
(596, 'US', NULL, 'Oregon', 'OR'),
(597, 'US', NULL, 'Pennsylvania', 'PA'),
(598, 'US', NULL, 'Puerto Rico', 'PR'),
(599, 'US', NULL, 'Rhode Island', 'RI'),
(600, 'US', NULL, 'South Carolina', 'SC'),
(601, 'US', NULL, 'South Dakota', 'SD'),
(602, 'US', NULL, 'Tennessee', 'TN'),
(603, 'US', NULL, 'Texas', 'TX'),
(604, 'US', NULL, 'Utah', 'UT'),
(605, 'US', NULL, 'Vermont', 'VT'),
(606, 'US', NULL, 'Virgin Islands', 'VI'),
(607, 'US', NULL, 'Virginia', 'VA'),
(608, 'US', NULL, 'Washington', 'WA'),
(609, 'US', NULL, 'West Virginia', 'WV'),
(610, 'US', NULL, 'Wisconsin', 'WI'),
(611, 'US', NULL, 'Wyoming', 'WY');

-- --------------------------------------------------------

--
-- Table structure for table `xc_tasks`
--

DROP TABLE IF EXISTS `xc_tasks`;
CREATE TABLE IF NOT EXISTS `xc_tasks` (
  `id` int(10) UNSIGNED NOT NULL AUTO_INCREMENT,
  `owner` varchar(128) COLLATE utf8_unicode_ci NOT NULL,
  `triggerTime` int(11) NOT NULL,
  `data` longtext COLLATE utf8_unicode_ci NOT NULL COMMENT '(DC2Type:array)',
  PRIMARY KEY (`id`)
) ENGINE=InnoDB AUTO_INCREMENT=3 DEFAULT CHARSET=utf8 COLLATE=utf8_unicode_ci;

--
-- Dumping data for table `xc_tasks`
--

INSERT INTO `xc_tasks` (`id`, `owner`, `triggerTime`, `data`) VALUES
(1, 'XLite\\Core\\Task\\EventListener', 0, 'a:0:{}'),
(2, 'XLite\\Module\\CDev\\XMLSitemap\\Core\\Task\\GenerateSitemap', 0, 'a:0:{}');

-- --------------------------------------------------------

--
-- Table structure for table `xc_tax_classes`
--

DROP TABLE IF EXISTS `xc_tax_classes`;
CREATE TABLE IF NOT EXISTS `xc_tax_classes` (
  `id` int(10) UNSIGNED NOT NULL AUTO_INCREMENT,
  `position` int(11) NOT NULL,
  PRIMARY KEY (`id`)
) ENGINE=InnoDB DEFAULT CHARSET=utf8 COLLATE=utf8_unicode_ci;

-- --------------------------------------------------------

--
-- Table structure for table `xc_tax_class_translations`
--

DROP TABLE IF EXISTS `xc_tax_class_translations`;
CREATE TABLE IF NOT EXISTS `xc_tax_class_translations` (
  `label_id` int(11) NOT NULL AUTO_INCREMENT,
  `id` int(10) UNSIGNED DEFAULT NULL,
  `name` varchar(255) COLLATE utf8_unicode_ci NOT NULL,
  `code` char(2) COLLATE utf8_unicode_ci NOT NULL,
  PRIMARY KEY (`label_id`),
  KEY `ci` (`code`,`id`),
  KEY `id` (`id`)
) ENGINE=InnoDB DEFAULT CHARSET=utf8 COLLATE=utf8_unicode_ci;

-- --------------------------------------------------------

--
-- Table structure for table `xc_temporary_files`
--

DROP TABLE IF EXISTS `xc_temporary_files`;
CREATE TABLE IF NOT EXISTS `xc_temporary_files` (
  `id` int(10) UNSIGNED NOT NULL AUTO_INCREMENT,
  `width` int(11) NOT NULL,
  `height` int(11) NOT NULL,
  `hash` char(32) COLLATE utf8_unicode_ci DEFAULT NULL,
  `needProcess` tinyint(1) NOT NULL,
  `path` varchar(512) COLLATE utf8_unicode_ci NOT NULL,
  `fileName` varchar(255) COLLATE utf8_unicode_ci NOT NULL,
  `mime` varchar(128) COLLATE utf8_unicode_ci NOT NULL,
  `storageType` varchar(1) COLLATE utf8_unicode_ci NOT NULL,
  `size` int(10) UNSIGNED NOT NULL,
  `date` int(10) UNSIGNED NOT NULL,
  PRIMARY KEY (`id`)
) ENGINE=InnoDB DEFAULT CHARSET=utf8 COLLATE=utf8_unicode_ci;

-- --------------------------------------------------------

--
-- Table structure for table `xc_theme_tweaker_template`
--

DROP TABLE IF EXISTS `xc_theme_tweaker_template`;
CREATE TABLE IF NOT EXISTS `xc_theme_tweaker_template` (
  `id` int(11) NOT NULL AUTO_INCREMENT,
  `template` varchar(255) COLLATE utf8_unicode_ci NOT NULL,
  `date` int(11) NOT NULL,
  PRIMARY KEY (`id`)
) ENGINE=InnoDB DEFAULT CHARSET=utf8 COLLATE=utf8_unicode_ci;

-- --------------------------------------------------------

--
-- Table structure for table `xc_tmp_vars`
--

DROP TABLE IF EXISTS `xc_tmp_vars`;
CREATE TABLE IF NOT EXISTS `xc_tmp_vars` (
  `id` int(11) NOT NULL AUTO_INCREMENT,
  `name` varchar(128) COLLATE utf8_unicode_ci NOT NULL,
  `value` longtext COLLATE utf8_unicode_ci NOT NULL,
  PRIMARY KEY (`id`),
  UNIQUE KEY `name` (`name`)
) ENGINE=InnoDB AUTO_INCREMENT=31 DEFAULT CHARSET=utf8 COLLATE=utf8_unicode_ci;

--
-- Dumping data for table `xc_tmp_vars`
--

INSERT INTO `xc_tmp_vars` (`id`, `name`, `value`) VALUES
(1, 'cloud_search_reg_scheduled', ''),
(2, 'cache_build_timestamp', '1476370252'),
(4, 'inactiveMPKeysData', 'a:0:{}'),
(5, 'inactiveMPKeysTTL', 'i:1478266007;'),
(6, 'warningMessageLastTimestamp', 'i:0;'),
(7, 'lowStockUpdateTimestamp', 'i:1478265959;'),
(8, 'modulesMessageLastTimestamp', 'i:1476709200;'),
(9, 'newsMessageLastTimestamp', 'i:1477918800;'),
(10, 'update_pmTTL', 'i:1478266049;'),
(11, 'update_shmTTL', 'i:1478266051;'),
(12, 'check_for_updatesData', 'a:3:{s:18:"isUpgardeAvailable";i:0;s:18:"isUpgradeAvailable";i:0;s:19:"areUpdatesAvailable";i:1;}'),
(13, 'check_for_updatesTTL', 'i:1478266060;'),
(14, 'get_coresData', 'a:0:{}'),
(15, 'get_coresTTL', 'i:1478266060;'),
(16, 'get_addonsTTL', 'i:1478266064;'),
(17, 'get_all_bannersData', 'a:4:{i:0;a:3:{s:10:"banner_img";s:92:"http://my.x-cart.com/sites/default/files/addons/banners/Halloween_Sale_Marketplace_700px.jpg";s:13:"banner_module";s:16:"QSL-OrderReports";s:10:"banner_url";s:98:"https://market.x-cart.com/addons?utm_source=xc5admin&utm_medium=banner&utm_campaign=halloween-sale";}i:1;a:3:{s:10:"banner_img";s:72:"http://my.x-cart.com/sites/default/files/addons/banners/Order_Status.jpg";s:13:"banner_module";s:15:"CSI-OrderStatus";s:10:"banner_url";s:0:"";}i:2;a:3:{s:10:"banner_img";s:80:"http://my.x-cart.com/sites/default/files/addons/banners/Site_Structured_Data.jpg";s:13:"banner_module";s:22:"CSI-SiteStructuredData";s:10:"banner_url";s:0:"";}i:3;a:3:{s:10:"banner_img";s:75:"http://my.x-cart.com/sites/default/files/addons/banners/Image_Watermark.jpg";s:13:"banner_module";s:18:"CSI-ImageWatermark";s:10:"banner_url";s:0:"";}}'),
(18, 'get_all_bannersTTL', 'i:1478266065;'),
(19, 'get_all_tagsData', 'a:24:{i:1;a:5:{s:8:"tag_name";s:9:"Marketing";s:26:"tag_banner_expiration_date";s:0:"";s:14:"tag_banner_img";s:81:"http://my.x-cart.com/sites/default/files/tags/banners/Abandoned_Cart_Reminder.jpg";s:17:"tag_module_banner";s:25:"QSL-AbandonedCartReminder";s:14:"tag_banner_url";s:0:"";}i:2;a:5:{s:8:"tag_name";s:15:"User experience";s:26:"tag_banner_expiration_date";s:0:"";s:14:"tag_banner_img";s:84:"http://my.x-cart.com/sites/default/files/tags/banners/Exit_Offers_1024%D1%8590px.jpg";s:17:"tag_module_banner";s:14:"QSL-ExitOffers";s:14:"tag_banner_url";s:0:"";}i:3;a:5:{s:8:"tag_name";s:13:"Design tweaks";s:26:"tag_banner_expiration_date";s:31:"Thu, 21 Jul 2016 03:00:00 +0300";s:14:"tag_banner_img";s:87:"http://my.x-cart.com/sites/default/files/tags/banners/Summer_Sale_tag_banner_1400px.jpg";s:17:"tag_module_banner";s:0:"";s:14:"tag_banner_url";s:0:"";}i:4;a:5:{s:8:"tag_name";s:14:"Administration";s:26:"tag_banner_expiration_date";s:31:"Thu, 21 Jul 2016 03:00:00 +0300";s:14:"tag_banner_img";s:87:"http://my.x-cart.com/sites/default/files/tags/banners/Summer_Sale_tag_banner_1400px.jpg";s:17:"tag_module_banner";s:0:"";s:14:"tag_banner_url";s:0:"";}i:5;a:5:{s:8:"tag_name";s:5:"Taxes";s:26:"tag_banner_expiration_date";s:31:"Thu, 21 Jul 2016 03:00:00 +0300";s:14:"tag_banner_img";s:87:"http://my.x-cart.com/sites/default/files/tags/banners/Summer_Sale_tag_banner_1400px.jpg";s:17:"tag_module_banner";s:0:"";s:14:"tag_banner_url";s:0:"";}i:6;a:5:{s:8:"tag_name";s:11:"Fulfillment";s:26:"tag_banner_expiration_date";s:31:"Thu, 21 Jul 2016 03:00:00 +0300";s:14:"tag_banner_img";s:87:"http://my.x-cart.com/sites/default/files/tags/banners/Summer_Sale_tag_banner_1400px.jpg";s:17:"tag_module_banner";s:0:"";s:14:"tag_banner_url";s:0:"";}i:7;a:5:{s:8:"tag_name";s:18:"Payment processing";s:26:"tag_banner_expiration_date";s:0:"";s:14:"tag_banner_img";s:70:"http://my.x-cart.com/sites/default/files/tags/banners/2048x180_g2a.jpg";s:17:"tag_module_banner";s:20:"Amazon-PayWithAmazon";s:14:"tag_banner_url";s:117:"https://www.x-cart.com/g2a-pay.html?utm_source=xc5back-end&utm_medium=marketplace&utm_campaign=tag-payment-processing";}i:8;a:5:{s:8:"tag_name";s:11:"Translation";s:26:"tag_banner_expiration_date";s:31:"Thu, 21 Jul 2016 03:00:00 +0300";s:14:"tag_banner_img";s:87:"http://my.x-cart.com/sites/default/files/tags/banners/Summer_Sale_tag_banner_1400px.jpg";s:17:"tag_module_banner";s:0:"";s:14:"tag_banner_url";s:0:"";}i:9;a:5:{s:8:"tag_name";s:8:"Shipping";s:26:"tag_banner_expiration_date";s:31:"Thu, 21 Jul 2016 03:00:00 +0300";s:14:"tag_banner_img";s:87:"http://my.x-cart.com/sites/default/files/tags/banners/Summer_Sale_tag_banner_1400px.jpg";s:17:"tag_module_banner";s:0:"";s:14:"tag_banner_url";s:0:"";}i:11;a:5:{s:8:"tag_name";s:11:"Development";s:26:"tag_banner_expiration_date";s:31:"Thu, 21 Jul 2016 03:00:00 +0300";s:14:"tag_banner_img";s:87:"http://my.x-cart.com/sites/default/files/tags/banners/Summer_Sale_tag_banner_1400px.jpg";s:17:"tag_module_banner";s:0:"";s:14:"tag_banner_url";s:0:"";}i:12;a:5:{s:8:"tag_name";s:10:"Statistics";s:26:"tag_banner_expiration_date";s:31:"Thu, 21 Jul 2016 03:00:00 +0300";s:14:"tag_banner_img";s:87:"http://my.x-cart.com/sites/default/files/tags/banners/Summer_Sale_tag_banner_1400px.jpg";s:17:"tag_module_banner";s:0:"";s:14:"tag_banner_url";s:0:"";}i:13;a:5:{s:8:"tag_name";s:15:"Mobile Commerce";s:26:"tag_banner_expiration_date";s:31:"Thu, 21 Jul 2016 03:00:00 +0300";s:14:"tag_banner_img";s:87:"http://my.x-cart.com/sites/default/files/tags/banners/Summer_Sale_tag_banner_1400px.jpg";s:17:"tag_module_banner";s:0:"";s:14:"tag_banner_url";s:0:"";}i:14;a:5:{s:8:"tag_name";s:9:"Templates";s:26:"tag_banner_expiration_date";s:31:"Thu, 21 Jul 2016 03:00:00 +0300";s:14:"tag_banner_img";s:87:"http://my.x-cart.com/sites/default/files/tags/banners/Summer_Sale_tag_banner_1400px.jpg";s:17:"tag_module_banner";s:0:"";s:14:"tag_banner_url";s:0:"";}i:15;a:5:{s:8:"tag_name";s:3:"SEO";s:26:"tag_banner_expiration_date";s:0:"";s:14:"tag_banner_img";s:79:"http://my.x-cart.com/sites/default/files/tags/banners/SEO_Servise_1024x90px.jpg";s:17:"tag_module_banner";s:0:"";s:14:"tag_banner_url";s:42:"https://www.x-cart.com/seo-consulting.html";}i:16;a:5:{s:8:"tag_name";s:21:"Search and Navigation";s:26:"tag_banner_expiration_date";s:0:"";s:14:"tag_banner_img";s:70:"http://my.x-cart.com/sites/default/files/tags/banners/Cloud_Search.jpg";s:17:"tag_module_banner";s:15:"QSL-CloudSearch";s:14:"tag_banner_url";s:0:"";}i:17;a:5:{s:8:"tag_name";s:6:"Social";s:26:"tag_banner_expiration_date";s:0:"";s:14:"tag_banner_img";s:75:"http://my.x-cart.com/sites/default/files/tags/banners/Facebook-products.png";s:17:"tag_module_banner";s:21:"BCSE-FacebookProducts";s:14:"tag_banner_url";s:0:"";}i:18;a:5:{s:8:"tag_name";s:18:"Catalog Management";s:26:"tag_banner_expiration_date";s:0:"";s:14:"tag_banner_img";s:71:"http://my.x-cart.com/sites/default/files/tags/banners/Shop_by_Brand.jpg";s:17:"tag_module_banner";s:15:"QSL-ShopByBrand";s:14:"tag_banner_url";s:0:"";}i:19;a:5:{s:8:"tag_name";s:7:"Booking";s:26:"tag_banner_expiration_date";s:31:"Thu, 21 Jul 2016 03:00:00 +0300";s:14:"tag_banner_img";s:87:"http://my.x-cart.com/sites/default/files/tags/banners/Summer_Sale_tag_banner_1400px.jpg";s:17:"tag_module_banner";s:0:"";s:14:"tag_banner_url";s:0:"";}i:20;a:5:{s:8:"tag_name";s:7:"Auction";s:26:"tag_banner_expiration_date";s:31:"Thu, 21 Jul 2016 03:00:00 +0300";s:14:"tag_banner_img";s:87:"http://my.x-cart.com/sites/default/files/tags/banners/Summer_Sale_tag_banner_1400px.jpg";s:17:"tag_module_banner";s:0:"";s:14:"tag_banner_url";s:0:"";}i:21;a:5:{s:8:"tag_name";s:4:"Blog";s:26:"tag_banner_expiration_date";s:31:"Thu, 21 Jul 2016 03:00:00 +0300";s:14:"tag_banner_img";s:87:"http://my.x-cart.com/sites/default/files/tags/banners/Summer_Sale_tag_banner_1400px.jpg";s:17:"tag_module_banner";s:0:"";s:14:"tag_banner_url";s:0:"";}i:22;a:5:{s:8:"tag_name";s:10:"Accounting";s:26:"tag_banner_expiration_date";s:31:"Thu, 21 Jul 2016 10:00:00 +0300";s:14:"tag_banner_img";s:87:"http://my.x-cart.com/sites/default/files/tags/banners/Summer_Sale_tag_banner_1400px.jpg";s:17:"tag_module_banner";s:0:"";s:14:"tag_banner_url";s:0:"";}i:23;a:5:{s:8:"tag_name";s:6:"Orders";s:26:"tag_banner_expiration_date";s:0:"";s:14:"tag_banner_img";s:21:"http://my.x-cart.com/";s:17:"tag_module_banner";s:0:"";s:14:"tag_banner_url";s:0:"";}i:25;a:5:{s:8:"tag_name";s:8:"Checkout";s:26:"tag_banner_expiration_date";s:0:"";s:14:"tag_banner_img";s:21:"http://my.x-cart.com/";s:17:"tag_module_banner";s:0:"";s:14:"tag_banner_url";s:0:"";}i:27;a:5:{s:8:"tag_name";s:8:"Products";s:26:"tag_banner_expiration_date";s:0:"";s:14:"tag_banner_img";s:21:"http://my.x-cart.com/";s:17:"tag_module_banner";s:0:"";s:14:"tag_banner_url";s:0:"";}}'),
(20, 'get_all_tagsTTL', 'i:1478266065;'),
(21, 'is_landing_availableData', 'a:1:{s:7:"landing";i:1;}'),
(22, 'is_landing_availableTTL', 'i:1478266065;'),
(23, 'get_wavesData', 'a:2:{i:1;s:9:"Developer";i:127;s:8:"Merchant";}'),
(24, 'get_wavesTTL', 'i:1478266065;'),
(25, 'get_XC5_notificationsData', 'a:2:{i:0;a:7:{s:4:"type";s:4:"news";s:6:"module";s:0:"";s:5:"image";s:44:"https://market.x-cart.com/public/pumpkin.png";s:5:"title";s:90:"X-Cart Halloween Sale — 20% Off for all modules and templates from Oct 31st till Nov 5th";s:11:"description";s:0:"";s:4:"link";s:32:"https://market.x-cart.com/addons";s:4:"date";i:1477918800;}i:1;a:7:{s:4:"type";s:6:"module";s:6:"module";s:13:"G2APay-G2APay";s:5:"image";s:71:"https://my.x-cart.com/sites/default/files/addons/G2APay/G2APay/icon.png";s:5:"title";s:7:"G2A Pay";s:11:"description";s:98:"Accept transactions in 150+ payment methods. Connect with international customers. Grow worldwide.";s:4:"link";s:0:"";s:4:"date";i:1476709200;}}'),
(26, 'get_XC5_notificationsTTL', 'i:1478266066;'),
(28, 'upgradeInfoStatusTimestamp', 'i:1478266067;'),
(29, 'upgradeInfoStatus', 'a:2:{s:6:"status";s:7:"updates";s:5:"count";i:1;}'),
(30, 'upgradeCell', 'a:6:{i:0;a:1:{s:20:"Amazon\\PayWithAmazon";O:38:"XLite\\Upgrade\\Entry\\Module\\Marketplace":11:{s:17:"\0*\0repositoryPath";N;s:16:"\0*\0errorMessages";a:0:{}s:24:"\0*\0premiumLicenseModules";a:0:{}s:14:"\0*\0customFiles";a:0:{}s:19:"\0*\0wrongPermissions";a:0:{}s:21:"\0*\0postRebuildHelpers";N;s:19:"\0*\0postUpgradeNotes";N;s:27:"\0*\0postUpgradeActionsCalled";b:0;s:17:"\0*\0isFreshInstall";b:0;s:22:"\0*\0moduleInfoInstalled";a:5:{s:15:"fromMarketplace";b:0;s:6:"author";s:6:"Amazon";s:4:"name";s:13:"PayWithAmazon";s:12:"majorVersion";s:3:"5.3";s:12:"minorVersion";i:2;}s:23:"\0*\0moduleInfoForUpgrade";a:6:{s:15:"fromMarketplace";b:1;s:6:"author";s:6:"Amazon";s:4:"name";s:13:"PayWithAmazon";s:12:"majorVersion";s:3:"5.3";s:12:"minorVersion";i:2;s:5:"build";i:1;}}}i:1;b:0;i:2;a:0:{}i:3;a:50:{s:32:"67a5bdb9193dc96ff6f4be37b56ac174";b:0;s:32:"e7de9abcf28166ef874b379134476fc6";b:0;s:32:"e05b5de98e3788ced0aa2464a5d90d16";b:0;s:32:"9125470a39f70d7106bd8b98bc4bade1";b:0;s:32:"0f2bbb981c7cba7959bef2702cdb41bf";b:0;s:32:"84079d5599c32606f95da6ab00791f62";b:0;s:32:"5fcb38ae58ee8525df1b64360c626e4a";b:0;s:32:"900b1152ecced5387f10bcb58e97b4d2";b:0;s:32:"33b5c917590c42d5c569f55ae0f96caa";b:0;s:32:"66e0ab1a6ab5e9ca384052b47f024608";b:0;s:32:"cce785c23a6c19cbb8c3ff959fc705c7";b:0;s:32:"379cd5954151b37ac5277835e2705754";b:0;s:32:"2d40c3977edc1ffe92fe716bbd87bf13";b:0;s:32:"4ac96bedd21c4019733d447c7a5c6b4f";b:0;s:32:"79521234f3b90b1fd920b169c4c4ab62";b:0;s:32:"21b7868558b1a4324cd09cd4e6affb2e";b:0;s:32:"9dd2b11b33aeb35919cc59e201959ed7";b:0;s:32:"2b230e3f930a5f0dbcb1df7592ad7db5";b:0;s:32:"18667883a6336c36a050aa1e080991ff";b:0;s:32:"a90e65317adb794c10cb46a6b38a932c";b:0;s:32:"5d1533adea53ab06a63e004a212634df";b:0;s:32:"733cce2f86bd69aeba04b17f3b0b0604";b:0;s:32:"4f84daabd9c65ba1f53da0adf0a4c19a";b:0;s:32:"6ff9a5a3638c68908a3a16bfa579f63d";b:0;s:32:"04632266380388f9a1acc9743d5cae47";b:0;s:32:"ef82955fb290b27c923cd70d5a6b6019";b:0;s:32:"d25ae21d87324327402c70d2c720c5ff";b:0;s:32:"6e535a23a1be005bc82d170a6cc8c373";b:0;s:32:"df529489547b15a4441c9c9c2c1b6505";b:0;s:32:"01ea8df378a59145ad90953e26982885";b:0;s:32:"cbcce89eb9be937b6b8ee54a094ff182";b:0;s:32:"e4b7fae0ebf13a69796648f502f5bedb";b:0;s:32:"08467fcff15e82db6df30f29e46b582f";b:0;s:32:"310e4c0aaadc1db22fdfa89382269b91";b:0;s:32:"4370fa2b2567ddeaf6a17a4b53c1b8cb";b:0;s:32:"b987c7a4282a5633c58e0c8baa86090b";b:0;s:32:"6b5c007806692a6d6e86d062859d9d1e";b:0;s:32:"c326acdc5620e46384d804ce547332a8";b:0;s:32:"9c002a3712bfab1e025e2b7e1b292256";b:0;s:32:"3332b33ae35ff70d28f18170ddbd0cdd";b:0;s:32:"6fafac28b125f79446194713f01ea751";b:0;s:32:"aaa2f806b66b2f663d2c877474180837";b:0;s:32:"254779c477849f3bd54fe584d6147348";b:0;s:32:"66fcac06826e9a62562b18b3baf33998";b:0;s:32:"f4897cd42a88af34dd5c478832c90d91";b:0;s:32:"d4520f1f8dbf8538bb6bd8fbcb3b4ffb";b:0;s:32:"4867e2d7bc007d17fc04885a73ffb014";b:0;s:32:"73be37fd60ee80f281dcee574ef55644";b:0;s:32:"26a5c51abdccc5342edb65a825f1f8bc";b:0;s:32:"6fafa0fd85def75b7570d8ef019f1565";b:0;}i:4;a:0:{}i:5;a:0:{}}');

-- --------------------------------------------------------

--
-- Table structure for table `xc_upselling_products`
--

DROP TABLE IF EXISTS `xc_upselling_products`;
CREATE TABLE IF NOT EXISTS `xc_upselling_products` (
  `id` int(11) NOT NULL AUTO_INCREMENT,
  `product_id` int(10) UNSIGNED DEFAULT NULL,
  `parent_product_id` int(10) UNSIGNED DEFAULT NULL,
  `orderBy` int(11) NOT NULL,
  PRIMARY KEY (`id`),
  KEY `IDX_11DF3D3E14584665A` (`product_id`),
  KEY `parent_product_index` (`parent_product_id`)
) ENGINE=InnoDB AUTO_INCREMENT=50 DEFAULT CHARSET=utf8 COLLATE=utf8_unicode_ci;

--
-- Dumping data for table `xc_upselling_products`
--

INSERT INTO `xc_upselling_products` (`id`, `product_id`, `parent_product_id`, `orderBy`) VALUES
(1, 12, 16, 0),
(2, 16, 12, 0),
(3, 13, 16, 0),
(4, 16, 13, 0),
(5, 14, 16, 0),
(6, 16, 14, 0),
(7, 17, 16, 0),
(8, 16, 17, 0),
(9, 13, 12, 0),
(10, 12, 13, 0),
(11, 14, 12, 0),
(12, 12, 14, 0),
(13, 17, 12, 0),
(14, 12, 17, 0),
(15, 14, 13, 0),
(16, 13, 14, 0),
(17, 17, 13, 0),
(18, 13, 17, 0),
(19, 14, 17, 0),
(20, 17, 14, 0),
(27, 28, 41, 0),
(29, 30, 41, 0),
(31, 39, 41, 0),
(33, 40, 37, 0),
(35, 40, 41, 0),
(37, 28, 37, 0),
(39, 30, 37, 0),
(41, 39, 37, 0),
(43, 28, 42, 0),
(45, 30, 42, 0),
(47, 39, 42, 0),
(49, 40, 42, 0);

-- --------------------------------------------------------

--
-- Table structure for table `xc_view_lists`
--

DROP TABLE IF EXISTS `xc_view_lists`;
CREATE TABLE IF NOT EXISTS `xc_view_lists` (
  `list_id` int(11) NOT NULL AUTO_INCREMENT,
  `list_override` varchar(255) COLLATE utf8_unicode_ci NOT NULL,
  `weight_override` int(11) NOT NULL,
  `override_mode` int(11) NOT NULL,
  `class` varchar(255) CHARACTER SET latin1 NOT NULL,
  `list` varchar(255) CHARACTER SET latin1 NOT NULL,
  `zone` varchar(16) CHARACTER SET latin1 NOT NULL,
  `child` varchar(512) CHARACTER SET latin1 NOT NULL,
  `weight` int(11) NOT NULL,
  `tpl` varchar(512) CHARACTER SET latin1 NOT NULL,
  `version` varchar(32) COLLATE utf8_unicode_ci DEFAULT NULL,
  PRIMARY KEY (`list_id`),
  KEY `tl` (`tpl`,`list`),
  KEY `lzv` (`list`,`zone`,`version`)
) ENGINE=InnoDB AUTO_INCREMENT=1388 DEFAULT CHARSET=utf8 COLLATE=utf8_unicode_ci;

--
-- Dumping data for table `xc_view_lists`
--

INSERT INTO `xc_view_lists` (`list_id`, `list_override`, `weight_override`, `override_mode`, `class`, `list`, `zone`, `child`, `weight`, `tpl`, `version`) VALUES
(1, '', 0, 0, '', 'cart.item.info', 'customer', 'XLite\\View\\SelectedAttributeValues', 20, '', NULL),
(2, '', 0, 0, '', 'admin.center', 'admin', 'XLite\\View\\Attributes', 16777215, '', NULL),
(3, '', 0, 0, '', 'admin.main.page.header', 'admin', 'XLite\\View\\CoreVersionPlacer', 20, '', NULL),
(4, '', 0, 0, '', 'layout.main', 'customer', 'XLite\\View\\OperateAsUserNotification', 0, '', NULL),
(5, '', 0, 0, '', 'admin.center', 'admin', 'XLite\\View\\SafeMode', 16777215, '', NULL),
(6, '', 0, 0, '', 'admin.center', 'admin', 'XLite\\View\\Login', 16777215, '', NULL),
(7, '', 0, 0, '', 'sidebar.single', 'customer', 'XLite\\View\\TopCategories', 100, '', NULL),
(8, '', 0, 0, '', 'sidebar.first', 'customer', 'XLite\\View\\TopCategories', 100, '', NULL),
(9, '', 0, 0, '', 'center', 'customer', 'XLite\\View\\PageNotFound', 16777215, '', NULL),
(10, '', 0, 0, '', 'admin.center', 'admin', 'XLite\\View\\PageNotFound', 16777215, '', NULL),
(11, '', 0, 0, '', 'admin.main.page.content.sub_section', 'admin', 'XLite\\View\\TaxBanner', 16777215, '', NULL),
(12, '', 0, 0, '', 'admin.center', 'admin', 'XLite\\View\\Attribute', 16777215, '', NULL),
(13, '', 0, 0, '', 'center', 'customer', 'XLite\\View\\Category', 16777215, '', NULL),
(14, '', 0, 0, '', 'checkout.main', 'customer', 'XLite\\View\\AllInOneSolutions', 1, '', NULL),
(15, '', 0, 0, '', 'admin.center', 'admin', 'XLite\\View\\ItemsList\\Model\\Membership', 16777215, '', NULL),
(16, '', 0, 0, '', 'order.actions', 'admin', 'XLite\\View\\ItemsList\\Model\\OrderTrackingNumber', 9999, '', NULL),
(17, '', 0, 0, '', 'admin.center', 'admin', 'XLite\\View\\ItemsList\\Model\\AttributeOption', 16777215, '', NULL),
(18, '', 0, 0, '', 'admin.center', 'admin', 'XLite\\View\\ItemsList\\Model\\Product\\Admin\\Cloned', 16777215, '', NULL),
(19, '', 0, 0, '', 'admin.center', 'admin', 'XLite\\View\\ItemsList\\Model\\Product\\Admin\\Search', 16777215, '', NULL),
(20, '', 0, 0, '', 'admin.center', 'admin', 'XLite\\View\\ItemsList\\Model\\AttributeGroup', 16777215, '', NULL),
(21, '', 0, 0, '', 'admin.center', 'admin', 'XLite\\View\\ItemsList\\Model\\Payment\\Transaction', 16777215, '', NULL),
(22, '', 0, 0, '', 'pager.admin.model.table.right', 'admin', 'XLite\\View\\ItemsList\\Model\\Order\\Admin\\SearchTotal', 100, '', NULL),
(23, '', 0, 0, '', 'admin.center', 'admin', 'XLite\\View\\ItemsList\\Model\\Order\\Admin\\Recent', 16777215, '', NULL),
(24, '', 0, 0, '', 'dashboard-center', 'admin', 'XLite\\View\\ItemsList\\Model\\Order\\Admin\\RecentBlock', 100, '', NULL),
(25, '', 0, 0, '', 'admin.center', 'admin', 'XLite\\View\\ItemsList\\Model\\Profile', 16777215, '', NULL),
(26, '', 0, 0, '', 'admin.center', 'admin', 'XLite\\View\\ItemsList\\Model\\ProductClass', 16777215, '', NULL),
(27, '', 0, 0, '', 'center.bottom', 'customer', 'XLite\\View\\ItemsList\\Product\\Customer\\Category\\Main', 200, '', NULL),
(28, '', 0, 0, '', 'center', 'customer', 'XLite\\View\\Welcome', 16777215, '', NULL),
(29, '', 0, 0, '', 'admin.center', 'admin', 'XLite\\View\\Upgrade\\InstallUpdates', 16777215, '', NULL),
(30, '', 0, 0, '', 'admin.center', 'admin', 'XLite\\View\\Upgrade\\Step\\Completed\\Backup', 200, '', NULL),
(31, '', 0, 0, '', 'admin.center', 'admin', 'XLite\\View\\Upgrade\\Step\\Completed\\StatusMessages', 0, '', NULL),
(32, '', 0, 0, '', 'admin.center', 'admin', 'XLite\\View\\Upgrade\\Step\\Completed\\Log', 400, '', NULL),
(33, '', 0, 0, '', 'admin.center', 'admin', 'XLite\\View\\Upgrade\\Step\\Completed\\EntriesList', 300, '', NULL),
(34, '', 0, 0, '', 'admin.center', 'admin', 'XLite\\View\\Upgrade\\Step\\Prepare\\StatusMessages', 0, '', NULL),
(35, '', 0, 0, '', 'admin.center', 'admin', 'XLite\\View\\Upgrade\\Step\\Prepare\\Buttons', 300, '', NULL),
(36, '', 0, 0, '', 'admin.center', 'admin', 'XLite\\View\\Upgrade\\Step\\Prepare\\EntriesList', 100, '', NULL),
(37, '', 0, 0, '', 'admin.center', 'admin', 'XLite\\View\\Upgrade\\Step\\Prepare\\PremiumLicenseModules', 1, '', NULL),
(38, '', 0, 0, '', 'admin.center', 'admin', 'XLite\\View\\Upgrade\\Step\\Prepare\\UpgradeDisallowed', 1, '', NULL),
(39, '', 0, 0, '', 'admin.center', 'admin', 'XLite\\View\\Upgrade\\Step\\ReadyToInstall\\StatusMessages', 0, '', NULL),
(40, '', 0, 0, '', 'admin.center', 'admin', 'XLite\\View\\Upgrade\\Step\\ReadyToInstall\\Buttons', 100, '', NULL),
(41, '', 0, 0, '', 'admin.center', 'admin', 'XLite\\View\\Upgrade\\EmptyCells', 100, '', NULL),
(42, '', 0, 0, '', 'admin.center', 'admin', 'XLite\\View\\Upgrade\\Tabber', 1000, '', NULL),
(43, '', 0, 0, '', 'center', 'customer', 'XLite\\View\\Order', 16777215, '', NULL),
(44, '', 0, 0, '', 'center', 'customer', 'XLite\\View\\Cart', 16777215, '', NULL),
(45, '', 0, 0, '', 'order', 'admin', 'XLite\\View\\OrderHistory', 150, '', NULL),
(46, '', 0, 0, '', 'admin.center', 'admin', 'XLite\\View\\ActivateFreeLicense', 16777215, '', NULL),
(47, '', 0, 0, '', 'admin.center', 'admin', 'XLite\\View\\Shipping\\EditMethod', 16777215, '', NULL),
(48, '', 0, 0, '', 'admin.center', 'admin', 'XLite\\View\\Shipping\\AddMethod', 16777215, '', NULL),
(49, '', 0, 0, '', 'orders.search.base', 'customer', 'XLite\\View\\OrderList\\Search', 30, '', NULL),
(50, '', 0, 0, '', 'center', 'customer', 'XLite\\View\\Checkout', 16777215, '', NULL),
(51, '', 0, 0, '', 'invoice.item.name', 'customer', 'XLite\\View\\InvoiceAttributeValues', 50, '', NULL),
(52, '', 0, 0, '', 'invoice.item.name', 'admin', 'XLite\\View\\InvoiceAttributeValues', 20, '', NULL),
(53, '', 0, 0, '', 'invoice.item.name', 'mail', 'XLite\\View\\InvoiceAttributeValues', 50, '', NULL),
(54, '', 0, 0, '', 'invoice.item.name', 'pdf', 'XLite\\View\\InvoiceAttributeValues', 20, '', NULL),
(55, '', 0, 0, '', 'order.items.item.name', 'admin', 'XLite\\View\\InvoiceAttributeValues', 20, '', NULL),
(56, '', 0, 0, '', 'cli.center', 'console', 'XLite\\View\\Console\\Main', 16777215, '', NULL),
(57, '', 0, 0, '', 'cli.center', 'console', 'XLite\\View\\Console\\Error', 16777215, '', NULL),
(58, '', 0, 0, '', 'cli.center', 'console', 'XLite\\View\\Console\\Db', 16777215, '', NULL),
(59, '', 0, 0, '', 'admin.center', 'admin', 'XLite\\View\\SalesCalculation\\Progress', 16777215, '', NULL),
(61, '', 0, 0, '', 'minicart.vertical.item', 'customer', 'XLite\\View\\MinicartAttributeValues', 30, '', NULL),
(62, '', 0, 0, '', 'admin.center', 'admin', 'XLite\\View\\RecoverPasswordAdmin', 16777215, '', NULL),
(63, '', 0, 0, '', 'admin.center', 'admin', 'XLite\\View\\LanguagesModify\\LanguageImport', 16777215, '', NULL),
(64, '', 0, 0, '', 'admin.main.page.header', 'admin', 'XLite\\View\\StorefrontStatus', 40, '', NULL),
(65, '', 0, 0, '', 'dashboard-sidebar', 'admin', 'XLite\\View\\BenchmarkSummary', 300, '', NULL),
(66, '', 0, 0, '', 'layout.main', 'customer', 'XLite\\View\\CategoryBanner', 350, '', NULL),
(67, '', 0, 0, '', 'layout.main.breadcrumb', 'customer', 'XLite\\View\\Location', 100, '', NULL),
(68, '', 0, 0, '', 'import.completed.content', 'admin', 'XLite\\View\\Import\\Warnings', 1000, '', NULL),
(69, '', 0, 0, '', 'admin.center', 'admin', 'XLite\\View\\Page\\PaymentTransaction', 16777215, '', NULL),
(70, '', 0, 0, '', 'admin.center', 'admin', 'XLite\\View\\Page\\Admin\\Export', 16777215, '', NULL),
(71, '', 0, 0, '', 'admin.center', 'admin', 'XLite\\View\\Page\\Admin\\Import', 16777215, '', NULL),
(72, '', 0, 0, '', 'center', 'customer', 'XLite\\View\\CheckoutFailed', 16777215, '', NULL),
(73, '', 0, 0, '', 'center', 'customer', 'XLite\\View\\ShippingEstimator\\ShippingEstimate', 16777215, '', NULL),
(75, '', 0, 0, '', 'center.bottom', 'customer', 'XLite\\View\\Search', 100, '', NULL),
(76, '', 0, 0, '', 'admin.center', 'admin', 'XLite\\View\\Tabs\\FrontPage', 16777215, '', NULL),
(77, '', 0, 0, '', 'admin.center', 'admin', 'XLite\\View\\Tabs\\Category', 16777215, '', NULL),
(78, '', 0, 0, '', 'admin.center', 'admin', 'XLite\\View\\Tabs\\CssJs', 16777215, '', NULL),
(79, '', 0, 0, '', 'admin.center', 'admin', 'XLite\\View\\Tabs\\Countries', 16777215, '', NULL),
(80, '', 0, 0, '', 'admin.center', 'admin', 'XLite\\View\\Tabs\\AdminProfile', 16777215, '', NULL),
(81, '', 0, 0, '', 'add_payment', 'admin', 'XLite\\View\\Tabs\\OnlinePaymentType', 10, '', NULL),
(82, '', 0, 0, '', 'add_shipping', 'admin', 'XLite\\View\\Tabs\\ShippingType', 10, '', NULL),
(83, '', 0, 0, '', 'admin.center', 'admin', 'XLite\\View\\Tabs\\Taxes', 20, '', NULL),
(84, '', 0, 0, '', 'admin.center', 'admin', 'XLite\\View\\Tabs\\ShippingSettings', 16777215, '', NULL),
(85, '', 0, 0, '', 'admin.center', 'admin', 'XLite\\View\\Tabs\\CartCheckout', 16777215, '', NULL),
(86, '', 0, 0, '', 'admin.center', 'admin', 'XLite\\View\\Tabs\\Shipping', 16777215, '', NULL),
(87, '', 0, 0, '', 'admin.center', 'admin', 'XLite\\View\\Tabs\\BackupRestore', 16777215, '', NULL),
(88, '', 0, 0, '', 'center', 'customer', 'XLite\\View\\Tabs\\Account', 16777215, '', NULL),
(89, '', 0, 0, '', 'admin.center', 'admin', 'XLite\\View\\Tabs\\Statistics', 16777215, '', NULL),
(90, '', 0, 0, '', 'admin.center', 'admin', 'XLite\\View\\Tabs\\Translations', 16777215, '', NULL),
(91, '', 0, 0, '', 'admin.center', 'admin', 'XLite\\View\\Tabs\\Notifications', 16777215, '', NULL),
(92, '', 0, 0, '', 'admin.center', 'admin', 'XLite\\View\\Tabs\\Localization', 16777215, '', NULL),
(93, '', 0, 0, '', 'admin.center', 'admin', 'XLite\\View\\Tabs\\PaymentSettings', 16777215, '', NULL),
(94, '', 0, 0, '', 'admin.center', 'admin', 'XLite\\View\\Dashboard', 16777215, '', NULL),
(95, '', 0, 0, '', 'admin.center', 'admin', 'XLite\\View\\RecentLogin', 16777215, '', NULL),
(96, '', 0, 0, '', 'admin.center', 'admin', 'XLite\\View\\Model\\Profile\\ForceChangePassword', 16777215, '', NULL),
(97, '', 0, 0, '', 'center', 'customer', 'XLite\\View\\RecoverPassword', 16777215, '', NULL),
(98, '', 0, 0, '', 'center', 'customer', 'XLite\\View\\BackFromPayment', 16777215, '', NULL),
(99, '', 0, 0, '', 'dashboard-center', 'admin', 'XLite\\View\\AdminWelcome', 50, '', NULL),
(100, '', 0, 0, '', 'admin.center', 'admin', 'XLite\\View\\TaxBannerCenter', 16777215, '', NULL),
(101, '', 0, 0, '', 'admin.center', 'admin', 'XLite\\View\\CacheManagement', 16777215, '', NULL),
(102, '', 0, 0, '', 'center', 'customer', 'XLite\\View\\AccessDenied', 16777215, '', NULL),
(103, '', 0, 0, '', 'center', 'customer', 'XLite\\View\\SelectAddress', 16777215, '', NULL),
(104, '', 0, 0, '', 'body', 'customer', 'XLite\\View\\JSContainer', 999999, '', NULL),
(105, '', 0, 0, '', 'body', 'admin', 'XLite\\View\\JSContainer', 10, '', NULL),
(106, '', 0, 0, '', 'admin.center', 'admin', 'XLite\\View\\AttributeOption', 16777215, '', NULL),
(107, '', 0, 0, '', 'product.details.page.image.photo', 'customer', 'XLite\\View\\Product\\Details\\Customer\\Image', 10, '', NULL),
(108, '', 0, 0, '', 'product.details.quicklook.image', 'customer', 'XLite\\View\\Product\\Details\\Customer\\Image', 10, '', NULL),
(109, '', 0, 0, '', 'center', 'customer', 'XLite\\View\\Product\\Details\\Customer\\Page\\Main', 16777215, '', NULL),
(110, '', 0, 0, '', 'center', 'customer', 'XLite\\View\\Product\\Details\\Customer\\Page\\QuickLook', 16777215, '', NULL),
(113, '', 0, 0, '', 'admin.center', 'admin', 'XLite\\View\\AttributeGroup', 16777215, '', NULL),
(114, '', 0, 0, '', 'layout.slidebar', 'customer', 'XLite\\View\\Slidebar', 10, '', NULL),
(115, '', 0, 0, '', 'layout.main', 'customer', 'XLite\\View\\TopMessage', 100, '', NULL),
(116, '', 0, 0, '', 'admin.center', 'admin', 'XLite\\View\\RemoveData', 16777215, '', NULL),
(119, '', 0, 0, '', 'header.language.menu', 'customer', 'XLite\\View\\LanguageSelector\\Customer', 100, '', NULL),
(120, '', 0, 0, '', 'admin.center', 'admin', 'XLite\\View\\FileSelectorDialog', 16777215, '', NULL),
(121, '', 0, 0, '', 'dashboard-sidebar', 'admin', 'XLite\\View\\RSS\\RSSLazyLoad', 400, '', NULL),
(122, '', 0, 0, '', 'body', 'customer', 'XLite\\View\\Content', 100, '', NULL),
(123, '', 0, 0, '', 'body', 'admin', 'XLite\\View\\Content', 100, '', NULL),
(124, '', 0, 0, '', 'center', 'customer', 'XLite\\View\\CheckoutSuccess', 16777215, '', NULL),
(125, '', 0, 0, '', 'admin.main.page.content.left', 'admin', 'XLite\\View\\Menu\\Admin\\LeftMenu', 100, '', NULL),
(126, '', 0, 0, '', 'admin.main.page.header.right', 'admin', 'XLite\\View\\Menu\\Admin\\TopLinks', 200, '', NULL),
(127, '', 0, 0, '', 'slidebar.menu', 'customer', 'XLite\\View\\Menu\\Customer\\Top', 50, '', NULL),
(128, '', 0, 0, '', 'header.menu', 'customer', 'XLite\\View\\Menu\\Customer\\Top', 50, '', NULL),
(129, '', 0, 0, '', 'layout.main.footer', 'customer', 'XLite\\View\\Menu\\Customer\\Footer', 100, '', NULL),
(130, '', 0, 0, '', 'center', 'customer', 'XLite\\View\\ChangeAttributeValues', 16777215, '', NULL),
(131, '', 0, 0, '', 'layout.header.categories', 'customer', 'XLite\\View\\TopCategoriesSlidebar', 10, '', NULL),
(132, '', 0, 0, '', 'layout.header.mobile', 'customer', 'XLite\\View\\MobileHeader', 100, '', NULL),
(133, '', 0, 0, '', 'center.bottom', 'customer', 'XLite\\View\\Subcategories', 100, '', NULL),
(134, '', 0, 0, '', 'admin.center', 'admin', 'XLite\\View\\Accounting', 16777215, '', NULL),
(135, '', 0, 0, '', 'admin.center', 'admin', 'XLite\\View\\AutomateShippingRoutine', 16777215, '', NULL),
(136, '', 0, 0, '', 'admin.center', 'admin', 'XLite\\View\\ProductSelections', 16777215, '', NULL),
(137, '', 0, 0, '', 'admin.center', 'admin', 'XLite\\View\\Payment\\Method', 16777215, '', NULL),
(138, '', 0, 0, '', 'center', 'customer', 'XLite\\View\\Payment\\Iframe', 16777215, '', NULL),
(139, '', 0, 0, '', 'admin.center', 'admin', 'XLite\\View\\Payment\\AddMethod', 16777215, '', NULL),
(140, '', 0, 0, '', 'admin.main.page.header', 'admin', 'XLite\\View\\CoreVersion', 20, '', NULL),
(141, '', 0, 0, '', 'main', 'admin', 'XLite\\View\\AdminPanel', 100, '', NULL),
(142, '', 0, 0, '', 'center', 'customer', 'XLite\\View\\Authorization', 16777215, '', NULL),
(144, '', 0, 0, '', 'admin.main.page.header_wrapper', 'admin', 'XLite\\View\\UpgradeTopBox', 1000, '', NULL),
(145, '', 0, 0, '', 'admin.center', 'admin', 'XLite\\View\\Order\\Search\\Search', 16777215, '', NULL),
(146, '', 0, 0, '', 'order.actions', 'admin', 'XLite\\View\\Order\\Actions', 200, '', NULL),
(147, '', 0, 0, '', 'order.details.payment_actions', 'admin', 'XLite\\View\\Order\\Details\\Admin\\PaymentActionsUnit', 16777215, '', NULL),
(148, '', 0, 0, '', 'order.children', 'customer', 'XLite\\View\\Invoice', 30, '', NULL),
(149, '', 0, 0, '', 'center', 'customer', 'XLite\\View\\CheckoutCanceled', 16777215, '', NULL),
(150, '', 0, 0, '', 'orders.panel', 'customer', 'XLite\\View\\Sort\\Order', 20, '', NULL),
(151, '', 0, 0, '', 'center', 'customer', 'XLite\\View\\InvoicePage', 16777215, '', NULL),
(152, '', 0, 0, '', 'admin.main.page.header.right', 'admin', 'XLite\\View\\HeaderSearch', 100, '', NULL),
(153, '', 0, 0, '', 'checkout.review.surcharge.info', 'customer', 'XLite\\View\\SurchargeInfo\\CODSurchargeInfo', 10, '', NULL),
(154, '', 0, 0, '', 'admin.center', 'admin', 'XLite\\View\\TaxBannerAlert', 10, '', NULL),
(155, '', 0, 0, '', 'admin.main.page.header', 'admin', 'XLite\\View\\QueryMarketplace', 300, '', NULL),
(156, '', 0, 0, '', 'order.children', 'customer', 'XLite\\View\\PackingSlip', 30, '', NULL),
(157, '', 0, 0, '', 'admin.main.page.header', 'admin', 'XLite\\View\\ActivateTopBox', 60, '', NULL),
(158, '', 0, 0, '', 'center', 'customer', 'XLite\\View\\Terms', 16777215, '', NULL),
(159, '', 0, 0, '', 'admin.center', 'admin', 'XLite\\View\\BrowseServer', 16777215, '', NULL),
(160, '', 0, 0, '', 'admin.center', 'admin', 'XLite\\View\\ProductClass', 16777215, '', NULL),
(161, '', 0, 0, '', 'admin.center', 'admin', 'XLite\\View\\CommonResources', 16777215, '', NULL),
(162, '', 0, 0, '', 'layout.main', 'customer', 'XLite\\View\\CommonResources', 16777215, '', NULL),
(163, '', 0, 0, '', 'tabs.items', 'admin', 'XLite\\View\\Button\\OperateAsThisUser', 0, '', NULL),
(164, '', 0, 0, '', 'page.tabs.after', 'admin', 'XLite\\View\\Button\\PrintInvoice', 200, '', NULL),
(165, '', 0, 0, '', 'install-modules.pager.buttons', 'admin', 'XLite\\View\\Button\\Addon\\ActivateLicenseKey', 200, '', NULL),
(166, '', 0, 0, '', 'install-modules.pager.buttons', 'admin', 'XLite\\View\\Button\\Addon\\EnterLicenseKey', 200, '', NULL),
(167, '', 0, 0, '', 'modules.pager.buttons', 'admin', 'XLite\\View\\Button\\AllAddons', 100, '', NULL),
(168, '', 0, 0, '', 'tabs.items', 'admin', 'XLite\\View\\Button\\LoginAsAdmin', 0, '', NULL),
(169, '', 0, 0, '', 'page.tabs.after', 'admin', 'XLite\\View\\Button\\PrintPackingSlip', 100, '', NULL),
(170, '', 0, 0, '', 'layout.main.breadcrumb', 'admin', 'XLite\\View\\AdminLocation', 100, '', NULL),
(171, '', 0, 0, '', 'admin.center', 'admin', 'XLite\\View\\ModulesManager\\UploadAddons', 16777215, '', NULL),
(172, '', 0, 0, '', 'admin.center', 'admin', 'XLite\\View\\ModulesManager\\Install', 16777215, '', NULL),
(173, '', 0, 0, '', 'admin.center', 'admin', 'XLite\\View\\ModulesManager\\ModuleWarnings', 16777215, '', NULL),
(174, '', 0, 0, '', 'admin.center', 'admin', 'XLite\\View\\ModulesManager\\KeysNotice', 0, '', NULL),
(175, '', 0, 0, '', 'admin.center', 'admin', 'XLite\\View\\ModulesManager\\ModuleLicense', 16777215, '', NULL),
(176, '', 0, 0, '', 'admin.center', 'admin', 'XLite\\View\\ModulesManager\\Manage', 16777215, '', NULL),
(177, '', 0, 0, '', 'admin.center', 'admin', 'XLite\\View\\ModulesManager\\LicenseKey', 16777215, '', NULL),
(178, '', 0, 0, '', 'admin.center', 'admin', 'XLite\\View\\ModulesManager\\TrialNotice', 0, '', NULL),
(179, '', 0, 0, '', 'admin.center', 'admin', 'XLite\\View\\ModulesManager\\AddonKey', 16777215, '', NULL),
(180, '', 0, 0, '', 'itemsList.module.manage.columns.module-main-section.actions', 'admin', 'XLite\\View\\ModulesManager\\Action\\Main', 10, '', NULL),
(181, '', 0, 0, '', 'itemsList.module.manage.columns.module-main-section.actions', 'admin', 'XLite\\View\\ModulesManager\\Action\\Uninstall', 100, '', NULL),
(182, '', 0, 0, '', 'itemsList.module.manage.columns.module-main-section.actions', 'admin', 'XLite\\View\\ModulesManager\\Action\\ManageLayout', 17, '', NULL),
(183, '', 0, 0, '', 'itemsList.module.manage.columns.module-main-section.actions', 'admin', 'XLite\\View\\ModulesManager\\Action\\Settings', 15, '', NULL),
(184, '', 0, 0, '', 'itemsList.module.manage.columns.module-main-section.actions', 'admin', 'XLite\\View\\ModulesManager\\Action\\Pack', 30, '', NULL),
(185, '', 0, 0, '', 'itemsList.module.manage.columns.module-main-section.actions', 'admin', 'XLite\\View\\ModulesManager\\Action\\Upgrade', 25, '', NULL),
(186, '', 0, 0, '', 'admin.center', 'admin', 'XLite\\View\\ModulesManager\\InstallationType', 16777215, '', NULL),
(187, '', 0, 0, '', 'admin.center', 'admin', 'XLite\\View\\HttpsSettings', 16777215, '', NULL),
(189, '', 0, 0, '', 'checkout.main', 'customer', 'XLite\\View\\Checkout\\Steps', 200, '', NULL),
(190, '', 0, 0, '', 'checkout.review.selected.placeOrder', 'customer', 'XLite\\View\\Checkout\\Payment', 100, '', NULL),
(191, '', 0, 0, '', 'checkout.shipping.selected.sub.payment', 'customer', 'XLite\\View\\Checkout\\PaymentMethodsList', 300, '', NULL),
(192, '', 0, 0, '', 'checkout.review.selected', 'customer', 'XLite\\View\\Checkout\\CartItems', 10, '', NULL),
(193, '', 0, 0, '', 'admin.center', 'admin', 'XLite\\View\\Tabber', 1000, '', NULL),
(194, '', 0, 0, '', 'layout.header.right', 'customer', 'XLite\\View\\Minicart', 100, '', NULL),
(195, '', 0, 0, '', 'admin.center', 'admin', 'XLite\\View\\Promotions', 16777215, '', NULL),
(196, '', 0, 0, '', 'sidebar.footer', 'customer', 'XLite\\View\\PoweredBy', 16777215, '', NULL),
(197, '', 0, 0, '', 'social.login.buttons', 'customer', 'XLite\\Module\\Amazon\\PayWithAmazon\\View\\Login\\AmazonButton', 20, '', NULL),
(198, '', 0, 0, '', 'center', 'customer', 'XLite\\Module\\Amazon\\PayWithAmazon\\View\\AmazonCheckout', 16777215, '', NULL),
(199, '', 0, 0, '', 'center.top', 'customer', 'XLite\\Module\\Amazon\\PayWithAmazon\\View\\CheckoutButton', 100, '', NULL),
(200, '', 0, 0, '', 'center.bottom', 'customer', 'XLite\\Module\\CDev\\Bestsellers\\View\\Bestsellers', 400, '', NULL),
(201, '', 0, 0, '', 'center', 'customer', 'XLite\\Module\\CDev\\Bestsellers\\View\\BestsellersPage', 16777215, '', NULL),
(202, '', 0, 0, '', 'center', 'customer', 'XLite\\Module\\CDev\\ContactUs\\View\\ContactUs', 16777215, '', NULL),
(203, '', 0, 0, '', 'admin.center', 'admin', 'XLite\\Module\\CDev\\Coupons\\View\\Coupon', 16777215, '', NULL),
(204, '', 0, 0, '', 'coupons.itemsList.footer', 'admin', 'XLite\\Module\\CDev\\Coupons\\View\\Panel\\Coupons', 16777215, '', NULL),
(205, '', 0, 0, '', 'cart.panel.box', 'customer', 'XLite\\Module\\CDev\\Coupons\\View\\CartCoupons', 200, '', NULL),
(207, '', 0, 0, '', 'checkout_fastlane.sections.details', 'customer', 'XLite\\Module\\CDev\\Coupons\\View\\CartCoupons', 200, '', NULL),
(208, '', 0, 0, '', 'admin.center', 'admin', 'XLite\\Module\\CDev\\FeaturedProducts\\View\\FProducts', 16777215, '', NULL),
(209, '', 0, 0, '', 'admin.center', 'admin', 'XLite\\Module\\CDev\\FeaturedProducts\\View\\ProductSelections', 16777215, '', NULL),
(210, '', 0, 0, '', 'center.bottom', 'customer', 'XLite\\Module\\CDev\\FeaturedProducts\\View\\Customer\\FeaturedProducts', 300, '', NULL),
(211, '', 0, 0, '', 'body', 'customer', 'XLite\\Module\\CDev\\GoSocial\\View\\ExternalSDK\\Facebook', 999998, '', NULL),
(212, '', 0, 0, '', 'product.modify.list', 'admin', 'XLite\\Module\\CDev\\GoSocial\\View\\ProductModify', 1015, '', NULL),
(213, '', 0, 0, '', 'product.details.page.tab.comments', 'customer', 'XLite\\Module\\CDev\\GoSocial\\View\\FacebookComments', 16777215, '', NULL),
(214, '', 0, 0, '', 'buttons.share', 'customer', 'XLite\\Module\\CDev\\GoSocial\\View\\Button\\Tweet', 200, '', NULL),
(215, '', 0, 0, '', 'buttons.share', 'customer', 'XLite\\Module\\CDev\\GoSocial\\View\\Button\\Pinterest', 400, '', NULL),
(216, '', 0, 0, '', 'buttons.share', 'customer', 'XLite\\Module\\CDev\\GoSocial\\View\\Button\\GooglePlus', 300, '', NULL),
(217, '', 0, 0, '', 'buttons.share', 'customer', 'XLite\\Module\\CDev\\GoSocial\\View\\Button\\FacebookLike', 100, '', NULL),
(218, '', 0, 0, '', 'head', 'customer', 'XLite\\Module\\CDev\\GoogleAnalytics\\View\\Header\\Traditional', 16777215, '', NULL),
(219, '', 0, 0, '', 'head', 'customer', 'XLite\\Module\\CDev\\GoogleAnalytics\\View\\Header\\Universal', 16777215, '', NULL),
(220, '', 0, 0, '', 'tabs.content', 'admin', 'XLite\\Module\\CDev\\GoogleAnalytics\\View\\TabberLink', 16777215, '', NULL),
(221, '', 0, 0, '', 'admin.center', 'admin', 'XLite\\Module\\CDev\\Moneybookers\\View\\MoneybookersSettings', 16777215, '', NULL),
(222, '', 0, 0, '', 'social.login.buttons', 'customer', 'XLite\\Module\\CDev\\Paypal\\View\\Login\\PaypalButton', 20, '', NULL),
(223, '', 0, 0, '', 'admin.center', 'admin', 'XLite\\Module\\CDev\\Paypal\\View\\Tabs\\Settings', 16777215, '', NULL),
(224, '', 0, 0, '', 'dashboard-center', 'admin', 'XLite\\Module\\CDev\\Paypal\\View\\AdminWelcome', 20, '', NULL),
(225, '', 0, 0, '', 'cart.panel.totals', 'customer', 'XLite\\Module\\CDev\\Paypal\\View\\Button\\Cart\\ExpressCheckout', 100, '', NULL),
(226, '', 0, 0, '', 'cart.panel.totals', 'customer', 'XLite\\Module\\CDev\\Paypal\\View\\Button\\Cart\\PaypalCredit', 200, '', NULL),
(227, '', 0, 0, '', 'cart.panel.totals', 'customer', 'XLite\\Module\\CDev\\Paypal\\View\\Button\\Cart\\ButtonsSeparator', 90, '', NULL),
(228, '', 0, 0, '', 'minicart.horizontal.buttons', 'customer', 'XLite\\Module\\CDev\\Paypal\\View\\Button\\Minicart\\ExpressCheckout', 100, '', NULL),
(229, '', 0, 0, '', 'minicart.horizontal.buttons', 'customer', 'XLite\\Module\\CDev\\Paypal\\View\\Button\\Minicart\\PaypalCredit', 200, '', NULL),
(230, '', 0, 0, '', 'minicart.horizontal.buttons', 'customer', 'XLite\\Module\\CDev\\Paypal\\View\\Button\\Minicart\\ButtonsSeparator', 90, '', NULL),
(231, '', 0, 0, '', 'center.bottom', 'customer', 'XLite\\Module\\CDev\\ProductAdvisor\\View\\ViewedBought', 800, '', NULL),
(232, '', 0, 0, '', 'sidebar.single', 'customer', 'XLite\\Module\\CDev\\ProductAdvisor\\View\\NewArrivals', 160, '', NULL),
(233, '', 0, 0, '', 'sidebar.second', 'customer', 'XLite\\Module\\CDev\\ProductAdvisor\\View\\NewArrivals', 110, '', NULL),
(234, '', 0, 0, '', 'center', 'customer', 'XLite\\Module\\CDev\\ProductAdvisor\\View\\ComingSoonPage', 16777215, '', NULL),
(235, '', 0, 0, '', 'sidebar.single', 'customer', 'XLite\\Module\\CDev\\ProductAdvisor\\View\\ComingSoon', 170, '', NULL),
(236, '', 0, 0, '', 'sidebar.second', 'customer', 'XLite\\Module\\CDev\\ProductAdvisor\\View\\ComingSoon', 120, '', NULL),
(237, '', 0, 0, '', 'center.bottom', 'customer', 'XLite\\Module\\CDev\\ProductAdvisor\\View\\BoughtBought', 700, '', NULL),
(238, '', 0, 0, '', 'sidebar.single', 'customer', 'XLite\\Module\\CDev\\ProductAdvisor\\View\\RecentlyViewed', 180, '', NULL),
(239, '', 0, 0, '', 'sidebar.second', 'customer', 'XLite\\Module\\CDev\\ProductAdvisor\\View\\RecentlyViewed', 130, '', NULL),
(240, '', 0, 0, '', 'center', 'customer', 'XLite\\Module\\CDev\\ProductAdvisor\\View\\NewArrivalsPage', 16777215, '', NULL),
(241, '', 0, 0, '', 'center', 'customer', 'XLite\\Module\\CDev\\Sale\\View\\SalePage', 16777215, '', NULL),
(242, '', 0, 0, '', 'admin.center', 'admin', 'XLite\\Module\\CDev\\Sale\\View\\SaleSelectedDialog', 16777215, '', NULL),
(243, '', 0, 0, '', 'sidebar.single', 'customer', 'XLite\\Module\\CDev\\Sale\\View\\SaleBlock', 170, '', NULL),
(244, '', 0, 0, '', 'sidebar.first', 'customer', 'XLite\\Module\\CDev\\Sale\\View\\SaleBlock', 130, '', NULL),
(245, '', 0, 0, '', 'center', 'customer', 'XLite\\Module\\CDev\\SimpleCMS\\View\\CustomerPage', 16777215, '', NULL),
(246, '', 0, 0, '', 'admin.center', 'admin', 'XLite\\Module\\CDev\\SimpleCMS\\View\\ItemsList\\Model\\Page', 16777215, '', NULL),
(247, '', 0, 0, '', 'admin.main.page.content.center', 'admin', 'XLite\\Module\\CDev\\SimpleCMS\\View\\MenuFormattedPath', 7, '', NULL),
(248, '', 0, 0, '', 'admin.center', 'admin', 'XLite\\Module\\CDev\\SimpleCMS\\View\\Page', 16777215, '', NULL),
(249, '', 0, 0, '', 'social.login.buttons', 'customer', 'XLite\\Module\\CDev\\SocialLogin\\View\\FacebookButton', 10, '', NULL),
(250, '', 0, 0, '', 'social.login.buttons', 'customer', 'XLite\\Module\\CDev\\SocialLogin\\View\\GoogleButton', 10, '', NULL),
(251, '', 0, 0, '', 'admin.center', 'admin', 'XLite\\Module\\CDev\\UserPermissions\\View\\Roles', 16777215, '', NULL),
(252, '', 0, 0, '', 'admin.center', 'admin', 'XLite\\Module\\CDev\\UserPermissions\\View\\Role', 16777215, '', NULL),
(253, '', 0, 0, '', 'checkout.review.selected', 'customer', 'XLite\\Module\\CDev\\VolumeDiscounts\\View\\CheckoutPromo', 14, '', NULL),
(254, '', 0, 0, '', 'checkout.review.inactive', 'customer', 'XLite\\Module\\CDev\\VolumeDiscounts\\View\\CheckoutPromo', 14, '', NULL),
(255, '', 0, 0, '', 'cart.panel.totals', 'customer', 'XLite\\Module\\CDev\\VolumeDiscounts\\View\\CartPromo', 100, '', NULL),
(256, '', 0, 0, '', 'admin.center', 'admin', 'XLite\\Module\\CDev\\XMLSitemap\\View\\Admin\\Sitemap', 16777215, '', NULL),
(257, '', 0, 0, '', 'admin.center', 'admin', 'XLite\\Module\\CDev\\XPaymentsConnector\\View\\PopupAddInfo', 16777215, '', NULL),
(258, '', 0, 0, '', 'admin.center', 'admin', 'XLite\\Module\\CDev\\XPaymentsConnector\\View\\PopupSavedCards', 16777215, '', NULL),
(259, '', 0, 0, '', 'center', 'customer', 'XLite\\Module\\CDev\\XPaymentsConnector\\View\\AddNewCard', 16777215, '', NULL),
(260, '', 0, 0, '', 'center', 'admin', 'XLite\\Module\\CDev\\XPaymentsConnector\\View\\SavedCards', 16777215, '', NULL),
(261, '', 0, 0, '', 'center', 'customer', 'XLite\\Module\\CDev\\XPaymentsConnector\\View\\XpcPopup', 16777215, '', NULL),
(262, '', 0, 0, '', 'admin.center', 'admin', 'XLite\\Module\\CDev\\XPaymentsConnector\\View\\AdminAddNewCard', 16777215, '', NULL),
(263, '', 0, 0, '', 'center', 'customer', 'XLite\\Module\\QSL\\SpecialOffersBase\\View\\SpecialOfferPage', 16777215, '', NULL),
(264, '', 0, 0, '', 'center.bottom', 'customer', 'XLite\\Module\\QSL\\SpecialOffersBase\\View\\ItemsList\\Promotions\\ProductOffers', 105, '', NULL),
(265, '', 0, 0, '', 'center', 'customer', 'XLite\\Module\\QSL\\SpecialOffersBase\\View\\ItemsList\\Promotions\\SpecialOffersPage', 16777215, '', NULL),
(266, '', 0, 0, '', 'center.bottom', 'customer', 'XLite\\Module\\QSL\\SpecialOffersBase\\View\\ItemsList\\Promotions\\HomeOffers', 105, '', NULL),
(267, '', 0, 0, '', 'center.bottom', 'customer', 'XLite\\Module\\QSL\\SpecialOffersBase\\View\\ItemsList\\Promotions\\CategoryOffers', 105, '', NULL),
(268, '', 0, 0, '', 'admin.center', 'admin', 'XLite\\Module\\QSL\\SpecialOffersBase\\View\\Page\\SpecialOffer', 16777215, '', NULL),
(269, '', 0, 0, '', 'admin.center', 'admin', 'XLite\\Module\\QSL\\SpecialOffersBase\\View\\Page\\SpecialOffers', 16777215, '', NULL),
(270, '', 0, 0, '', 'admin.center', 'admin', 'XLite\\Module\\XC\\BulkEditing\\View\\FormModel\\Product', 16777215, '', NULL),
(271, '', 0, 0, '', 'center', 'customer', 'XLite\\Module\\XC\\CanadaPost\\View\\TrackingDetails', 16777215, '', NULL),
(272, '', 0, 0, '', 'admin.center', 'admin', 'XLite\\Module\\XC\\CanadaPost\\View\\TrackingDetails', 16777215, '', NULL),
(273, '', 0, 0, '', 'admin.center', 'admin', 'XLite\\Module\\XC\\CanadaPost\\View\\ProductsReturns', 16777215, '', NULL),
(274, '', 0, 0, '', 'admin.center', 'admin', 'XLite\\Module\\XC\\CanadaPost\\View\\ProductsReturn', 16777215, '', NULL),
(275, '', 0, 0, '', 'invoice.bottom', 'customer', 'XLite\\Module\\XC\\CanadaPost\\View\\Invoice\\DeliveryToPost', 15, '', NULL),
(276, '', 0, 0, '', 'invoice.bottom', 'customer', 'XLite\\Module\\XC\\CanadaPost\\View\\Invoice\\Tracking', 25, '', NULL),
(277, '', 0, 0, '', 'center', 'customer', 'XLite\\Module\\XC\\CanadaPost\\View\\ReturnProducts', 16777215, '', NULL),
(278, '', 0, 0, '', 'checkout.shipping.selected.sub.payment', 'customer', 'XLite\\Module\\XC\\CanadaPost\\View\\Checkout\\PostOfficesList', 210, '', NULL),
(279, '', 0, 0, '', 'layout.header.right', 'customer', 'XLite\\Module\\XC\\CrispWhiteSkin\\View\\HeaderSettings', 30, '', NULL),
(280, '', 0, 0, '', 'itemsList.product.grid.customer.header', 'customer', 'XLite\\Module\\XC\\CrispWhiteSkin\\View\\FiltersMobile', 40, '', NULL),
(281, '', 0, 0, '', 'itemsList.product.list.customer.header', 'customer', 'XLite\\Module\\XC\\CrispWhiteSkin\\View\\FiltersMobile', 40, '', NULL),
(282, '', 0, 0, '', 'itemsList.product.table.customer.header', 'customer', 'XLite\\Module\\XC\\CrispWhiteSkin\\View\\FiltersMobile', 40, '', NULL),
(283, '', 0, 0, '', 'layout.header.bar.locale.menu', 'customer', 'XLite\\Module\\XC\\CrispWhiteSkin\\View\\LanguageSelector\\Wrapper', 30, '', NULL),
(284, '', 0, 0, '', 'slidebar.settings', 'customer', 'XLite\\Module\\XC\\CrispWhiteSkin\\View\\LanguageSelector\\Wrapper', 200, '', NULL),
(285, '', 0, 0, '', 'layout.header.right.settings', 'customer', 'XLite\\Module\\XC\\CrispWhiteSkin\\View\\LanguageSelector\\Wrapper', 200, '', NULL),
(286, '', 0, 0, '', 'layout.header.bar', 'customer', 'XLite\\Module\\XC\\CrispWhiteSkin\\View\\LanguageSelector\\LocaleIndicator', 80, '', NULL),
(287, '', 0, 0, '', 'admin.center', 'admin', 'XLite\\Module\\XC\\CustomProductTabs\\View\\ProductTabs', 16777215, '', NULL),
(288, '', 0, 0, '', 'admin.center', 'admin', 'XLite\\Module\\XC\\CustomProductTabs\\View\\ProductTab', 16777215, '', NULL),
(289, '', 0, 0, '', 'center', 'customer', 'XLite\\Module\\XC\\FastLaneCheckout\\View\\CheckoutFastlane', 16777215, '', NULL),
(290, '', 0, 0, '', 'center', 'customer', 'XLite\\Module\\XC\\News\\View\\Page\\Customer\\NewsMessages', 16777215, '', NULL),
(291, '', 0, 0, '', 'center', 'customer', 'XLite\\Module\\XC\\News\\View\\Page\\Customer\\NewsMessage', 16777215, '', NULL),
(292, '', 0, 0, '', 'admin.center', 'admin', 'XLite\\Module\\XC\\News\\View\\NewsMessages', 16777215, '', NULL),
(293, '', 0, 0, '', 'sidebar.single', 'customer', 'XLite\\Module\\XC\\News\\View\\TopNewsSideBar', 16777215, '', NULL),
(294, '', 0, 0, '', 'sidebar.first', 'customer', 'XLite\\Module\\XC\\News\\View\\TopNewsSideBar', 16777215, '', NULL),
(295, '', 0, 0, '', 'admin.center', 'admin', 'XLite\\Module\\XC\\News\\View\\NewsMessage', 16777215, '', NULL),
(296, '', 0, 0, '', 'admin.center', 'admin', 'XLite\\Module\\XC\\NewsletterSubscriptions\\View\\ItemsList\\Subscribers', 16777215, '', NULL),
(299, '', 0, 0, '', 'center.bottom', 'customer', 'XLite\\Module\\XC\\ProductFilter\\View\\ItemsList\\Product\\Customer\\Category\\CategoryFilter', 200, '', NULL),
(300, '', 0, 0, '', 'sidebar.filter', 'customer', 'XLite\\Module\\XC\\ProductFilter\\View\\Filter\\Attributes', 300, '', NULL),
(301, '', 0, 0, '', 'sidebar.filter', 'customer', 'XLite\\Module\\XC\\ProductFilter\\View\\Filter\\InStockOnly', 200, '', NULL),
(302, '', 0, 0, '', 'sidebar.filter', 'customer', 'XLite\\Module\\XC\\ProductFilter\\View\\Filter\\PriceRange', 100, '', NULL),
(303, '', 0, 0, '', 'sidebar.single', 'customer', 'XLite\\Module\\XC\\ProductFilter\\View\\Filter', 110, '', NULL),
(304, '', 0, 0, '', 'sidebar.first', 'customer', 'XLite\\Module\\XC\\ProductFilter\\View\\Filter', 110, '', NULL),
(305, '', 0, 0, '', 'admin.center', 'admin', 'XLite\\Module\\XC\\Reviews\\View\\ItemsList\\Model\\Review', 16777215, '', NULL),
(306, '', 0, 0, '', 'admin.center', 'admin', 'XLite\\Module\\XC\\Reviews\\View\\Review', 16777215, '', NULL),
(307, '', 0, 0, '', 'product.details.page.tab.reviews', 'customer', 'XLite\\Module\\XC\\Reviews\\View\\Product\\ReviewsTab', 16777215, '', NULL),
(308, '', 0, 0, '', 'center', 'customer', 'XLite\\Module\\XC\\Reviews\\View\\Customer\\ProductReviews', 16777215, '', NULL),
(309, '', 0, 0, '', 'product.reviews.tab', 'customer', 'XLite\\Module\\XC\\Reviews\\View\\Customer\\ReviewsTab', 300, '', NULL),
(310, '', 0, 0, '', 'center', 'customer', 'XLite\\Module\\XC\\Sitemap\\View\\Page\\Customer\\Map', 16777215, '', NULL),
(311, '', 0, 0, '', 'layout.main', 'customer', 'XLite\\Module\\XC\\ThemeTweaker\\View\\LayoutEditorPanel', 0, '', NULL),
(312, '', 0, 0, '', 'layout.main', 'customer', 'XLite\\Module\\XC\\ThemeTweaker\\View\\InlineEditor', 0, '', NULL),
(313, '', 0, 0, '', 'admin.center', 'admin', 'XLite\\Module\\XC\\ThemeTweaker\\View\\ThemeTweakerTemplate', 16777215, '', NULL),
(314, '', 0, 0, '', 'admin.center', 'admin', 'XLite\\Module\\XC\\ThemeTweaker\\View\\FlexyToTwig', 16777215, '', NULL),
(315, '', 0, 0, '', 'admin.center', 'admin', 'XLite\\Module\\XC\\UpdateInventory\\View\\UpdateInventory', 16777215, '', NULL),
(316, '', 0, 0, '', 'center.bottom', 'customer', 'XLite\\Module\\XC\\Upselling\\View\\ItemsList\\UpsellingProducts', 700, '', NULL),
(317, '', 0, 0, '', 'admin.center', 'admin', 'XLite\\Module\\XC\\Upselling\\View\\ProductSelections', 16777215, '', NULL),
(318, '', 0, 0, '', 'invoice.base.totals.after', 'pdf', '', 20, 'order/invoice/parts/totals.includedModifiers.twig', NULL),
(319, '', 0, 0, '', 'invoice.item', 'pdf', '', 40, 'order/invoice/parts/items/item.total.twig', NULL),
(320, '', 0, 0, '', 'invoice.item', 'pdf', '', 20, 'order/invoice/parts/items/item.price.twig', NULL),
(321, '', 0, 0, '', 'invoice.base.totals.after', 'customer', '', 20, 'order/invoice/parts/totals.includedModifiers.twig', NULL),
(322, '', 0, 0, '', 'invoice.item', 'customer', '', 40, 'order/invoice/parts/items/item.total.twig', NULL),
(323, '', 0, 0, '', 'invoice.item', 'customer', '', 20, 'order/invoice/parts/items/item.price.twig', NULL),
(324, '', 0, 0, '', 'order.status', 'customer', '', 20, 'order/parts/status.shipping.twig', NULL),
(325, '', 0, 0, '', 'order.links', 'customer', '', 100, 'order/parts/link.print.twig', NULL),
(326, '', 0, 0, '', 'order.children', 'customer', '', 20, 'order/parts/links.twig', NULL),
(327, '', 0, 0, '', 'order.status', 'customer', '', 10, 'order/parts/status.payment.twig', NULL),
(328, '', 0, 0, '', 'order.children', 'customer', '', 10, 'order/parts/status.twig', NULL),
(329, '', 0, 0, '', 'orders.search.conditions', 'customer', '', 30, 'order/search/parts/condition.payment_status.twig', NULL),
(330, '', 0, 0, '', 'orders.search.base', 'customer', '', 20, 'order/search/parts/conditions.twig', NULL),
(331, '', 0, 0, '', 'orders.search.conditions', 'customer', '', 40, 'order/search/parts/condition.button.twig', NULL),
(332, '', 0, 0, '', 'orders.search.base', 'customer', '', 10, 'order/search/parts/summary.twig', NULL),
(333, '', 0, 0, '', 'orders.search.conditions', 'customer', '', 35, 'order/search/parts/condition.shipping_status.twig', NULL),
(334, '', 0, 0, '', 'orders.search.conditions', 'customer', '', 20, 'order/search/parts/condition.date.twig', NULL),
(335, '', 0, 0, '', 'orders.children.view_all_items_link', 'customer', '', 10, 'order/list/parts/view_all_items_link.twig', NULL),
(336, '', 0, 0, '', 'orders.children', 'customer', '', 20, 'order/list/parts/items.twig', NULL),
(337, '', 0, 0, '', 'orders.children.spec', 'customer', '', 300, 'order/list/parts/spec.date.twig', NULL),
(338, '', 0, 0, '', 'orders.children.spec', 'customer', '', 500, 'order/list/parts/spec.total.twig', NULL),
(339, '', 0, 0, '', 'orders.children.spec', 'customer', '', 100, 'order/list/parts/spec.switcher.twig', NULL),
(340, '', 0, 0, '', 'orders.children.spec', 'customer', '', 200, 'order/list/parts/spec.number.twig', NULL),
(341, '', 0, 0, '', 'orders.children.spec', 'customer', '', 600, 'order/list/parts/spec.count.twig', NULL),
(342, '', 0, 0, '', 'orders.children.spec', 'customer', '', 400, 'order/list/parts/spec.break.twig', NULL),
(343, '', 0, 0, '', 'recover.password.fields', 'customer', '', 200, 'recover_password/parts/form.user.twig', NULL),
(344, '', 0, 0, '', 'recover.password', 'customer', '', 100, 'recover_password/parts/note.twig', NULL),
(345, '', 0, 0, '', 'recover.password', 'customer', '', 200, 'recover_password/parts/form.twig', NULL),
(346, '', 0, 0, '', 'recover.password.fields', 'customer', '', 300, 'recover_password/parts/form.button.twig', NULL),
(347, '', 0, 0, '', 'recover.password.fields', 'customer', '', 100, 'recover_password/parts/form.email.twig', NULL),
(348, '', 0, 0, '', 'customer.signin.links', 'customer', '', 200, 'authorization/parts/link.forgot.twig', NULL),
(349, '', 0, 0, '', 'customer.signin.fields', 'customer', '', 500, 'authorization/parts/field.links.twig', NULL),
(350, '', 0, 0, '', 'customer.signin.fields', 'customer', '', 400, 'authorization/parts/field.button.twig', NULL),
(351, '', 0, 0, '', 'customer.signin.popup.fields', 'customer', '', 400, 'authorization/parts/field.button.twig', NULL),
(352, '', 0, 0, '', 'customer.signin.fields', 'customer', '', 200, 'authorization/parts/field.password.twig', NULL),
(353, '', 0, 0, '', 'customer.signin.popup.fields', 'customer', '', 200, 'authorization/parts/field.password.twig', NULL),
(354, '', 0, 0, '', 'customer.signin.links', 'customer', '', 100, 'authorization/parts/link.create.twig', NULL),
(355, '', 0, 0, '', 'customer.signin.links', 'customer', '', 200, 'authorization/parts/link.bullet.twig', NULL),
(356, '', 0, 0, '', 'customer.signin.fields', 'customer', '', 100, 'authorization/parts/field.name.twig', NULL),
(357, '', 0, 0, '', 'customer.signin.popup.fields', 'customer', '', 100, 'authorization/parts/field.name.twig', NULL),
(358, '', 0, 0, '', 'customer.signin.fields', 'customer', '', 300, 'authorization/parts/field.message.twig', NULL),
(359, '', 0, 0, '', 'customer.signin.popup.fields', 'customer', '', 300, 'authorization/parts/field.message.twig', NULL),
(360, '', 0, 0, '', 'pager.itemsTotal', 'customer', '', 20, 'pager/parts/items_total.twig', NULL),
(361, '', 0, 0, '', 'productBlock.info', 'customer', '', 100, 'product_box/parts/photo.twig', NULL),
(362, '', 0, 0, '', 'productBlock.info', 'customer', '', 400, 'product_box/parts/add2cart.twig', NULL),
(363, '', 0, 0, '', 'itemsList.product.list.customer.body', 'customer', '', 40, 'items_list/product/center/list/parts/body/body.twig', NULL),
(364, '', 0, 0, '', 'itemsList.product.list.customer.body', 'customer', '', 20, 'items_list/product/center/list/parts/body/thumbnail.twig', NULL),
(365, '', 0, 0, '', 'itemsList.product.table.customer.captions', 'customer', '', 40, 'items_list/product/parts/table.captions.price.twig', NULL),
(369, '', 0, 0, '', 'itemsList.product.big_thumbnails.customer.info', 'customer', '', 0, 'items_list/product/parts/common.drag-n-drop-handle.twig', NULL),
(370, '', 0, 0, '', 'itemsList.product.table.customer.columns', 'customer', '', 50, 'items_list/product/parts/common.button-add2cart.twig', NULL),
(375, '', 0, 0, '', 'itemsList.product.list.customer.photo', 'customer', '', 10, 'items_list/product/parts/common.product-thumbnail-aligned-top.twig', NULL),
(376, '', 0, 0, '', 'itemsList.product.small_thumbnails.customer.info', 'customer', '', 20, 'items_list/product/parts/small-thumbnails.details.twig', NULL),
(377, '', 0, 0, '', 'itemsList.product.grid.customer.info.photo', 'customer', '', 999, 'items_list/product/parts/common.quicklook-button.twig', NULL),
(378, '', 0, 0, '', 'itemsList.product.list.customer.quicklook', 'customer', '', 999, 'items_list/product/parts/common.quicklook-button.twig', NULL),
(379, '', 0, 0, '', 'productBlock.info', 'customer', '', 999, 'items_list/product/parts/common.quicklook-button.twig', NULL),
(380, '', 0, 0, '', 'itemsList.product.list.customer.info', 'customer', '', 30, 'items_list/product/parts/common.product-description.twig', NULL),
(381, '', 0, 0, '', 'itemsList.product.table.customer.captions', 'customer', '', 10, 'items_list/product/parts/table.captions.sku.twig', NULL),
(382, '', 0, 0, '', 'itemsList.product.table.customer.captions', 'customer', '', 25, 'items_list/product/parts/table.captions.labels.twig', NULL),
(383, '', 0, 0, '', 'itemsList.product.list.customer.info', 'customer', '', 1000, 'items_list/product/parts/list.button-add2cart.twig', NULL),
(384, '', 0, 0, '', 'itemsList.product.table.customer.captions', 'customer', '', 20, 'items_list/product/parts/table.captions.name.twig', NULL),
(386, '', 0, 0, '', 'itemsList.product.table.customer.captions', 'customer', '', 30, 'items_list/product/parts/table.captions.qty.twig', NULL),
(387, '', 0, 0, '', 'itemsList.product.grid.customer.info', 'customer', '', 20, 'items_list/product/parts/common.product-name.twig', NULL),
(389, '', 0, 0, '', 'itemsList.product.small_thumbnails.customer.details', 'customer', '', 20, 'items_list/product/parts/common.product-name.twig', NULL),
(390, '', 0, 0, '', 'itemsList.product.big_thumbnails.customer.info', 'customer', '', 200, 'items_list/product/parts/common.product-name.twig', NULL),
(391, '', 0, 0, '', 'itemsList.product.text_links.customer.info', 'customer', '', 100, 'items_list/product/parts/common.product-name.twig', NULL),
(392, '', 0, 0, '', 'productBlock.info', 'customer', '', 200, 'items_list/product/parts/common.product-name.twig', NULL),
(393, '', 0, 0, '', 'itemsList.product.table.customer.columns', 'customer', '', 10, 'items_list/product/parts/common.product-sku.twig', NULL),
(394, '', 0, 0, '', 'itemsList.product.grid.customer.info', 'customer', '', 10, 'items_list/product/parts/grid.photo.twig', NULL),
(395, '', 0, 0, '', 'itemsList.product.small_thumbnails.customer.info', 'customer', '', 10, 'items_list/product/parts/grid.photo.twig', NULL),
(396, '', 0, 0, '', 'itemsList.product.big_thumbnails.customer.info', 'customer', '', 100, 'items_list/product/parts/grid.photo.twig', NULL),
(397, '', 0, 0, '', 'itemsList.product.table.customer.columns', 'customer', '', 20, 'items_list/product/parts/common.product-link.twig', NULL),
(398, '', 0, 0, '', 'itemsList.product.grid.customer.info', 'customer', '', 30, 'items_list/product/parts/common.product-price.twig', NULL),
(399, '', 0, 0, '', 'itemsList.product.small_thumbnails.customer.details', 'customer', '', 25, 'items_list/product/parts/common.product-price.twig', NULL),
(400, '', 0, 0, '', 'itemsList.product.list.customer.info', 'customer', '', 40, 'items_list/product/parts/common.product-price.twig', NULL),
(401, '', 0, 0, '', 'itemsList.product.table.customer.columns', 'customer', '', 40, 'items_list/product/parts/common.product-price.twig', NULL),
(402, '', 0, 0, '', 'productBlock.info', 'customer', '', 300, 'items_list/product/parts/common.product-price.twig', NULL),
(403, '', 0, 0, '', 'itemsList.product.grid.customer.info', 'customer', '', 998, 'items_list/product/parts/common.labels.twig', NULL),
(405, '', 0, 0, '', 'itemsList.product.list.customer.photo', 'customer', '', 998, 'items_list/product/parts/common.labels.twig', NULL),
(406, '', 0, 0, '', 'itemsList.product.table.customer.columns', 'customer', '', 25, 'items_list/product/parts/common.labels.twig', NULL),
(407, '', 0, 0, '', 'itemsList.product.big_thumbnails.customer.info', 'customer', '', 998, 'items_list/product/parts/common.labels.twig', NULL),
(408, '', 0, 0, '', 'productBlock.info.photo', 'customer', '', 998, 'items_list/product/parts/common.labels.twig', NULL),
(409, '', 0, 0, '', 'itemsList.product.grid.customer.info.photo', 'customer', '', 10, 'items_list/product/parts/common.product-thumbnail.twig', NULL),
(410, '', 0, 0, '', 'itemsList.product.small_thumbnails.customer.info.photo', 'customer', '', 10, 'items_list/product/parts/common.product-thumbnail.twig', NULL),
(411, '', 0, 0, '', 'itemsList.product.big_thumbnails.customer.info.photo', 'customer', '', 10, 'items_list/product/parts/common.product-thumbnail.twig', NULL),
(412, '', 0, 0, '', 'productBlock.info.photo', 'customer', '', 100, 'items_list/product/parts/common.product-thumbnail.twig', NULL),
(413, '', 0, 0, '', 'itemsList.product.cart', 'customer', '', 16777215, 'items_list/product/parts/common.cart-tray.twig', NULL),
(414, '', 0, 0, '', 'itemsList.product.table.customer.columns', 'customer', '', 30, 'items_list/product/parts/common.field-product-qty.twig', NULL),
(415, '', 0, 0, '', 'itemsList.product.table.customer.captions', 'customer', '', 50, 'items_list/product/parts/table.captions.add2cart-button.twig', NULL),
(416, '', 0, 0, '', 'itemsList.product.table.customer.buttons', 'customer', '', 50, 'items_list/product/parts/common.button-buy-selected.twig', NULL),
(425, '', 0, 0, '', 'jscontainer.js', 'customer', '', 100, 'jscontainer/parts/js.twig', NULL),
(426, '', 0, 0, '', 'jscontainer.js', 'customer', '', 300, 'jscontainer/parts/register_resources.twig', NULL),
(427, '', 0, 0, '', 'jscontainer.js', 'customer', '', 200, 'jscontainer/parts/js_aggregation.twig', NULL),
(429, '', 0, 0, '', 'product.details.quicklook.info', 'customer', '', 18, 'product/details/parts/common.stock.twig', NULL),
(430, '', 0, 0, '', 'product.details.page', 'customer', '', 20, 'product/details/parts/page.image.twig', NULL),
(431, '', 0, 0, '', 'product.details.page.info.buttons-added.cart-buttons', 'customer', '', 30, 'product/details/parts/common.add-button.twig', NULL),
(432, '', 0, 0, '', 'product.details.quicklook.info.buttons-added.cart-buttons', 'customer', '', 30, 'product/details/parts/common.add-button.twig', NULL),
(433, '', 0, 0, '', 'product.details.page.info.buttons.cart-buttons', 'customer', '', 20, 'product/details/parts/common.add-button.twig', NULL),
(434, '', 0, 0, '', 'product.details.quicklook.info.buttons.cart-buttons', 'customer', '', 20, 'product/details/parts/common.add-button.twig', NULL),
(436, '', 0, 0, '', 'product.details.page', 'customer', '', 40, 'product/details/parts/page.tabs.twig', NULL),
(437, '', 0, 0, '', 'product.details.common.product-attributes.attributes', 'customer', '', 10, 'product/details/parts/common.product-attributes-list.twig', NULL),
(438, '', 0, 0, '', 'product.details.page.info', 'customer', '', 10, 'product/details/parts/common.product-title.twig', NULL),
(439, '', 0, 0, '', 'product.details.quicklook.info', 'customer', '', 10, 'product/details/parts/common.product-title.twig', NULL),
(441, '', 0, 0, '', 'product.details.page', 'customer', '', 1000, 'product/details/parts/common.javascript-add2cart.twig', NULL),
(442, '', 0, 0, '', 'product.details.page.tab.description', 'customer', '', 100, 'product/details/parts/common.product-description.twig', NULL),
(443, '', 0, 0, '', 'product.details.page.info', 'customer', '', 100, 'product/details/parts/common.info.buttons.twig', NULL),
(444, '', 0, 0, '', 'product.details.quicklook.info', 'customer', '', 100, 'product/details/parts/common.info.buttons.twig', NULL),
(446, '', 0, 0, '', 'product.details.quicklook', 'customer', '', 30, 'product/details/parts/quicklook.info.twig', NULL),
(447, '', 0, 0, '', 'product.details.page.info', 'customer', '', 40, 'product/details/parts/common.price.twig', NULL),
(448, '', 0, 0, '', 'product.details.quicklook.info', 'customer', '', 40, 'product/details/parts/common.price.twig', NULL),
(449, '', 0, 0, '', 'product.details.page', 'customer', '', 30, 'product/details/parts/page.info.twig', NULL),
(452, '', 0, 0, '', 'product.details.page.info.buttons', 'customer', '', 10, 'product/details/parts/common.info.buttons.cart-buttons.twig', NULL),
(453, '', 0, 0, '', 'product.details.page.info.buttons-added', 'customer', '', 10, 'product/details/parts/common.info.buttons.cart-buttons.twig', NULL),
(454, '', 0, 0, '', 'product.details.quicklook.info.buttons', 'customer', '', 20, 'product/details/parts/common.info.buttons.cart-buttons.twig', NULL),
(455, '', 0, 0, '', 'product.details.quicklook.info.buttons-added', 'customer', '', 20, 'product/details/parts/common.info.buttons.cart-buttons.twig', NULL),
(456, '', 0, 0, '', 'product.details.page.info', 'customer', '', 42, 'product/details/parts/common.notify-on-price-drop.twig', NULL),
(457, '', 0, 0, '', 'product.details.quicklook', 'customer', '', 20, 'product/details/parts/quicklook.image.twig', NULL),
(458, '', 0, 0, '', 'product.details.page.info', 'customer', '', 15, 'product/details/parts/common.rate.twig', NULL),
(459, '', 0, 0, '', 'product.details.page.info', 'customer', '', 18, 'product/details/parts/common.stock-level.twig', NULL),
(460, '', 0, 0, '', 'product.details.quicklook.info', 'customer', '', 18, 'product/details/parts/common.stock-level.twig', NULL),
(461, '', 0, 0, '', 'product.details.quicklook.rotator', 'customer', '', 20, 'product/details/parts/quicklook.rotator.twig', NULL),
(462, '', 0, 0, '', 'product.details.page.info.buttons.cart-buttons', 'customer', '', 10, 'product/details/parts/common.qty.twig', NULL),
(463, '', 0, 0, '', 'product.details.page.info.buttons-added.cart-buttons', 'customer', '', 10, 'product/details/parts/common.qty.twig', NULL),
(464, '', 0, 0, '', 'product.details.quicklook.info.buttons.cart-buttons', 'customer', '', 10, 'product/details/parts/common.qty.twig', NULL),
(465, '', 0, 0, '', 'product.details.quicklook.info.buttons-added.cart-buttons', 'customer', '', 10, 'product/details/parts/common.qty.twig', NULL);
INSERT INTO `xc_view_lists` (`list_id`, `list_override`, `weight_override`, `override_mode`, `class`, `list`, `zone`, `child`, `weight`, `tpl`, `version`) VALUES
(470, '', 0, 0, '', 'product.details.page.tab.description', 'customer', '', 50, 'product/details/parts/common.product-common-attributes.twig', NULL),
(471, '', 0, 0, '', 'product.details.page.tab.description', 'customer', '', 100, 'product/details/parts/common.product-main-attributes.twig', NULL),
(472, '', 0, 0, '', 'product.details.page.tab.attributes', 'customer', '', 10, 'product/details/parts/page.tabs.attributes.twig', NULL),
(473, '', 0, 0, '', 'product.details.common.product-attributes.elements', 'customer', '', 100, 'product/details/common_attributes/common.product-attributes.weight.twig', NULL),
(474, '', 0, 0, '', 'product.details.common.product-attributes.elements', 'customer', '', 200, 'product/details/common_attributes/common.product-attributes.sku.twig', NULL),
(477, '', 0, 0, '', 'product.simple-search-form.simple-box.elements', 'customer', '', 10, 'product/search/simple-search-parts/input.twig', NULL),
(478, '', 0, 0, '', 'product.simple-search-form.simple-box.elements', 'customer', '', 20, 'product/search/simple-search-parts/submit.twig', NULL),
(479, '', 0, 0, '', 'product.simple-search-form.simple-box', 'customer', '', 10, 'product/search/simple-search-parts/simple-box.twig', NULL),
(480, '', 0, 0, '', 'products.search.conditions.phrase', 'customer', '', 100, 'product/search/parts/phrase.all.twig', NULL),
(481, '', 0, 0, '', 'products.search.conditions.advanced', 'customer', '', 100, 'product/search/parts/advanced.options.twig', NULL),
(482, '', 0, 0, '', 'products.search.conditions.phrase', 'customer', '', 200, 'product/search/parts/phrase.any.twig', NULL),
(483, '', 0, 0, '', 'products.search.conditions.substring', 'customer', '', 100, 'product/search/parts/substring.input.twig', NULL),
(484, '', 0, 0, '', 'products.search.conditions.advanced.options', 'customer', '', 300, 'product/search/parts/advanced.options.sku.twig', NULL),
(485, '', 0, 0, '', 'products.search.conditions.substring', 'customer', '', 200, 'product/search/parts/substring.button.twig', NULL),
(486, '', 0, 0, '', 'products.search.conditions-responsive.substring', 'customer', '', 200, 'product/search/parts/substring.button.twig', NULL),
(487, '', 0, 0, '', 'products.search.conditions.advanced.options', 'customer', '', 100, 'product/search/parts/advanced.options.title.twig', NULL),
(488, '', 0, 0, '', 'products.search.conditions.advanced.options', 'customer', '', 200, 'product/search/parts/advanced.options.descr.twig', NULL),
(489, '', 0, 0, '', 'products.search.conditions.advanced', 'customer', '', 200, 'product/search/parts/advanced.category.twig', NULL),
(490, '', 0, 0, '', 'products.search.conditions.phrase', 'customer', '', 300, 'product/search/parts/phrase.phrase.twig', NULL),
(491, '', 0, 0, '', 'product.quantity-box', 'customer', '', 20, 'product/quantity_box/parts/quantity_box.twig', NULL),
(493, '', 0, 0, '', 'minicart.horizontal.buttons', 'customer', '', 5, 'mini_cart/horizontal/parts/cart.twig', NULL),
(494, '', 0, 0, '', 'minicart.horizontal.buttons', 'customer', '', 20, 'mini_cart/horizontal/parts/disabled_reason.twig', NULL),
(495, '', 0, 0, '', 'minicart.horizontal.buttons', 'customer', '', 10, 'mini_cart/horizontal/parts/checkout.twig', NULL),
(496, '', 0, 0, '', 'minicart.horizontal.children', 'customer', '', 10, 'mini_cart/horizontal/parts/items.twig', NULL),
(497, '', 0, 0, '', 'minicart.horizontal.item', 'customer', '', 10, 'mini_cart/horizontal/parts/item.name.twig', NULL),
(498, '', 0, 0, '', 'minicart.horizontal.item', 'customer', '', 20, 'mini_cart/horizontal/parts/item.price.twig', NULL),
(499, '', 0, 0, '', 'minicart.horizontal.children', 'customer', '', 5, 'mini_cart/horizontal/parts/link.twig', NULL),
(500, '', 0, 0, '', 'signin-anonymous-title', 'customer', '', 200, 'signin/signin_anonymous_box.twig', NULL),
(501, '', 0, 0, '', 'signin-anonymous-title', 'customer', '', 20, 'signin/signin_title.twig', NULL),
(502, '', 0, 0, '', 'checkout.signin.form', 'customer', '', 10, 'signin/parts_login_form/email.twig', NULL),
(503, '', 0, 0, '', 'checkout.signin.form', 'customer', '', 20, 'signin/parts_login_form/password.twig', NULL),
(504, '', 0, 0, '', 'checkout.signin.form', 'customer', '', 30, 'signin/parts_login_form/button.twig', NULL),
(505, '', 0, 0, '', 'signin.main', 'customer', '', 10, 'signin/signin.twig', NULL),
(506, '', 0, 0, '', 'customer.checkout.signin', 'customer', '', 10, 'signin/signin_login_form.twig', NULL),
(507, '', 0, 0, '', 'head', 'customer', '', 1000, 'header/parts/link_favicon.twig', NULL),
(508, '', 0, 0, '', 'head', 'customer', '', 500, 'header/parts/meta_generator.twig', NULL),
(509, '', 0, 0, '', 'head', 'customer', '', 100, 'header/parts/title.twig', NULL),
(510, '', 0, 0, '', 'head.css', 'customer', '', 100, 'header/parts/parts.css/css.twig', NULL),
(511, '', 0, 0, '', 'head.css', 'customer', '', 200, 'header/parts/parts.css/css_aggregation.twig', NULL),
(512, '', 0, 0, '', 'head', 'customer', '', 1300, 'header/parts/script_config.twig', NULL),
(513, '', 0, 0, '', 'head', 'customer', '', 1100, 'header/parts/link_css.twig', NULL),
(514, '', 0, 0, '', 'head', 'customer', '', 2, 'header/parts/canonical.twig', NULL),
(515, '', 0, 0, '', 'head', 'customer', '', 200, 'header/parts/meta_content_type.twig', NULL),
(516, '', 0, 0, '', 'head', 'customer', '', 1, 'header/parts/base.twig', NULL),
(517, '', 0, 0, '', 'head', 'customer', '', 650, 'header/parts/meta_viewport.twig', NULL),
(518, '', 0, 0, '', 'head', 'customer', '', 800, 'header/parts/meta_compat_ie.twig', NULL),
(519, '', 0, 0, '', 'head', 'customer', '', 700, 'header/parts/meta_keywords.twig', NULL),
(520, '', 0, 0, '', 'head', 'customer', '', 600, 'header/parts/meta_description.twig', NULL),
(521, '', 0, 0, '', 'head', 'customer', '', 16777215, 'header/meta.twig', NULL),
(522, '', 0, 0, '', 'operate_as_user', 'customer', '', 10, 'operate_as_user/parts/desc.twig', NULL),
(523, '', 0, 0, '', 'operate_as_user', 'customer', '', 30, 'operate_as_user/parts/login.twig', NULL),
(524, '', 0, 0, '', 'operate_as_user', 'customer', '', 20, 'operate_as_user/parts/name.twig', NULL),
(525, '', 0, 0, '', 'operate_as_user', 'customer', '', 40, 'operate_as_user/parts/finish-button.twig', NULL),
(526, '', 0, 0, '', 'cart.panel.totals', 'customer', '', 25, 'shopping_cart/parts/total.separator.twig', NULL),
(528, '', 0, 0, '', 'cart.item.info', 'customer', '', 10, 'shopping_cart/parts/item.info.name.twig', NULL),
(529, '', 0, 0, '', 'cart.item', 'customer', '', 30, 'shopping_cart/parts/item.info.twig', NULL),
(530, '', 0, 0, '', 'cart.item.info', 'customer', '', 100, 'shopping_cart/parts/item.info.out.twig', NULL),
(531, '', 0, 0, '', 'cart.totals', 'customer', '', 30, 'shopping_cart/parts/cartItems.includedModifiers.twig', NULL),
(532, '', 0, 0, '', 'cart.children', 'customer', '', 30, 'shopping_cart/parts/totals.twig', NULL),
(533, '', 0, 0, '', 'cart.children', 'customer', '', 10, 'shopping_cart/parts/items.twig', NULL),
(534, '', 0, 0, '', 'checkout.cart', 'customer', '', 10, 'shopping_cart/parts/items.twig', NULL),
(535, '', 0, 0, '', 'cart.buttons', 'customer', '', 20, 'shopping_cart/parts/button.clear.twig', NULL),
(536, '', 0, 0, '', 'cart.panel', 'customer', '', 10, 'shopping_cart/parts/panel.totals.twig', NULL),
(537, '', 0, 0, '', 'cart.panel.totals', 'customer', '', 20, 'shopping_cart/parts/total.modifiers.twig', NULL),
(538, '', 0, 0, '', 'cart.totals', 'customer', '', 10, 'shopping_cart/parts/total.subtotal.twig', NULL),
(539, '', 0, 0, '', 'cart.panel.totals', 'customer', '', 10, 'shopping_cart/parts/total.subtotal.twig', NULL),
(540, '', 0, 0, '', 'cart.panel.totals', 'customer', '', 40, 'shopping_cart/parts/total.button.twig', NULL),
(541, '', 0, 0, '', 'cart.item', 'customer', '', 40, 'shopping_cart/parts/item.price.twig', NULL),
(542, '', 0, 0, '', 'cart.panel', 'customer', '', 20, 'shopping_cart/parts/panel.box.twig', NULL),
(543, '', 0, 0, '', 'cart.children', 'customer', '', 20, 'shopping_cart/parts/buttons.twig', NULL),
(544, '', 0, 0, '', 'cart.item', 'customer', '', 20, 'shopping_cart/parts/item.image.twig', NULL),
(546, '', 0, 0, '', 'cart.group', 'customer', '', 10, 'shopping_cart/parts/group.title.twig', NULL),
(548, '', 0, 0, '', 'cart.panel.totals', 'customer', '', 50, 'shopping_cart/parts/total.disabled.reason.twig', NULL),
(549, '', 0, 0, '', 'cart.panel.totals', 'customer', '', 30, 'shopping_cart/parts/total.total.twig', NULL),
(550, '', 0, 0, '', 'cart.panel.totals', 'customer', '', 35, 'shopping_cart/parts/total.includedModifiers.twig', NULL),
(551, '', 0, 0, '', 'cart.item', 'customer', '', 50, 'shopping_cart/parts/item.qty.twig', NULL),
(552, '', 0, 0, '', 'cart.bottom.right', 'customer', '', 20, 'shopping_cart/checkout_buttons.twig', NULL),
(553, '', 0, 0, '', 'shippingEstimator.main', 'customer', '', 10, 'shopping_cart/shipping_estimator/parts/main.address.twig', NULL),
(554, '', 0, 0, '', 'shippingEstimator.address', 'customer', '', 10, 'shopping_cart/shipping_estimator/parts/address.country.twig', NULL),
(555, '', 0, 0, '', 'shippingEstimator.address', 'customer', '', 40, 'shopping_cart/shipping_estimator/parts/address.type.twig', NULL),
(556, '', 0, 0, '', 'shippingEstimator.address', 'customer', '', 20, 'shopping_cart/shipping_estimator/parts/address.state.twig', NULL),
(557, '', 0, 0, '', 'shippingEstimator.main', 'customer', '', 20, 'shopping_cart/shipping_estimator/parts/main.methods.twig', NULL),
(558, '', 0, 0, '', 'shippingEstimator.address', 'customer', '', 30, 'shopping_cart/shipping_estimator/parts/address.zipcode.twig', NULL),
(559, '', 0, 0, '', 'checkout.review.selected.items', 'customer', '', 10, 'checkout/steps/review/parts/items.subtotal.twig', NULL),
(560, '', 0, 0, '', 'checkout.review.inactive.items', 'customer', '', 10, 'checkout/steps/review/parts/items.subtotal.twig', NULL),
(561, '', 0, 0, '', 'checkout.review.selected.placeOrder', 'customer', '', 400, 'checkout/steps/review/parts/place_order.button.twig', NULL),
(562, '', 0, 0, '', 'checkout.review.selected.placeOrder', 'customer', '', 200, 'checkout/steps/review/parts/place_order.note.twig', NULL),
(563, '', 0, 0, '', 'checkout.review.selected', 'customer', '', 20, 'checkout/steps/review/parts/place_order.twig', NULL),
(564, '', 0, 0, '', 'checkout.review.selected.items', 'customer', '', 30, 'checkout/steps/review/parts/items.modifiers.twig', NULL),
(565, '', 0, 0, '', 'checkout.review.selected.placeOrder', 'customer', '', 500, 'checkout/steps/review/parts/place_order.agree_note.twig', NULL),
(566, '', 0, 0, '', 'checkout.review.selected.items', 'customer', '', 20, 'checkout/steps/review/parts/items.list.twig', NULL),
(567, '', 0, 0, '', 'checkout.review.inactive.items', 'customer', '', 20, 'checkout/steps/review/parts/items.list.twig', NULL),
(568, '', 0, 0, '', 'checkout.review.selected.items', 'customer', '', 35, 'checkout/steps/review/parts/items.separator.twig', NULL),
(569, '', 0, 0, '', 'checkout.review.inactive.items', 'customer', '', 35, 'checkout/steps/review/parts/items.separator.twig', NULL),
(570, '', 0, 0, '', 'checkout.review.selected.items', 'customer', '', 50, 'checkout/steps/review/parts/items.paid.twig', NULL),
(571, '', 0, 0, '', 'checkout.review.inactive.items', 'customer', '', 50, 'checkout/steps/review/parts/items.paid.twig', NULL),
(572, '', 0, 0, '', 'checkout.review.selected.items', 'customer', '', 45, 'checkout/steps/review/parts/items.includedModifiers.twig', NULL),
(573, '', 0, 0, '', 'checkout.review.selected.items', 'customer', '', 40, 'checkout/steps/review/parts/items.total.twig', NULL),
(574, '', 0, 0, '', 'checkout.review.inactive.items', 'customer', '', 40, 'checkout/steps/review/parts/items.total.twig', NULL),
(575, '', 0, 0, '', 'checkout.payment.address.after', 'customer', '', 200, 'checkout/steps/shipping/parts/address.billing.same.twig', NULL),
(576, '', 0, 0, '', 'checkout.shipping.selected', 'customer', '', 200, 'checkout/steps/shipping/parts/subsection.payment.twig', NULL),
(577, '', 0, 0, '', 'checkout.payment.address.email', 'customer', '', 100, 'checkout/steps/shipping/parts/address.billing.create.twig', NULL),
(578, '', 0, 0, '', 'checkout.shipping.selected.sub.shipping', 'customer', '', 100, 'checkout/steps/shipping/parts/address.first.twig', NULL),
(579, '', 0, 0, '', 'checkout.shipping.address.email', 'customer', '', 100, 'checkout/steps/shipping/parts/address.shipping.create.twig', NULL),
(580, '', 0, 0, '', 'checkout.shipping.selected.sub.payment', 'customer', '', 200, 'checkout/steps/shipping/parts/shippingMethods.twig', NULL),
(581, '', 0, 0, '', 'checkout.shipping.selected.sub.payment', 'customer', '', 100, 'checkout/steps/shipping/parts/address.second.twig', NULL),
(582, '', 0, 0, '', 'checkout.shipping.selected', 'customer', '', 100, 'checkout/steps/shipping/parts/subsection.shipping.twig', NULL),
(583, '', 0, 0, '', 'checkout.cart', 'customer', '', 20, 'checkout/parts/cart.totals.twig', NULL),
(584, '', 0, 0, '', 'checkout.success', 'customer', '', 200, 'checkout/success/parts/invoice.twig', NULL),
(585, '', 0, 0, '', 'checkout.success', 'customer', '', 100, 'checkout/success/parts/panel.twig', NULL),
(586, '', 0, 0, '', 'checkout.success.panel', 'customer', '', 300, 'checkout/success/parts/panel_line.twig', NULL),
(587, '', 0, 0, '', 'checkout.success.panel', 'customer', '', 200, 'checkout/success/parts/buttons.twig', NULL),
(588, '', 0, 0, '', 'checkout.success.panel.buttons', 'customer', '', 200, 'checkout/success/parts/button.print.twig', NULL),
(589, '', 0, 0, '', 'checkout.main', 'customer', '', 16777215, 'checkout/labels.twig', NULL),
(590, '', 0, 0, '', 'checkout.success.panel', 'customer', '', 100, 'checkout/success_message.twig', NULL),
(592, '', 0, 0, '', 'layout.header.bar.links.newby', 'customer', '', 101, 'modules/Amazon/PayWithAmazon/login/signin/layout.header.bar.links.newby.twig', NULL),
(593, '', 0, 0, '', 'customer.signin', 'customer', '', 100, 'modules/Amazon/PayWithAmazon/login/signin/signin.twig', NULL),
(594, '', 0, 0, '', 'add2cart_popup.item.buttons', 'customer', '', 1000, 'modules/Amazon/PayWithAmazon/checkout_button/add2cart_popup.twig', NULL),
(595, '', 0, 0, '', 'cart.panel.totals', 'customer', '', 1000, 'modules/Amazon/PayWithAmazon/checkout_button/cart.twig', NULL),
(596, '', 0, 0, '', 'checkout_fastlane.blocks.payment_methods.available', 'customer', '', 2000, 'modules/Amazon/PayWithAmazon/checkout_button/fast_lane_checkout.twig', NULL),
(597, '', 0, 0, '', 'minicart.horizontal.buttons', 'customer', '', 1000, 'modules/Amazon/PayWithAmazon/checkout_button/mini_cart.twig', NULL),
(598, '', 0, 0, '', 'head', 'customer', '', 1310, 'modules/Amazon/PayWithAmazon/header/parts/amazon_config.twig', NULL),
(599, '', 0, 0, '', 'next_previous.product.body', 'customer', '', 100, 'modules/XC/NextPreviousProduct/product/parts/body.link.twig', NULL),
(600, '', 0, 0, '', 'next_previous.product.body', 'customer', '', 200, 'modules/XC/NextPreviousProduct/product/parts/body.cookie_data.twig', NULL),
(601, '', 0, 0, '', 'next_previous.product.body', 'customer', '', 300, 'modules/XC/NextPreviousProduct/product/parts/body.dropdown.twig', NULL),
(602, '', 0, 0, '', 'next_previous.product.body.dropdown', 'customer', '', 100, 'modules/XC/NextPreviousProduct/product/parts/dropdown_parts/image.twig', NULL),
(603, '', 0, 0, '', 'next_previous.product.body.dropdown', 'customer', '', 200, 'modules/XC/NextPreviousProduct/product/parts/dropdown_parts/name.twig', NULL),
(604, '', 0, 0, '', 'next_previous.product.body.dropdown', 'customer', '', 300, 'modules/XC/NextPreviousProduct/product/parts/dropdown_parts/price.twig', NULL),
(605, '', 0, 0, '', 'itemsList.product.grid.customer.info', 'customer', '', 20, 'modules/XC/NextPreviousProduct/items-list/cookie-data.twig', NULL),
(606, '', 0, 0, '', 'itemsList.product.list.customer.info', 'customer', '', 20, 'modules/XC/NextPreviousProduct/items-list/cookie-data.twig', NULL),
(607, '', 0, 0, '', 'itemsList.product.small_thumbnails.customer.details', 'customer', '', 20, 'modules/XC/NextPreviousProduct/items-list/cookie-data.twig', NULL),
(608, '', 0, 0, '', 'itemsList.product.big_thumbnails.customer.info', 'customer', '', 200, 'modules/XC/NextPreviousProduct/items-list/cookie-data.twig', NULL),
(609, '', 0, 0, '', 'itemsList.product.text_links.customer.info', 'customer', '', 100, 'modules/XC/NextPreviousProduct/items-list/cookie-data.twig', NULL),
(610, '', 0, 0, '', 'productBlock.info', 'customer', '', 200, 'modules/XC/NextPreviousProduct/items-list/cookie-data.twig', NULL),
(611, '', 0, 0, '', 'itemsList.newsMessages.customer.center.row', 'customer', '', 250, 'modules/XC/News/news_messages/list/parts/cell.brief.twig', NULL),
(612, '', 0, 0, '', 'itemsList.newsMessages.customer.center.row', 'customer', '', 200, 'modules/XC/News/news_messages/list/parts/cell.name.twig', NULL),
(613, '', 0, 0, '', 'itemsList.newsMessages.customer.center.row', 'customer', '', 100, 'modules/XC/News/news_messages/list/parts/cell.date.twig', NULL),
(614, '', 0, 0, '', 'newsMessage.details', 'customer', '', 300, 'modules/XC/News/page/news_message/parts/body.twig', NULL),
(615, '', 0, 0, '', 'newsMessage.details', 'customer', '', 200, 'modules/XC/News/page/news_message/parts/date.twig', NULL),
(616, '', 0, 0, '', 'newsMessage.details', 'customer', '', 400, 'modules/XC/News/page/news_message/parts/link.twig', NULL),
(617, '', 0, 0, '', 'itemsList.newsMessages.customer.top.row', 'customer', '', 250, 'modules/XC/News/top_news_messages/list/parts/cell.brief.twig', NULL),
(618, '', 0, 0, '', 'itemsList.newsMessages.customer.top.row', 'customer', '', 200, 'modules/XC/News/top_news_messages/list/parts/cell.name.twig', NULL),
(619, '', 0, 0, '', 'itemsList.newsMessages.customer.top.row', 'customer', '', 100, 'modules/XC/News/top_news_messages/list/parts/cell.date.twig', NULL),
(620, '', 0, 0, '', 'layout_editor', 'customer', '', 10, 'modules/XC/ThemeTweaker/layout_editor/panel_parts/message.twig', NULL),
(621, '', 0, 0, '', 'layout_editor', 'customer', '', 10, 'modules/XC/ThemeTweaker/layout_editor/panel_parts/show_hidden_button.twig', NULL),
(622, '', 0, 0, '', 'layout_editor', 'customer', '', 20, 'modules/XC/ThemeTweaker/layout_editor/panel_parts/save_button.twig', NULL),
(623, '', 0, 0, '', 'layout_editor', 'customer', '', 99999, 'modules/XC/ThemeTweaker/layout_editor/panel_parts/language_labels.twig', NULL),
(624, '', 0, 0, '', 'layout_editor', 'customer', '', 30, 'modules/XC/ThemeTweaker/layout_editor/panel_parts/exit_button.twig', NULL),
(625, '', 0, 0, '', 'layout_editor', 'customer', '', 5, 'modules/XC/ThemeTweaker/layout_editor/panel_parts/disable_button.twig', NULL),
(626, '', 0, 0, '', 'list-item.actions', 'customer', '', 10, 'modules/XC/ThemeTweaker/layout_editor/list_item_parts/action_hide.twig', NULL),
(627, '', 0, 0, '', 'list-item.actions', 'customer', '', 10, 'modules/XC/ThemeTweaker/layout_editor/list_item_parts/action_unhide.twig', NULL),
(628, '', 0, 0, '', 'NewsletterSubscriptions.footer.success-block', 'customer', '', 100, 'modules/XC/NewsletterSubscriptions/form/parts/success.twig', NULL),
(629, '', 0, 0, '', 'NewsletterSubscriptions.footer.form-block', 'customer', '', 100, 'modules/XC/NewsletterSubscriptions/form/parts/form.twig', NULL),
(630, '', 0, 0, '', 'NewsletterSubscriptions.footer.error-block', 'customer', '', 100, 'modules/XC/NewsletterSubscriptions/form/parts/error.twig', NULL),
(631, '', 0, 0, '', 'checkout_fastlane.blocks.payment_methods.available', 'customer', '', 10, 'modules/XC/FastLaneCheckout/blocks/payment_methods/available/payment_tpl.twig', NULL),
(632, '', 0, 0, '', 'checkout_fastlane.blocks.address.billing.prepend', 'customer', '', 10, 'modules/XC/FastLaneCheckout/blocks/address_form/address_book.twig', NULL),
(633, '', 0, 0, '', 'checkout_fastlane.blocks.address.shipping.prepend', 'customer', '', 10, 'modules/XC/FastLaneCheckout/blocks/address_form/address_book.twig', NULL),
(634, '', 0, 0, '', 'checkout_fastlane.blocks.address.billing.email', 'customer', '', 100, 'modules/XC/FastLaneCheckout/blocks/address_form/billing/address.create.twig', NULL),
(635, '', 0, 0, '', 'checkout_fastlane.blocks.address.billing.before', 'customer', '', 10, 'modules/XC/FastLaneCheckout/blocks/address_form/billing/same.twig', NULL),
(636, '', 0, 0, '', 'checkout_fastlane.blocks.address.shipping.email', 'customer', '', 100, 'modules/XC/FastLaneCheckout/blocks/address_form/shipping/address.create.twig', NULL),
(637, '', 0, 0, '', 'checkout_fastlane.sections.address.forms', 'customer', '', 10, 'modules/XC/FastLaneCheckout/sections/address/shipping.twig', NULL),
(638, '', 0, 0, '', 'checkout_fastlane.sections.address.forms', 'customer', '', 20, 'modules/XC/FastLaneCheckout/sections/address/billing.twig', NULL),
(639, '', 0, 0, '', 'checkout_fastlane.sections.address.left', 'customer', '', 10, 'modules/XC/FastLaneCheckout/sections/address/forms.twig', NULL),
(640, '', 0, 0, '', 'checkout_fastlane.sections.details', 'customer', '', 40, 'modules/XC/FastLaneCheckout/sections/details/shipping_details.twig', NULL),
(641, '', 0, 0, '', 'checkout_fastlane.sections.details', 'customer', '', 10, 'modules/XC/FastLaneCheckout/sections/details/order_details.twig', NULL),
(642, '', 0, 0, '', 'checkout_fastlane.sections.details', 'customer', '', 30, 'modules/XC/FastLaneCheckout/sections/details/address.twig', NULL),
(643, '', 0, 0, '', 'checkout_fastlane.sections.payment.left', 'customer', '', 10, 'modules/XC/FastLaneCheckout/sections/payment/methods.twig', NULL),
(644, '', 0, 0, '', 'checkout_fastlane.sections.payment.left', 'customer', '', 20, 'modules/XC/FastLaneCheckout/sections/payment/note.twig', NULL),
(645, '', 0, 0, '', 'checkout_fastlane.sections.after', 'customer', '', 10, 'modules/XC/FastLaneCheckout/sections/details_box.twig', NULL),
(646, '', 0, 0, '', 'checkout_fastlane.sections.shipping.left', 'customer', '', 10, 'modules/XC/FastLaneCheckout/sections/shipping/methods.twig', NULL),
(647, '', 0, 0, '', 'checkout_fastlane.sections.shipping.left', 'customer', '', 20, 'modules/XC/FastLaneCheckout/sections/shipping/note.twig', NULL),
(648, '', 0, 0, '', 'checkout_fastlane.sections.details', 'customer', '', 20, 'modules/XC/FastLaneCheckout/sections/section_change_button.twig', NULL),
(651, '', 0, 0, '', 'checkout_fastlane.header.right', 'customer', '', 10, 'modules/XC/FastLaneCheckout/checkout_fastlane/header/navigation.twig', NULL),
(652, '', 0, 0, '', 'checkout_fastlane', 'customer', '', 10, 'modules/XC/FastLaneCheckout/checkout_fastlane/header.twig', NULL),
(653, '', 0, 0, '', 'checkout_fastlane', 'customer', '', 20, 'modules/XC/FastLaneCheckout/checkout_fastlane/sections.twig', NULL),
(654, '', 0, 0, '', 'checkout_fastlane', 'customer', '', 99999, 'modules/XC/FastLaneCheckout/checkout_fastlane/language_labels.twig', NULL),
(656, '', 0, 0, '', 'product.details.quicklook.info', 'customer', '', 19, 'modules/XC/FreeShipping/free_ship.label.twig', NULL),
(657, '', 0, 0, '', 'reviews.general', 'customer', '', 20, 'modules/XC/Reviews/button/add_review.twig', NULL),
(658, '', 0, 0, '', 'reviews.product.rating.average', 'customer', '', 100, 'modules/XC/Reviews/product/details/rating.twig', NULL),
(659, '', 0, 0, '', 'product.details.page.info', 'customer', '', 17, 'modules/XC/Reviews/product_details.rating.twig', NULL),
(660, '', 0, 0, '', 'review.add.fields', 'customer', '', 400, 'modules/XC/Reviews/review/parts/field.review.twig', NULL),
(661, '', 0, 0, '', 'review.add.fields', 'customer', '', 200, 'modules/XC/Reviews/review/parts/field.reviewer_name.twig', NULL),
(662, '', 0, 0, '', 'review.add.fields', 'customer', '', 100, 'modules/XC/Reviews/review/parts/field.rating.twig', NULL),
(663, '', 0, 0, '', 'review.add.buttons', 'customer', '', 500, 'modules/XC/Reviews/review/parts/buttons.twig', NULL),
(664, '', 0, 0, '', 'review.add.fields', 'customer', '', 300, 'modules/XC/Reviews/review/parts/field.email.twig', NULL),
(665, '', 0, 0, '', 'reviews.page.rating', 'customer', '', 200, 'modules/XC/Reviews/average_rating/text.twig', NULL),
(666, '', 0, 0, '', 'reviews.tooltip.rating', 'customer', '', 200, 'modules/XC/Reviews/average_rating/text.twig', NULL),
(667, '', 0, 0, '', 'reviews.product.rating', 'customer', '', 100, 'modules/XC/Reviews/average_rating/form.twig', NULL),
(668, '', 0, 0, '', 'reviews.page.rating', 'customer', '', 100, 'modules/XC/Reviews/average_rating/form.twig', NULL),
(669, '', 0, 0, '', 'reviews.tab.rating', 'customer', '', 200, 'modules/XC/Reviews/average_rating/form.twig', NULL),
(670, '', 0, 0, '', 'reviews.product.rating.form.content', 'customer', '', 100, 'modules/XC/Reviews/average_rating/rating.twig', NULL),
(671, '', 0, 0, '', 'reviews.page.rating', 'customer', '', 300, 'modules/XC/Reviews/average_rating/details.twig', NULL),
(672, '', 0, 0, '', 'reviews.rating.details', 'customer', '', 200, 'modules/XC/Reviews/average_rating/details.twig', NULL),
(673, '', 0, 0, '', 'reviews.page.rating', 'customer', '', 200, 'modules/XC/Reviews/average_rating/separator.twig', NULL),
(676, '', 0, 0, '', 'product.reviews.tab', 'customer', '', 500, 'modules/XC/Reviews/reviews_tab/parts/tab.all_reviews_link.twig', NULL),
(677, '', 0, 0, '', 'product.reviews.tab', 'customer', '', 200, 'modules/XC/Reviews/reviews_tab/parts/tab.reviews_list_header.twig', NULL),
(678, '', 0, 0, '', 'reviews.review.title', 'customer', '', 200, 'modules/XC/Reviews/reviews_page/parts/title.right.twig', NULL),
(679, '', 0, 0, '', 'reviews.review', 'customer', '', 100, 'modules/XC/Reviews/reviews_page/parts/review.title.twig', NULL),
(680, '', 0, 0, '', 'reviews.review', 'customer', '', 200, 'modules/XC/Reviews/reviews_page/parts/review.rating.twig', NULL),
(681, '', 0, 0, '', 'reviews.review.title', 'customer', '', 100, 'modules/XC/Reviews/reviews_page/parts/title.left.twig', NULL),
(682, '', 0, 0, '', 'product.reviews.page', 'customer', '', 200, 'modules/XC/Reviews/reviews_page/parts/page.reviews_list_header.twig', NULL),
(683, '', 0, 0, '', 'product.reviews.page', 'customer', '', 300, 'modules/XC/Reviews/reviews_page/parts/page.reviews_list.twig', NULL),
(684, '', 0, 0, '', 'reviews.review', 'customer', '', 300, 'modules/XC/Reviews/reviews_page/parts/review.review.twig', NULL),
(685, '', 0, 0, '', 'product.reviews.page', 'customer', '', 100, 'modules/XC/Reviews/reviews_page/parts/page.product.twig', NULL),
(686, '', 0, 0, '', 'reviews', 'customer', '', 16777215, 'modules/XC/Reviews/reviews_page/reviews.twig', NULL),
(687, '', 0, 0, '', 'invoice.bottom.d2po', 'customer', '', 10, 'modules/XC/CanadaPost/order/invoice/parts/bottom.d2po.details.twig', NULL),
(688, '', 0, 0, '', 'order.links', 'customer', '', 30, 'modules/XC/CanadaPost/order/parts/link.return.twig', NULL),
(689, '', 0, 0, '', 'capost_create_return.form', 'customer', '', 200, 'modules/XC/CanadaPost/products_return/create/parts/main.form.message.twig', NULL),
(690, '', 0, 0, '', 'capost_create_return.form', 'customer', '', 300, 'modules/XC/CanadaPost/products_return/create/parts/main.form.button.twig', NULL),
(691, '', 0, 0, '', 'capost_create_return.form.captions', 'customer', '', 5, 'modules/XC/CanadaPost/products_return/create/parts/table.captions.field.twig', NULL),
(692, '', 0, 0, '', 'capost_create_return.form.captions', 'customer', '', 15, 'modules/XC/CanadaPost/products_return/create/parts/table.captions.image.twig', NULL),
(693, '', 0, 0, '', 'capost_create_return.form.captions', 'customer', '', 30, 'modules/XC/CanadaPost/products_return/create/parts/table.captions.ret_amount.twig', NULL),
(694, '', 0, 0, '', 'capost_create_return.form', 'customer', '', 100, 'modules/XC/CanadaPost/products_return/create/parts/main.form.products.twig', NULL),
(695, '', 0, 0, '', 'capost_create_return.form.columns', 'customer', '', 20, 'modules/XC/CanadaPost/products_return/create/parts/table.common.name.twig', NULL),
(696, '', 0, 0, '', 'capost_create_return.form.columns', 'customer', '', 10, 'modules/XC/CanadaPost/products_return/create/parts/table.common.field.twig', NULL),
(697, '', 0, 0, '', 'capost_create_return.form.columns', 'customer', '', 30, 'modules/XC/CanadaPost/products_return/create/parts/table.common.ret_amount.twig', NULL),
(698, '', 0, 0, '', 'capost_create_return.form.captions', 'customer', '', 10, 'modules/XC/CanadaPost/products_return/create/parts/table.captions.sku.twig', NULL),
(699, '', 0, 0, '', 'capost_create_return.form.captions', 'customer', '', 20, 'modules/XC/CanadaPost/products_return/create/parts/table.captions.name.twig', NULL),
(700, '', 0, 0, '', 'capost_create_return.form.columns', 'customer', '', 25, 'modules/XC/CanadaPost/products_return/create/parts/table.common.amount.twig', NULL),
(701, '', 0, 0, '', 'capost_create_return.form.columns', 'customer', '', 10, 'modules/XC/CanadaPost/products_return/create/parts/table.common.sku.twig', NULL),
(702, '', 0, 0, '', 'capost_create_return', 'customer', '', 100, 'modules/XC/CanadaPost/products_return/create/parts/main.info.twig', NULL),
(703, '', 0, 0, '', 'capost_create_return.form.columns', 'customer', '', 15, 'modules/XC/CanadaPost/products_return/create/parts/table.common.image.twig', NULL),
(704, '', 0, 0, '', 'capost_create_return.form.captions', 'customer', '', 25, 'modules/XC/CanadaPost/products_return/create/parts/table.captions.amount.twig', NULL),
(705, '', 0, 0, '', 'capost_create_return', 'customer', '', 200, 'modules/XC/CanadaPost/products_return/create/parts/main.form.twig', NULL),
(706, '', 0, 0, '', 'customer.checkout.signin', 'customer', '', 100, 'modules/CDev/Paypal/login/signin/signin.checkout.paypal.twig', NULL),
(707, '', 0, 0, '', 'customer.signin', 'customer', '', 100, 'modules/CDev/Paypal/login/signin/signin.paypal.twig', NULL),
(708, '', 0, 0, '', 'layout.header.bar.links.newby', 'customer', '', 101, 'modules/CDev/Paypal/login/signin/layout.header.bar.links.newby.twig', NULL),
(709, '', 0, 0, '', 'cart.panel', 'customer', '', 15, 'modules/CDev/Paypal/banner/cartPage/nearCheckoutButton.twig', NULL),
(710, '', 0, 0, '', 'product.details.page.info', 'customer', '', 105, 'modules/CDev/Paypal/banner/ProductDetailsPages/nearAddToCartButton.twig', NULL),
(711, '', 0, 0, '', 'center', 'customer', '', 10, 'modules/CDev/Paypal/banner/homePage/aboveProducts.twig', NULL),
(712, '', 0, 0, '', 'center.bottom', 'customer', '', 99999, 'modules/CDev/Paypal/banner/homePage/belowProducts.twig', NULL),
(713, '', 0, 0, '', 'center.top', 'customer', '', 100, 'modules/CDev/Paypal/banner/categoryPages/aboveProducts.twig', NULL),
(714, '', 0, 0, '', 'center.bottom', 'customer', '', 99999, 'modules/CDev/Paypal/banner/categoryPages/belowProducts.twig', NULL),
(715, '', 0, 0, '', 'product.details.page.info.buttons-added.cart-buttons', 'customer', '', 40, 'modules/CDev/Paypal/product/details/parts/express_checkout.twig', NULL),
(716, '', 0, 0, '', 'product.details.quicklook.info.buttons-added.cart-buttons', 'customer', '', 40, 'modules/CDev/Paypal/product/details/parts/express_checkout.twig', NULL),
(717, '', 0, 0, '', 'product.details.page.info.buttons.cart-buttons', 'customer', '', 30, 'modules/CDev/Paypal/product/details/parts/express_checkout.twig', NULL),
(718, '', 0, 0, '', 'product.details.quicklook.info.buttons.cart-buttons', 'customer', '', 30, 'modules/CDev/Paypal/product/details/parts/express_checkout.twig', NULL),
(719, '', 0, 0, '', 'add2cart_popup.item.buttons', 'customer', '', 300, 'modules/CDev/Paypal/add2cart_popup/express_checkout.twig', NULL),
(720, '', 0, 0, '', 'itemsList.product.list.customer.info', 'customer', '', 1100, 'modules/CDev/Paypal/item_list/product/parts/express_checkout.twig', NULL),
(721, '', 0, 0, '', 'social.login', 'customer', '', 50, 'modules/CDev/SocialLogin/parts/social_login.before.twig', NULL),
(722, '', 0, 0, '', 'social.login.buttons', 'customer', '', 1, 'modules/CDev/SocialLogin/parts/social_login.caption.twig', NULL),
(723, '', 0, 0, '', 'social.login', 'customer', '', 100, 'modules/CDev/SocialLogin/parts/social_login.widget.twig', NULL),
(724, '', 0, 0, '', 'social.login', 'customer', '', 150, 'modules/CDev/SocialLogin/parts/social_login.after.twig', NULL),
(725, '', 0, 0, '', 'customer.signin', 'customer', '', 100, 'modules/CDev/SocialLogin/signin/signin.social.twig', NULL),
(726, '', 0, 0, '', 'layout.header.bar.links.newby', 'customer', '', 101, 'modules/CDev/SocialLogin/signin/layout.header.bar.links.newby.twig', NULL),
(728, '', 0, 0, '', 'invoice.bottom.address.billing', 'customer', '', 30, 'modules/CDev/XPaymentsConnector/invoice/invoice.twig', NULL),
(729, '', 0, 0, '', 'customer.account.saved_cards.before', 'customer', '', 100, 'modules/CDev/XPaymentsConnector/account/saved_cards.header.twig', NULL),
(730, '', 0, 0, '', 'customer.account.add_new_card.before', 'customer', '', 100, 'modules/CDev/XPaymentsConnector/account/saved_cards.header.twig', NULL),
(731, '', 0, 0, '', 'customer.account.add_new_card.before', 'customer', '', 200, 'modules/CDev/XPaymentsConnector/account/add_new_card.header.twig', NULL),
(732, '', 0, 0, '', 'customer.account.add_new_card.address', 'customer', '', 100, 'modules/CDev/XPaymentsConnector/account/add_new_card.address.twig', NULL),
(733, '', 0, 0, '', 'customer.account.saved_cards.table', 'customer', '', 100, 'modules/CDev/XPaymentsConnector/account/saved_cards.table.twig', NULL),
(734, '', 0, 0, '', 'customer.account.add_new_card.form', 'customer', '', 100, 'modules/CDev/XPaymentsConnector/account/add_new_card.form.twig', NULL),
(735, '', 0, 0, '', 'checkout.review.selected', 'customer', '', 20, 'modules/CDev/XPaymentsConnector/checkout/script.twig', NULL),
(736, '', 0, 0, '', 'checkout_fastlane.sections.payment.left', 'customer', '', 500, 'modules/CDev/XPaymentsConnector/checkout/script.twig', NULL),
(737, '', 0, 0, '', 'static_page.info', 'customer', '', 100, 'modules/CDev/SimpleCMS/page/parts/content.twig', NULL),
(738, '', 0, 0, '', 'contact-us.send.fields', 'customer', '', 300, 'modules/CDev/ContactUs/contact_us/fields/field.subject.twig', NULL),
(739, '', 0, 0, '', 'contact-us.send.fields', 'customer', '', 200, 'modules/CDev/ContactUs/contact_us/fields/field.email.twig', NULL),
(740, '', 0, 0, '', 'contact-us.send.fields', 'customer', '', 500, 'modules/CDev/ContactUs/contact_us/fields/field.captcha.twig', NULL),
(741, '', 0, 0, '', 'contact-us.send.fields', 'customer', '', 100, 'modules/CDev/ContactUs/contact_us/fields/field.name.twig', NULL),
(742, '', 0, 0, '', 'contact-us.send.fields', 'customer', '', 1000, 'modules/CDev/ContactUs/contact_us/fields/action.send.twig', NULL),
(743, '', 0, 0, '', 'contact-us.send.fields', 'customer', '', 400, 'modules/CDev/ContactUs/contact_us/fields/field.message.twig', NULL),
(748, '', 0, 0, '', 'product.plain_price.tail.sale_price.label', 'customer', '', 100, 'modules/CDev/Sale/details/label.twig', NULL),
(751, '', 0, 0, '', 'static_page.info', 'customer', '', 100000, 'modules/CDev/GoSocial/page/parts/share.twig', NULL),
(753, '', 0, 0, '', 'cart.panel.totals.modifier', 'customer', '', 16777215, 'modules/CDev/Coupons/coupons_minilist.twig', NULL),
(754, '', 0, 0, '', 'checkout.review.selected.items.modifier', 'customer', '', 16777215, 'modules/CDev/Coupons/coupons_minilist.twig', NULL),
(755, '', 0, 0, '', 'invoice.base.totals.modifier.name', 'customer', '', 16777215, 'modules/CDev/Coupons/coupons_minilist.twig', NULL),
(756, '', 0, 0, '', 'cart.item.info', 'customer', '', 1000, 'modules/CDev/Coupons/item.freeship.twig', NULL),
(757, '', 0, 0, '', 'cart.item', 'customer', '', 60, 'modules/QSL/SpecialOffersBase/shopping_cart/parts/item.subtotal.twig', NULL),
(758, '', 0, 0, '', 'order_status.wrapper', 'customer', '', 10, 'common/order_status_wrapper.twig', NULL),
(759, '', 0, 0, '', 'surcharge.common', 'customer', '', 100, 'common/surcharge_parts/surcharge.twig', NULL),
(760, '', 0, 0, '', 'product.plain_price', 'customer', '', 10, 'common/price_parts/price.twig', NULL),
(761, '', 0, 0, '', 'product.plain_price_only', 'customer', '', 10, 'common/price_parts/price.twig', NULL),
(762, '', 0, 0, '', 'order_status.nowrapper', 'customer', '', 10, 'common/order_status_nowrapper.twig', NULL),
(763, '', 0, 0, '', 'layout.main.footer', 'customer', '', 1000, 'layout/footer/main.footer.section.twig', NULL),
(764, '', 0, 0, '', 'layout.footer', 'customer', '', 500, 'layout/footer/main.footer.twig', NULL),
(765, '', 0, 0, '', 'layout.header.bar', 'customer', '', 100, 'layout/header/header.bar.links.twig', NULL),
(766, '', 0, 0, '', 'layout.header.bar.links.logged', 'customer', '', 200, 'layout/header/header.bar.links.logged.account.twig', NULL),
(767, '', 0, 0, '', 'layout.header.bar.links.logged', 'customer', '', 500, 'layout/header/header.bar.links.logged.logout.twig', NULL),
(768, '', 0, 0, '', 'layout.header', 'customer', '', 200, 'layout/header/header.bar.twig', NULL),
(771, '', 0, 0, '', 'layout.header.bar.links.newby', 'customer', '', 200, 'layout/header/header.bar.links.newby.register.twig', NULL),
(772, '', 0, 0, '', 'layout.main', 'customer', '', 200, 'layout/header/main.header.twig', NULL),
(774, '', 0, 0, '', 'layout.header.bar.links.newby', 'customer', '', 100, 'layout/header/header.bar.links.newby.login.twig', NULL),
(775, '', 0, 0, '', 'layout.header', 'customer', '', 100, 'layout/header/header.logo.twig', NULL),
(776, '', 0, 0, '', 'layout.responsive.search', 'customer', '', 200, 'layout/header/header.bar.mobilesearch.twig', NULL),
(781, '', 0, 0, '', 'layout.header.bar', 'customer', '', 100, 'layout/header/header.bar.links.logged.twig', NULL),
(783, '', 0, 0, '', 'layout.main.center', 'customer', '', 100, 'layout/content/main.center.left.twig', NULL),
(784, '', 0, 0, '', 'layout.main.center', 'customer', '', 300, 'layout/content/main.center.right.twig', NULL),
(785, '', 0, 0, '', 'layout.main', 'customer', '', 400, 'layout/content/main.center.twig', NULL),
(786, '', 0, 0, '', 'layout.main.center', 'customer', '', 200, 'layout/content/main.center.center.twig', NULL),
(787, '', 0, 0, '', 'itemsList.product.grid.customer.info', 'customer', '', 998, 'items_list/product/parts/common.marks.twig', NULL),
(788, '', 0, 0, '', 'itemsList.product.list.customer.photo', 'customer', '', 998, 'items_list/product/parts/common.marks.twig', NULL),
(789, '', 0, 0, '', 'itemsList.product.table.customer.columns', 'customer', '', 45, 'items_list/product/parts/common.marks.twig', NULL),
(790, '', 0, 0, '', 'itemsList.product.table.customer.columns', 'customer', '', 9999999, 'items_list/product/parts/table.product-representation.twig', NULL),
(791, '', 0, 0, '', 'minicart.horizontal.item', 'customer', '', 18, 'mini_cart/horizontal/parts/item.amount.twig', NULL),
(792, '', 0, 0, '', 'minicart.horizontal.item', 'customer', '', 5, 'mini_cart/horizontal/parts/item.image.twig', NULL),
(793, '', 0, 0, '', 'cart.panel.totals.modifier', 'customer', '', 16777215, 'shopping_cart/parts/item.shipping.estimator.twig', NULL),
(794, '', 0, 0, '', 'cart.panel', 'customer', '', 10, 'shopping_cart/parts/button.continue.twig', NULL),
(795, '', 0, 0, '', 'cart.children', 'customer', '', 10, 'shopping_cart/parts/button.continue.twig', NULL),
(796, '', 0, 0, '', 'social.login', 'customer', '', 150, 'modules/CDev/SocialLogin/parts/social_login.separator.twig', NULL),
(797, '', 0, 0, '', 'customer.account.details.before', 'customer', '', 10, 'modules/CDev/SocialLogin/account/social_login.twig', NULL),
(798, '', 0, 0, '', 'layout.main.footer', 'customer', '', 50, 'layout/footer/main.footer.contacts.twig', NULL),
(799, '', 0, 0, '', 'layout.header.right.mobile', 'customer', '', 100, 'layout/header/header.right.mobile.minicart.twig', NULL),
(800, '', 0, 0, '', 'layout.header.right', 'customer', '', 10, 'layout/header/header.right.search.twig', NULL),
(801, '', 0, 0, '', 'layout.header.right.mobile', 'customer', '', 10, 'layout/header/header.right.search.twig', NULL),
(802, '', 0, 0, '', 'slidebar.additional-menu.links', 'customer', '', 10, 'layout/header/header_settings/profile.twig', NULL),
(803, '', 0, 0, '', 'slidebar.additional-menu', 'customer', '', 1000, 'layout/header/header_settings/logout.twig', NULL),
(804, '', 0, 0, '', 'layout.header.right.settings', 'customer', '', 1000, 'layout/header/header_settings/logout.twig', NULL),
(805, '', 0, 0, '', 'slidebar.additional-menu', 'customer', '', 400, 'layout/header/header_settings/login.twig', NULL),
(806, '', 0, 0, '', 'layout.header.right.settings', 'customer', '', 400, 'layout/header/header_settings/login.twig', NULL),
(807, '', 0, 0, '', 'slidebar.additional-menu', 'customer', '', 390, 'layout/header/header_settings/settings.twig', NULL),
(808, '', 0, 0, '', 'slidebar.additional-menu', 'customer', '', 100, 'layout/header/header_settings/links.twig', NULL),
(809, '', 0, 0, '', 'layout.header.right.settings', 'customer', '', 100, 'layout/header/header_settings/links.twig', NULL),
(810, '', 0, 0, '', 'layout.header.bar.links.logged', 'customer', '', 300, 'layout/header/header.bar.links.logged.orders.twig', NULL),
(811, '', 0, 0, '', 'layout.header.mobile.menu', 'customer', '', 1000, 'layout/header/mobile_header_parts/right_menu.twig', NULL),
(812, '', 0, 0, '', 'header.menu', 'customer', '', 1000, 'layout/header/mobile_header_parts/additional_menu.twig', NULL),
(813, '', 0, 0, '', 'layout.header.mobile.menu', 'customer', '', 10, 'layout/header/mobile_header_parts/logo.twig', NULL),
(814, '', 0, 0, '', 'layout.header.bar.locale', 'customer', '', 20, 'layout/header/locale/language.twig', NULL),
(815, '', 0, 0, '', 'layout.header.bar.locale', 'customer', '', 10, 'layout/header/locale/country.twig', NULL),
(816, '', 0, 0, '', 'layout.header.bar.locale', 'customer', '', 30, 'layout/header/locale/currency.twig', NULL),
(817, '', 0, 0, '', 'contact_us.parts', 'customer', '', 10, 'contact_us/parts/contact_us.address.twig', NULL),
(818, '', 0, 0, '', 'invoice.bottom.method.shipping', 'mail', '', 20, 'common/order/invoice/parts/bottom.methods.shipping.twig', NULL),
(819, '', 0, 0, '', 'invoice.bottom.address.billing', 'mail', '', 10, 'common/order/invoice/parts/bottom.address.billing.twig', NULL),
(820, '', 0, 0, '', 'invoice.base', 'mail', '', 59, 'common/order/invoice/parts/padding_before_totals.twig', NULL),
(821, '', 0, 0, '', 'invoice.bottom.lines', 'mail', '', 20, 'common/order/invoice/parts/bottom.statuses.twig', NULL),
(822, '', 0, 0, '', 'invoice.item', 'mail', '', 10, 'common/order/invoice/parts/items/item.name.twig', NULL),
(823, '', 0, 0, '', 'invoice.bottom.address.shipping', 'mail', '', 20, 'common/order/invoice/parts/bottom.address.shipping.twig', NULL),
(824, '', 0, 0, '', 'tracking.info', 'mail', '', 10, 'common/order_tracking_information/parts/tracking_info.twig', NULL),
(825, '', 0, 0, '', 'order.operations', 'admin', '', 50, 'order/page/parts/staff_note.twig', NULL),
(826, '', 0, 0, '', 'order', 'admin', '', 400, 'order/page/parts/operations.twig', NULL),
(827, '', 0, 0, '', 'order.actions.statuses', 'admin', '', 200, 'order/page/parts/action.payment_status.twig', NULL),
(828, '', 0, 0, '', 'order.payment', 'admin', '', 200, 'order/page/parts/payment.address.twig', NULL),
(829, '', 0, 0, '', 'order.title.row', 'admin', '', 100, 'order/page/parts/title.twig', NULL),
(830, '', 0, 0, '', 'order.operations', 'admin', '', 100, 'order/page/parts/line1.twig', NULL),
(831, '', 0, 0, '', 'order.actions.statuses', 'admin', '', 100, 'order/page/parts/action.shipping_status.twig', NULL),
(832, '', 0, 0, '', 'order.actions.paymentActionsRow', 'admin', '', 100, 'order/page/parts/action.transactions.twig', NULL),
(833, '', 0, 0, '', 'order.payment', 'admin', '', 100, 'order/page/parts/payment.method.twig', NULL),
(834, '', 0, 0, '', 'order.actions.statuses', 'admin', '', 1000, 'order/page/parts/action.row.twig', NULL),
(835, '', 0, 0, '', 'order', 'admin', '', 100, 'order/page/parts/title.row.twig', NULL),
(836, '', 0, 0, '', 'order.actions', 'admin', '', 1000, 'order/page/parts/action.statuses.twig', NULL),
(837, '', 0, 0, '', 'order.title.box', 'admin', '', 200, 'order/page/parts/title.box.history.twig', NULL),
(838, '', 0, 0, '', 'order.items.bottom', 'admin', '', 100, 'order/page/parts/totals.twig', NULL),
(839, '', 0, 0, '', 'order.base.totals', 'admin', '', 300, 'order/page/parts/totals.total.twig', NULL),
(840, '', 0, 0, '', 'order.items.bottom', 'admin', '', 200, 'order/page/parts/customerNotes.twig', NULL),
(841, '', 0, 0, '', 'order.base.totals', 'admin', '', 200, 'order/page/parts/totals.modifiers.twig', NULL),
(842, '', 0, 0, '', 'order.actions.paymentActionsRow', 'admin', '', 200, 'order/page/parts/action.payment_actions.twig', NULL),
(843, '', 0, 0, '', 'order.shipping', 'admin', '', 200, 'order/page/parts/shipping.address.twig', NULL),
(844, '', 0, 0, '', 'order', 'admin', '', 1000, 'order/page/parts/antifraud_ad.twig', NULL),
(845, '', 0, 0, '', 'order.base.totals', 'admin', '', 100, 'order/page/parts/totals.subtotal.twig', NULL),
(846, '', 0, 0, '', 'order.items.wrapper', 'admin', '', 10, 'order/page/parts/items/items.twig', NULL),
(847, '', 0, 0, '', 'order.item', 'admin', '', 10, 'order/page/parts/items/item.name.twig', NULL),
(848, '', 0, 0, '', 'order.items.head', 'admin', '', 30, 'order/page/parts/items/items.head.qty.twig', NULL),
(849, '', 0, 0, '', 'order.item', 'admin', '', 40, 'order/page/parts/items/item.total.twig', NULL),
(850, '', 0, 0, '', 'order.item', 'admin', '', 20, 'order/page/parts/items/item.price.twig', NULL),
(851, '', 0, 0, '', 'order.items.head', 'admin', '', 20, 'order/page/parts/items/items.head.price.twig', NULL),
(852, '', 0, 0, '', 'order.item.name', 'admin', '', 10, 'order/page/parts/items/item.sku.twig', NULL),
(853, '', 0, 0, '', 'order.items.head', 'admin', '', 40, 'order/page/parts/items/items.head.total.twig', NULL),
(854, '', 0, 0, '', 'order.items.head', 'admin', '', 10, 'order/page/parts/items/items.head.name.twig', NULL),
(855, '', 0, 0, '', 'order.item', 'admin', '', 30, 'order/page/parts/items/item.qty.twig', NULL),
(856, '', 0, 0, '', 'order.operations', 'admin', '', 300, 'order/page/parts/line3.twig', NULL),
(857, '', 0, 0, '', 'order.items.wrapper', 'admin', '', 100, 'order/page/parts/items_bottom_box.twig', NULL),
(858, '', 0, 0, '', 'order.operations', 'admin', '', 30, 'order/page/parts/placed.twig', NULL),
(859, '', 0, 0, '', 'order.note', 'admin', '', 100, 'order/page/parts/note.note.twig', NULL),
(860, '', 0, 0, '', 'order.title.row', 'admin', '', 200, 'order/page/parts/title.box.twig', NULL),
(861, '', 0, 0, '', 'order.shipping', 'admin', '', 100, 'order/page/parts/shipping.method.twig', NULL),
(862, '', 0, 0, '', 'packing_slip.base', 'admin', '', 25, 'order/packing_slip/parts/body/body.note.twig', NULL),
(863, '', 0, 0, '', 'packing_slip.items', 'admin', '', 10, 'order/packing_slip/parts/body/totals.twig', NULL),
(864, '', 0, 0, '', 'packing_slip.base', 'admin', '', 30, 'order/packing_slip/parts/body/items.twig', NULL),
(865, '', 0, 0, '', 'packing_slip.items.head', 'admin', '', 10, 'order/packing_slip/parts/body/items/items.head.sku.twig', NULL),
(866, '', 0, 0, '', 'packing_slip.items.head', 'admin', '', 40, 'order/packing_slip/parts/body/items/items.head.qty_ship.twig', NULL),
(867, '', 0, 0, '', 'packing_slip.item', 'admin', '', 20, 'order/packing_slip/parts/body/items/item.name.twig', NULL),
(868, '', 0, 0, '', 'packing_slip.items.head', 'admin', '', 30, 'order/packing_slip/parts/body/items/items.head.qty.twig', NULL),
(869, '', 0, 0, '', 'packing_slip.item', 'admin', '', 10, 'order/packing_slip/parts/body/items/item.name.sku.twig', NULL),
(870, '', 0, 0, '', 'packing_slip.item', 'admin', '', 40, 'order/packing_slip/parts/body/items/item.qty_ship.twig', NULL),
(871, '', 0, 0, '', 'packing_slip.items.head', 'admin', '', 20, 'order/packing_slip/parts/body/items/items.head.name.twig', NULL),
(872, '', 0, 0, '', 'packing_slip.item', 'admin', '', 30, 'order/packing_slip/parts/body/items/item.qty.twig', NULL),
(873, '', 0, 0, '', 'packing_slip.footer', 'admin', '', 20, 'order/packing_slip/parts/footer/footer.additional.twig', NULL),
(874, '', 0, 0, '', 'packing_slip.base', 'admin', '', 60, 'order/packing_slip/parts/footer/footer.twig', NULL),
(875, '', 0, 0, '', 'packing_slip.addresses', 'admin', '', 10, 'order/packing_slip/parts/addresses/addresses.purchaser.twig', NULL),
(876, '', 0, 0, '', 'packing_slip.addresses.shipping', 'admin', '', 20, 'order/packing_slip/parts/addresses/purchaser.address.shipping.twig', NULL),
(877, '', 0, 0, '', 'packing_slip.base', 'admin', '', 20, 'order/packing_slip/parts/addresses/addresses.twig', NULL),
(878, '', 0, 0, '', 'packing_slip.addresses', 'admin', '', 20, 'order/packing_slip/parts/addresses/addresses.merchant.twig', NULL),
(879, '', 0, 0, '', 'packing_slip.addresses.billing', 'admin', '', 10, 'order/packing_slip/parts/addresses/purchaser.address.billing.twig', NULL),
(880, '', 0, 0, '', 'packing_slip.base', 'admin', '', 10, 'order/packing_slip/parts/head/head.twig', NULL),
(881, '', 0, 0, '', 'packing_slip.head', 'admin', '', 20, 'order/packing_slip/parts/head/head.logo.twig', NULL),
(882, '', 0, 0, '', 'packing_slip.head', 'admin', '', 10, 'order/packing_slip/parts/head/head.title.twig', NULL),
(883, '', 0, 0, '', 'order.history.base.events.details.info', 'admin', '', 10, 'order/history/parts/event_details.twig', NULL),
(884, '', 0, 0, '', 'order.history.base.events.details.info', 'admin', '', 30, 'order/history/parts/event_details_data.twig', NULL),
(885, '', 0, 0, '', 'order.history.base', 'admin', '', 10, 'order/history/parts/block.twig', NULL),
(886, '', 0, 0, '', 'order.history.base.events', 'admin', '', 10, 'order/history/parts/event_block_header.twig', NULL),
(887, '', 0, 0, '', 'order.history.base.events.details.info', 'admin', '', 20, 'order/history/parts/event_details_comment.twig', NULL),
(888, '', 0, 0, '', 'order.history.base.events.details', 'admin', '', 20, 'order/history/parts/event_details_action.twig', NULL),
(889, '', 0, 0, '', 'order.history.base.events.details', 'admin', '', 10, 'order/history/parts/event_date.twig', NULL),
(890, '', 0, 0, '', 'order.history.base.events.details', 'admin', '', 30, 'order/history/parts/event_description.twig', NULL),
(891, '', 0, 0, '', 'order.history.base.events', 'admin', '', 20, 'order/history/parts/event.twig', NULL),
(892, '', 0, 0, '', 'searchPanel.order.admin.main.actions', 'admin', '', 16777215, 'search_panel/order/clear_search.twig', NULL),
(893, '', 0, 0, '', 'admin.main.page.header', 'admin', '', 9000, 'body/header_right.twig', NULL),
(894, '', 0, 0, '', 'admin.main.page.content.center', 'admin', '', 10, 'center.twig', NULL),
(895, '', 0, 0, '', 'address.order.main', 'admin', '', 300, 'address/order/parts/shipping.twig', NULL),
(896, '', 0, 0, '', 'address.order.main', 'admin', '', 400, 'address/order/parts/buttons.twig', NULL);
INSERT INTO `xc_view_lists` (`list_id`, `list_override`, `weight_override`, `override_mode`, `class`, `list`, `zone`, `child`, `weight`, `tpl`, `version`) VALUES
(897, '', 0, 0, '', 'address.order.main', 'admin', '', 100, 'address/order/parts/info.twig', NULL),
(898, '', 0, 0, '', 'address.order.main', 'admin', '', 200, 'address/order/parts/billing.twig', NULL),
(899, '', 0, 0, '', 'admin.main.page.footer.left', 'admin', '', 100, 'footer/right/marketplace_terms.twig', NULL),
(900, '', 0, 0, '', 'admin.main.page.footer.right', 'admin', '', 300, 'footer/right/social_link.twig', NULL),
(901, '', 0, 0, '', 'admin.main.page.footer.right', 'admin', '', 100, 'footer/right/site.twig', NULL),
(902, '', 0, 0, '', 'pager.itemsTotal', 'admin', '', 20, 'pager/parts/items_total.twig', NULL),
(903, '', 0, 0, '', 'pager.admin.model.table.left', 'admin', '', 300, 'pager/model/table/parts/more.twig', NULL),
(904, '', 0, 0, '', 'pager.admin.model.table.left', 'admin', '', 100, 'pager/model/table/parts/page.twig', NULL),
(905, '', 0, 0, '', 'pager.admin.model.table.left', 'admin', '', 400, 'pager/model/table/parts/items_per_page.twig', NULL),
(906, '', 0, 0, '', 'itemsList.productclass.header', 'admin', '', 10, 'product_classes/header_note.twig', NULL),
(907, '', 0, 0, '', 'itemsList.state.header', 'admin', '', 10, 'states/header.twig', NULL),
(908, '', 0, 0, '', 'payment.methods.list.line', 'admin', '', 100, 'items_list/payment/methods/parts/line.header.twig', NULL),
(909, '', 0, 0, '', 'payment.methods.list.header', 'admin', '', 100, 'items_list/payment/methods/parts/header.icon.twig', NULL),
(910, '', 0, 0, '', 'payment.methods.list.header', 'admin', '', 500, 'items_list/payment/methods/parts/header.alt_icon.twig', NULL),
(911, '', 0, 0, '', 'payment.methods.list.header', 'admin', '', 200, 'items_list/payment/methods/parts/header.title.twig', NULL),
(912, '', 0, 0, '', 'payment.methods.list.row', 'admin', '', 300, 'items_list/payment/methods/parts/action.right.twig', NULL),
(913, '', 0, 0, '', 'payment.methods.list.header', 'admin', '', 400, 'items_list/payment/methods/parts/header.description.twig', NULL),
(914, '', 0, 0, '', 'payment.methods.list.line', 'admin', '', 200, 'items_list/payment/methods/parts/line.row.twig', NULL),
(915, '', 0, 0, '', 'payment.methods.list.header', 'admin', '', 300, 'items_list/payment/methods/parts/header.switcher.twig', NULL),
(916, '', 0, 0, '', 'itemsList.product.table.admin.search.columns', 'admin', '', 70, 'items_list/product/table/parts/columns/inventory.twig', NULL),
(917, '', 0, 0, '', 'itemsList.product.table.admin.search.columns', 'admin', '', 20, 'items_list/product/table/parts/columns/sku.twig', NULL),
(918, '', 0, 0, '', 'itemsList.product.table.admin.search.columns', 'admin', '', 30, 'items_list/product/table/parts/columns/name.twig', NULL),
(919, '', 0, 0, '', 'itemsList.product.table.admin.search.columns', 'admin', '', 60, 'items_list/product/table/parts/columns/price.twig', NULL),
(920, '', 0, 0, '', 'itemsList.product.table.admin.search.columns', 'admin', '', 50, 'items_list/product/table/parts/columns/position.twig', NULL),
(921, '', 0, 0, '', 'itemsList.product.table.admin.search.columns', 'admin', '', 10, 'items_list/product/table/parts/columns/checkbox.twig', NULL),
(922, '', 0, 0, '', 'itemsList.product.table.admin.search.header', 'admin', '', 70, 'items_list/product/table/parts/header/inventory.twig', NULL),
(923, '', 0, 0, '', 'itemsList.product.table.admin.search.header', 'admin', '', 20, 'items_list/product/table/parts/header/sku.twig', NULL),
(924, '', 0, 0, '', 'itemsList.product.table.admin.search.header', 'admin', '', 30, 'items_list/product/table/parts/header/name.twig', NULL),
(925, '', 0, 0, '', 'itemsList.product.table.admin.search.header', 'admin', '', 60, 'items_list/product/table/parts/header/price.twig', NULL),
(926, '', 0, 0, '', 'itemsList.product.table.admin.search.header', 'admin', '', 50, 'items_list/product/table/parts/header/position.twig', NULL),
(927, '', 0, 0, '', 'itemsList.product.table.admin.search.header', 'admin', '', 10, 'items_list/product/table/parts/header/checkbox.twig', NULL),
(928, '', 0, 0, '', 'itemsList.product.modify.brief.admin.columns', 'admin', '', 70, 'items_list/product/modify/brief/parts/columns/inventory.twig', NULL),
(929, '', 0, 0, '', 'itemsList.product.modify.brief.admin.columns', 'admin', '', 20, 'items_list/product/modify/brief/parts/columns/sku.twig', NULL),
(930, '', 0, 0, '', 'itemsList.product.modify.brief.admin.columns', 'admin', '', 30, 'items_list/product/modify/brief/parts/columns/name.twig', NULL),
(931, '', 0, 0, '', 'itemsList.product.modify.brief.admin.columns', 'admin', '', 60, 'items_list/product/modify/brief/parts/columns/price.twig', NULL),
(932, '', 0, 0, '', 'itemsList.product.modify.brief.admin.header', 'admin', '', 70, 'items_list/product/modify/brief/parts/header/inventory.twig', NULL),
(933, '', 0, 0, '', 'itemsList.product.modify.brief.admin.header', 'admin', '', 20, 'items_list/product/modify/brief/parts/header/sku.twig', NULL),
(934, '', 0, 0, '', 'itemsList.product.modify.brief.admin.header', 'admin', '', 30, 'items_list/product/modify/brief/parts/header/name.twig', NULL),
(935, '', 0, 0, '', 'itemsList.product.modify.brief.admin.header', 'admin', '', 60, 'items_list/product/modify/brief/parts/header/price.twig', NULL),
(936, '', 0, 0, '', 'itemsList.product.modify.common.admin.columns', 'admin', '', 70, 'items_list/product/modify/common/parts/columns/inventory.twig', NULL),
(937, '', 0, 0, '', 'itemsList.product.modify.common.admin.columns', 'admin', '', 20, 'items_list/product/modify/common/parts/columns/sku.twig', NULL),
(938, '', 0, 0, '', 'itemsList.product.modify.common.admin.columns', 'admin', '', 30, 'items_list/product/modify/common/parts/columns/name.twig', NULL),
(939, '', 0, 0, '', 'itemsList.product.modify.common.admin.columns', 'admin', '', 60, 'items_list/product/modify/common/parts/columns/price.twig', NULL),
(940, '', 0, 0, '', 'itemsList.product.modify.common.admin.columns', 'admin', '', 10, 'items_list/product/modify/common/parts/columns/checkbox.twig', NULL),
(941, '', 0, 0, '', 'itemsList.product.modify.common.admin.header', 'admin', '', 70, 'items_list/product/modify/common/parts/header/inventory.twig', NULL),
(942, '', 0, 0, '', 'itemsList.product.modify.common.admin.header', 'admin', '', 20, 'items_list/product/modify/common/parts/header/sku.twig', NULL),
(943, '', 0, 0, '', 'itemsList.product.modify.common.admin.header', 'admin', '', 30, 'items_list/product/modify/common/parts/header/name.twig', NULL),
(944, '', 0, 0, '', 'itemsList.product.modify.common.admin.header', 'admin', '', 60, 'items_list/product/modify/common/parts/header/price.twig', NULL),
(945, '', 0, 0, '', 'itemsList.product.modify.common.admin.header', 'admin', '', 10, 'items_list/product/modify/common/parts/header/checkbox.twig', NULL),
(946, '', 0, 0, '', 'itemsList.module.manage.columns.module-main-section', 'admin', '', 200, 'items_list/module/manage/parts/columns/xcn_notice.twig', NULL),
(947, '', 0, 0, '', 'itemsList.module.manage.columns.icon', 'admin', '', 200, 'items_list/module/manage/parts/columns/icon/image.twig', NULL),
(948, '', 0, 0, '', 'itemsList.module.install.columns.icon', 'admin', '', 200, 'items_list/module/manage/parts/columns/icon/image.twig', NULL),
(949, '', 0, 0, '', 'itemsList.module.install.columns.module-description-section', 'admin', '', 15, 'items_list/module/manage/parts/columns/module-description-section/translation_notice.twig', NULL),
(950, '', 0, 0, '', 'itemsList.module.manage.columns.module-description-section', 'admin', '', 20, 'items_list/module/manage/parts/columns/module-description-section/author.twig', NULL),
(951, '', 0, 0, '', 'itemsList.module.manage.columns.module-description-section', 'admin', '', 10, 'items_list/module/manage/parts/columns/module-description-section/description.twig', NULL),
(952, '', 0, 0, '', 'itemsList.module.install.columns.module-description-section', 'admin', '', 10, 'items_list/module/manage/parts/columns/module-description-section/description.twig', NULL),
(953, '', 0, 0, '', 'itemsList.module.manage.columns.module-main-section.messages', 'admin', '', 30, 'items_list/module/manage/parts/columns/module-main-section/cannot_enable.twig', NULL),
(954, '', 0, 0, '', 'itemsList.module.install.columns.module-main-section', 'admin', '', 400, 'items_list/module/manage/parts/columns/module-main-section/cannot_enable.twig', NULL),
(955, '', 0, 0, '', 'itemsList.module.manage.columns.module-main-section', 'admin', '', 1000, 'items_list/module/manage/parts/columns/module-main-section/js_code.twig', NULL),
(956, '', 0, 0, '', 'itemsList.module.manage.columns.module-main-section.messages', 'admin', '', 40, 'items_list/module/manage/parts/columns/module-main-section/upgrade_notes.twig', NULL),
(957, '', 0, 0, '', 'itemsList.module.manage.columns.module-main-section', 'admin', '', 40, 'items_list/module/manage/parts/columns/module-main-section/messages.twig', NULL),
(958, '', 0, 0, '', 'itemsList.module.manage.columns.module-main-section.messages.cannot_enable.core_upgrade_needed', 'admin', '', 200, 'items_list/module/manage/parts/columns/module-main-section/cannot_enable/core_upgrade_needed/note_2.twig', NULL),
(959, '', 0, 0, '', 'itemsList.module.install.columns.module-main-section.cannot_enable.core_upgrade_needed', 'admin', '', 200, 'items_list/module/manage/parts/columns/module-main-section/cannot_enable/core_upgrade_needed/note_2.twig', NULL),
(960, '', 0, 0, '', 'itemsList.module.manage.columns.module-main-section.messages.cannot_enable.core_upgrade_needed', 'admin', '', 100, 'items_list/module/manage/parts/columns/module-main-section/cannot_enable/core_upgrade_needed/note_1_enable.twig', NULL),
(961, '', 0, 0, '', 'itemsList.module.install.columns.module-main-section.cannot_enable.core_upgrade_needed', 'admin', '', 100, 'items_list/module/manage/parts/columns/module-main-section/cannot_enable/core_upgrade_needed/note_1_install.twig', NULL),
(962, '', 0, 0, '', 'itemsList.module.manage.columns.module-main-section.messages.cannot_enable', 'admin', '', 100, 'items_list/module/manage/parts/columns/module-main-section/cannot_enable/dependencies.twig', NULL),
(963, '', 0, 0, '', 'itemsList.module.install.columns.module-main-section.cannot_enable', 'admin', '', 100, 'items_list/module/manage/parts/columns/module-main-section/cannot_enable/dependencies.twig', NULL),
(964, '', 0, 0, '', 'itemsList.module.manage.columns.module-main-section.messages.cannot_enable', 'admin', '', 200, 'items_list/module/manage/parts/columns/module-main-section/cannot_enable/core_upgrade_needed.twig', NULL),
(965, '', 0, 0, '', 'itemsList.module.install.columns.module-main-section.cannot_enable', 'admin', '', 200, 'items_list/module/manage/parts/columns/module-main-section/cannot_enable/core_upgrade_needed.twig', NULL),
(966, '', 0, 0, '', 'itemsList.module.manage.columns.module-main-section.messages.cannot_enable.dependencies', 'admin', '', 200, 'items_list/module/manage/parts/columns/module-main-section/cannot_enable/dependencies/list.twig', NULL),
(967, '', 0, 0, '', 'itemsList.module.install.columns.module-main-section.cannot_enable.dependencies', 'admin', '', 200, 'items_list/module/manage/parts/columns/module-main-section/cannot_enable/dependencies/list.twig', NULL),
(968, '', 0, 0, '', 'itemsList.module.manage.columns.module-main-section.messages.cannot_enable.dependencies', 'admin', '', 300, 'items_list/module/manage/parts/columns/module-main-section/cannot_enable/dependencies/note_mutual.twig', NULL),
(969, '', 0, 0, '', 'itemsList.module.install.columns.module-main-section.cannot_enable.dependencies', 'admin', '', 300, 'items_list/module/manage/parts/columns/module-main-section/cannot_enable/dependencies/note_mutual.twig', NULL),
(970, '', 0, 0, '', 'itemsList.module.manage.columns.module-main-section.messages.cannot_enable.dependencies.details', 'admin', '', 100, 'items_list/module/manage/parts/columns/module-main-section/cannot_enable/dependencies/details/link.twig', NULL),
(971, '', 0, 0, '', 'itemsList.module.install.columns.module-main-section.cannot_enable.dependencies.details', 'admin', '', 100, 'items_list/module/manage/parts/columns/module-main-section/cannot_enable/dependencies/details/link.twig', NULL),
(972, '', 0, 0, '', 'itemsList.module.manage.columns.module-main-section.messages.cannot_enable.dependencies', 'admin', '', 100, 'items_list/module/manage/parts/columns/module-main-section/cannot_enable/dependencies/note.twig', NULL),
(973, '', 0, 0, '', 'itemsList.module.install.columns.module-main-section.cannot_enable.dependencies', 'admin', '', 100, 'items_list/module/manage/parts/columns/module-main-section/cannot_enable/dependencies/note.twig', NULL),
(974, '', 0, 0, '', 'itemsList.module.manage.columns.module-main-section.messages.cannot_enable.dependencies', 'admin', '', 400, 'items_list/module/manage/parts/columns/module-main-section/cannot_enable/dependencies/list_mutual.twig', NULL),
(975, '', 0, 0, '', 'itemsList.module.install.columns.module-main-section.cannot_enable.dependencies', 'admin', '', 400, 'items_list/module/manage/parts/columns/module-main-section/cannot_enable/dependencies/list_mutual.twig', NULL),
(976, '', 0, 0, '', 'itemsList.module.manage.columns.module-main-section.messages.cannot_enable', 'admin', '', 300, 'items_list/module/manage/parts/columns/module-main-section/cannot_enable/module_upgrade_needed.twig', NULL),
(977, '', 0, 0, '', 'itemsList.module.install.columns.module-main-section.cannot_enable', 'admin', '', 300, 'items_list/module/manage/parts/columns/module-main-section/cannot_enable/module_upgrade_needed.twig', NULL),
(978, '', 0, 0, '', 'itemsList.module.manage.columns.module-main-section.messages.cannot_enable', 'admin', '', 400, 'items_list/module/manage/parts/columns/module-main-section/cannot_enable/module_upgrade_needed/request_for_upgrade.twig', NULL),
(979, '', 0, 0, '', 'itemsList.module.install.columns.module-main-section.cannot_enable', 'admin', '', 400, 'items_list/module/manage/parts/columns/module-main-section/cannot_enable/module_upgrade_needed/request_for_upgrade.twig', NULL),
(980, '', 0, 0, '', 'itemsList.module.manage.columns.module-main-section.messages.cannot_enable.module_upgrade_needed', 'admin', '', 100, 'items_list/module/manage/parts/columns/module-main-section/cannot_enable/module_upgrade_needed/note.twig', NULL),
(981, '', 0, 0, '', 'itemsList.module.install.columns.module-main-section.cannot_enable.module_upgrade_needed', 'admin', '', 100, 'items_list/module/manage/parts/columns/module-main-section/cannot_enable/module_upgrade_needed/note.twig', NULL),
(982, '', 0, 0, '', 'itemsList.module.manage.columns.module-main-section.messages', 'admin', '', 40, 'items_list/module/manage/parts/columns/module-main-section/update_notes.twig', NULL),
(983, '', 0, 0, '', 'itemsList.module.manage.columns.module-main-section', 'admin', '', 10, 'items_list/module/manage/parts/columns/module-main-section/name-manage.twig', NULL),
(984, '', 0, 0, '', 'itemsList.module.manage.columns.module-main-section', 'admin', '', 20, 'items_list/module/manage/parts/columns/module-main-section/version.twig', NULL),
(985, '', 0, 0, '', 'itemsList.module.manage.columns.module-main-section', 'admin', '', 25, 'items_list/module/manage/parts/columns/module-main-section/author.twig', NULL),
(986, '', 0, 0, '', 'itemsList.module.manage.columns.module-main-section', 'admin', '', 30, 'items_list/module/manage/parts/columns/module-main-section/actions.twig', NULL),
(987, '', 0, 0, '', 'itemsList.module.install.columns.module-main-section', 'admin', '', 30, 'items_list/module/manage/parts/columns/module-main-section/actions.twig', NULL),
(988, '', 0, 0, '', 'itemsList.module.install.columns.module-main-section', 'admin', '', 10, 'items_list/module/manage/parts/columns/module-main-section/name.twig', NULL),
(989, '', 0, 0, '', 'itemsList.module.manage.columns.module-main-section.messages', 'admin', '', 30, 'items_list/module/manage/parts/columns/module-main-section/cannot_disable.twig', NULL),
(990, '', 0, 0, '', 'itemsList.module.manage.columns', 'admin', '', 50, 'items_list/module/manage/parts/columns/main.twig', NULL),
(991, '', 0, 0, '', 'itemsList.module.install.columns', 'admin', '', 50, 'items_list/module/manage/parts/columns/main.twig', NULL),
(992, '', 0, 0, '', 'itemsList.module.manage.columns', 'admin', '', 30, 'items_list/module/manage/parts/columns/icon.twig', NULL),
(993, '', 0, 0, '', 'itemsList.module.install.columns', 'admin', '', 30, 'items_list/module/manage/parts/columns/icon.twig', NULL),
(994, '', 0, 0, '', 'itemsList.module.manage.columns', 'admin', '', 70, 'items_list/module/manage/parts/columns/description.twig', NULL),
(995, '', 0, 0, '', 'itemsList.module.install.columns', 'admin', '', 70, 'items_list/module/manage/parts/columns/description.twig', NULL),
(996, '', 0, 0, '', 'itemsList.module.manage.sections', 'admin', '', 400, 'items_list/module/manage/parts/sections/list.twig', NULL),
(997, '', 0, 0, '', 'modules-manage.top-controls', 'admin', '', 100, 'items_list/module/manage/parts/sections/header.twig', NULL),
(998, '', 0, 0, '', 'itemsList.module.manage.sections', 'admin', '', 100, 'items_list/module/manage/parts/sections/javascript.twig', NULL),
(999, '', 0, 0, '', 'install-modules.pager.buttons', 'admin', '', 100, 'items_list/module/install/items_list/view_all.twig', NULL),
(1000, '', 0, 0, '', 'marketplace.top-controls', 'admin', '', 400, 'items_list/module/install/items_list/list.twig', NULL),
(1001, '', 0, 0, '', 'marketplace.top-controls', 'admin', '', 300, 'items_list/module/install/items_list/clear.twig', NULL),
(1002, '', 0, 0, '', 'marketplace.top-controls', 'admin', '', 100, 'items_list/module/install/items_list/banner.twig', NULL),
(1003, '', 0, 0, '', 'itemsList.module.install.columns.module-main-section', 'admin', '', 500, 'items_list/module/install/parts/columns/upgrade_notes.twig', NULL),
(1004, '', 0, 0, '', 'itemsList.module.install.columns.module-main-section', 'admin', '', 200, 'items_list/module/install/parts/columns/info/purchase.twig', NULL),
(1005, '', 0, 0, '', 'itemsList.module.install.columns.module-main-section', 'admin', '', 200, 'items_list/module/install/parts/columns/info/xcn_notice.twig', NULL),
(1006, '', 0, 0, '', 'itemsList.module.install.columns.module-main-section', 'admin', '', 200, 'items_list/module/install/parts/columns/info/install.twig', NULL),
(1007, '', 0, 0, '', 'itemsList.module.install.columns.module-description-section', 'admin', '', 20, 'items_list/module/install/parts/columns/info/author.twig', NULL),
(1008, '', 0, 0, '', 'itemsList.module.install.columns.module-main-section', 'admin', '', 200, 'items_list/module/install/parts/columns/info/not_avail_notice.twig', NULL),
(1009, '', 0, 0, '', 'itemsList.module.install.columns.module-main-section', 'admin', '', 100, 'items_list/module/install/parts/columns/info/already_installed.twig', NULL),
(1010, '', 0, 0, '', 'itemsList.module.install.columns.module-description-section', 'admin', '', 30, 'items_list/module/install/parts/columns/info/url.twig', NULL),
(1011, '', 0, 0, '', 'itemsList.module.install.columns.module-main-section', 'admin', '', 100, 'items_list/module/install/parts/columns/info/price.twig', NULL),
(1012, '', 0, 0, '', 'itemsList.module.install.columns.module-description-section', 'admin', '', 0, 'items_list/module/install/parts/columns/info/tags.twig', NULL),
(1013, '', 0, 0, '', 'itemsList.module.install.columns.module-description-section.info-element', 'admin', '', 10, 'items_list/module/install/parts/columns/info/vote.twig', NULL),
(1014, '', 0, 0, '', 'itemsList.module.install.columns.module-description-section.info-element', 'admin', '', 20, 'items_list/module/install/parts/columns/info/download.twig', NULL),
(1015, '', 0, 0, '', 'itemsList.module.install.columns.module-main-section', 'admin', '', 20, 'items_list/module/install/parts/columns/info.twig', NULL),
(1016, '', 0, 0, '', 'marketplace.landing.controls', 'admin', '', 200, 'items_list/module/install/parts/sections/tags_list.twig', NULL),
(1017, '', 0, 0, '', 'marketplace.addons-filters', 'admin', '', 200, 'items_list/module/install/parts/sections/addons_search_box.twig', NULL),
(1018, '', 0, 0, '', 'marketplace.landing.controls', 'admin', '', 100, 'items_list/module/install/parts/sections/addons_search_box.twig', NULL),
(1019, '', 0, 0, '', 'marketplace.top-controls', 'admin', '', 350, 'items_list/module/install/parts/sections/header.twig', NULL),
(1020, '', 0, 0, '', 'itemsList.orders.search.cell.status', 'admin', '', 16777215, 'items_list/model/table/order/cell.actions.twig', NULL),
(1021, '', 0, 0, '', 'itemsList.orders.search.cell.status', 'admin', '', 16777215, 'items_list/model/table/order/cell.payment_actions.twig', NULL),
(1022, '', 0, 0, '', 'itemsList.category.cell.subcategories', 'admin', '', 100, 'items_list/model/table/category/parts/info.subcategories.twig', NULL),
(1023, '', 0, 0, '', 'itemsList.category.cell.info', 'admin', '', 100, 'items_list/model/table/category/parts/info.products.twig', NULL),
(1024, '', 0, 0, '', 'itemsList.orderitem.cell.price', 'admin', '', 100, 'items_list/model/table/order_item/restore.twig', NULL),
(1025, '', 0, 0, '', 'itemsList.orderitem.dumpCell.price', 'admin', '', 100, 'items_list/model/table/order_item/restore.twig', NULL),
(1026, '', 0, 0, '', 'itemsList.country.cell.states', 'admin', '', 100, 'items_list/model/table/countries/parts/cell.states.twig', NULL),
(1027, '', 0, 0, '', 'itemsList.shipping-methods.cell.rates', 'admin', '', 100, 'items_list/model/table/shipping/methods/cell.rates.twig', NULL),
(1028, '', 0, 0, '', 'itemsList.profile.search.footer', 'admin', '', 20, 'profile/add_user.twig', NULL),
(1029, '', 0, 0, '', 'itemsList.profile.search.footer', 'admin', '', 10, 'profile/delete_user.twig', NULL),
(1030, '', 0, 0, '', 'dashboard-center', 'admin', '', 200, 'dashboard/parts/center/panel.twig', NULL),
(1031, '', 0, 0, '', 'dashboard-sidebar', 'admin', '', 100, 'dashboard/parts/sidebar/order_stats.twig', NULL),
(1032, '', 0, 0, '', 'dashboard', 'admin', '', 100, 'dashboard/parts/body_markup.twig', NULL),
(1033, '', 0, 0, '', 'crud.settings.footer', 'admin', '', 100, 'settings/email.twig', NULL),
(1034, '', 0, 0, '', 'crud.settings.footer', 'admin', '', 200, 'settings/clean_view_cache.twig', NULL),
(1035, '', 0, 0, '', 'crud.settings.footer', 'admin', '', 100, 'settings/clean_aggregation.twig', NULL),
(1036, '', 0, 0, '', 'admin.center', 'admin', '', 16777215, 'settings/module.twig', NULL),
(1037, '', 0, 0, '', 'file-uploader.menu', 'admin', '', 20, 'file_uploader/parts/menu.view.twig', NULL),
(1038, '', 0, 0, '', 'file-uploader.menu', 'admin', '', 100, 'file_uploader/parts/menu.delete.twig', NULL),
(1039, '', 0, 0, '', 'file-uploader.menu', 'admin', '', 30, 'file_uploader/parts/menu.upload.twig', NULL),
(1040, '', 0, 0, '', 'file-uploader.menu', 'admin', '', 50, 'file_uploader/parts/menu.alt.twig', NULL),
(1041, '', 0, 0, '', 'file-uploader.menu', 'admin', '', 10, 'file_uploader/parts/menu.message.twig', NULL),
(1042, '', 0, 0, '', 'install-addon.buttons', 'admin', '', 16777215, 'modules_manager/license/select_type_button.twig', NULL),
(1043, '', 0, 0, '', 'install-addon.buttons', 'admin', '', 16777215, 'modules_manager/license/install_button.twig', NULL),
(1044, '', 0, 0, '', 'installation_types.buttons', 'admin', '', 16777215, 'modules_manager/installation_type/buttons.twig', NULL),
(1045, '', 0, 0, '', 'admin.main.page.header', 'admin', '', 16777215, 'top_links/version_notes/parts/key_notice.twig', NULL),
(1046, '', 0, 0, '', 'admin.main.page.header', 'admin', '', 20, 'top_links/version_notes/parts/base.twig', NULL),
(1047, '', 0, 0, '', 'itemsList.removedata.header', 'admin', '', 100, 'page/remove_data/parts/remove.twig', NULL),
(1048, '', 0, 0, '', 'layout_settings', 'admin', '', 10, 'layout_settings/parts/layout_settings.settings.twig', NULL),
(1049, '', 0, 0, '', 'layout_settings', 'admin', '', 20, 'layout_settings/parts/layout_settings.change_template.twig', NULL),
(1050, '', 0, 0, '', 'layout_settings.settings', 'admin', '', 40, 'layout_settings/settings/parts/settings.settings_form.twig', NULL),
(1051, '', 0, 0, '', 'layout_settings.settings', 'admin', '', 30, 'layout_settings/settings/parts/settings.layout_type.twig', NULL),
(1052, '', 0, 0, '', 'layout_settings.settings', 'admin', '', 20, 'layout_settings/settings/parts/settings.current_template.twig', NULL),
(1053, '', 0, 0, '', 'itemsList.methods.header', 'admin', '', 10, 'payment/appearance/note.twig', NULL),
(1054, '', 0, 0, '', 'payment.method.add.offline', 'admin', '', 16777215, 'payment/add_method/parts/add_offline_method.twig', NULL),
(1055, '', 0, 0, '', 'itemsList.onlinemethods.header', 'admin', '', 10, 'payment/add_method/parts/payment_gateways.note.twig', NULL),
(1056, '', 0, 0, '', 'jscontainer.js', 'admin', '', 100, 'jscontainer/parts/js.twig', NULL),
(1057, '', 0, 0, '', 'jscontainer.js', 'admin', '', 300, 'jscontainer/parts/register_resources.twig', NULL),
(1058, '', 0, 0, '', 'jscontainer.js', 'admin', '', 200, 'jscontainer/parts/js_aggregation.twig', NULL),
(1059, '', 0, 0, '', 'product.search.conditions.by-keywords', 'admin', '', 30, 'product/search/parts/by_conditions_parts/by_description.twig', NULL),
(1060, '', 0, 0, '', 'product.search.conditions.by-keywords', 'admin', '', 10, 'product/search/parts/by_conditions_parts/by_title.twig', NULL),
(1061, '', 0, 0, '', 'product.search.conditions.by-keywords', 'admin', '', 20, 'product/search/parts/by_conditions_parts/by_sku.twig', NULL),
(1062, '', 0, 0, '', 'product.inventory.parts', 'admin', '', 10, 'product/inventory/inv_track_selector.twig', NULL),
(1063, '', 0, 0, '', 'product.inventory.parts', 'admin', '', 40, 'product/inventory/low_limit_amount.twig', NULL),
(1064, '', 0, 0, '', 'product.inventory.parts', 'admin', '', 30, 'product/inventory/low_limit_selector.twig', NULL),
(1065, '', 0, 0, '', 'product.inventory.parts', 'admin', '', 100, 'product/inventory/buttons.twig', NULL),
(1066, '', 0, 0, '', 'product.inventory.parts', 'admin', '', 20, 'product/inventory/inv_track_amount.twig', NULL),
(1067, '', 0, 0, '', 'product.attributes.actions', 'admin', '', 10, 'product/attributes/parts/action.remove.twig', NULL),
(1068, '', 0, 0, '', 'itemsList.attributegroup.footer', 'admin', '', 10, 'attribute_groups/note.twig', NULL),
(1069, '', 0, 0, '', 'import.begin.options', 'admin', '', 100, 'import/parts/option.update_only.twig', NULL),
(1070, '', 0, 0, '', 'import.failed.buttons', 'admin', '', 100, 'import/parts/failed.buttons.reupload.twig', NULL),
(1071, '', 0, 0, '', 'import.begin.options', 'admin', '', 200, 'import/parts/option.delete_temporary_files.twig', NULL),
(1072, '', 0, 0, '', 'import.failed.content.errors', 'admin', '', 100, 'import/parts/common.errors.twig', NULL),
(1073, '', 0, 0, '', 'import.completed.content.errors', 'admin', '', 100, 'import/parts/common.errors.twig', NULL),
(1074, '', 0, 0, '', 'import.begin.content', 'admin', '', 100, 'import/parts/begin.files.twig', NULL),
(1075, '', 0, 0, '', 'import.begin.options', 'admin', '', 50, 'import/parts/option.ignore_images_verification.twig', NULL),
(1076, '', 0, 0, '', 'import.begin.buttons', 'admin', '', 100, 'import/parts/begin.buttons.import.twig', NULL),
(1077, '', 0, 0, '', 'import.begin.content', 'admin', '', 200, 'import/parts/begin.options.twig', NULL),
(1078, '', 0, 0, '', 'import.completed.content', 'admin', '', 100, 'import/parts/completed.messages.twig', NULL),
(1079, '', 0, 0, '', 'import.begin.options', 'admin', '', 400, 'import/parts/option.delimiter.twig', NULL),
(1080, '', 0, 0, '', 'import.completed.buttons', 'admin', '', 100, 'import/parts/completed.buttons.new_import.twig', NULL),
(1081, '', 0, 0, '', 'import.begin.options', 'admin', '', 300, 'import/parts/option.charset.twig', NULL),
(1082, '', 0, 0, '', 'import.failed.content', 'admin', '', 100, 'import/parts/failed.errors.twig', NULL),
(1083, '', 0, 0, '', 'import.failed.buttons', 'admin', '', 200, 'import/parts/failed.buttons.proceed.twig', NULL),
(1084, '', 0, 0, '', 'admin.main.page.header', 'admin', '', 10, 'main_center/page_container_parts/header_parts/logo.twig', NULL),
(1085, '', 0, 0, '', 'admin.main.page.header', 'admin', '', 30, 'main_center/page_container_parts/header_parts/menu_control.twig', NULL),
(1086, '', 0, 0, '', 'head', 'admin', '', 80, 'header/parts/favicon.twig', NULL),
(1087, '', 0, 0, '', 'head', 'admin', '', 40, 'header/parts/ie.twig', NULL),
(1088, '', 0, 0, '', 'head', 'admin', '', 10, 'header/parts/title.twig', NULL),
(1089, '', 0, 0, '', 'head.css', 'admin', '', 100, 'header/parts/parts.css/css.twig', NULL),
(1090, '', 0, 0, '', 'head.css', 'admin', '', 200, 'header/parts/parts.css/css_aggregation.twig', NULL),
(1091, '', 0, 0, '', 'head', 'admin', '', 100, 'header/parts/js_static.twig', NULL),
(1092, '', 0, 0, '', 'head', 'admin', '', 70, 'header/parts/nofollow.twig', NULL),
(1093, '', 0, 0, '', 'head', 'admin', '', 90, 'header/parts/css.twig', NULL),
(1094, '', 0, 0, '', 'head', 'admin', '', 20, 'header/parts/content-type.twig', NULL),
(1095, '', 0, 0, '', 'head', 'admin', '', 40, 'header/parts/noindex.twig', NULL),
(1096, '', 0, 0, '', 'zones.zone.details', 'admin', '', 200, 'zones/details/parts/field.state.twig', NULL),
(1097, '', 0, 0, '', 'zones.zone.details', 'admin', '', 100, 'zones/details/parts/field.country.twig', NULL),
(1098, '', 0, 0, '', 'zones.zone', 'admin', '', 300, 'zones/details/parts/actions.twig', NULL),
(1099, '', 0, 0, '', 'zones.zone.details', 'admin', '', 500, 'zones/details/parts/field.address.twig', NULL),
(1100, '', 0, 0, '', 'zones.zone.details', 'admin', '', 400, 'zones/details/parts/field.zipcode.twig', NULL),
(1101, '', 0, 0, '', 'zones.zone', 'admin', '', 200, 'zones/details/parts/details.twig', NULL),
(1102, '', 0, 0, '', 'zones.zone.details', 'admin', '', 300, 'zones/details/parts/field.city.twig', NULL),
(1103, '', 0, 0, '', 'zones.zone', 'admin', '', 100, 'zones/details/parts/field.name.twig', NULL),
(1104, '', 0, 0, '', 'top_sellers.selectors', 'admin', '', 10, 'top_sellers/parts/period_selector.twig', NULL),
(1105, '', 0, 0, '', 'crud.bannerrotation.formFooter', 'admin', '', 200, 'banner_rotation/parts/images.twig', NULL),
(1106, '', 0, 0, '', 'crud.bannerrotation.formHeader', 'admin', '', 50, 'banner_rotation/parts/promo.twig', NULL),
(1107, '', 0, 0, '', 'browseServer', 'admin', '', 100, 'browse_server/parts/items.twig', NULL),
(1108, '', 0, 0, '', 'browseServer.item', 'admin', '', 100, 'browse_server/parts/item.name.twig', NULL),
(1109, '', 0, 0, '', 'browseServer', 'admin', '', 200, 'browse_server/parts/buttons.twig', NULL),
(1110, '', 0, 0, '', 'order.operations', 'admin', '', 105, 'modules/Amazon/PayWithAmazon/order_controls.twig', NULL),
(1111, '', 0, 0, '', 'payment.methods.list.header', 'admin', '', 400, 'modules/XC/SagePay/sagepay_description.twig', NULL),
(1112, '', 0, 0, '', 'payment_status.after.SagePay_form_protocol', 'admin', '', 100, 'modules/XC/SagePay/payment_status.twig', NULL),
(1113, '', 0, 0, '', 'layout_settings.settings', 'admin', '', 40, 'modules/XC/ThemeTweaker/layout_settings/settings.layout_edit_switcher.twig', NULL),
(1114, '', 0, 0, '', 'layout_settings.settings', 'admin', '', 35, 'modules/XC/ThemeTweaker/layout_settings/settings.webmaster_mode_switcher.twig', NULL),
(1115, '', 0, 0, '', 'images_settings', 'admin', '', 100, 'modules/XC/ThemeTweaker/images_settings/parts/custom_images.twig', NULL),
(1116, '', 0, 0, '', 'form_model.xc.bulkediting.product.after', 'admin', '', 100, 'modules/XC/BulkEditing/bulk_edit/selected.twig', NULL),
(1117, '', 0, 0, '', 'itemsList.xc.bulkediting.category.header', 'admin', '', 100, 'modules/XC/BulkEditing/items_list/selected/count.twig', NULL),
(1118, '', 0, 0, '', 'itemsList.xc.bulkediting.inventory.header', 'admin', '', 100, 'modules/XC/BulkEditing/items_list/selected/count.twig', NULL),
(1119, '', 0, 0, '', 'itemsList.xc.bulkediting.priceandmembership.header', 'admin', '', 100, 'modules/XC/BulkEditing/items_list/selected/count.twig', NULL),
(1120, '', 0, 0, '', 'itemsList.xc.bulkediting.shippinginfo.header', 'admin', '', 100, 'modules/XC/BulkEditing/items_list/selected/count.twig', NULL),
(1121, '', 0, 0, '', 'itemsList.xc.reviews.review.header', 'admin', '', 16777215, 'modules/XC/Reviews/reviews/buttons/addReview.twig', NULL),
(1122, '', 0, 0, '', 'itemsList.xc.reviews.productreview.header', 'admin', '', 16777215, 'modules/XC/Reviews/reviews/buttons/addReview.twig', NULL),
(1123, '', 0, 0, '', 'review.modify.fields', 'admin', '', 500, 'modules/XC/Reviews/review/parts/review.twig', NULL),
(1124, '', 0, 0, '', 'review.modify.buttons.approved', 'admin', '', 600, 'modules/XC/Reviews/review/parts/buttons.approved.twig', NULL),
(1125, '', 0, 0, '', 'review.modify.fields', 'admin', '', 200, 'modules/XC/Reviews/review/parts/rating.twig', NULL),
(1126, '', 0, 0, '', 'review.modify.fields', 'admin', '', 100, 'modules/XC/Reviews/review/parts/product.twig', NULL),
(1127, '', 0, 0, '', 'review.modify.buttons.pending', 'admin', '', 600, 'modules/XC/Reviews/review/parts/buttons.pending.twig', NULL),
(1128, '', 0, 0, '', 'review.modify.fields', 'admin', '', 300, 'modules/XC/Reviews/review/parts/reviewer.twig', NULL),
(1129, '', 0, 0, '', 'order.shipping', 'admin', '', 250, 'modules/XC/CanadaPost/order/page/parts/shipping.d2po.twig', NULL),
(1130, '', 0, 0, '', 'searchPanel.xc.canadapost.productsreturn.admin.main.actions', 'admin', '', 16777215, 'modules/XC/CanadaPost/search_panel/return/clear_search.twig', NULL),
(1131, '', 0, 0, '', 'capost_return.form', 'admin', '', 300, 'modules/XC/CanadaPost/products_return/parts/form.files.twig', NULL),
(1132, '', 0, 0, '', 'capost_return.form.actions.left', 'admin', '', 100, 'modules/XC/CanadaPost/products_return/parts/form.action.left.status.twig', NULL),
(1133, '', 0, 0, '', 'capost_return.form.actions.right', 'admin', '', 100, 'modules/XC/CanadaPost/products_return/parts/form.action.right.note.twig', NULL),
(1134, '', 0, 0, '', 'capost_return', 'admin', '', 200, 'modules/XC/CanadaPost/products_return/parts/form.twig', NULL),
(1135, '', 0, 0, '', 'capost_return.form', 'admin', '', 100, 'modules/XC/CanadaPost/products_return/parts/form.actions.twig', NULL),
(1136, '', 0, 0, '', 'capost_return.form', 'admin', '', 200, 'modules/XC/CanadaPost/products_return/parts/form.products.twig', NULL),
(1137, '', 0, 0, '', 'capost_return', 'admin', '', 100, 'modules/XC/CanadaPost/products_return/parts/created.twig', NULL),
(1138, '', 0, 0, '', 'capost_return.form', 'admin', '', 400, 'modules/XC/CanadaPost/products_return/parts/form.notes.twig', NULL),
(1139, '', 0, 0, '', 'order.payment', 'admin', '', 110, 'modules/CDev/Paypal/order/payment.id.twig', NULL),
(1140, '', 0, 0, '', 'payment.methods.list.row.after.ExpressCheckout', 'admin', '', 100, 'modules/CDev/Paypal/items_list/payment/methods/parts/action.right.after.expressCheckout.twig', NULL),
(1141, '', 0, 0, '', 'payment.methods.list.row.after.PayflowLink', 'admin', '', 100, 'modules/CDev/Paypal/items_list/payment/methods/parts/action.right.after.twig', NULL),
(1142, '', 0, 0, '', 'payment.methods.list.row.after.PaypalAdvanced', 'admin', '', 100, 'modules/CDev/Paypal/items_list/payment/methods/parts/action.right.after.twig', NULL),
(1143, '', 0, 0, '', 'payment.methods.list.row.after.PaypalWPS', 'admin', '', 100, 'modules/CDev/Paypal/items_list/payment/methods/parts/action.right.after.twig', NULL),
(1144, '', 0, 0, '', 'payment_status.after.ExpressCheckout', 'admin', '', 100, 'modules/CDev/Paypal/settings/ExpressCheckout/payment_status.twig', NULL),
(1145, '', 0, 0, '', 'paypal.welcome', 'admin', '', 20, 'modules/CDev/Paypal/welcome/parts/block.twig', NULL),
(1146, '', 0, 0, '', 'paypal.welcome.content', 'admin', '', 20, 'modules/CDev/Paypal/welcome/parts/block.footer.twig', NULL),
(1147, '', 0, 0, '', 'paypal.welcome.content', 'admin', '', 10, 'modules/CDev/Paypal/welcome/parts/block.content.twig', NULL),
(1148, '', 0, 0, '', 'itemsList.shipping-methods.header', 'admin', '', 20, 'modules/CDev/USPS/refresh.twig', NULL),
(1149, '', 0, 0, '', 'crud.modulesettings.formHeader', 'admin', '', 50, 'modules/CDev/GoogleAnalytics/promo.twig', NULL),
(1150, '', 0, 0, '', 'order.actions.paymentActionsRow', 'admin', '', 19000, 'modules/CDev/XPaymentsConnector/order/order/payment_actions/recharge.twig', NULL),
(1151, '', 0, 0, '', 'order', 'admin', '', 1100, 'modules/CDev/XPaymentsConnector/order/fraud_status/check.twig', NULL),
(1152, '', 0, 0, '', 'order', 'admin', '', 1000, 'modules/CDev/XPaymentsConnector/order/fraud_status/kount.twig', NULL),
(1153, '', 0, 0, '', 'order.operations', 'admin', '', 290, 'modules/CDev/XPaymentsConnector/order/transactions/body.twig', NULL),
(1154, '', 0, 0, '', 'admin.account.saved_cards.before', 'admin', '', 100, 'modules/CDev/XPaymentsConnector/account/saved_cards.header.twig', NULL),
(1155, '', 0, 0, '', 'admin.account.add_new_card.address', 'admin', '', 100, 'modules/CDev/XPaymentsConnector/account/add_new_card.address.twig', NULL),
(1156, '', 0, 0, '', 'admin.account.saved_cards.table', 'admin', '', 100, 'modules/CDev/XPaymentsConnector/account/saved_cards.table.twig', NULL),
(1157, '', 0, 0, '', 'admin.account.add_new_card.form', 'admin', '', 100, 'modules/CDev/XPaymentsConnector/account/add_new_card.form.twig', NULL),
(1158, '', 0, 0, '', 'payment.methods.body', 'admin', '', 150, 'modules/CDev/Moneybookers/register.twig', NULL),
(1159, '', 0, 0, '', 'itemsList.cdev.simplecms.menu.header', 'admin', '', 10, 'modules/CDev/SimpleCMS/menus/default_option.twig', NULL),
(1160, '', 0, 0, '', 'product.modify.list', 'admin', '', 832, 'modules/CDev/ProductAdvisor/product/parts/coming_soon.twig', NULL),
(1161, '', 0, 0, '', 'product.modify.list', 'admin', '', 832, 'modules/CDev/ProductAdvisor/product/parts/new_arrival.twig', NULL),
(1162, '', 0, 0, '', 'product.modify.list', 'admin', '', 560, 'modules/CDev/Sale/product/parts/sale_price_block.twig', NULL),
(1163, '', 0, 0, '', 'itemsList.products.search.cell.name', 'admin', '', 10, 'modules/CDev/Sale/product/sale_label.twig', NULL),
(1164, '', 0, 0, '', 'itemsList.product_selector.cell.name', 'admin', '', 10, 'modules/CDev/Sale/product/sale_label.twig', NULL),
(1165, '', 0, 0, '', 'sale_discount_types', 'admin', '', 20, 'modules/CDev/Sale/sale_discount_types/parts/percent.twig', NULL),
(1166, '', 0, 0, '', 'sale_discount_types', 'admin', '', 40, 'modules/CDev/Sale/sale_discount_types/parts/hidden_percent.twig', NULL),
(1167, '', 0, 0, '', 'sale_discount_types', 'admin', '', 10, 'modules/CDev/Sale/sale_discount_types/parts/price.twig', NULL),
(1168, '', 0, 0, '', 'sale_discount_types', 'admin', '', 30, 'modules/CDev/Sale/sale_discount_types/parts/hidden_price.twig', NULL),
(1169, '', 0, 0, '', 'itemsList.product.admin.featured.columns', 'admin', '', 40, 'modules/CDev/FeaturedProducts/items_list/product/featured/parts/columns/category.twig', NULL),
(1170, '', 0, 0, '', 'itemsList.product.admin.featured.columns', 'admin', '', 20, 'modules/CDev/FeaturedProducts/items_list/product/featured/parts/columns/sku.twig', NULL),
(1171, '', 0, 0, '', 'itemsList.product.admin.featured.columns', 'admin', '', 30, 'modules/CDev/FeaturedProducts/items_list/product/featured/parts/columns/name.twig', NULL),
(1172, '', 0, 0, '', 'itemsList.product.admin.featured.columns', 'admin', '', 10, 'modules/CDev/FeaturedProducts/items_list/product/featured/parts/columns/checkbox.twig', NULL),
(1173, '', 0, 0, '', 'itemsList.product.admin.featured.header', 'admin', '', 40, 'modules/CDev/FeaturedProducts/items_list/product/featured/parts/header/category.twig', NULL),
(1174, '', 0, 0, '', 'itemsList.product.admin.featured.header', 'admin', '', 20, 'modules/CDev/FeaturedProducts/items_list/product/featured/parts/header/sku.twig', NULL),
(1175, '', 0, 0, '', 'itemsList.product.admin.featured.header', 'admin', '', 30, 'modules/CDev/FeaturedProducts/items_list/product/featured/parts/header/name.twig', NULL),
(1176, '', 0, 0, '', 'itemsList.product.admin.featured.header', 'admin', '', 10, 'modules/CDev/FeaturedProducts/items_list/product/featured/parts/header/checkbox.twig', NULL),
(1177, '', 0, 0, '', 'itemsList.category.cell.featured_products', 'admin', '', 100, 'modules/CDev/FeaturedProducts/items_list/category/parts/info.featured_products.twig', NULL),
(1178, '', 0, 0, '', 'coupons.itemsList.header', 'admin', '', 100, 'modules/CDev/Coupons/coupons/list/add.twig', NULL),
(1179, '', 0, 0, '', 'itemsList.coupons.cell.code', 'admin', '', 16777215, 'modules/CDev/Coupons/coupons/list/code.twig', NULL),
(1180, '', 0, 0, '', 'invoice.base.totals.modifier.name', 'admin', '', 16777215, 'modules/CDev/Coupons/coupons_minilist.twig', NULL),
(1181, '', 0, 0, '', 'qsl.specialoffersbase.special_offers.list.create', 'admin', '', 100, 'modules/QSL/SpecialOffersBase/special_offers/create/type.twig', NULL),
(1182, '', 0, 0, '', 'qsl.specialoffersbase.special_offers.list.create', 'admin', '', 200, 'modules/QSL/SpecialOffersBase/special_offers/create/action.create.twig', NULL),
(1183, '', 0, 0, '', 'qsl.specialoffersbase.special_offers.list.search.conditions', 'admin', '', 100, 'modules/QSL/SpecialOffersBase/special_offers/conditions/name.twig', NULL),
(1184, '', 0, 0, '', 'qsl.specialoffersbase.special_offers.list.search.conditions', 'admin', '', 200, 'modules/QSL/SpecialOffersBase/special_offers/conditions/action.search.twig', NULL),
(1185, '', 0, 0, '', 'profiles.search.dateTypes', 'admin', '', 100, 'profiles/parts/search_form/date_type.registered.twig', NULL),
(1186, '', 0, 0, '', 'profiles.search.dateTypes', 'admin', '', 200, 'profiles/parts/search_form/date_type.logged.twig', NULL),
(1187, '', 0, 0, '', 'languages.add-language', 'admin', '', 300, 'languages/languages/parts/import_language.twig', NULL),
(1188, '', 0, 0, '', 'file_select_dialog.file_selections', 'admin', '', 400, 'file_selector/parts/local_server_input.twig', NULL),
(1189, '', 0, 0, '', 'file_select_dialog.file_selections', 'admin', '', 100, 'file_selector/parts/local_computer_label.twig', NULL),
(1190, '', 0, 0, '', 'file_select_dialog.file_selections', 'admin', '', 600, 'file_selector/parts/url_input.twig', NULL),
(1191, '', 0, 0, '', 'file_select_dialog.file_selections', 'admin', '', 300, 'file_selector/parts/local_server_label.twig', NULL),
(1192, '', 0, 0, '', 'file_select_dialog.actions', 'admin', '', 100, 'file_selector/parts/file_select_actions.twig', NULL),
(1193, '', 0, 0, '', 'file_select_dialog.file_selections', 'admin', '', 700, 'file_selector/parts/url_copy_to_local.twig', NULL),
(1194, '', 0, 0, '', 'file_select_dialog.file_selections', 'admin', '', 500, 'file_selector/parts/url_label.twig', NULL),
(1195, '', 0, 0, '', 'file_select_dialog.file_selections', 'admin', '', 200, 'file_selector/parts/local_computer_input.twig', NULL),
(1196, '', 0, 0, '', 'images_settings', 'admin', '', 10, 'images_settings/parts/default_settings.twig', NULL),
(1197, '', 0, 0, '', 'edit_shipping', 'admin', '', 16777215, 'shipping/add_method/parts/offline_create.twig', NULL),
(1198, '', 0, 0, '', 'crud.shipping.offline.formFooter', 'admin', '', 16777215, 'shipping/add_method/parts/rates.twig', NULL),
(1199, '', 0, 0, '', 'itemsList.shipping-methods.header', 'admin', '', 10, 'shipping/methods.status.twig', NULL),
(1200, '', 0, 0, '', 'itemsList.notification.header', 'admin', '', 100, 'notifications/list.twig', NULL),
(1201, '', 0, 0, '', 'itemsList.notification.cell.name', 'admin', '', 100, 'notifications/cell.name.twig', NULL),
(1202, '', 0, 0, '', 'crud.notificationattachments.formHeader', 'admin', '', 50, 'notifications/parts/promo.twig', NULL),
(1203, '', 0, 0, '', 'itemsList.notification.cell.enabledForAdmin', 'admin', '', 100, 'notifications/cell.enabledForAdmin.twig', NULL),
(1204, '', 0, 0, '', 'dashboard-center.welcome', 'admin', '', 10, 'main/parts/title.twig', NULL),
(1205, '', 0, 0, '', 'dashboard-center.welcome.content', 'admin', '', 10, 'main/parts/block.items.twig', NULL),
(1206, '', 0, 0, '', 'dashboard-center.welcome', 'admin', '', 20, 'main/parts/block.twig', NULL),
(1207, '', 0, 0, '', 'dashboard-center.welcome.content', 'admin', '', 20, 'main/parts/block.footer.twig', NULL),
(1208, '', 0, 0, '', 'dashboard-center.welcome.non-root', 'admin', '', 10, 'main/parts_non_root/title.twig', NULL),
(1209, '', 0, 0, '', 'dashboard-center.welcome.non-root.content', 'admin', '', 10, 'main/parts_non_root/block.items.twig', NULL),
(1210, '', 0, 0, '', 'dashboard-center.welcome.non-root', 'admin', '', 20, 'main/parts_non_root/block.twig', NULL),
(1211, '', 0, 0, '', 'dashboard-center.welcome.non-root.content', 'admin', '', 20, 'main/parts_non_root/block.footer.twig', NULL),
(1212, '', 0, 0, '', 'upgrade.step.ready_to_install.buttons.sections.right', 'admin', '', 200, 'upgrade/step/ready_to_install/buttons/parts/try_again.twig', NULL),
(1213, '', 0, 0, '', 'upgrade.step.ready_to_install.entries_list.sections.permissions.buttons', 'admin', '', 200, 'upgrade/step/ready_to_install/buttons/parts/try_again.twig', NULL),
(1214, '', 0, 0, '', 'upgrade.step.ready_to_install.buttons.sections.left', 'admin', '', 100, 'upgrade/step/ready_to_install/buttons/parts/cancel.twig', NULL),
(1215, '', 0, 0, '', 'upgrade.step.ready_to_install.buttons.sections.right', 'admin', '', 200, 'upgrade/step/ready_to_install/buttons/parts/install.twig', NULL),
(1216, '', 0, 0, '', 'upgrade.step.ready_to_install.buttons.sections', 'admin', '', 100, 'upgrade/step/ready_to_install/buttons/parts/left.twig', NULL),
(1217, '', 0, 0, '', 'upgrade.step.ready_to_install.buttons.sections', 'admin', '', 200, 'upgrade/step/ready_to_install/buttons/parts/right.twig', NULL),
(1218, '', 0, 0, '', 'upgrade.step.ready_to_install.buttons.sections.right', 'admin', '', 100, 'upgrade/step/ready_to_install/buttons/parts/agree.twig', NULL),
(1219, '', 0, 0, '', 'upgrade.step.ready_to_install.entries_list.sections.permissions.buttons', 'admin', '', 100, 'upgrade/step/ready_to_install/entries_list/parts/permissions/buttons/copy.twig', NULL),
(1220, '', 0, 0, '', 'upgrade.step.ready_to_install.entries_list.sections.table.columns', 'admin', '', 300, 'upgrade/step/ready_to_install/entries_list/parts/table/columns/changelog_link.twig', NULL),
(1221, '', 0, 0, '', 'upgrade.step.ready_to_install.entries_list.sections.table.columns', 'admin', '', 300, 'upgrade/step/ready_to_install/entries_list/parts/table/columns/version.twig', NULL),
(1222, '', 0, 0, '', 'upgrade.step.completed.entries_list.sections.table.columns', 'admin', '', 300, 'upgrade/step/ready_to_install/entries_list/parts/table/columns/version.twig', NULL),
(1223, '', 0, 0, '', 'upgrade.step.ready_to_install.entries_list.sections.table.columns', 'admin', '', 100, 'upgrade/step/ready_to_install/entries_list/parts/table/columns/component.twig', NULL),
(1224, '', 0, 0, '', 'upgrade.step.completed.entries_list.sections.table.columns', 'admin', '', 100, 'upgrade/step/ready_to_install/entries_list/parts/table/columns/component.twig', NULL),
(1225, '', 0, 0, '', 'upgrade.step.ready_to_install.entries_list.sections.table.columns', 'admin', '', 200, 'upgrade/step/ready_to_install/entries_list/parts/table/columns/status.twig', NULL),
(1226, '', 0, 0, '', 'upgrade.step.completed.entries_list.sections.table.columns', 'admin', '', 200, 'upgrade/step/ready_to_install/entries_list/parts/table/columns/status.twig', NULL),
(1227, '', 0, 0, '', 'upgrade.step.ready_to_install.entries_list.sections.table.columns.changelog', 'admin', '', 350, 'upgrade/step/ready_to_install/entries_list/parts/table/columns/changelog.twig', NULL),
(1228, '', 0, 0, '', 'upgrade.step.ready_to_install.entries_list.sections.table.columns.error', 'admin', '', 400, 'upgrade/step/ready_to_install/entries_list/parts/table/columns/error.twig', NULL),
(1229, '', 0, 0, '', 'upgrade.step.ready_to_install.entries_list.sections.table.header', 'admin', '', 300, 'upgrade/step/ready_to_install/entries_list/parts/table/header/version.twig', NULL),
(1230, '', 0, 0, '', 'upgrade.step.completed.entries_list.sections.table.header', 'admin', '', 300, 'upgrade/step/ready_to_install/entries_list/parts/table/header/version.twig', NULL),
(1231, '', 0, 0, '', 'upgrade.step.ready_to_install.entries_list.sections.table.header', 'admin', '', 100, 'upgrade/step/ready_to_install/entries_list/parts/table/header/component.twig', NULL),
(1232, '', 0, 0, '', 'upgrade.step.completed.entries_list.sections.table.header', 'admin', '', 100, 'upgrade/step/ready_to_install/entries_list/parts/table/header/component.twig', NULL),
(1233, '', 0, 0, '', 'upgrade.step.ready_to_install.entries_list.sections.table.header', 'admin', '', 200, 'upgrade/step/ready_to_install/entries_list/parts/table/header/status.twig', NULL),
(1234, '', 0, 0, '', 'upgrade.step.completed.entries_list.sections.table.header', 'admin', '', 200, 'upgrade/step/ready_to_install/entries_list/parts/table/header/status.twig', NULL),
(1235, '', 0, 0, '', 'upgrade.step.ready_to_install.entries_list.sections.table.header', 'admin', '', 300, 'upgrade/step/ready_to_install/entries_list/parts/table/header/changelog.twig', NULL),
(1236, '', 0, 0, '', 'upgrade.step.ready_to_install.entries_list.sections', 'admin', '', 100, 'upgrade/step/ready_to_install/entries_list/parts/table.twig', NULL),
(1237, '', 0, 0, '', 'upgrade.step.completed.entries_list.sections', 'admin', '', 200, 'upgrade/step/ready_to_install/entries_list/parts/table.twig', NULL),
(1238, '', 0, 0, '', 'upgrade.step.completed.backup.actions', 'admin', '', 300, 'upgrade/step/completed/backup/part/actions/restore_backup.twig', NULL),
(1239, '', 0, 0, '', 'upgrade.step.completed.backup.actions', 'admin', '', 100, 'upgrade/step/completed/backup/part/actions/soft_reset.twig', NULL),
(1240, '', 0, 0, '', 'upgrade.step.ready_to_install.create_backup.actions', 'admin', '', 100, 'upgrade/step/completed/backup/part/actions/soft_reset.twig', NULL),
(1241, '', 0, 0, '', 'upgrade.step.ready_to_install.create_backup.actions', 'admin', '', 50, 'upgrade/step/completed/backup/part/actions/restore_snapshot.twig', NULL),
(1242, '', 0, 0, '', 'upgrade.step.completed.backup.actions', 'admin', '', 200, 'upgrade/step/completed/backup/part/actions/hard_reset.twig', NULL),
(1243, '', 0, 0, '', 'upgrade.step.ready_to_install.create_backup.actions', 'admin', '', 200, 'upgrade/step/completed/backup/part/actions/hard_reset.twig', NULL),
(1244, '', 0, 0, '', 'upgrade.step.completed.backup.sections', 'admin', '', 100, 'upgrade/step/completed/backup/part/description.twig', NULL);
INSERT INTO `xc_view_lists` (`list_id`, `list_override`, `weight_override`, `override_mode`, `class`, `list`, `zone`, `child`, `weight`, `tpl`, `version`) VALUES
(1245, '', 0, 0, '', 'upgrade.step.prepare.incompatible_entries_upgrade.sections', 'admin', '', 300, 'upgrade/step/prepare/incompatible_entries_upgrade/parts/messages.twig', NULL),
(1246, '', 0, 0, '', 'upgrade.step.prepare.incompatible_entries_upgrade.sections.table.info', 'admin', '', 100, 'upgrade/step/prepare/incompatible_entries_upgrade/parts/table/info/name.twig', NULL),
(1247, '', 0, 0, '', 'upgrade.step.prepare.incompatible_entries_upgrade.sections.table.info.module', 'admin', '', 100, 'upgrade/step/prepare/incompatible_entries_upgrade/parts/table/info/module/version.twig', NULL),
(1248, '', 0, 0, '', 'upgrade.step.prepare.incompatible_entries_upgrade.sections.table.info.module', 'admin', '', 200, 'upgrade/step/prepare/incompatible_entries_upgrade/parts/table/info/module/author.twig', NULL),
(1249, '', 0, 0, '', 'upgrade.step.prepare.incompatible_entries_upgrade.sections.table.info', 'admin', '', 200, 'upgrade/step/prepare/incompatible_entries_upgrade/parts/table/info/module.twig', NULL),
(1250, '', 0, 0, '', 'upgrade.step.prepare.incompatible_entries_upgrade.sections.table', 'admin', '', 200, 'upgrade/step/prepare/incompatible_entries_upgrade/parts/table/info.twig', NULL),
(1251, '', 0, 0, '', 'upgrade.step.prepare.incompatible_entries_upgrade.sections.table', 'admin', '', 100, 'upgrade/step/prepare/incompatible_entries_upgrade/parts/table/icon.twig', NULL),
(1252, '', 0, 0, '', 'upgrade.step.prepare.incompatible_entries_upgrade.sections', 'admin', '', 200, 'upgrade/step/prepare/incompatible_entries_upgrade/parts/table.twig', NULL),
(1253, '', 0, 0, '', 'upgrade.step.prepare.incompatible_entries_upgrade.sections', 'admin', '', 100, 'upgrade/step/prepare/incompatible_entries_upgrade/parts/description.twig', NULL),
(1254, '', 0, 0, '', 'upgrade.step.prepare.incompatible_entries_update.sections', 'admin', '', 300, 'upgrade/step/prepare/incompatible_entries_update/parts/messages.twig', NULL),
(1255, '', 0, 0, '', 'upgrade.step.prepare.incompatible_entries_update.sections.table.columns', 'admin', '', 100, 'upgrade/step/prepare/incompatible_entries_update/parts/table/columns/name.twig', NULL),
(1256, '', 0, 0, '', 'upgrade.step.prepare.incompatible_entries_update.sections.table.columns', 'admin', '', 200, 'upgrade/step/prepare/incompatible_entries_update/parts/table/columns/icon.twig', NULL),
(1257, '', 0, 0, '', 'upgrade.step.prepare.incompatible_entries_update.sections.table.columns', 'admin', '', 300, 'upgrade/step/prepare/incompatible_entries_update/parts/table/columns/checkbox.twig', NULL),
(1258, '', 0, 0, '', 'upgrade.step.prepare.incompatible_entries_update.sections', 'admin', '', 200, 'upgrade/step/prepare/incompatible_entries_update/parts/table.twig', NULL),
(1259, '', 0, 0, '', 'upgrade.step.prepare.incompatible_entries_update.sections', 'admin', '', 100, 'upgrade/step/prepare/incompatible_entries_update/parts/description.twig', NULL),
(1260, '', 0, 0, '', 'upgrade.step.prepare.entries_list_upgrade.sections.table.info', 'admin', '', 100, 'upgrade/step/prepare/entries_list_upgrade/parts/table/info/name.twig', NULL),
(1261, '', 0, 0, '', 'upgrade.step.prepare.entries_list_upgrade.sections.table.info.module', 'admin', '', 100, 'upgrade/step/prepare/entries_list_upgrade/parts/table/info/module/version.twig', NULL),
(1262, '', 0, 0, '', 'upgrade.step.prepare.entries_list_upgrade.sections.table.info.module', 'admin', '', 200, 'upgrade/step/prepare/entries_list_upgrade/parts/table/info/module/author.twig', NULL),
(1263, '', 0, 0, '', 'upgrade.step.prepare.entries_list_upgrade.sections.table.info.module', 'admin', '', 300, 'upgrade/step/prepare/entries_list_upgrade/parts/table/info/module/status.twig', NULL),
(1264, '', 0, 0, '', 'upgrade.step.prepare.entries_list_upgrade.sections.table.info', 'admin', '', 200, 'upgrade/step/prepare/entries_list_upgrade/parts/table/info/module.twig', NULL),
(1265, '', 0, 0, '', 'upgrade.step.prepare.entries_list_upgrade.sections.table', 'admin', '', 200, 'upgrade/step/prepare/entries_list_upgrade/parts/table/info.twig', NULL),
(1266, '', 0, 0, '', 'upgrade.step.prepare.entries_list_upgrade.sections.table', 'admin', '', 100, 'upgrade/step/prepare/entries_list_upgrade/parts/table/icon.twig', NULL),
(1267, '', 0, 0, '', 'upgrade.step.prepare.entries_list_upgrade.sections', 'admin', '', 100, 'upgrade/step/prepare/entries_list_upgrade/parts/table.twig', NULL),
(1268, '', 0, 0, '', 'upgrade.step.prepare.buttons.sections', 'admin', '', 100, 'upgrade/step/prepare/buttons/parts/cancel.twig', NULL),
(1269, '', 0, 0, '', 'upgrade.step.prepare.buttons.sections', 'admin', '', 50, 'upgrade/step/prepare/buttons/parts/expired_keys.twig', NULL),
(1270, '', 0, 0, '', 'upgrade.step.prepare.buttons.sections', 'admin', '', 200, 'upgrade/step/prepare/buttons/parts/continue.twig', NULL),
(1271, '', 0, 0, '', 'upgrade.step.prepare.buttons.sections', 'admin', '', 200, 'upgrade/step/prepare/buttons/parts/trial_notice.twig', NULL),
(1272, '', 0, 0, '', 'upgrade.step.prepare.entries_list_update.sections.table.columns', 'admin', '', 600, 'upgrade/step/prepare/entries_list_update/parts/table/columns/size.twig', NULL),
(1273, '', 0, 0, '', 'upgrade.step.prepare.entries_list_update.sections.table.columns', 'admin', '', 500, 'upgrade/step/prepare/entries_list_update/parts/table/columns/version_new.twig', NULL),
(1274, '', 0, 0, '', 'upgrade.step.prepare.entries_list_update.sections.table.columns', 'admin', '', 400, 'upgrade/step/prepare/entries_list_update/parts/table/columns/version_separator.twig', NULL),
(1275, '', 0, 0, '', 'upgrade.step.prepare.entries_list_update.sections.table.columns', 'admin', '', 300, 'upgrade/step/prepare/entries_list_update/parts/table/columns/version_old.twig', NULL),
(1276, '', 0, 0, '', 'upgrade.step.prepare.entries_list_update.sections.table.columns', 'admin', '', 100, 'upgrade/step/prepare/entries_list_update/parts/table/columns/name.twig', NULL),
(1277, '', 0, 0, '', 'upgrade.step.prepare.entries_list_update.sections.table.columns', 'admin', '', 200, 'upgrade/step/prepare/entries_list_update/parts/table/columns/status.twig', NULL),
(1278, '', 0, 0, '', 'upgrade.step.prepare.entries_list_update.sections.table.header', 'admin', '', 300, 'upgrade/step/prepare/entries_list_update/parts/table/header/size.twig', NULL),
(1279, '', 0, 0, '', 'upgrade.step.prepare.entries_list_update.sections.table.header', 'admin', '', 200, 'upgrade/step/prepare/entries_list_update/parts/table/header/version.twig', NULL),
(1280, '', 0, 0, '', 'upgrade.step.prepare.entries_list_update.sections.table.header', 'admin', '', 100, 'upgrade/step/prepare/entries_list_update/parts/table/header/component.twig', NULL),
(1281, '', 0, 0, '', 'upgrade.step.prepare.entries_list_update.sections', 'admin', '', 100, 'upgrade/step/prepare/entries_list_update/parts/table.twig', NULL),
(1282, '', 0, 0, '', 'upgrade.install_updates.sections', 'admin', '', 100, 'upgrade/install_updates/parts/top.twig', NULL),
(1283, '', 0, 0, '', 'upgrade.install_updates.sections', 'admin', '', 200, 'upgrade/install_updates/parts/form.twig', NULL),
(1284, '', 0, 0, '', 'upgrade.install_updates.sections.form.info', 'admin', '', 300, 'upgrade/install_updates/parts/form/info/version.twig', NULL),
(1285, '', 0, 0, '', 'upgrade.install_updates.sections.form.info', 'admin', '', 100, 'upgrade/install_updates/parts/form/info/name.twig', NULL),
(1286, '', 0, 0, '', 'upgrade.install_updates.sections.form.info.module', 'admin', '', 100, 'upgrade/install_updates/parts/form/info/module/author.twig', NULL),
(1287, '', 0, 0, '', 'upgrade.install_updates.sections.form.info.module', 'admin', '', 200, 'upgrade/install_updates/parts/form/info/module/status.twig', NULL),
(1288, '', 0, 0, '', 'upgrade.install_updates.sections.form.info', 'admin', '', 200, 'upgrade/install_updates/parts/form/info/module.twig', NULL),
(1289, '', 0, 0, '', 'upgrade.install_updates.sections.form', 'admin', '', 200, 'upgrade/install_updates/parts/form/info.twig', NULL),
(1290, '', 0, 0, '', 'upgrade.install_updates.sections.form', 'admin', '', 100, 'upgrade/install_updates/parts/form/icon.twig', NULL),
(1291, '', 0, 0, '', 'upgrade.install_updates.sections', 'admin', '', 300, 'upgrade/install_updates/parts/advanced_link.twig', NULL),
(1292, '', 0, 0, '', 'export.completed.content', 'admin', '', 200, 'export/parts/completed.downloadLarge.twig', NULL),
(1293, '', 0, 0, '', 'export.begin.options', 'admin', '', 200, 'export/parts/option.attrs.twig', NULL),
(1294, '', 0, 0, '', 'export.popup.completed.content', 'admin', '', 100, 'export/parts/popup.completed.message.twig', NULL),
(1295, '', 0, 0, '', 'export.begin.buttons', 'admin', '', 100, 'export/parts/begin.buttons.export.twig', NULL),
(1296, '', 0, 0, '', 'export.begin.content', 'admin', '', 100, 'export/parts/begin.sections.twig', NULL),
(1297, '', 0, 0, '', 'export.begin.content', 'admin', '', 200, 'export/parts/begin.options.twig', NULL),
(1298, '', 0, 0, '', 'export.completed.content', 'admin', '', 100, 'export/parts/completed.download.twig', NULL),
(1299, '', 0, 0, '', 'export.popup.completed.content', 'admin', '', 100, 'export/parts/completed.download.twig', NULL),
(1300, '', 0, 0, '', 'export.failed.buttons', 'admin', '', 100, 'export/parts/failed.buttons.export.twig', NULL),
(1301, '', 0, 0, '', 'export.begin.options', 'admin', '', 400, 'export/parts/option.delimiter.twig', NULL),
(1302, '', 0, 0, '', 'export.begin.options', 'admin', '', 300, 'export/parts/option.charset.twig', NULL),
(1303, '', 0, 0, '', 'export.failed.content', 'admin', '', 100, 'export/parts/failed.errors.twig', NULL),
(1304, '', 0, 0, '', 'export.completed.buttons', 'admin', '', 100, 'export/parts/completed.buttons.export.twig', NULL),
(1305, '', 0, 0, '', 'export.begin.options', 'admin', '', 100, 'export/parts/option.files.twig', NULL),
(1306, '', 0, 0, '', 'invoice.bottom.method.shipping', 'common', '', 20, 'order/invoice/parts/bottom.methods.shipping.twig', NULL),
(1307, '', 0, 0, '', 'invoice.bottom.address.billing', 'common', '', 10, 'order/invoice/parts/bottom.address.billing.twig', NULL),
(1308, '', 0, 0, '', 'invoice.head', 'common', '', 10, 'order/invoice/parts/title.twig', NULL),
(1309, '', 0, 0, '', 'invoice.base', 'common', '', 10, 'order/invoice/parts/head.twig', NULL),
(1310, '', 0, 0, '', 'invoice.base', 'common', '', 55, 'order/invoice/parts/instruction.twig', NULL),
(1311, '', 0, 0, '', 'invoice.bottom.lines', 'common', '', 10, 'order/invoice/parts/bottom.methods.twig', NULL),
(1312, '', 0, 0, '', 'invoice.base.totals.after', 'common', '', 20, 'order/invoice/parts/totals.includedModifiers.twig', NULL),
(1313, '', 0, 0, '', 'invoice.base', 'common', '', 60, 'order/invoice/parts/totals.twig', NULL),
(1314, '', 0, 0, '', 'invoice.subhead', 'common', '', 20, 'order/invoice/parts/head.address.twig', NULL),
(1315, '', 0, 0, '', 'invoice.subhead', 'common', '', 10, 'order/invoice/parts/bottom.twig', NULL),
(1316, '', 0, 0, '', 'invoice.base.totals.after', 'common', '', 10, 'order/invoice/parts/totals.total.twig', NULL),
(1317, '', 0, 0, '', 'invoice.head', 'common', '', 20, 'order/invoice/parts/head.logo.twig', NULL),
(1318, '', 0, 0, '', 'invoice.base', 'common', '', 40, 'order/invoice/parts/note.twig', NULL),
(1319, '', 0, 0, '', 'invoice.base', 'common', '', 20, 'order/invoice/parts/subhead.twig', NULL),
(1320, '', 0, 0, '', 'invoice.base.totals', 'common', '', 200, 'order/invoice/parts/totals.modifiers.twig', NULL),
(1321, '', 0, 0, '', 'invoice.bottom.method.payment', 'common', '', 20, 'order/invoice/parts/bottom.methods.payment.twig', NULL),
(1322, '', 0, 0, '', 'invoice.base.totals', 'common', '', 100, 'order/invoice/parts/totals.subtotal.twig', NULL),
(1323, '', 0, 0, '', 'invoice.base', 'common', '', 50, 'order/invoice/parts/items/items.twig', NULL),
(1324, '', 0, 0, '', 'invoice.item', 'common', '', 10, 'order/invoice/parts/items/item.name.twig', NULL),
(1325, '', 0, 0, '', 'invoice.items.head', 'common', '', 30, 'order/invoice/parts/items/items.head.qty.twig', NULL),
(1326, '', 0, 0, '', 'invoice.item', 'common', '', 40, 'order/invoice/parts/items/item.total.twig', NULL),
(1327, '', 0, 0, '', 'invoice.item', 'common', '', 20, 'order/invoice/parts/items/item.price.twig', NULL),
(1328, '', 0, 0, '', 'invoice.items.head', 'common', '', 10, 'order/invoice/parts/items/items.head.item.twig', NULL),
(1329, '', 0, 0, '', 'invoice.items.head', 'common', '', 20, 'order/invoice/parts/items/items.head.price.twig', NULL),
(1330, '', 0, 0, '', 'invoice.item.name', 'common', '', 10, 'order/invoice/parts/items/item.sku.twig', NULL),
(1331, '', 0, 0, '', 'invoice.items.head', 'common', '', 40, 'order/invoice/parts/items/items.head.total.twig', NULL),
(1332, '', 0, 0, '', 'invoice.item', 'common', '', 30, 'order/invoice/parts/items/item.qty.twig', NULL),
(1333, '', 0, 0, '', 'invoice.bottom.address.shipping', 'common', '', 20, 'order/invoice/parts/bottom.address.shipping.twig', NULL),
(1334, '', 0, 0, '', 'minicart.horizontal.item.name', 'customer', 'XLite\\View\\MinicartAttributeValues', 10, '', NULL),
(1335, '', 0, 0, '', 'product.details.page.image', 'customer', 'XLite\\View\\Product\\Details\\Customer\\PhotoBox', 5, '', NULL),
(1336, '', 0, 0, '', 'product.details.page', 'customer', 'XLite\\View\\Product\\Details\\Customer\\Gallery', 15, '', NULL),
(1337, '', 0, 0, '', 'product.details.quicklook', 'customer', 'XLite\\View\\Product\\Details\\Customer\\Gallery', 15, '', NULL),
(1338, '', 0, 0, '', 'layout.main', 'customer', 'XLite\\View\\BannerRotation\\BannerRotation', 350, '', NULL),
(1339, '', 0, 0, '', 'checkout.review.selected', 'customer', 'XLite\\Module\\CDev\\Coupons\\View\\CartCoupons', 200, '', NULL),
(1340, '', 0, 0, '', 'product.details.page.image', 'customer', 'XLite\\Module\\XC\\NextPreviousProduct\\View\\Product\\Details\\Customer\\NextPreviousProduct', 0, '', NULL),
(1341, '', 0, 0, '', 'layout.main.footer.before', 'customer', 'XLite\\Module\\XC\\NewsletterSubscriptions\\View\\SubscribeBlock', 10, '', NULL),
(1342, '', 0, 0, '', 'customer.signin.popup.fields', 'customer', '', 500, 'authorization/parts/field.links.twig', NULL),
(1343, '', 0, 0, '', 'center.top', 'customer', '', 1000, 'layout/content/main.location.twig', NULL),
(1344, '', 0, 0, '', 'product.details.page.info', 'customer', '', 5, 'layout/content/product.location.twig', NULL),
(1345, '', 0, 0, '', 'layout.header', 'customer', '', 300, 'layout/header/top_menu.twig', NULL),
(1346, '', 0, 0, '', 'header.menu.after', 'customer', '', 100, 'layout/header/header.right.twig', NULL),
(1347, '', 0, 0, '', 'layout.header.bar', 'customer', '', 50, 'layout/header/header.bar.search.twig', NULL),
(1348, '', 0, 0, '', 'layout.header.mobile.menu', 'customer', '', 2000, 'layout/header/mobile_header_parts/slidebar_menu.twig', NULL),
(1349, '', 0, 0, '', 'itemsList.product.small_thumbnails.customer.info.photo', 'customer', '', 30, 'items_list/product/parts/common.labels.twig', NULL),
(1350, '', 0, 0, '', 'product.details.page.image', 'customer', '', 17, 'items_list/product/parts/common.labels.twig', NULL),
(1351, '', 0, 0, '', 'product.details.quicklook.image', 'customer', '', 17, 'items_list/product/parts/common.labels.twig', NULL),
(1352, '', 0, 0, '', 'cart.item', 'customer', '', 100, 'shopping_cart/parts/item.remove.twig', NULL),
(1353, '', 0, 0, '', 'cart.item.info', 'customer', '', 15, 'shopping_cart/parts/item.info.weight.twig', NULL),
(1354, '', 0, 0, '', 'itemsList.product.grid.customer.info', 'customer', '', 18, 'product/details/stock/label.twig', NULL),
(1355, '', 0, 0, '', 'itemsList.product.list.customer.info', 'customer', '', 32, 'product/details/stock/label.twig', NULL),
(1356, '', 0, 0, '', 'itemsList.product.grid.customer.header', 'customer', '', 10, 'items_list/product/parts/common.sort-options.twig', NULL),
(1357, '', 0, 0, '', 'itemsList.product.list.customer.header', 'customer', '', 10, 'items_list/product/parts/common.sort-options.twig', NULL),
(1358, '', 0, 0, '', 'itemsList.product.table.customer.header', 'customer', '', 10, 'items_list/product/parts/common.sort-options.twig', NULL),
(1359, '', 0, 0, '', 'itemsList.product.grid.customer.header', 'customer', '', 20, 'items_list/product/parts/common.display-modes.twig', NULL),
(1360, '', 0, 0, '', 'itemsList.product.list.customer.header', 'customer', '', 20, 'items_list/product/parts/common.display-modes.twig', NULL),
(1361, '', 0, 0, '', 'itemsList.product.table.customer.header', 'customer', '', 20, 'items_list/product/parts/common.display-modes.twig', NULL),
(1362, '', 0, 0, '', 'itemsList.product.list.customer.info', 'customer', '', 20, 'items_list/product/center/list/parts/common.product-name.twig', NULL),
(1363, '', 0, 0, '', 'itemsList.product.grid.customer.marks', 'customer', '', 100, 'items_list/product/parts/common.added-mark.twig', NULL),
(1364, '', 0, 0, '', 'itemsList.product.list.customer.marks', 'customer', '', 100, 'items_list/product/parts/common.added-mark.twig', NULL),
(1365, '', 0, 0, '', 'itemsList.product.table.customer.marks', 'customer', '', 100, 'items_list/product/parts/common.added-mark.twig', NULL),
(1366, '', 0, 0, '', 'product.details.page.image.photo', 'customer', '', 100, 'product/details/parts/common.loupe.twig', NULL),
(1367, '', 0, 0, '', 'product.details.page.info', 'customer', '', 18, 'product/details/parts/common.briefDescription.twig', NULL),
(1368, '', 0, 0, '', 'product.details.page.info', 'customer', '', 16, 'product/details/parts/common.stock.twig', NULL),
(1369, '', 0, 0, '', 'product.details.page.info', 'customer', '', 35, 'product/details/parts/common.product-editable-attributes.twig', NULL),
(1370, '', 0, 0, '', 'product.details.quicklook.info', 'customer', '', 30, 'product/details/parts/common.product-editable-attributes.twig', NULL),
(1371, '', 0, 0, '', 'product.details.quicklook.image', 'customer', '', 30, 'product/details/parts/common.more-info-link.twig', NULL),
(1372, '', 0, 0, '', 'itemsList.product.grid.customer.info.photo', 'customer', '', 998, 'items_list/product/parts/grid.button-add2cart-wrapper.twig', NULL),
(1373, '', 0, 0, '', 'product.details.page.image', 'customer', '', 10, 'product/details/parts/common.product-added.twig', NULL),
(1374, '', 0, 0, '', 'product.details.quicklook.image', 'customer', '', 5, 'product/details/parts/common.product-added.twig', NULL),
(1375, '', 0, 0, '', 'product.details.page.image', 'customer', '', 20, 'modules/CDev/GoSocial/product/details/parts/common.share.twig', NULL),
(1376, '', 0, 0, '', 'product.details.page.info', 'customer', '', 17, 'modules/XC/FreeShipping/free_ship.label.twig', NULL),
(1377, '', 0, 0, '', 'product.details.page.info', 'customer', '', 16, 'modules/CDev/ProductAdvisor/product/details/parts/common.coming_soon.twig', NULL),
(1378, '', 0, 0, '', 'product.details.quicklook.info', 'customer', '', 16, 'modules/CDev/ProductAdvisor/product/details/parts/common.coming_soon.twig', NULL),
(1379, '', 0, 0, '', 'itemsList.product.grid.customer.info', 'customer', '', 16, 'modules/XC/Reviews/product.items_list.rating.twig', NULL),
(1380, '', 0, 0, '', 'itemsList.product.list.customer.info', 'customer', '', 35, 'modules/XC/Reviews/product.items_list.rating.twig', NULL),
(1381, '', 0, 0, '', 'product.details.quicklook.image', 'customer', '', 20, 'modules/XC/Reviews/product_details.rating.twig', NULL),
(1382, '', 0, 0, '', 'product.plain_price', 'customer', '', 10, 'modules/CDev/Sale/label.twig', NULL),
(1383, '', 0, 0, '', 'product.plain_price.sale_price.text', 'customer', '', 100, 'modules/CDev/Sale/details/sale_price.twig', NULL),
(1384, '', 0, 0, '', 'product.plain_price.sale_price.text', 'customer', '', 200, 'modules/CDev/Sale/details/you_save.twig', NULL),
(1385, '', 0, 0, '', 'product.plain_price', 'customer', '', 30, 'modules/CDev/Sale/details/label.twig', NULL),
(1386, '', 0, 0, '', 'signin-anonymous-title', 'customer', '', 5, 'modules/CDev/SocialLogin/signin/signin.checkout.social.twig', NULL),
(1387, '', 0, 0, '', 'signin-anonymous-title', 'customer', '', 5, 'modules/Amazon/PayWithAmazon/login/signin/signin.checkout.twig', NULL);

-- --------------------------------------------------------

--
-- Table structure for table `xc_volume_discounts`
--

DROP TABLE IF EXISTS `xc_volume_discounts`;
CREATE TABLE IF NOT EXISTS `xc_volume_discounts` (
  `id` int(10) UNSIGNED NOT NULL AUTO_INCREMENT,
  `membership_id` int(10) UNSIGNED DEFAULT NULL,
  `value` decimal(14,4) NOT NULL,
  `type` char(1) COLLATE utf8_unicode_ci NOT NULL,
  `subtotalRangeBegin` decimal(14,4) NOT NULL,
  `subtotalRangeEnd` decimal(14,4) NOT NULL,
  PRIMARY KEY (`id`),
  KEY `IDX_13959CFC81FB354CD` (`membership_id`),
  KEY `range` (`subtotalRangeBegin`,`subtotalRangeEnd`)
) ENGINE=InnoDB DEFAULT CHARSET=utf8 COLLATE=utf8_unicode_ci;

-- --------------------------------------------------------

--
-- Table structure for table `xc_xpc_payment_fraud_check_data`
--

DROP TABLE IF EXISTS `xc_xpc_payment_fraud_check_data`;
CREATE TABLE IF NOT EXISTS `xc_xpc_payment_fraud_check_data` (
  `id` int(10) UNSIGNED NOT NULL AUTO_INCREMENT,
  `transaction_id` int(11) DEFAULT NULL,
  `code` varchar(255) COLLATE utf8_unicode_ci NOT NULL,
  `service` varchar(255) COLLATE utf8_unicode_ci NOT NULL,
  `result` int(11) NOT NULL,
  `status` varchar(255) COLLATE utf8_unicode_ci NOT NULL,
  `score` int(11) NOT NULL,
  `message` varchar(255) COLLATE utf8_unicode_ci NOT NULL,
  `serviceTransactionId` varchar(255) COLLATE utf8_unicode_ci NOT NULL,
  `url` varchar(255) COLLATE utf8_unicode_ci NOT NULL,
  `errors` varchar(255) COLLATE utf8_unicode_ci NOT NULL,
  `warnings` varchar(255) COLLATE utf8_unicode_ci NOT NULL,
  `rules` varchar(255) COLLATE utf8_unicode_ci NOT NULL,
  `data` varchar(255) COLLATE utf8_unicode_ci NOT NULL,
  PRIMARY KEY (`id`),
  KEY `IDX_1FC3E8B932FC0CB0F` (`transaction_id`)
) ENGINE=InnoDB DEFAULT CHARSET=utf8 COLLATE=utf8_unicode_ci;

-- --------------------------------------------------------

--
-- Table structure for table `xc_xpc_payment_transaction_data`
--

DROP TABLE IF EXISTS `xc_xpc_payment_transaction_data`;
CREATE TABLE IF NOT EXISTS `xc_xpc_payment_transaction_data` (
  `id` int(10) UNSIGNED NOT NULL AUTO_INCREMENT,
  `address_id` int(11) DEFAULT NULL,
  `transaction_id` int(11) DEFAULT NULL,
  `card_number` varchar(255) COLLATE utf8_unicode_ci NOT NULL,
  `card_type` varchar(255) COLLATE utf8_unicode_ci NOT NULL,
  `card_expire` varchar(255) COLLATE utf8_unicode_ci NOT NULL,
  `use_for_recharges` char(1) COLLATE utf8_unicode_ci NOT NULL,
  PRIMARY KEY (`id`),
  UNIQUE KEY `UNIQ_46DDB2932FC0CB0F` (`transaction_id`),
  KEY `IDX_146DDB293F5B7AF75` (`address_id`)
) ENGINE=InnoDB DEFAULT CHARSET=utf8 COLLATE=utf8_unicode_ci;

-- --------------------------------------------------------

--
-- Table structure for table `xc_zones`
--

DROP TABLE IF EXISTS `xc_zones`;
CREATE TABLE IF NOT EXISTS `xc_zones` (
  `zone_id` int(11) NOT NULL AUTO_INCREMENT,
  `zone_name` varchar(64) COLLATE utf8_unicode_ci NOT NULL,
  `is_default` tinyint(1) NOT NULL,
  PRIMARY KEY (`zone_id`),
  KEY `zone_name` (`zone_name`),
  KEY `zone_default` (`is_default`)
) ENGINE=InnoDB AUTO_INCREMENT=5 DEFAULT CHARSET=utf8 COLLATE=utf8_unicode_ci;

--
-- Dumping data for table `xc_zones`
--

INSERT INTO `xc_zones` (`zone_id`, `zone_name`, `is_default`) VALUES
(1, 'All Addresses (default zone)', 1),
(2, 'United States', 0),
(3, 'North of United States & Canada', 0),
(4, 'Europe', 0);

-- --------------------------------------------------------

--
-- Table structure for table `xc_zone_elements`
--

DROP TABLE IF EXISTS `xc_zone_elements`;
CREATE TABLE IF NOT EXISTS `xc_zone_elements` (
  `element_id` int(11) NOT NULL AUTO_INCREMENT,
  `zone_id` int(11) DEFAULT NULL,
  `element_value` varchar(255) COLLATE utf8_unicode_ci NOT NULL,
  `element_type` char(1) COLLATE utf8_unicode_ci NOT NULL,
  PRIMARY KEY (`element_id`),
  KEY `IDX_12AF5A18A9F2C3FAB` (`zone_id`),
  KEY `type_value` (`element_type`,`element_value`),
  KEY `id_type` (`zone_id`,`element_type`)
) ENGINE=InnoDB AUTO_INCREMENT=43 DEFAULT CHARSET=utf8 COLLATE=utf8_unicode_ci;

--
-- Dumping data for table `xc_zone_elements`
--

INSERT INTO `xc_zone_elements` (`element_id`, `zone_id`, `element_value`, `element_type`) VALUES
(1, 2, 'US', 'C'),
(2, 2, 'VI', 'C'),
(3, 2, 'UM', 'C'),
(4, 3, 'US', 'C'),
(5, 3, 'VI', 'C'),
(6, 3, 'UM', 'C'),
(7, 3, 'CA', 'C'),
(8, 3, 'US_NY', 'S'),
(9, 3, 'US_ME', 'S'),
(10, 3, 'US_VT', 'S'),
(11, 3, 'US_NH', 'S'),
(12, 3, 'US_MI', 'S'),
(13, 3, 'US_MN', 'S'),
(14, 3, 'US_WI', 'S'),
(15, 4, 'AT', 'C'),
(16, 4, 'BE', 'C'),
(17, 4, 'BG', 'C'),
(18, 4, 'HR', 'C'),
(19, 4, 'CY', 'C'),
(20, 4, 'CZ', 'C'),
(21, 4, 'DK', 'C'),
(22, 4, 'EE', 'C'),
(23, 4, 'FL', 'C'),
(24, 4, 'FR', 'C'),
(25, 4, 'DE', 'C'),
(26, 4, 'GR', 'C'),
(27, 4, 'HU', 'C'),
(28, 4, 'IE', 'C'),
(29, 4, 'IT', 'C'),
(30, 4, 'LV', 'C'),
(31, 4, 'LT', 'C'),
(32, 4, 'LU', 'C'),
(33, 4, 'MT', 'C'),
(34, 4, 'NL', 'C'),
(35, 4, 'PL', 'C'),
(36, 4, 'PT', 'C'),
(37, 4, 'RO', 'C'),
(38, 4, 'SK', 'C'),
(39, 4, 'SI', 'C'),
(40, 4, 'ES', 'C'),
(41, 4, 'SE', 'C'),
(42, 4, 'GB', 'C');

--
-- Constraints for dumped tables
--

--
-- Constraints for table `xc_address_field_translation`
--
ALTER TABLE `xc_address_field_translation`
  ADD CONSTRAINT `FK_1430F4FF2BF396750` FOREIGN KEY (`id`) REFERENCES `xc_address_field` (`id`) ON DELETE CASCADE;

--
-- Constraints for table `xc_address_field_value`
--
ALTER TABLE `xc_address_field_value`
  ADD CONSTRAINT `FK_1620FAD37BAB8F931` FOREIGN KEY (`address_field_id`) REFERENCES `xc_address_field` (`id`) ON DELETE SET NULL,
  ADD CONSTRAINT `FK_1620FAD37F5B7AF75` FOREIGN KEY (`address_id`) REFERENCES `xc_profile_addresses` (`address_id`) ON DELETE CASCADE;

--
-- Constraints for table `xc_attributes`
--
ALTER TABLE `xc_attributes`
  ADD CONSTRAINT `FK_19665298321B06187` FOREIGN KEY (`product_class_id`) REFERENCES `xc_product_classes` (`id`) ON DELETE CASCADE,
  ADD CONSTRAINT `FK_1966529834584665A` FOREIGN KEY (`product_id`) REFERENCES `xc_products` (`product_id`) ON DELETE CASCADE,
  ADD CONSTRAINT `FK_19665298362D643B7` FOREIGN KEY (`attribute_group_id`) REFERENCES `xc_attribute_groups` (`id`) ON DELETE SET NULL;

--
-- Constraints for table `xc_attribute_groups`
--
ALTER TABLE `xc_attribute_groups`
  ADD CONSTRAINT `FK_159E382E821B06187` FOREIGN KEY (`product_class_id`) REFERENCES `xc_product_classes` (`id`) ON DELETE CASCADE;

--
-- Constraints for table `xc_attribute_group_translations`
--
ALTER TABLE `xc_attribute_group_translations`
  ADD CONSTRAINT `FK_18C43909EBF396750` FOREIGN KEY (`id`) REFERENCES `xc_attribute_groups` (`id`) ON DELETE CASCADE;

--
-- Constraints for table `xc_attribute_options`
--
ALTER TABLE `xc_attribute_options`
  ADD CONSTRAINT `FK_12E486F4AB6E62EFA` FOREIGN KEY (`attribute_id`) REFERENCES `xc_attributes` (`id`) ON DELETE CASCADE;

--
-- Constraints for table `xc_attribute_option_translations`
--
ALTER TABLE `xc_attribute_option_translations`
  ADD CONSTRAINT `FK_131550B83BF396750` FOREIGN KEY (`id`) REFERENCES `xc_attribute_options` (`id`) ON DELETE CASCADE;

--
-- Constraints for table `xc_attribute_properties`
--
ALTER TABLE `xc_attribute_properties`
  ADD CONSTRAINT `FK_13C3647F44584665A` FOREIGN KEY (`product_id`) REFERENCES `xc_products` (`product_id`) ON DELETE CASCADE,
  ADD CONSTRAINT `FK_13C3647F4B6E62EFA` FOREIGN KEY (`attribute_id`) REFERENCES `xc_attributes` (`id`) ON DELETE CASCADE;

--
-- Constraints for table `xc_attribute_translations`
--
ALTER TABLE `xc_attribute_translations`
  ADD CONSTRAINT `FK_18BBAD04BBF396750` FOREIGN KEY (`id`) REFERENCES `xc_attributes` (`id`) ON DELETE CASCADE;

--
-- Constraints for table `xc_attribute_values_checkbox`
--
ALTER TABLE `xc_attribute_values_checkbox`
  ADD CONSTRAINT `FK_13CA3503B4584665A` FOREIGN KEY (`product_id`) REFERENCES `xc_products` (`product_id`) ON DELETE CASCADE,
  ADD CONSTRAINT `FK_13CA3503BB6E62EFA` FOREIGN KEY (`attribute_id`) REFERENCES `xc_attributes` (`id`) ON DELETE CASCADE;

--
-- Constraints for table `xc_attribute_values_checkbox_translations`
--
ALTER TABLE `xc_attribute_values_checkbox_translations`
  ADD CONSTRAINT `FK_15A770E51BF396750` FOREIGN KEY (`id`) REFERENCES `xc_attribute_values_checkbox` (`id`) ON DELETE CASCADE;

--
-- Constraints for table `xc_attribute_values_select`
--
ALTER TABLE `xc_attribute_values_select`
  ADD CONSTRAINT `FK_165258CAB1AE56DE9` FOREIGN KEY (`attribute_option_id`) REFERENCES `xc_attribute_options` (`id`) ON DELETE CASCADE,
  ADD CONSTRAINT `FK_165258CAB4584665A` FOREIGN KEY (`product_id`) REFERENCES `xc_products` (`product_id`) ON DELETE CASCADE,
  ADD CONSTRAINT `FK_165258CABB6E62EFA` FOREIGN KEY (`attribute_id`) REFERENCES `xc_attributes` (`id`) ON DELETE CASCADE;

--
-- Constraints for table `xc_attribute_values_select_translations`
--
ALTER TABLE `xc_attribute_values_select_translations`
  ADD CONSTRAINT `FK_1CDF9A7AFBF396750` FOREIGN KEY (`id`) REFERENCES `xc_attribute_values_select` (`id`) ON DELETE CASCADE;

--
-- Constraints for table `xc_attribute_values_text`
--
ALTER TABLE `xc_attribute_values_text`
  ADD CONSTRAINT `FK_1560D03DA4584665A` FOREIGN KEY (`product_id`) REFERENCES `xc_products` (`product_id`) ON DELETE CASCADE,
  ADD CONSTRAINT `FK_1560D03DAB6E62EFA` FOREIGN KEY (`attribute_id`) REFERENCES `xc_attributes` (`id`) ON DELETE CASCADE;

--
-- Constraints for table `xc_attribute_values_text_translations`
--
ALTER TABLE `xc_attribute_values_text_translations`
  ADD CONSTRAINT `FK_1753A596BF396750` FOREIGN KEY (`id`) REFERENCES `xc_attribute_values_text` (`id`) ON DELETE CASCADE;

--
-- Constraints for table `xc_banner_rotation_image`
--
ALTER TABLE `xc_banner_rotation_image`
  ADD CONSTRAINT `FK_1BDC50932217A8232` FOREIGN KEY (`banner_rotation_slide_id`) REFERENCES `xc_banner_rotation_slide` (`id`) ON DELETE CASCADE;

--
-- Constraints for table `xc_capost_delivery_service_options`
--
ALTER TABLE `xc_capost_delivery_service_options`
  ADD CONSTRAINT `FK_185C93F5589697FA8` FOREIGN KEY (`serviceId`) REFERENCES `xc_capost_delivery_services` (`id`) ON DELETE CASCADE;

--
-- Constraints for table `xc_capost_returns`
--
ALTER TABLE `xc_capost_returns`
  ADD CONSTRAINT `FK_1A90646B3FA237437` FOREIGN KEY (`orderId`) REFERENCES `xc_orders` (`order_id`) ON DELETE CASCADE;

--
-- Constraints for table `xc_capost_return_items`
--
ALTER TABLE `xc_capost_return_items`
  ADD CONSTRAINT `FK_132022371B43D59E` FOREIGN KEY (`returnId`) REFERENCES `xc_capost_returns` (`id`) ON DELETE CASCADE,
  ADD CONSTRAINT `FK_13202237BBF22A26` FOREIGN KEY (`orderItemId`) REFERENCES `xc_order_items` (`item_id`) ON DELETE CASCADE;

--
-- Constraints for table `xc_capost_return_links`
--
ALTER TABLE `xc_capost_return_links`
  ADD CONSTRAINT `FK_133BC6A621B43D59E` FOREIGN KEY (`returnId`) REFERENCES `xc_capost_returns` (`id`) ON DELETE CASCADE;

--
-- Constraints for table `xc_capost_return_link_storage`
--
ALTER TABLE `xc_capost_return_link_storage`
  ADD CONSTRAINT `FK_1784CAF87AEC98E42` FOREIGN KEY (`linkId`) REFERENCES `xc_capost_return_links` (`id`) ON DELETE CASCADE;

--
-- Constraints for table `xc_categories`
--
ALTER TABLE `xc_categories`
  ADD CONSTRAINT `FK_19D0DF19B727ACA70` FOREIGN KEY (`parent_id`) REFERENCES `xc_categories` (`category_id`) ON DELETE SET NULL;

--
-- Constraints for table `xc_category_banners`
--
ALTER TABLE `xc_category_banners`
  ADD CONSTRAINT `FK_169B8F0D412469DE2` FOREIGN KEY (`category_id`) REFERENCES `xc_categories` (`category_id`) ON DELETE CASCADE;

--
-- Constraints for table `xc_category_class_links`
--
ALTER TABLE `xc_category_class_links`
  ADD CONSTRAINT `FK_13F5DB31312469DE2` FOREIGN KEY (`category_id`) REFERENCES `xc_categories` (`category_id`) ON DELETE CASCADE,
  ADD CONSTRAINT `FK_13F5DB313EA000B10` FOREIGN KEY (`class_id`) REFERENCES `xc_product_classes` (`id`) ON DELETE CASCADE;

--
-- Constraints for table `xc_category_images`
--
ALTER TABLE `xc_category_images`
  ADD CONSTRAINT `FK_13EDA5C4B12469DE2` FOREIGN KEY (`category_id`) REFERENCES `xc_categories` (`category_id`) ON DELETE CASCADE;

--
-- Constraints for table `xc_category_membership_links`
--
ALTER TABLE `xc_category_membership_links`
  ADD CONSTRAINT `FK_1A0AA75DD12469DE2` FOREIGN KEY (`category_id`) REFERENCES `xc_categories` (`category_id`) ON DELETE CASCADE,
  ADD CONSTRAINT `FK_1A0AA75DD1FB354CD` FOREIGN KEY (`membership_id`) REFERENCES `xc_memberships` (`membership_id`) ON DELETE CASCADE;

--
-- Constraints for table `xc_category_products`
--
ALTER TABLE `xc_category_products`
  ADD CONSTRAINT `FK_17121122812469DE2` FOREIGN KEY (`category_id`) REFERENCES `xc_categories` (`category_id`) ON DELETE CASCADE,
  ADD CONSTRAINT `FK_1712112284584665A` FOREIGN KEY (`product_id`) REFERENCES `xc_products` (`product_id`) ON DELETE CASCADE;

--
-- Constraints for table `xc_category_quick_flags`
--
ALTER TABLE `xc_category_quick_flags`
  ADD CONSTRAINT `FK_15BA9C50312469DE2` FOREIGN KEY (`category_id`) REFERENCES `xc_categories` (`category_id`) ON DELETE CASCADE;

--
-- Constraints for table `xc_category_translations`
--
ALTER TABLE `xc_category_translations`
  ADD CONSTRAINT `FK_19ED79EA5BF396750` FOREIGN KEY (`id`) REFERENCES `xc_categories` (`category_id`) ON DELETE CASCADE;

--
-- Constraints for table `xc_clean_urls`
--
ALTER TABLE `xc_clean_urls`
  ADD CONSTRAINT `FK_1F254254512469DE2` FOREIGN KEY (`category_id`) REFERENCES `xc_categories` (`category_id`),
  ADD CONSTRAINT `FK_1F25425454584665A` FOREIGN KEY (`product_id`) REFERENCES `xc_products` (`product_id`),
  ADD CONSTRAINT `FK_1F2542545BF05C450` FOREIGN KEY (`news_message_id`) REFERENCES `xc_news` (`id`),
  ADD CONSTRAINT `FK_1F2542545C4663E4` FOREIGN KEY (`page_id`) REFERENCES `xc_pages` (`id`);

--
-- Constraints for table `xc_config_translations`
--
ALTER TABLE `xc_config_translations`
  ADD CONSTRAINT `FK_156A33BC3BF396750` FOREIGN KEY (`id`) REFERENCES `xc_config` (`config_id`) ON DELETE CASCADE;

--
-- Constraints for table `xc_countries`
--
ALTER TABLE `xc_countries`
  ADD CONSTRAINT `FK_1C4F7794938248176` FOREIGN KEY (`currency_id`) REFERENCES `xc_currencies` (`currency_id`) ON DELETE CASCADE;

--
-- Constraints for table `xc_country_translations`
--
ALTER TABLE `xc_country_translations`
  ADD CONSTRAINT `FK_1758727C3BF396750` FOREIGN KEY (`id`) REFERENCES `xc_countries` (`code`) ON DELETE CASCADE;

--
-- Constraints for table `xc_coupon_categories`
--
ALTER TABLE `xc_coupon_categories`
  ADD CONSTRAINT `FK_12EB1BB6012469DE2` FOREIGN KEY (`category_id`) REFERENCES `xc_categories` (`category_id`) ON DELETE CASCADE,
  ADD CONSTRAINT `FK_12EB1BB6066C5951B` FOREIGN KEY (`coupon_id`) REFERENCES `xc_coupons` (`id`) ON DELETE CASCADE;

--
-- Constraints for table `xc_currency_translations`
--
ALTER TABLE `xc_currency_translations`
  ADD CONSTRAINT `FK_1E560C647BF396750` FOREIGN KEY (`id`) REFERENCES `xc_currencies` (`currency_id`) ON DELETE CASCADE;

--
-- Constraints for table `xc_data_source_parameters`
--
ALTER TABLE `xc_data_source_parameters`
  ADD CONSTRAINT `FK_16D9196CA1A935C57` FOREIGN KEY (`data_source_id`) REFERENCES `xc_data_sources` (`id`) ON DELETE CASCADE;

--
-- Constraints for table `xc_featured_products`
--
ALTER TABLE `xc_featured_products`
  ADD CONSTRAINT `FK_1CE976A6E12469DE2` FOREIGN KEY (`category_id`) REFERENCES `xc_categories` (`category_id`) ON DELETE CASCADE,
  ADD CONSTRAINT `FK_1CE976A6E4584665A` FOREIGN KEY (`product_id`) REFERENCES `xc_products` (`product_id`) ON DELETE CASCADE;

--
-- Constraints for table `xc_form_ids`
--
ALTER TABLE `xc_form_ids`
  ADD CONSTRAINT `FK_1AD266A12613FECDF` FOREIGN KEY (`session_id`) REFERENCES `xc_sessions` (`id`) ON DELETE CASCADE;

--
-- Constraints for table `xc_inventory`
--
ALTER TABLE `xc_inventory`
  ADD CONSTRAINT `FK_128BCD8D2BF396750` FOREIGN KEY (`id`) REFERENCES `xc_products` (`product_id`) ON DELETE CASCADE;

--
-- Constraints for table `xc_language_label_translations`
--
ALTER TABLE `xc_language_label_translations`
  ADD CONSTRAINT `FK_1D36B6764BF396750` FOREIGN KEY (`id`) REFERENCES `xc_language_labels` (`label_id`) ON DELETE CASCADE;

--
-- Constraints for table `xc_language_translations`
--
ALTER TABLE `xc_language_translations`
  ADD CONSTRAINT `FK_1610C29E2BF396750` FOREIGN KEY (`id`) REFERENCES `xc_languages` (`lng_id`) ON DELETE CASCADE;

--
-- Constraints for table `xc_membership_coupons`
--
ALTER TABLE `xc_membership_coupons`
  ADD CONSTRAINT `FK_1560DE211FB354CD` FOREIGN KEY (`membership_id`) REFERENCES `xc_memberships` (`membership_id`) ON DELETE CASCADE,
  ADD CONSTRAINT `FK_1560DE2166C5951B` FOREIGN KEY (`coupon_id`) REFERENCES `xc_coupons` (`id`) ON DELETE CASCADE;

--
-- Constraints for table `xc_membership_translations`
--
ALTER TABLE `xc_membership_translations`
  ADD CONSTRAINT `FK_1571DB741BF396750` FOREIGN KEY (`id`) REFERENCES `xc_memberships` (`membership_id`) ON DELETE CASCADE;

--
-- Constraints for table `xc_menus`
--
ALTER TABLE `xc_menus`
  ADD CONSTRAINT `FK_1AC666883727ACA70` FOREIGN KEY (`parent_id`) REFERENCES `xc_menus` (`id`) ON DELETE SET NULL;

--
-- Constraints for table `xc_menu_quick_flags`
--
ALTER TABLE `xc_menu_quick_flags`
  ADD CONSTRAINT `FK_1B0327DB0CCD7E912` FOREIGN KEY (`menu_id`) REFERENCES `xc_menus` (`id`);

--
-- Constraints for table `xc_menu_translations`
--
ALTER TABLE `xc_menu_translations`
  ADD CONSTRAINT `FK_1CC54E72BBF396750` FOREIGN KEY (`id`) REFERENCES `xc_menus` (`id`) ON DELETE CASCADE;

--
-- Constraints for table `xc_newsletter_subscriptions_subscribers`
--
ALTER TABLE `xc_newsletter_subscriptions_subscribers`
  ADD CONSTRAINT `FK_1D0911E5FCCFA12B8` FOREIGN KEY (`profile_id`) REFERENCES `xc_profiles` (`profile_id`);

--
-- Constraints for table `xc_news_message_translations`
--
ALTER TABLE `xc_news_message_translations`
  ADD CONSTRAINT `FK_131246BD0BF396750` FOREIGN KEY (`id`) REFERENCES `xc_news` (`id`) ON DELETE CASCADE;

--
-- Constraints for table `xc_notification_translations`
--
ALTER TABLE `xc_notification_translations`
  ADD CONSTRAINT `FK_13F6179FEBF396750` FOREIGN KEY (`id`) REFERENCES `xc_notifications` (`templatesDirectory`) ON DELETE CASCADE;

--
-- Constraints for table `xc_orders`
--
ALTER TABLE `xc_orders`
  ADD CONSTRAINT `FK_19A9BE33528DE2F95` FOREIGN KEY (`payment_status_id`) REFERENCES `xc_order_payment_statuses` (`id`) ON DELETE SET NULL,
  ADD CONSTRAINT `FK_19A9BE3352D02518A` FOREIGN KEY (`shipping_status_id`) REFERENCES `xc_order_shipping_statuses` (`id`) ON DELETE SET NULL,
  ADD CONSTRAINT `FK_19A9BE33538248176` FOREIGN KEY (`currency_id`) REFERENCES `xc_currencies` (`currency_id`) ON DELETE CASCADE,
  ADD CONSTRAINT `FK_19A9BE335CCFA12B8` FOREIGN KEY (`profile_id`) REFERENCES `xc_profiles` (`profile_id`) ON DELETE CASCADE,
  ADD CONSTRAINT `FK_19A9BE335DBFEF46C` FOREIGN KEY (`orig_profile_id`) REFERENCES `xc_profiles` (`profile_id`) ON DELETE SET NULL;

--
-- Constraints for table `xc_order_capost_office`
--
ALTER TABLE `xc_order_capost_office`
  ADD CONSTRAINT `FK_1CE3DE61FFA237437` FOREIGN KEY (`orderId`) REFERENCES `xc_orders` (`order_id`) ON DELETE CASCADE;

--
-- Constraints for table `xc_order_capost_parcels`
--
ALTER TABLE `xc_order_capost_parcels`
  ADD CONSTRAINT `FK_135C9355A8D9F6D38` FOREIGN KEY (`order_id`) REFERENCES `xc_orders` (`order_id`) ON DELETE CASCADE;

--
-- Constraints for table `xc_order_capost_parcel_items`
--
ALTER TABLE `xc_order_capost_parcel_items`
  ADD CONSTRAINT `FK_118699C805A9ACC87` FOREIGN KEY (`parcelId`) REFERENCES `xc_order_capost_parcels` (`id`) ON DELETE CASCADE,
  ADD CONSTRAINT `FK_118699C80BBF22A26` FOREIGN KEY (`orderItemId`) REFERENCES `xc_order_items` (`item_id`) ON DELETE CASCADE;

--
-- Constraints for table `xc_order_capost_parcel_manifest_links`
--
ALTER TABLE `xc_order_capost_parcel_manifest_links`
  ADD CONSTRAINT `FK_17FE471EA99AD4367` FOREIGN KEY (`manifestId`) REFERENCES `xc_order_capost_parcel_manifests` (`id`) ON DELETE CASCADE;

--
-- Constraints for table `xc_order_capost_parcel_manifest_link_storage`
--
ALTER TABLE `xc_order_capost_parcel_manifest_link_storage`
  ADD CONSTRAINT `FK_173059AC5AEC98E42` FOREIGN KEY (`linkId`) REFERENCES `xc_order_capost_parcel_manifest_links` (`id`) ON DELETE CASCADE;

--
-- Constraints for table `xc_order_capost_parcel_shipment`
--
ALTER TABLE `xc_order_capost_parcel_shipment`
  ADD CONSTRAINT `FK_17954C1A5A9ACC87` FOREIGN KEY (`parcelId`) REFERENCES `xc_order_capost_parcels` (`id`) ON DELETE CASCADE;

--
-- Constraints for table `xc_order_capost_parcel_shipments_manifests`
--
ALTER TABLE `xc_order_capost_parcel_shipments_manifests`
  ADD CONSTRAINT `FK_18D3D4D8F7BE036FC` FOREIGN KEY (`shipment_id`) REFERENCES `xc_order_capost_parcel_shipment` (`id`) ON DELETE CASCADE,
  ADD CONSTRAINT `FK_18D3D4D8FE697B2FB` FOREIGN KEY (`manifest_id`) REFERENCES `xc_order_capost_parcel_manifests` (`id`) ON DELETE CASCADE;

--
-- Constraints for table `xc_order_capost_parcel_shipment_links`
--
ALTER TABLE `xc_order_capost_parcel_shipment_links`
  ADD CONSTRAINT `FK_1EB25DE223C5EEBE2` FOREIGN KEY (`shipmentId`) REFERENCES `xc_order_capost_parcel_shipment` (`id`) ON DELETE CASCADE;

--
-- Constraints for table `xc_order_capost_parcel_shipment_link_storage`
--
ALTER TABLE `xc_order_capost_parcel_shipment_link_storage`
  ADD CONSTRAINT `FK_182EA5F8AAEC98E42` FOREIGN KEY (`linkId`) REFERENCES `xc_order_capost_parcel_shipment_links` (`id`) ON DELETE CASCADE;

--
-- Constraints for table `xc_order_capost_parcel_shipment_tracking`
--
ALTER TABLE `xc_order_capost_parcel_shipment_tracking`
  ADD CONSTRAINT `FK_1619551123C5EEBE2` FOREIGN KEY (`shipmentId`) REFERENCES `xc_order_capost_parcel_shipment` (`id`) ON DELETE CASCADE;

--
-- Constraints for table `xc_order_capost_parcel_shipment_tracking_events`
--
ALTER TABLE `xc_order_capost_parcel_shipment_tracking_events`
  ADD CONSTRAINT `FK_175BDE7A6F76B6A7` FOREIGN KEY (`trackingId`) REFERENCES `xc_order_capost_parcel_shipment_tracking` (`id`) ON DELETE CASCADE;

--
-- Constraints for table `xc_order_capost_parcel_shipment_tracking_files`
--
ALTER TABLE `xc_order_capost_parcel_shipment_tracking_files`
  ADD CONSTRAINT `FK_14EB59AF6F76B6A7` FOREIGN KEY (`trackingId`) REFERENCES `xc_order_capost_parcel_shipment_tracking` (`id`) ON DELETE CASCADE;

--
-- Constraints for table `xc_order_capost_parcel_shipment_tracking_options`
--
ALTER TABLE `xc_order_capost_parcel_shipment_tracking_options`
  ADD CONSTRAINT `FK_1F6B816A26F76B6A7` FOREIGN KEY (`trackingId`) REFERENCES `xc_order_capost_parcel_shipment_tracking` (`id`) ON DELETE CASCADE;

--
-- Constraints for table `xc_order_coupons`
--
ALTER TABLE `xc_order_coupons`
  ADD CONSTRAINT `FK_1451D921966C5951B` FOREIGN KEY (`coupon_id`) REFERENCES `xc_coupons` (`id`) ON DELETE SET NULL,
  ADD CONSTRAINT `FK_1451D92198D9F6D38` FOREIGN KEY (`order_id`) REFERENCES `xc_orders` (`order_id`) ON DELETE CASCADE;

--
-- Constraints for table `xc_order_details`
--
ALTER TABLE `xc_order_details`
  ADD CONSTRAINT `FK_1C25F888B8D9F6D38` FOREIGN KEY (`order_id`) REFERENCES `xc_orders` (`order_id`) ON DELETE CASCADE;

--
-- Constraints for table `xc_order_history_events`
--
ALTER TABLE `xc_order_history_events`
  ADD CONSTRAINT `FK_157EBBA5F8D9F6D38` FOREIGN KEY (`order_id`) REFERENCES `xc_orders` (`order_id`) ON DELETE CASCADE,
  ADD CONSTRAINT `FK_157EBBA5FF675F31B` FOREIGN KEY (`author_id`) REFERENCES `xc_profiles` (`profile_id`) ON DELETE CASCADE;

--
-- Constraints for table `xc_order_history_event_data`
--
ALTER TABLE `xc_order_history_event_data`
  ADD CONSTRAINT `FK_1BAE0BB2471F7E88B` FOREIGN KEY (`event_id`) REFERENCES `xc_order_history_events` (`event_id`) ON DELETE CASCADE;

--
-- Constraints for table `xc_order_items`
--
ALTER TABLE `xc_order_items`
  ADD CONSTRAINT `FK_14693C0A1232D562B` FOREIGN KEY (`object_id`) REFERENCES `xc_products` (`product_id`) ON DELETE SET NULL,
  ADD CONSTRAINT `FK_14693C0A18D9F6D38` FOREIGN KEY (`order_id`) REFERENCES `xc_orders` (`order_id`) ON DELETE CASCADE;

--
-- Constraints for table `xc_order_item_attribute_values`
--
ALTER TABLE `xc_order_item_attribute_values`
  ADD CONSTRAINT `FK_146E30CEA126F525E` FOREIGN KEY (`item_id`) REFERENCES `xc_order_items` (`item_id`) ON DELETE CASCADE,
  ADD CONSTRAINT `FK_146E30CEA27A31B4D` FOREIGN KEY (`attribute_value_text_id`) REFERENCES `xc_attribute_values_text` (`id`) ON DELETE SET NULL,
  ADD CONSTRAINT `FK_146E30CEA571B5A02` FOREIGN KEY (`attribute_value_checkbox_id`) REFERENCES `xc_attribute_values_checkbox` (`id`) ON DELETE SET NULL,
  ADD CONSTRAINT `FK_146E30CEAA16D6CC9` FOREIGN KEY (`attribute_value_select_id`) REFERENCES `xc_attribute_values_select` (`id`) ON DELETE SET NULL;

--
-- Constraints for table `xc_order_item_surcharges`
--
ALTER TABLE `xc_order_item_surcharges`
  ADD CONSTRAINT `FK_1F9394518126F525E` FOREIGN KEY (`item_id`) REFERENCES `xc_order_items` (`item_id`) ON DELETE CASCADE;

--
-- Constraints for table `xc_order_payment_status_translations`
--
ALTER TABLE `xc_order_payment_status_translations`
  ADD CONSTRAINT `FK_1702453C2BF396750` FOREIGN KEY (`id`) REFERENCES `xc_order_payment_statuses` (`id`) ON DELETE CASCADE;

--
-- Constraints for table `xc_order_shipping_status_translations`
--
ALTER TABLE `xc_order_shipping_status_translations`
  ADD CONSTRAINT `FK_153DEE45BBF396750` FOREIGN KEY (`id`) REFERENCES `xc_order_shipping_statuses` (`id`) ON DELETE CASCADE;

--
-- Constraints for table `xc_order_status_properties`
--
ALTER TABLE `xc_order_status_properties`
  ADD CONSTRAINT `FK_1A5E047EE28DE2F95` FOREIGN KEY (`payment_status_id`) REFERENCES `xc_order_payment_statuses` (`id`) ON DELETE CASCADE,
  ADD CONSTRAINT `FK_1A5E047EE2D02518A` FOREIGN KEY (`shipping_status_id`) REFERENCES `xc_order_shipping_statuses` (`id`) ON DELETE CASCADE;

--
-- Constraints for table `xc_order_surcharges`
--
ALTER TABLE `xc_order_surcharges`
  ADD CONSTRAINT `FK_13583A1698D9F6D38` FOREIGN KEY (`order_id`) REFERENCES `xc_orders` (`order_id`) ON DELETE CASCADE;

--
-- Constraints for table `xc_order_tracking_number`
--
ALTER TABLE `xc_order_tracking_number`
  ADD CONSTRAINT `FK_177A238F48D9F6D38` FOREIGN KEY (`order_id`) REFERENCES `xc_orders` (`order_id`) ON DELETE CASCADE;

--
-- Constraints for table `xc_page_images`
--
ALTER TABLE `xc_page_images`
  ADD CONSTRAINT `FK_1ABDA1565C4663E4` FOREIGN KEY (`page_id`) REFERENCES `xc_pages` (`id`) ON DELETE CASCADE;

--
-- Constraints for table `xc_page_translations`
--
ALTER TABLE `xc_page_translations`
  ADD CONSTRAINT `FK_1D4ABAC0BF396750` FOREIGN KEY (`id`) REFERENCES `xc_pages` (`id`) ON DELETE CASCADE;

--
-- Constraints for table `xc_payment_backend_transactions`
--
ALTER TABLE `xc_payment_backend_transactions`
  ADD CONSTRAINT `FK_1808A7FC32FC0CB0F` FOREIGN KEY (`transaction_id`) REFERENCES `xc_payment_transactions` (`transaction_id`) ON DELETE CASCADE;

--
-- Constraints for table `xc_payment_backend_transaction_data`
--
ALTER TABLE `xc_payment_backend_transaction_data`
  ADD CONSTRAINT `FK_1BE43AC028167CC5C` FOREIGN KEY (`backend_transaction_id`) REFERENCES `xc_payment_backend_transactions` (`id`) ON DELETE CASCADE;

--
-- Constraints for table `xc_payment_method_settings`
--
ALTER TABLE `xc_payment_method_settings`
  ADD CONSTRAINT `FK_133B9DA0019883967` FOREIGN KEY (`method_id`) REFERENCES `xc_payment_methods` (`method_id`) ON DELETE CASCADE;

--
-- Constraints for table `xc_payment_method_translations`
--
ALTER TABLE `xc_payment_method_translations`
  ADD CONSTRAINT `FK_19FBF065BF396750` FOREIGN KEY (`id`) REFERENCES `xc_payment_methods` (`method_id`) ON DELETE CASCADE;

--
-- Constraints for table `xc_payment_transactions`
--
ALTER TABLE `xc_payment_transactions`
  ADD CONSTRAINT `FK_133CBDC0019883967` FOREIGN KEY (`method_id`) REFERENCES `xc_payment_methods` (`method_id`) ON DELETE SET NULL,
  ADD CONSTRAINT `FK_133CBDC0038248176` FOREIGN KEY (`currency_id`) REFERENCES `xc_currencies` (`currency_id`),
  ADD CONSTRAINT `FK_133CBDC008D9F6D38` FOREIGN KEY (`order_id`) REFERENCES `xc_orders` (`order_id`) ON DELETE CASCADE;

--
-- Constraints for table `xc_payment_transaction_data`
--
ALTER TABLE `xc_payment_transaction_data`
  ADD CONSTRAINT `FK_1BA8F92A12FC0CB0F` FOREIGN KEY (`transaction_id`) REFERENCES `xc_payment_transactions` (`transaction_id`) ON DELETE CASCADE;

--
-- Constraints for table `xc_permission_translations`
--
ALTER TABLE `xc_permission_translations`
  ADD CONSTRAINT `FK_198B75E86BF396750` FOREIGN KEY (`id`) REFERENCES `xc_permissions` (`id`) ON DELETE CASCADE;

--
-- Constraints for table `xc_products`
--
ALTER TABLE `xc_products`
  ADD CONSTRAINT `FK_12B79045921B06187` FOREIGN KEY (`product_class_id`) REFERENCES `xc_product_classes` (`id`) ON DELETE SET NULL,
  ADD CONSTRAINT `FK_12B790459A94AAAE` FOREIGN KEY (`tax_class_id`) REFERENCES `xc_tax_classes` (`id`) ON DELETE SET NULL;

--
-- Constraints for table `xc_product_auction_inc`
--
ALTER TABLE `xc_product_auction_inc`
  ADD CONSTRAINT `FK_17255AEEA4584665A` FOREIGN KEY (`product_id`) REFERENCES `xc_products` (`product_id`) ON DELETE CASCADE;

--
-- Constraints for table `xc_product_class_coupons`
--
ALTER TABLE `xc_product_class_coupons`
  ADD CONSTRAINT `FK_1684B0DA666C5951B` FOREIGN KEY (`coupon_id`) REFERENCES `xc_coupons` (`id`) ON DELETE CASCADE,
  ADD CONSTRAINT `FK_1684B0DA6EA000B10` FOREIGN KEY (`class_id`) REFERENCES `xc_product_classes` (`id`) ON DELETE CASCADE;

--
-- Constraints for table `xc_product_class_translations`
--
ALTER TABLE `xc_product_class_translations`
  ADD CONSTRAINT `FK_18471715FBF396750` FOREIGN KEY (`id`) REFERENCES `xc_product_classes` (`id`) ON DELETE CASCADE;

--
-- Constraints for table `xc_product_images`
--
ALTER TABLE `xc_product_images`
  ADD CONSTRAINT `FK_1142C546A4584665A` FOREIGN KEY (`product_id`) REFERENCES `xc_products` (`product_id`) ON DELETE CASCADE;

--
-- Constraints for table `xc_product_membership_links`
--
ALTER TABLE `xc_product_membership_links`
  ADD CONSTRAINT `FK_1E924C4341FB354CD` FOREIGN KEY (`membership_id`) REFERENCES `xc_memberships` (`membership_id`) ON DELETE CASCADE,
  ADD CONSTRAINT `FK_1E924C4344584665A` FOREIGN KEY (`product_id`) REFERENCES `xc_products` (`product_id`) ON DELETE CASCADE;

--
-- Constraints for table `xc_product_stats`
--
ALTER TABLE `xc_product_stats`
  ADD CONSTRAINT `FK_1B01836BC3BA20971` FOREIGN KEY (`bought_product_id`) REFERENCES `xc_products` (`product_id`) ON DELETE CASCADE,
  ADD CONSTRAINT `FK_1B01836BC658EF086` FOREIGN KEY (`viewed_product_id`) REFERENCES `xc_products` (`product_id`) ON DELETE CASCADE;

--
-- Constraints for table `xc_product_tabs`
--
ALTER TABLE `xc_product_tabs`
  ADD CONSTRAINT `FK_1F5B7716D4584665A` FOREIGN KEY (`product_id`) REFERENCES `xc_products` (`product_id`) ON DELETE CASCADE;

--
-- Constraints for table `xc_product_tab_translations`
--
ALTER TABLE `xc_product_tab_translations`
  ADD CONSTRAINT `FK_1D669DEC9BF396750` FOREIGN KEY (`id`) REFERENCES `xc_product_tabs` (`id`) ON DELETE CASCADE;

--
-- Constraints for table `xc_product_translations`
--
ALTER TABLE `xc_product_translations`
  ADD CONSTRAINT `FK_1F48089BABF396750` FOREIGN KEY (`id`) REFERENCES `xc_products` (`product_id`) ON DELETE CASCADE;

--
-- Constraints for table `xc_profiles`
--
ALTER TABLE `xc_profiles`
  ADD CONSTRAINT `FK_113F3DB331FB354CD` FOREIGN KEY (`membership_id`) REFERENCES `xc_memberships` (`membership_id`) ON DELETE SET NULL,
  ADD CONSTRAINT `FK_113F3DB338D9F6D38` FOREIGN KEY (`order_id`) REFERENCES `xc_orders` (`order_id`) ON DELETE CASCADE,
  ADD CONSTRAINT `FK_113F3DB33CD228392` FOREIGN KEY (`pending_membership_id`) REFERENCES `xc_memberships` (`membership_id`) ON DELETE SET NULL;

--
-- Constraints for table `xc_profile_addresses`
--
ALTER TABLE `xc_profile_addresses`
  ADD CONSTRAINT `FK_1A6B450645D83CC1` FOREIGN KEY (`state_id`) REFERENCES `xc_states` (`state_id`) ON DELETE SET NULL,
  ADD CONSTRAINT `FK_1A6B45064CCFA12B8` FOREIGN KEY (`profile_id`) REFERENCES `xc_profiles` (`profile_id`) ON DELETE CASCADE,
  ADD CONSTRAINT `FK_1A6B45064F026BB7C` FOREIGN KEY (`country_code`) REFERENCES `xc_countries` (`code`) ON DELETE SET NULL;

--
-- Constraints for table `xc_profile_roles`
--
ALTER TABLE `xc_profile_roles`
  ADD CONSTRAINT `FK_17E99B5FCCFA12B8` FOREIGN KEY (`profile_id`) REFERENCES `xc_profiles` (`profile_id`) ON DELETE CASCADE,
  ADD CONSTRAINT `FK_17E99B5FD60322AC` FOREIGN KEY (`role_id`) REFERENCES `xc_roles` (`id`) ON DELETE CASCADE;

--
-- Constraints for table `xc_quick_data`
--
ALTER TABLE `xc_quick_data`
  ADD CONSTRAINT `FK_1C6F6D1AD1FB354CD` FOREIGN KEY (`membership_id`) REFERENCES `xc_memberships` (`membership_id`) ON DELETE CASCADE,
  ADD CONSTRAINT `FK_1C6F6D1AD4584665A` FOREIGN KEY (`product_id`) REFERENCES `xc_products` (`product_id`) ON DELETE CASCADE;

--
-- Constraints for table `xc_regions`
--
ALTER TABLE `xc_regions`
  ADD CONSTRAINT `FK_1B319C6B1F026BB7C` FOREIGN KEY (`country_code`) REFERENCES `xc_countries` (`code`) ON DELETE CASCADE;

--
-- Constraints for table `xc_reviews`
--
ALTER TABLE `xc_reviews`
  ADD CONSTRAINT `FK_1780E544D4584665A` FOREIGN KEY (`product_id`) REFERENCES `xc_products` (`product_id`) ON DELETE CASCADE,
  ADD CONSTRAINT `FK_1780E544DCCFA12B8` FOREIGN KEY (`profile_id`) REFERENCES `xc_profiles` (`profile_id`) ON DELETE SET NULL;

--
-- Constraints for table `xc_role_permissions`
--
ALTER TABLE `xc_role_permissions`
  ADD CONSTRAINT `FK_194D50124D60322AC` FOREIGN KEY (`role_id`) REFERENCES `xc_roles` (`id`) ON DELETE CASCADE,
  ADD CONSTRAINT `FK_194D50124FED90CCA` FOREIGN KEY (`permission_id`) REFERENCES `xc_permissions` (`id`) ON DELETE CASCADE;

--
-- Constraints for table `xc_role_translations`
--
ALTER TABLE `xc_role_translations`
  ADD CONSTRAINT `FK_127007A52BF396750` FOREIGN KEY (`id`) REFERENCES `xc_roles` (`id`) ON DELETE CASCADE;

--
-- Constraints for table `xc_sales_tax_rates`
--
ALTER TABLE `xc_sales_tax_rates`
  ADD CONSTRAINT `FK_11ACD2E0E1FB354CD` FOREIGN KEY (`membership_id`) REFERENCES `xc_memberships` (`membership_id`) ON DELETE CASCADE,
  ADD CONSTRAINT `FK_11ACD2E0E9F2C3FAB` FOREIGN KEY (`zone_id`) REFERENCES `xc_zones` (`zone_id`) ON DELETE CASCADE,
  ADD CONSTRAINT `FK_11ACD2E0EA94AAAE` FOREIGN KEY (`tax_class_id`) REFERENCES `xc_tax_classes` (`id`) ON DELETE CASCADE,
  ADD CONSTRAINT `FK_11ACD2E0EB2A824D8` FOREIGN KEY (`tax_id`) REFERENCES `xc_sales_taxes` (`id`) ON DELETE CASCADE;

--
-- Constraints for table `xc_sales_tax_translations`
--
ALTER TABLE `xc_sales_tax_translations`
  ADD CONSTRAINT `FK_1F11466F5BF396750` FOREIGN KEY (`id`) REFERENCES `xc_sales_taxes` (`id`) ON DELETE CASCADE;

--
-- Constraints for table `xc_search_filter_translations`
--
ALTER TABLE `xc_search_filter_translations`
  ADD CONSTRAINT `FK_15D64D191BF396750` FOREIGN KEY (`id`) REFERENCES `xc_search_filters` (`id`) ON DELETE CASCADE;

--
-- Constraints for table `xc_session_cells`
--
ALTER TABLE `xc_session_cells`
  ADD CONSTRAINT `FK_1C8BF5944BF396750` FOREIGN KEY (`id`) REFERENCES `xc_sessions` (`id`) ON DELETE CASCADE;

--
-- Constraints for table `xc_shipping_markups`
--
ALTER TABLE `xc_shipping_markups`
  ADD CONSTRAINT `FK_12BE8DC419883967` FOREIGN KEY (`method_id`) REFERENCES `xc_shipping_methods` (`method_id`) ON DELETE CASCADE,
  ADD CONSTRAINT `FK_12BE8DC49F2C3FAB` FOREIGN KEY (`zone_id`) REFERENCES `xc_zones` (`zone_id`) ON DELETE CASCADE;

--
-- Constraints for table `xc_shipping_methods`
--
ALTER TABLE `xc_shipping_methods`
  ADD CONSTRAINT `FK_13BC5646FA94AAAE` FOREIGN KEY (`tax_class_id`) REFERENCES `xc_tax_classes` (`id`) ON DELETE SET NULL;

--
-- Constraints for table `xc_shipping_method_translations`
--
ALTER TABLE `xc_shipping_method_translations`
  ADD CONSTRAINT `FK_1674AA5A0BF396750` FOREIGN KEY (`id`) REFERENCES `xc_shipping_methods` (`method_id`) ON DELETE CASCADE;

--
-- Constraints for table `xc_special_offers`
--
ALTER TABLE `xc_special_offers`
  ADD CONSTRAINT `FK_14D7EE02BC54C8C93` FOREIGN KEY (`type_id`) REFERENCES `xc_special_offer_types` (`type_id`) ON DELETE CASCADE;

--
-- Constraints for table `xc_special_offer_images`
--
ALTER TABLE `xc_special_offer_images`
  ADD CONSTRAINT `FK_15E1F169453C674EE` FOREIGN KEY (`offer_id`) REFERENCES `xc_special_offers` (`offer_id`);

--
-- Constraints for table `xc_special_offer_translations`
--
ALTER TABLE `xc_special_offer_translations`
  ADD CONSTRAINT `FK_166B8A5A3BF396750` FOREIGN KEY (`id`) REFERENCES `xc_special_offers` (`offer_id`) ON DELETE CASCADE;

--
-- Constraints for table `xc_special_offer_type_translations`
--
ALTER TABLE `xc_special_offer_type_translations`
  ADD CONSTRAINT `FK_1E3B2A258BF396750` FOREIGN KEY (`id`) REFERENCES `xc_special_offer_types` (`type_id`) ON DELETE CASCADE;

--
-- Constraints for table `xc_states`
--
ALTER TABLE `xc_states`
  ADD CONSTRAINT `FK_14E766996AEB327AF` FOREIGN KEY (`region_code`) REFERENCES `xc_regions` (`code`) ON DELETE CASCADE,
  ADD CONSTRAINT `FK_14E766996F026BB7C` FOREIGN KEY (`country_code`) REFERENCES `xc_countries` (`code`) ON DELETE CASCADE;

--
-- Constraints for table `xc_tax_class_translations`
--
ALTER TABLE `xc_tax_class_translations`
  ADD CONSTRAINT `FK_195C1403BF396750` FOREIGN KEY (`id`) REFERENCES `xc_tax_classes` (`id`) ON DELETE CASCADE;

--
-- Constraints for table `xc_upselling_products`
--
ALTER TABLE `xc_upselling_products`
  ADD CONSTRAINT `FK_11DF3D3E12C7E20A` FOREIGN KEY (`parent_product_id`) REFERENCES `xc_products` (`product_id`) ON DELETE CASCADE,
  ADD CONSTRAINT `FK_11DF3D3E14584665A` FOREIGN KEY (`product_id`) REFERENCES `xc_products` (`product_id`) ON DELETE CASCADE;

--
-- Constraints for table `xc_volume_discounts`
--
ALTER TABLE `xc_volume_discounts`
  ADD CONSTRAINT `FK_13959CFC81FB354CD` FOREIGN KEY (`membership_id`) REFERENCES `xc_memberships` (`membership_id`) ON DELETE CASCADE;

--
-- Constraints for table `xc_xpc_payment_fraud_check_data`
--
ALTER TABLE `xc_xpc_payment_fraud_check_data`
  ADD CONSTRAINT `FK_1FC3E8B932FC0CB0F` FOREIGN KEY (`transaction_id`) REFERENCES `xc_payment_transactions` (`transaction_id`);

--
-- Constraints for table `xc_xpc_payment_transaction_data`
--
ALTER TABLE `xc_xpc_payment_transaction_data`
  ADD CONSTRAINT `FK_146DDB2932FC0CB0F` FOREIGN KEY (`transaction_id`) REFERENCES `xc_payment_transactions` (`transaction_id`) ON DELETE CASCADE,
  ADD CONSTRAINT `FK_146DDB293F5B7AF75` FOREIGN KEY (`address_id`) REFERENCES `xc_profile_addresses` (`address_id`) ON DELETE SET NULL;

--
-- Constraints for table `xc_zone_elements`
--
ALTER TABLE `xc_zone_elements`
  ADD CONSTRAINT `FK_12AF5A18A9F2C3FAB` FOREIGN KEY (`zone_id`) REFERENCES `xc_zones` (`zone_id`) ON DELETE CASCADE;

/*!40101 SET CHARACTER_SET_CLIENT=@OLD_CHARACTER_SET_CLIENT */;
/*!40101 SET CHARACTER_SET_RESULTS=@OLD_CHARACTER_SET_RESULTS */;
/*!40101 SET COLLATION_CONNECTION=@OLD_COLLATION_CONNECTION */;
